/* * Data converted from E:/Embedded-Systems/ESP32 Workspace/01_ST7789_Display_Module/main/hot_wind.bin
 */
.data
#if !defined (__APPLE__) && !defined (__linux__)
.section .rodata.embedded
#endif

.global hot_wind_bin
hot_wind_bin:

.global _binary_hot_wind_bin_start
_binary_hot_wind_bin_start: /* for objcopy compatibility */
.byte 0xff, 0xff, 0xff, 0xff, 0xff, 0xff, 0xff, 0xff, 0xff, 0xff, 0xff, 0xff, 0xff, 0xff, 0xff, 0xff
.byte 0xff, 0xff, 0xff, 0xff, 0xff, 0xff, 0xff, 0xff, 0xff, 0xff, 0xff, 0xff, 0xff, 0xff, 0xff, 0xff
.byte 0xff, 0xff, 0xff, 0xff, 0xff, 0xff, 0xff, 0xff, 0xff, 0xff, 0xff, 0xff, 0xff, 0xff, 0xff, 0xff
.byte 0xff, 0xff, 0xff, 0xff, 0xff, 0xff, 0xff, 0xff, 0xff, 0xff, 0xff, 0xff, 0xff, 0xff, 0xff, 0xff
.byte 0xff, 0xff, 0xff, 0xff, 0xff, 0xff, 0xff, 0xff, 0xff, 0xff, 0xff, 0xff, 0xff, 0xff, 0xff, 0xff
.byte 0xff, 0xff, 0xff, 0xff, 0xff, 0xff, 0xff, 0xff, 0xff, 0xff, 0xff, 0xff, 0xff, 0xff, 0xff, 0xff
.byte 0xff, 0xff, 0xff, 0xff, 0xff, 0xff, 0xff, 0xff, 0xff, 0xff, 0xff, 0xff, 0xff, 0xff, 0xff, 0xff
.byte 0xff, 0xff, 0xff, 0xff, 0xff, 0xff, 0xff, 0xff, 0xff, 0xff, 0xff, 0xff, 0xff, 0xff, 0xff, 0xff
.byte 0xff, 0xff, 0xff, 0xff, 0xff, 0xff, 0xff, 0xff, 0xff, 0xff, 0xff, 0xff, 0xff, 0xff, 0xff, 0xff
.byte 0xff, 0xff, 0xff, 0xff, 0xff, 0xff, 0xff, 0xff, 0xff, 0xff, 0xff, 0xff, 0xff, 0xff, 0xff, 0xff
.byte 0xff, 0xff, 0xff, 0xff, 0xff, 0xff, 0xff, 0xff, 0xff, 0xff, 0xff, 0xff, 0xff, 0xff, 0xff, 0xff
.byte 0xff, 0xff, 0xff, 0xff, 0xff, 0xff, 0xff, 0xff, 0xff, 0xff, 0xff, 0xff, 0xff, 0xff, 0xff, 0xff
.byte 0xff, 0xff, 0xff, 0xff, 0xff, 0xff, 0xff, 0xff, 0xff, 0xff, 0xff, 0xff, 0xff, 0xff, 0xff, 0xff
.byte 0xff, 0xff, 0xff, 0xff, 0xff, 0xff, 0xff, 0xff, 0xff, 0xff, 0xff, 0xff, 0xff, 0xff, 0x5e, 0xe7
.byte 0x3d, 0xe7, 0x5d, 0xe7, 0x9e, 0xef, 0xff, 0xff, 0xff, 0xff, 0xff, 0xff, 0xff, 0xff, 0xff, 0xff
.byte 0xff, 0xff, 0xff, 0xff, 0xff, 0xff, 0xff, 0xff, 0xff, 0xff, 0xff, 0xff, 0xff, 0xff, 0xff, 0xff
.byte 0xff, 0xff, 0xff, 0xff, 0xff, 0xff, 0xff, 0xff, 0xff, 0xff, 0xff, 0xff, 0xff, 0xff, 0xff, 0xff
.byte 0xff, 0xff, 0xff, 0xff, 0xff, 0xff, 0xff, 0xff, 0xff, 0xff, 0xff, 0xff, 0xff, 0xff, 0xff, 0xff
.byte 0xff, 0xff, 0xff, 0xff, 0xff, 0xff, 0xff, 0xff, 0xff, 0xff, 0xff, 0xff, 0xff, 0xff, 0xff, 0xff
.byte 0xff, 0xff, 0xff, 0xff, 0xff, 0xff, 0xff, 0xff, 0xff, 0xff, 0xff, 0xff, 0xff, 0xff, 0xff, 0xff
.byte 0xff, 0xff, 0xff, 0xff, 0xff, 0xff, 0xff, 0xff, 0xff, 0xff, 0xff, 0xff, 0xff, 0xff, 0xff, 0xff
.byte 0xff, 0xff, 0xff, 0xff, 0xff, 0xff, 0xff, 0xff, 0xff, 0xff, 0xff, 0xff, 0xff, 0xff, 0xff, 0xff
.byte 0xff, 0xff, 0xff, 0xff, 0xff, 0xff, 0xff, 0xff, 0xff, 0xff, 0xff, 0xff, 0xff, 0xff, 0xff, 0xff
.byte 0xff, 0xff, 0xff, 0xff, 0xff, 0xff, 0xff, 0xff, 0xff, 0xff, 0xff, 0xff, 0xff, 0xff, 0xff, 0xff
.byte 0xff, 0xff, 0xff, 0xff, 0xff, 0xff, 0xff, 0xff, 0xff, 0xff, 0xff, 0xff, 0xff, 0xff, 0xff, 0xff
.byte 0xff, 0xff, 0xff, 0xff, 0xff, 0xff, 0xff, 0xff, 0xff, 0xff, 0xff, 0xff, 0xff, 0xff, 0xff, 0xff
.byte 0xff, 0xff, 0xbb, 0xce, 0x58, 0x95, 0xb3, 0x4b, 0x52, 0x3b, 0x72, 0x43, 0x14, 0x5c, 0x78, 0x95
.byte 0x3d, 0xdf, 0xff, 0xff, 0xff, 0xff, 0xff, 0xff, 0xff, 0xff, 0xff, 0xff, 0xff, 0xff, 0xff, 0xff
.byte 0xff, 0xff, 0xff, 0xff, 0xff, 0xff, 0xff, 0xff, 0xff, 0xff, 0xff, 0xff, 0xff, 0xff, 0xff, 0xff
.byte 0xff, 0xff, 0xff, 0xff, 0xff, 0xff, 0xff, 0xff, 0xff, 0xff, 0xff, 0xff, 0xff, 0xff, 0xff, 0xff
.byte 0xff, 0xff, 0xff, 0xff, 0xff, 0xff, 0xff, 0xff, 0xff, 0xff, 0xff, 0xff, 0xff, 0xff, 0xff, 0xff
.byte 0xff, 0xff, 0xff, 0xff, 0xff, 0xff, 0xff, 0xff, 0xff, 0xff, 0xff, 0xff, 0xff, 0xff, 0xff, 0xff
.byte 0xff, 0xff, 0xff, 0xff, 0xff, 0xff, 0xff, 0xff, 0xff, 0xff, 0xff, 0xff, 0xff, 0xff, 0xff, 0xff
.byte 0xff, 0xff, 0xff, 0xff, 0xff, 0xff, 0xff, 0xff, 0xff, 0xff, 0xff, 0xff, 0xff, 0xff, 0xff, 0xff
.byte 0xff, 0xff, 0xff, 0xff, 0xff, 0xff, 0xff, 0xff, 0xff, 0xff, 0xff, 0xff, 0xff, 0xff, 0xff, 0xff
.byte 0xff, 0xff, 0xff, 0xff, 0xff, 0xff, 0xff, 0xff, 0xff, 0xff, 0xff, 0xff, 0xff, 0xff, 0xff, 0xff
.byte 0xff, 0xff, 0xff, 0xff, 0xff, 0xff, 0xff, 0xff, 0xff, 0xff, 0xff, 0xff, 0xff, 0xff, 0xff, 0xff
.byte 0xff, 0xff, 0xff, 0xff, 0xff, 0xff, 0xff, 0xff, 0xff, 0xff, 0xff, 0xff, 0xff, 0xff, 0xff, 0xff
.byte 0xff, 0xff, 0xff, 0xff, 0xff, 0xff, 0xdf, 0xf7, 0xf6, 0x84, 0xd1, 0x22, 0x0f, 0x0a, 0xef, 0x09
.byte 0x0f, 0x0a, 0x0f, 0x0a, 0xee, 0x01, 0x0e, 0x0a, 0x93, 0x4b, 0xb9, 0xa5, 0x9e, 0xf7, 0xff, 0xff
.byte 0xff, 0xff, 0xff, 0xff, 0xff, 0xff, 0xff, 0xff, 0xff, 0xff, 0xff, 0xff, 0xff, 0xff, 0xff, 0xff
.byte 0xff, 0xff, 0xff, 0xff, 0xff, 0xff, 0xff, 0xff, 0xff, 0xff, 0xff, 0xff, 0xff, 0xff, 0xff, 0xff
.byte 0xff, 0xff, 0xff, 0xff, 0xff, 0xff, 0xff, 0xff, 0xff, 0xff, 0xff, 0xff, 0xff, 0xff, 0xff, 0xff
.byte 0xff, 0xff, 0xff, 0xff, 0xff, 0xff, 0xff, 0xff, 0xff, 0xff, 0xff, 0xff, 0xff, 0xff, 0xff, 0xff
.byte 0xff, 0xff, 0xff, 0xff, 0xff, 0xff, 0xff, 0xff, 0xff, 0xff, 0xff, 0xff, 0xff, 0xff, 0xff, 0xff
.byte 0xff, 0xff, 0xff, 0xff, 0xff, 0xff, 0xff, 0xff, 0xff, 0xff, 0xff, 0xff, 0xff, 0xff, 0xff, 0xff
.byte 0xff, 0xff, 0xff, 0xff, 0xff, 0xff, 0xff, 0xff, 0xff, 0xff, 0xff, 0xff, 0xff, 0xff, 0xff, 0xff
.byte 0xff, 0xff, 0xff, 0xff, 0xff, 0xff, 0xff, 0xff, 0xff, 0xff, 0xff, 0xff, 0xff, 0xff, 0xff, 0xff
.byte 0xff, 0xff, 0xff, 0xff, 0xff, 0xff, 0xff, 0xff, 0xff, 0xff, 0xff, 0xff, 0xff, 0xff, 0xff, 0xff
.byte 0xff, 0xff, 0xff, 0xff, 0xff, 0xff, 0xff, 0xff, 0xff, 0xff, 0xff, 0xff, 0xff, 0xff, 0xff, 0xff
.byte 0xff, 0xff, 0xff, 0xff, 0xff, 0xff, 0xff, 0xff, 0xff, 0xff, 0xff, 0xff, 0xbe, 0xf7, 0x75, 0x6c
.byte 0x50, 0x12, 0x30, 0x12, 0x70, 0x1a, 0x70, 0x1a, 0x70, 0x12, 0x70, 0x12, 0x50, 0x1a, 0x30, 0x12
.byte 0xad, 0x01, 0x8f, 0x22, 0x78, 0x95, 0x7e, 0xef, 0xff, 0xff, 0xff, 0xff, 0xff, 0xff, 0xff, 0xff
.byte 0xff, 0xff, 0xff, 0xff, 0xff, 0xff, 0xff, 0xff, 0xff, 0xff, 0xff, 0xff, 0xff, 0xff, 0xff, 0xff
.byte 0xff, 0xff, 0xff, 0xff, 0xff, 0xff, 0xff, 0xff, 0xff, 0xff, 0xff, 0xff, 0xff, 0xff, 0xff, 0xff
.byte 0xff, 0xff, 0xff, 0xff, 0xff, 0xff, 0xff, 0xff, 0xff, 0xff, 0xff, 0xff, 0xff, 0xff, 0xff, 0xff
.byte 0xff, 0xff, 0xff, 0xff, 0xff, 0xff, 0xff, 0xff, 0xff, 0xff, 0xff, 0xff, 0xff, 0xff, 0xff, 0xff
.byte 0xff, 0xff, 0xff, 0xff, 0xff, 0xff, 0xff, 0xff, 0xff, 0xff, 0xff, 0xff, 0xff, 0xff, 0xff, 0xff
.byte 0xff, 0xff, 0xff, 0xff, 0xff, 0xff, 0xff, 0xff, 0xff, 0xff, 0xff, 0xff, 0xff, 0xff, 0xff, 0xff
.byte 0xff, 0xff, 0xff, 0xff, 0xff, 0xff, 0xff, 0xff, 0xff, 0xff, 0xff, 0xff, 0xff, 0xff, 0xff, 0xff
.byte 0xff, 0xff, 0xff, 0xff, 0xff, 0xff, 0xff, 0xff, 0xff, 0xff, 0xff, 0xff, 0xff, 0xff, 0xff, 0xff
.byte 0xff, 0xff, 0xff, 0xff, 0xff, 0xff, 0xff, 0xff, 0xff, 0xff, 0xff, 0xff, 0xff, 0xff, 0xff, 0xff
.byte 0xff, 0xff, 0xff, 0xff, 0xff, 0xff, 0xff, 0xff, 0xff, 0xff, 0xff, 0xff, 0xff, 0xff, 0xff, 0xff
.byte 0xff, 0xff, 0x7e, 0xef, 0x55, 0x6c, 0x50, 0x12, 0x70, 0x12, 0x70, 0x1a, 0x50, 0x12, 0x2f, 0x0a
.byte 0x0f, 0x0a, 0x0f, 0x0a, 0x50, 0x12, 0x70, 0x12, 0x50, 0x12, 0xce, 0x01, 0x4f, 0x1a, 0x7c, 0xbe
.byte 0xff, 0xff, 0xff, 0xff, 0xff, 0xff, 0xff, 0xff, 0xff, 0xff, 0xff, 0xff, 0xff, 0xff, 0xff, 0xff
.byte 0xff, 0xff, 0xff, 0xff, 0xff, 0xff, 0xff, 0xff, 0xff, 0xff, 0xff, 0xff, 0xff, 0xff, 0xff, 0xff
.byte 0xff, 0xff, 0xff, 0xff, 0xff, 0xff, 0xff, 0xff, 0xff, 0xff, 0xff, 0xff, 0xff, 0xff, 0xff, 0xff
.byte 0xff, 0xff, 0xff, 0xff, 0xff, 0xff, 0xff, 0xff, 0xff, 0xff, 0xff, 0xff, 0xff, 0xff, 0xff, 0xff
.byte 0xff, 0xff, 0xff, 0xff, 0xff, 0xff, 0xff, 0xff, 0xff, 0xff, 0xff, 0xff, 0xff, 0xff, 0xff, 0xff
.byte 0xff, 0xff, 0xff, 0xff, 0xff, 0xff, 0xff, 0xff, 0xff, 0xff, 0xff, 0xff, 0xff, 0xff, 0xff, 0xff
.byte 0xff, 0xff, 0xff, 0xff, 0xff, 0xff, 0xff, 0xff, 0xff, 0xff, 0xff, 0xff, 0xff, 0xff, 0xff, 0xff
.byte 0xff, 0xff, 0xff, 0xff, 0xff, 0xff, 0xff, 0xff, 0xff, 0xff, 0xff, 0xff, 0xff, 0xff, 0xff, 0xff
.byte 0xff, 0xff, 0xff, 0xff, 0xff, 0xff, 0xff, 0xff, 0xff, 0xff, 0xff, 0xff, 0xff, 0xff, 0xff, 0xff
.byte 0xff, 0xff, 0xff, 0xff, 0xff, 0xff, 0xff, 0xff, 0xff, 0xff, 0xff, 0xff, 0xff, 0xff, 0xff, 0xff
.byte 0xff, 0xff, 0xff, 0xff, 0xff, 0xff, 0xff, 0xff, 0xff, 0xff, 0xdc, 0xd6, 0x91, 0x1a, 0x71, 0x12
.byte 0x70, 0x1a, 0x50, 0x12, 0x50, 0x12, 0x53, 0x2b, 0x17, 0x44, 0x94, 0x33, 0x70, 0x1a, 0x2f, 0x12
.byte 0x70, 0x1a, 0x70, 0x12, 0xae, 0x01, 0x35, 0x64, 0x7e, 0xe7, 0xff, 0xff, 0xff, 0xff, 0xff, 0xff
.byte 0xff, 0xff, 0xff, 0xff, 0xff, 0xff, 0xff, 0xff, 0xff, 0xff, 0xff, 0xff, 0xff, 0xff, 0xff, 0xff
.byte 0xff, 0xff, 0xff, 0xff, 0xff, 0xff, 0xff, 0xff, 0xff, 0xff, 0xff, 0xff, 0xff, 0xff, 0xff, 0xff
.byte 0xff, 0xff, 0xff, 0xff, 0xff, 0xff, 0xff, 0xff, 0xff, 0xff, 0xff, 0xff, 0xff, 0xff, 0xff, 0xff
.byte 0xff, 0xff, 0xff, 0xff, 0xff, 0xff, 0xff, 0xff, 0xff, 0xff, 0xff, 0xff, 0xff, 0xff, 0xff, 0xff
.byte 0xff, 0xff, 0xff, 0xff, 0xff, 0xff, 0xff, 0xff, 0xff, 0xff, 0xff, 0xff, 0xff, 0xff, 0xff, 0xff
.byte 0xff, 0xff, 0xff, 0xff, 0xff, 0xff, 0xff, 0xff, 0xff, 0xff, 0xff, 0xff, 0xff, 0xff, 0xff, 0xff
.byte 0xff, 0xff, 0xff, 0xff, 0xff, 0xff, 0xff, 0xff, 0xff, 0xff, 0xff, 0xff, 0xff, 0xff, 0xff, 0xff
.byte 0xff, 0xff, 0xff, 0xff, 0xff, 0xff, 0xff, 0xff, 0xff, 0xff, 0xff, 0xff, 0xff, 0xff, 0xff, 0xff
.byte 0xff, 0xff, 0xff, 0xff, 0xff, 0xff, 0xff, 0xff, 0xff, 0xff, 0xff, 0xff, 0xff, 0xff, 0xff, 0xff
.byte 0xff, 0xff, 0xff, 0xff, 0xff, 0xff, 0xff, 0xff, 0xff, 0xff, 0xff, 0xff, 0xff, 0xff, 0xff, 0xff
.byte 0x9e, 0xef, 0x35, 0x64, 0x50, 0x0a, 0x91, 0x1a, 0x50, 0x12, 0x70, 0x12, 0x16, 0x44, 0xfd, 0x75
.byte 0x5e, 0x7e, 0x1e, 0x7e, 0x98, 0x54, 0x90, 0x1a, 0x2f, 0x12, 0x70, 0x1a, 0x0f, 0x02, 0xb0, 0x2a
.byte 0x1d, 0xd7, 0xff, 0xff, 0xff, 0xff, 0xff, 0xff, 0xff, 0xff, 0xff, 0xff, 0xff, 0xff, 0xff, 0xff
.byte 0xff, 0xff, 0xff, 0xff, 0xff, 0xff, 0xff, 0xff, 0xff, 0xff, 0xff, 0xff, 0xff, 0xff, 0xff, 0xff
.byte 0xff, 0xff, 0xbf, 0xf7, 0x37, 0x95, 0x55, 0x6c, 0xf3, 0x5b, 0xb3, 0x4b, 0xb3, 0x53, 0x54, 0x6c
.byte 0x16, 0x8d, 0x1a, 0xae, 0xfc, 0xd6, 0xdf, 0xff, 0xff, 0xff, 0xff, 0xff, 0xff, 0xff, 0xff, 0xff
.byte 0xff, 0xff, 0xff, 0xff, 0xff, 0xff, 0xff, 0xff, 0xff, 0xff, 0xff, 0xff, 0xff, 0xff, 0xff, 0xff
.byte 0xff, 0xff, 0xff, 0xff, 0xff, 0xff, 0xff, 0xff, 0xff, 0xff, 0xff, 0xff, 0xff, 0xff, 0xff, 0xff
.byte 0xff, 0xff, 0xff, 0xff, 0xff, 0xff, 0xff, 0xff, 0xff, 0xff, 0xff, 0xff, 0xff, 0xff, 0xff, 0xff
.byte 0xff, 0xff, 0xff, 0xff, 0xff, 0xff, 0xff, 0xff, 0xff, 0xff, 0xff, 0xff, 0xff, 0xff, 0xff, 0xff
.byte 0xff, 0xff, 0xff, 0xff, 0xff, 0xff, 0xff, 0xff, 0xff, 0xff, 0xff, 0xff, 0xff, 0xff, 0xff, 0xff
.byte 0xff, 0xff, 0xff, 0xff, 0xff, 0xff, 0xff, 0xff, 0xff, 0xff, 0xff, 0xff, 0xff, 0xff, 0xff, 0xff
.byte 0xff, 0xff, 0xff, 0xff, 0xff, 0xff, 0xff, 0xff, 0x3d, 0xdf, 0x12, 0x33, 0x71, 0x12, 0x91, 0x1a
.byte 0x50, 0x12, 0x53, 0x33, 0xfd, 0x75, 0x7f, 0x7e, 0x3e, 0x76, 0x5f, 0x7e, 0x1e, 0x7e, 0xf5, 0x3b
.byte 0x0e, 0x0a, 0x4f, 0x12, 0x2f, 0x0a, 0x2f, 0x12, 0x5b, 0xb6, 0xff, 0xff, 0xff, 0xff, 0xff, 0xff
.byte 0xff, 0xff, 0xff, 0xff, 0xff, 0xff, 0xff, 0xff, 0xff, 0xff, 0xff, 0xff, 0xff, 0xff, 0xff, 0xff
.byte 0xff, 0xff, 0xff, 0xff, 0xff, 0xff, 0xff, 0xff, 0x7a, 0xbe, 0x72, 0x4b, 0xd2, 0x22, 0xb2, 0x1a
.byte 0x91, 0x12, 0x71, 0x12, 0x50, 0x0a, 0x71, 0x12, 0x91, 0x1a, 0xb0, 0x2a, 0xf0, 0x32, 0x31, 0x43
.byte 0xd3, 0x5b, 0x95, 0x7c, 0x98, 0x9d, 0xbb, 0xce, 0xbf, 0xf7, 0xff, 0xff, 0xff, 0xff, 0xff, 0xff
.byte 0xff, 0xff, 0xff, 0xff, 0xff, 0xff, 0xff, 0xff, 0xff, 0xff, 0xff, 0xff, 0xff, 0xff, 0xff, 0xff
.byte 0xff, 0xff, 0xff, 0xff, 0xff, 0xff, 0xff, 0xff, 0xff, 0xff, 0xff, 0xff, 0xff, 0xff, 0xff, 0xff
.byte 0xff, 0xff, 0xff, 0xff, 0xff, 0xff, 0xff, 0xff, 0xff, 0xff, 0xff, 0xff, 0xff, 0xff, 0xff, 0xff
.byte 0xff, 0xff, 0xff, 0xff, 0xff, 0xff, 0xff, 0xff, 0xff, 0xff, 0xff, 0xff, 0xff, 0xff, 0xff, 0xff
.byte 0xff, 0xff, 0xff, 0xff, 0xff, 0xff, 0xff, 0xff, 0xff, 0xff, 0xff, 0xff, 0xff, 0xff, 0xff, 0xff
.byte 0xff, 0xff, 0xff, 0xff, 0xff, 0xff, 0xff, 0xff, 0xff, 0xff, 0xff, 0xff, 0xff, 0xff, 0xff, 0xff
.byte 0x3d, 0xdf, 0xb0, 0x2a, 0x50, 0x12, 0x71, 0x12, 0x50, 0x12, 0xd5, 0x3b, 0x5e, 0x86, 0x3e, 0x76
.byte 0x1e, 0x76, 0x1e, 0x76, 0x5f, 0x7e, 0xb8, 0x54, 0x4f, 0x12, 0x2f, 0x12, 0x2f, 0x12, 0x0e, 0x0a
.byte 0x58, 0x95, 0xbf, 0xf7, 0xff, 0xff, 0xff, 0xff, 0xff, 0xff, 0xff, 0xff, 0xff, 0xff, 0xff, 0xff
.byte 0xff, 0xff, 0xff, 0xff, 0xff, 0xff, 0xff, 0xff, 0xff, 0xff, 0xff, 0xff, 0xdf, 0xff, 0x77, 0x95
.byte 0xb0, 0x22, 0x71, 0x12, 0x71, 0x12, 0x71, 0x12, 0x71, 0x12, 0x50, 0x12, 0x70, 0x12, 0x50, 0x12
.byte 0x2f, 0x12, 0x0f, 0x0a, 0x0e, 0x0a, 0x2f, 0x12, 0x50, 0x12, 0x50, 0x1a, 0x90, 0x22, 0xb0, 0x2a
.byte 0x73, 0x43, 0x34, 0x64, 0xf6, 0x84, 0x1a, 0xb6, 0x1d, 0xdf, 0xbe, 0xf7, 0xdf, 0xf7, 0xff, 0xff
.byte 0xff, 0xff, 0xff, 0xff, 0xff, 0xff, 0xff, 0xff, 0xff, 0xff, 0xff, 0xff, 0xff, 0xff, 0xff, 0xff
.byte 0xff, 0xff, 0xff, 0xff, 0xff, 0xff, 0xff, 0xff, 0xff, 0xff, 0xff, 0xff, 0xff, 0xff, 0xff, 0xff
.byte 0xff, 0xff, 0xff, 0xff, 0xff, 0xff, 0xff, 0xff, 0xff, 0xff, 0xff, 0xff, 0xff, 0xff, 0xff, 0xff
.byte 0xff, 0xff, 0xff, 0xff, 0xff, 0xff, 0xff, 0xff, 0xff, 0xff, 0xff, 0xff, 0xff, 0xff, 0xff, 0xff
.byte 0xff, 0xff, 0xff, 0xff, 0xff, 0xff, 0xff, 0xff, 0xff, 0xff, 0xff, 0xff, 0xff, 0xff, 0xff, 0xff
.byte 0xff, 0xff, 0xff, 0xff, 0xff, 0xff, 0xff, 0xff, 0x3d, 0xdf, 0xd0, 0x22, 0x50, 0x12, 0x70, 0x12
.byte 0x50, 0x12, 0xd5, 0x3b, 0x3e, 0x7e, 0x3e, 0x7e, 0x1e, 0x76, 0x1e, 0x76, 0x5f, 0x7e, 0xb8, 0x54
.byte 0x70, 0x12, 0x4f, 0x12, 0x4f, 0x12, 0x0f, 0x0a, 0x78, 0x95, 0xdf, 0xf7, 0xff, 0xff, 0xff, 0xff
.byte 0xff, 0xff, 0xff, 0xff, 0xff, 0xff, 0xff, 0xff, 0xff, 0xff, 0xff, 0xff, 0xff, 0xff, 0xff, 0xff
.byte 0xff, 0xff, 0xff, 0xff, 0x77, 0x95, 0x90, 0x22, 0x71, 0x12, 0x91, 0x12, 0x91, 0x12, 0x51, 0x0a
.byte 0x30, 0x0a, 0x30, 0x0a, 0x2f, 0x0a, 0x0f, 0x0a, 0x0f, 0x0a, 0x2f, 0x0a, 0x2f, 0x12, 0x2f, 0x12
.byte 0x4f, 0x12, 0x50, 0x12, 0x50, 0x12, 0x51, 0x12, 0x91, 0x12, 0x91, 0x1a, 0x91, 0x1a, 0xb1, 0x22
.byte 0xb0, 0x22, 0x52, 0x43, 0x14, 0x5c, 0xf6, 0x84, 0xdc, 0xce, 0x5d, 0xe7, 0x7e, 0xe7, 0x9e, 0xef
.byte 0xdf, 0xff, 0xff, 0xff, 0xff, 0xff, 0xff, 0xff, 0xff, 0xff, 0xff, 0xff, 0xff, 0xff, 0xff, 0xff
.byte 0xff, 0xff, 0xff, 0xff, 0xff, 0xff, 0xff, 0xff, 0xff, 0xff, 0xff, 0xff, 0xff, 0xff, 0xff, 0xff
.byte 0xff, 0xff, 0xff, 0xff, 0xff, 0xff, 0xff, 0xff, 0xff, 0xff, 0xff, 0xff, 0xff, 0xff, 0xff, 0xff
.byte 0xff, 0xff, 0xff, 0xff, 0xff, 0xff, 0xff, 0xff, 0xff, 0xff, 0xff, 0xff, 0xff, 0xff, 0xff, 0xff
.byte 0xff, 0xff, 0xff, 0xff, 0xff, 0xff, 0xff, 0xff, 0xff, 0xff, 0xff, 0xff, 0xff, 0xff, 0xff, 0xff
.byte 0x3d, 0xdf, 0xb0, 0x22, 0x50, 0x12, 0x50, 0x12, 0x2f, 0x12, 0xb5, 0x3b, 0x3e, 0x7e, 0x3e, 0x76
.byte 0x3e, 0x76, 0x3e, 0x76, 0x5f, 0x7e, 0xb8, 0x54, 0x71, 0x12, 0x50, 0x12, 0x50, 0x12, 0x4f, 0x0a
.byte 0xb9, 0x95, 0xdf, 0xf7, 0xff, 0xff, 0xff, 0xff, 0xff, 0xff, 0xff, 0xff, 0xff, 0xff, 0xff, 0xff
.byte 0xff, 0xff, 0xff, 0xff, 0xff, 0xff, 0xff, 0xff, 0xff, 0xff, 0x1a, 0xb6, 0x4f, 0x1a, 0x50, 0x12
.byte 0x71, 0x12, 0x91, 0x12, 0x91, 0x12, 0xd1, 0x22, 0x34, 0x64, 0x95, 0x74, 0xb3, 0x53, 0xf0, 0x32
.byte 0x6e, 0x22, 0x0e, 0x12, 0xee, 0x09, 0xee, 0x09, 0x0f, 0x0a, 0x30, 0x0a, 0x71, 0x12, 0x91, 0x12
.byte 0x91, 0x12, 0x70, 0x12, 0x70, 0x12, 0x71, 0x12, 0x71, 0x12, 0x71, 0x12, 0x50, 0x12, 0x50, 0x12
.byte 0x4f, 0x12, 0x6f, 0x1a, 0xd0, 0x32, 0x71, 0x4b, 0x95, 0x7c, 0x19, 0xb6, 0xdc, 0xd6, 0x1c, 0xdf
.byte 0x5d, 0xe7, 0xdf, 0xf7, 0xff, 0xff, 0xff, 0xff, 0xff, 0xff, 0xff, 0xff, 0xff, 0xff, 0xff, 0xff
.byte 0xff, 0xff, 0xff, 0xff, 0xff, 0xff, 0xff, 0xff, 0xff, 0xff, 0xff, 0xff, 0xff, 0xff, 0xff, 0xff
.byte 0xff, 0xff, 0xff, 0xff, 0xff, 0xff, 0xff, 0xff, 0xff, 0xff, 0xff, 0xff, 0xff, 0xff, 0xff, 0xff
.byte 0xff, 0xff, 0xff, 0xff, 0xff, 0xff, 0xff, 0xff, 0xff, 0xff, 0xff, 0xff, 0xff, 0xff, 0xff, 0xff
.byte 0xff, 0xff, 0xff, 0xff, 0xff, 0xff, 0xff, 0xff, 0x3d, 0xdf, 0xb0, 0x22, 0x50, 0x12, 0x50, 0x12
.byte 0x2f, 0x12, 0xb5, 0x3b, 0x3e, 0x7e, 0x3e, 0x76, 0x1e, 0x76, 0x3e, 0x7e, 0x7f, 0x86, 0xb9, 0x54
.byte 0x71, 0x12, 0x70, 0x12, 0x70, 0x12, 0x4f, 0x12, 0x99, 0x9d, 0xdf, 0xff, 0xff, 0xff, 0xff, 0xff
.byte 0xff, 0xff, 0xff, 0xff, 0xff, 0xff, 0xff, 0xff, 0xff, 0xff, 0xff, 0xff, 0xff, 0xff, 0x9e, 0xef
.byte 0x78, 0x9d, 0x0e, 0x12, 0x30, 0x12, 0x50, 0x12, 0x70, 0x12, 0x50, 0x0a, 0x90, 0x1a, 0x98, 0x9d
.byte 0xff, 0xff, 0xff, 0xff, 0xdf, 0xf7, 0x3d, 0xdf, 0x7a, 0xbe, 0x77, 0x9d, 0x95, 0x7c, 0xd3, 0x5b
.byte 0x31, 0x3b, 0xb0, 0x2a, 0x70, 0x1a, 0x71, 0x12, 0x71, 0x0a, 0x71, 0x0a, 0x71, 0x0a, 0x71, 0x0a
.byte 0x71, 0x12, 0x71, 0x12, 0x70, 0x12, 0x50, 0x12, 0x50, 0x12, 0x4f, 0x12, 0x2f, 0x12, 0xee, 0x09
.byte 0xee, 0x09, 0xee, 0x09, 0x4e, 0x1a, 0xd0, 0x2a, 0xb3, 0x4b, 0x75, 0x6c, 0xd9, 0xa5, 0x9b, 0xc6
.byte 0xfc, 0xd6, 0x7e, 0xef, 0xff, 0xff, 0xff, 0xff, 0xff, 0xff, 0xff, 0xff, 0xff, 0xff, 0xff, 0xff
.byte 0xff, 0xff, 0xff, 0xff, 0xff, 0xff, 0xff, 0xff, 0xff, 0xff, 0xff, 0xff, 0xff, 0xff, 0xff, 0xff
.byte 0xff, 0xff, 0xff, 0xff, 0xff, 0xff, 0xff, 0xff, 0xff, 0xff, 0xff, 0xff, 0xff, 0xff, 0xff, 0xff
.byte 0xff, 0xff, 0xff, 0xff, 0xff, 0xff, 0xff, 0xff, 0xff, 0xff, 0xff, 0xff, 0xff, 0xff, 0xff, 0xff
.byte 0x1d, 0xdf, 0x90, 0x22, 0x2f, 0x0a, 0x50, 0x12, 0x2f, 0x12, 0xb5, 0x33, 0x3e, 0x7e, 0x3e, 0x76
.byte 0x3e, 0x76, 0x3e, 0x7e, 0x7f, 0x86, 0xd9, 0x54, 0x91, 0x12, 0x71, 0x12, 0x71, 0x12, 0x50, 0x12
.byte 0xb9, 0x9d, 0xdf, 0xff, 0xff, 0xff, 0xff, 0xff, 0xff, 0xff, 0xff, 0xff, 0xff, 0xff, 0xff, 0xff
.byte 0xff, 0xff, 0xff, 0xff, 0x7e, 0xef, 0x13, 0x64, 0x0e, 0x0a, 0x2f, 0x12, 0x50, 0x12, 0x4f, 0x12
.byte 0x70, 0x12, 0x0f, 0x0a, 0xd0, 0x32, 0x1d, 0xd7, 0xff, 0xff, 0xff, 0xff, 0xff, 0xff, 0xff, 0xff
.byte 0xff, 0xff, 0xff, 0xff, 0xff, 0xff, 0xff, 0xff, 0x5d, 0xe7, 0xb8, 0xbd, 0x6f, 0x9b, 0xce, 0x82
.byte 0xcf, 0x62, 0xaf, 0x42, 0x8f, 0x32, 0x70, 0x22, 0x50, 0x12, 0x4f, 0x0a, 0x2f, 0x0a, 0x2f, 0x0a
.byte 0x2f, 0x0a, 0x2f, 0x12, 0x4f, 0x12, 0x50, 0x12, 0x50, 0x12, 0x50, 0x12, 0x4f, 0x12, 0x2f, 0x0a
.byte 0xee, 0x09, 0xee, 0x09, 0x50, 0x12, 0xd1, 0x22, 0x73, 0x3b, 0x55, 0x64, 0xd6, 0x84, 0xfa, 0xad
.byte 0x5b, 0xbe, 0xbc, 0xce, 0x3d, 0xdf, 0x9e, 0xef, 0xff, 0xff, 0xff, 0xff, 0xff, 0xff, 0xff, 0xff
.byte 0xff, 0xff, 0xff, 0xff, 0xff, 0xff, 0xff, 0xff, 0xff, 0xff, 0xff, 0xff, 0xff, 0xff, 0xff, 0xff
.byte 0xff, 0xff, 0xff, 0xff, 0xff, 0xff, 0xff, 0xff, 0xff, 0xff, 0xff, 0xff, 0xff, 0xff, 0xff, 0xff
.byte 0xff, 0xff, 0xff, 0xff, 0xff, 0xff, 0xff, 0xff, 0x1d, 0xdf, 0x70, 0x1a, 0x2f, 0x0a, 0x2f, 0x12
.byte 0x2f, 0x0a, 0xb5, 0x33, 0x3e, 0x7e, 0x3e, 0x7e, 0x3e, 0x76, 0x3e, 0x7e, 0x7f, 0x86, 0xd9, 0x54
.byte 0x91, 0x12, 0x91, 0x12, 0x91, 0x12, 0x90, 0x12, 0xd9, 0x9d, 0xdf, 0xff, 0xff, 0xff, 0xff, 0xff
.byte 0xff, 0xff, 0xff, 0xff, 0xff, 0xff, 0xff, 0xff, 0xff, 0xff, 0x7e, 0xef, 0xf3, 0x5b, 0xee, 0x09
.byte 0x2f, 0x12, 0x4f, 0x12, 0x4f, 0x12, 0x4f, 0x12, 0x50, 0x12, 0x0f, 0x0a, 0xd0, 0x32, 0xfc, 0xd6
.byte 0xff, 0xff, 0xdf, 0xff, 0xff, 0xff, 0xfe, 0xff, 0xde, 0xff, 0xff, 0xff, 0xff, 0xff, 0xff, 0xff
.byte 0xff, 0xff, 0xdb, 0xfe, 0x0f, 0xf4, 0x8c, 0xfb, 0xcd, 0xeb, 0x8d, 0xdb, 0x4d, 0xc3, 0x0d, 0xab
.byte 0xcd, 0x8a, 0x8d, 0x6a, 0x4d, 0x4a, 0x2d, 0x32, 0x0e, 0x1a, 0xcd, 0x09, 0xad, 0x01, 0xad, 0x01
.byte 0xee, 0x01, 0x2f, 0x0a, 0x50, 0x12, 0x91, 0x12, 0x91, 0x1a, 0x91, 0x12, 0x91, 0x12, 0x71, 0x12
.byte 0x30, 0x0a, 0x0f, 0x02, 0x30, 0x0a, 0xb1, 0x1a, 0x12, 0x2b, 0x73, 0x43, 0xd4, 0x53, 0x34, 0x64
.byte 0xd6, 0x84, 0xb8, 0xa5, 0x3a, 0xb6, 0xbc, 0xce, 0x5d, 0xe7, 0xff, 0xff, 0xff, 0xff, 0xff, 0xff
.byte 0xff, 0xff, 0xff, 0xff, 0xff, 0xff, 0xff, 0xff, 0xff, 0xff, 0xff, 0xff, 0xff, 0xff, 0xff, 0xff
.byte 0xff, 0xff, 0xff, 0xff, 0xff, 0xff, 0xff, 0xff, 0xff, 0xff, 0xff, 0xff, 0xff, 0xff, 0xff, 0xff
.byte 0x1d, 0xdf, 0x90, 0x1a, 0x2f, 0x0a, 0x2f, 0x12, 0x2f, 0x0a, 0xb5, 0x33, 0x3e, 0x7e, 0x3e, 0x76
.byte 0x3e, 0x76, 0x3e, 0x7e, 0x7f, 0x86, 0xd9, 0x54, 0x91, 0x12, 0x91, 0x12, 0x91, 0x12, 0x70, 0x12
.byte 0xb9, 0x9d, 0xdf, 0xff, 0xff, 0xff, 0xff, 0xff, 0xff, 0xff, 0xff, 0xff, 0xff, 0xff, 0xff, 0xff
.byte 0xfc, 0xd6, 0xf3, 0x5b, 0xee, 0x09, 0x2f, 0x12, 0x70, 0x1a, 0x4f, 0x12, 0x4f, 0x12, 0x50, 0x12
.byte 0x4f, 0x12, 0x0f, 0x0a, 0xf0, 0x32, 0xfc, 0xd6, 0xff, 0xff, 0xdf, 0xff, 0xdf, 0xff, 0xff, 0xff
.byte 0xff, 0xff, 0xff, 0xff, 0xff, 0xff, 0xff, 0xff, 0xff, 0xff, 0x9a, 0xf6, 0xae, 0xeb, 0x2b, 0xf3
.byte 0x8c, 0xfb, 0x6c, 0xfb, 0x6c, 0xfb, 0x2c, 0xfb, 0x0b, 0xfb, 0xeb, 0xea, 0xcb, 0xda, 0x8b, 0xba
.byte 0xb1, 0xa3, 0xf6, 0x8c, 0x54, 0x64, 0x52, 0x43, 0xb0, 0x2a, 0x4e, 0x1a, 0x2f, 0x0a, 0x0f, 0x02
.byte 0x0f, 0x02, 0x30, 0x02, 0x50, 0x0a, 0x71, 0x12, 0x91, 0x12, 0x91, 0x12, 0x91, 0x12, 0x71, 0x12
.byte 0x50, 0x12, 0x0f, 0x0a, 0xce, 0x01, 0xee, 0x09, 0x2f, 0x12, 0x90, 0x22, 0xf1, 0x2a, 0x73, 0x43
.byte 0xf4, 0x5b, 0xb6, 0x7c, 0x98, 0x9d, 0x5a, 0xbe, 0x1d, 0xdf, 0xbe, 0xf7, 0xff, 0xff, 0xff, 0xff
.byte 0xff, 0xff, 0xff, 0xff, 0xff, 0xff, 0xff, 0xff, 0xff, 0xff, 0xff, 0xff, 0xff, 0xff, 0xff, 0xff
.byte 0xff, 0xff, 0xff, 0xff, 0xff, 0xff, 0xff, 0xff, 0x1d, 0xdf, 0x70, 0x1a, 0x2f, 0x0a, 0x50, 0x12
.byte 0x2f, 0x12, 0xb5, 0x33, 0x3e, 0x76, 0x3e, 0x76, 0x1e, 0x76, 0x3e, 0x7e, 0x7f, 0x86, 0xd9, 0x54
.byte 0x91, 0x12, 0x70, 0x12, 0x70, 0x12, 0x4f, 0x12, 0xfa, 0xa5, 0xff, 0xff, 0xff, 0xff, 0xff, 0xff
.byte 0xff, 0xff, 0xff, 0xff, 0xff, 0xff, 0xdc, 0xd6, 0x92, 0x4b, 0x50, 0x12, 0x50, 0x12, 0x70, 0x1a
.byte 0x50, 0x12, 0x2f, 0x0a, 0x6f, 0x1a, 0x4f, 0x12, 0x4f, 0x12, 0x0f, 0x0a, 0xf0, 0x32, 0x1d, 0xd7
.byte 0xff, 0xff, 0xff, 0xff, 0xff, 0xff, 0xff, 0xff, 0xff, 0xff, 0xff, 0xff, 0xff, 0xff, 0xff, 0xff
.byte 0xff, 0xff, 0x99, 0xf6, 0x8d, 0xe3, 0xea, 0xea, 0x2b, 0xf3, 0x0b, 0xf3, 0x0b, 0xf3, 0xeb, 0xf2
.byte 0xca, 0xfa, 0xca, 0xfa, 0xaa, 0xfa, 0x69, 0xf2, 0xb3, 0xf4, 0xdf, 0xff, 0xdf, 0xf7, 0x5d, 0xe7
.byte 0xdc, 0xce, 0x5a, 0xbe, 0x98, 0x9d, 0xb6, 0x7c, 0xd3, 0x5b, 0x11, 0x3b, 0x90, 0x1a, 0x50, 0x12
.byte 0x50, 0x0a, 0x50, 0x0a, 0x50, 0x0a, 0x50, 0x0a, 0x50, 0x12, 0x50, 0x12, 0x70, 0x12, 0x50, 0x12
.byte 0x4f, 0x12, 0x2f, 0x12, 0x0f, 0x0a, 0xee, 0x09, 0x0f, 0x0a, 0x70, 0x12, 0xf2, 0x22, 0x33, 0x33
.byte 0xd4, 0x53, 0x75, 0x6c, 0x95, 0x7c, 0x37, 0x95, 0x5a, 0xbe, 0xdf, 0xf7, 0xff, 0xff, 0xff, 0xff
.byte 0xff, 0xff, 0xff, 0xff, 0xff, 0xff, 0xff, 0xff, 0xff, 0xff, 0xff, 0xff, 0xff, 0xff, 0xff, 0xff
.byte 0x1d, 0xdf, 0x70, 0x1a, 0x50, 0x0a, 0x50, 0x12, 0x50, 0x12, 0xb5, 0x33, 0x3e, 0x76, 0x3e, 0x76
.byte 0x1e, 0x76, 0x3e, 0x76, 0x7f, 0x7e, 0xb8, 0x54, 0x70, 0x12, 0x50, 0x12, 0x50, 0x12, 0x4f, 0x12
.byte 0x3a, 0xae, 0xff, 0xff, 0xff, 0xff, 0xff, 0xff, 0xff, 0xff, 0xff, 0xff, 0x7b, 0xbe, 0x93, 0x43
.byte 0x50, 0x12, 0x70, 0x12, 0x90, 0x12, 0x50, 0x0a, 0x2e, 0x12, 0x75, 0x6c, 0xb3, 0x4b, 0x2f, 0x0a
.byte 0x4f, 0x12, 0x0f, 0x0a, 0xf0, 0x32, 0xfc, 0xd6, 0xff, 0xff, 0xff, 0xff, 0xff, 0xff, 0xff, 0xff
.byte 0xff, 0xff, 0xff, 0xff, 0xff, 0xff, 0xff, 0xff, 0xff, 0xff, 0x79, 0xf6, 0x6d, 0xe3, 0xca, 0xea
.byte 0x0b, 0xf3, 0x0b, 0xf3, 0x0b, 0xeb, 0x0b, 0xf3, 0xeb, 0xf2, 0xeb, 0xf2, 0xca, 0xf2, 0x69, 0xea
.byte 0x72, 0xec, 0x9e, 0xff, 0xff, 0xff, 0xff, 0xff, 0xff, 0xff, 0xff, 0xff, 0xff, 0xff, 0xdf, 0xff
.byte 0x7e, 0xef, 0xfc, 0xde, 0x7b, 0xc6, 0x95, 0x94, 0xae, 0x6a, 0x6d, 0x52, 0x4e, 0x32, 0x2e, 0x1a
.byte 0x0e, 0x12, 0x0e, 0x0a, 0x0f, 0x0a, 0x2f, 0x0a, 0x50, 0x0a, 0x70, 0x12, 0x70, 0x12, 0x91, 0x12
.byte 0x91, 0x12, 0x71, 0x12, 0x50, 0x0a, 0x30, 0x0a, 0x0f, 0x02, 0x0f, 0x02, 0x70, 0x12, 0x90, 0x1a
.byte 0x11, 0x33, 0xb2, 0x53, 0x19, 0xb6, 0xff, 0xff, 0xff, 0xff, 0xff, 0xff, 0xff, 0xff, 0xff, 0xff
.byte 0xff, 0xff, 0xff, 0xff, 0xff, 0xff, 0xff, 0xff, 0x3d, 0xdf, 0xb0, 0x22, 0x50, 0x12, 0x70, 0x12
.byte 0x50, 0x12, 0xd5, 0x33, 0x3e, 0x76, 0x3e, 0x76, 0x1e, 0x76, 0x3e, 0x76, 0x5f, 0x76, 0x98, 0x4c
.byte 0x4f, 0x12, 0x2f, 0x12, 0x50, 0x12, 0x2f, 0x0a, 0x3a, 0xae, 0xff, 0xff, 0xff, 0xff, 0xff, 0xff
.byte 0xff, 0xff, 0xbb, 0xce, 0x31, 0x3b, 0x91, 0x12, 0x91, 0x12, 0x91, 0x1a, 0x50, 0x0a, 0x2f, 0x12
.byte 0xf6, 0x84, 0x9e, 0xef, 0x34, 0x64, 0x0f, 0x0a, 0x4f, 0x12, 0x0f, 0x0a, 0xf1, 0x32, 0xfc, 0xd6
.byte 0xff, 0xff, 0xff, 0xff, 0xff, 0xff, 0xff, 0xff, 0xff, 0xff, 0xff, 0xff, 0xff, 0xff, 0xff, 0xff
.byte 0xff, 0xff, 0x79, 0xf6, 0x6d, 0xe3, 0xea, 0xea, 0x2b, 0xeb, 0x2b, 0xeb, 0x2b, 0xeb, 0x2b, 0xeb
.byte 0x2b, 0xeb, 0x2b, 0xf3, 0x0b, 0xf3, 0xca, 0xea, 0xb3, 0xec, 0x9e, 0xff, 0xff, 0xff, 0xff, 0xff
.byte 0xff, 0xff, 0xff, 0xff, 0xff, 0xff, 0xff, 0xff, 0xff, 0xff, 0xff, 0xff, 0xff, 0xff, 0xb6, 0xf5
.byte 0xca, 0xe2, 0xca, 0xda, 0xcb, 0xca, 0xcc, 0xaa, 0xac, 0x92, 0x8c, 0x7a, 0x4d, 0x5a, 0x4d, 0x3a
.byte 0x4f, 0x22, 0x70, 0x1a, 0x50, 0x0a, 0x30, 0x0a, 0x50, 0x0a, 0x70, 0x0a, 0x70, 0x12, 0x70, 0x12
.byte 0x70, 0x12, 0x70, 0x12, 0x50, 0x12, 0x2f, 0x0a, 0x0e, 0x0a, 0x0e, 0x0a, 0xf1, 0x32, 0x98, 0x9d
.byte 0xde, 0xff, 0xff, 0xff, 0xff, 0xff, 0xff, 0xff, 0xff, 0xff, 0xff, 0xff, 0xff, 0xff, 0xff, 0xff
.byte 0x3d, 0xdf, 0xd1, 0x22, 0x71, 0x12, 0x70, 0x12, 0x4f, 0x12, 0xb5, 0x33, 0x1e, 0x76, 0x3e, 0x76
.byte 0x1e, 0x6e, 0x1e, 0x6e, 0x3f, 0x6e, 0x78, 0x44, 0x2f, 0x12, 0x2f, 0x12, 0x2f, 0x12, 0x0f, 0x0a
.byte 0x1a, 0xae, 0xff, 0xff, 0xff, 0xff, 0xff, 0xff, 0x7a, 0xc6, 0x11, 0x3b, 0x50, 0x0a, 0x91, 0x12
.byte 0xb1, 0x1a, 0x50, 0x0a, 0x8f, 0x1a, 0x57, 0x95, 0xff, 0xff, 0xff, 0xff, 0x14, 0x5c, 0x0f, 0x0a
.byte 0x70, 0x12, 0x2f, 0x0a, 0xf1, 0x32, 0x1c, 0xd7, 0xff, 0xff, 0xff, 0xff, 0xff, 0xff, 0xff, 0xff
.byte 0xff, 0xff, 0xff, 0xff, 0xff, 0xff, 0xff, 0xff, 0xff, 0xff, 0x79, 0xf6, 0x6d, 0xe3, 0xea, 0xea
.byte 0x2b, 0xf3, 0x2b, 0xf3, 0x4b, 0xf3, 0x4b, 0xeb, 0x4c, 0xeb, 0x4c, 0xf3, 0x4c, 0xf3, 0x0b, 0xeb
.byte 0xf4, 0xec, 0xbe, 0xff, 0xff, 0xff, 0xff, 0xff, 0xff, 0xff, 0xff, 0xff, 0xff, 0xff, 0xff, 0xff
.byte 0xff, 0xff, 0xff, 0xff, 0xde, 0xff, 0x54, 0xed, 0x69, 0xea, 0xa9, 0xfa, 0xca, 0xf2, 0xea, 0xf2
.byte 0x0b, 0xf3, 0x2b, 0xf3, 0x4c, 0xe3, 0x4d, 0xd3, 0x4e, 0xc3, 0x6f, 0x9b, 0x34, 0x84, 0x75, 0x6c
.byte 0x92, 0x43, 0xd0, 0x2a, 0x4f, 0x12, 0x0e, 0x0a, 0xee, 0x09, 0x0e, 0x0a, 0x2f, 0x0a, 0x50, 0x12
.byte 0x70, 0x12, 0x70, 0x12, 0x50, 0x0a, 0xb0, 0x22, 0x1a, 0xae, 0x9e, 0xef, 0xff, 0xff, 0xff, 0xff
.byte 0xff, 0xff, 0xff, 0xff, 0xff, 0xff, 0xff, 0xff, 0x3d, 0xdf, 0xd1, 0x22, 0x71, 0x12, 0x71, 0x12
.byte 0x50, 0x12, 0xb5, 0x33, 0x1e, 0x76, 0x1e, 0x6e, 0x1e, 0x6e, 0x1e, 0x6e, 0x3f, 0x6e, 0x78, 0x44
.byte 0x2f, 0x12, 0x2e, 0x12, 0x2f, 0x0a, 0x0e, 0x0a, 0x1a, 0xae, 0xff, 0xff, 0xff, 0xff, 0x9b, 0xc6
.byte 0x11, 0x33, 0x70, 0x12, 0x91, 0x1a, 0x91, 0x1a, 0x50, 0x0a, 0xd0, 0x22, 0xd8, 0xa5, 0xff, 0xff
.byte 0xff, 0xff, 0xdf, 0xf7, 0x14, 0x5c, 0x4f, 0x12, 0x70, 0x12, 0x2f, 0x0a, 0x11, 0x33, 0x1c, 0xd7
.byte 0xff, 0xff, 0xff, 0xff, 0xff, 0xff, 0xff, 0xff, 0xff, 0xff, 0xff, 0xff, 0xff, 0xff, 0xff, 0xff
.byte 0xff, 0xff, 0x79, 0xf6, 0x6d, 0xe3, 0xea, 0xea, 0x2b, 0xf3, 0x2b, 0xf3, 0x4b, 0xf3, 0x4b, 0xf3
.byte 0x4c, 0xf3, 0x4c, 0xf3, 0x4c, 0xf3, 0x2b, 0xeb, 0x13, 0xed, 0xbe, 0xff, 0xff, 0xff, 0xff, 0xff
.byte 0xff, 0xff, 0xff, 0xff, 0xff, 0xff, 0xff, 0xff, 0xfe, 0xff, 0xff, 0xff, 0xde, 0xff, 0x54, 0xed
.byte 0xa9, 0xe2, 0xca, 0xea, 0xea, 0xf2, 0x0b, 0xf3, 0x2b, 0xf3, 0x4b, 0xf3, 0x8c, 0xfb, 0xac, 0xfb
.byte 0x8c, 0xfb, 0xcd, 0xeb, 0x38, 0xf6, 0xdf, 0xff, 0x9e, 0xef, 0x1c, 0xd7, 0x3a, 0xb6, 0x37, 0x8d
.byte 0x54, 0x74, 0xb2, 0x53, 0xf0, 0x32, 0x6f, 0x1a, 0x50, 0x12, 0x91, 0x12, 0x91, 0x12, 0x50, 0x0a
.byte 0x31, 0x33, 0x7b, 0xbe, 0xff, 0xff, 0xff, 0xff, 0xff, 0xff, 0xff, 0xff, 0xff, 0xff, 0xff, 0xff
.byte 0x3d, 0xdf, 0xf1, 0x2a, 0x91, 0x12, 0x91, 0x12, 0x50, 0x12, 0xb5, 0x33, 0x3e, 0x76, 0x1e, 0x76
.byte 0x1e, 0x6e, 0x1e, 0x6e, 0x3f, 0x6e, 0x77, 0x44, 0x2f, 0x12, 0x2e, 0x12, 0x2f, 0x0a, 0x0e, 0x0a
.byte 0x5b, 0xb6, 0xff, 0xff, 0x5d, 0xe7, 0x73, 0x43, 0x71, 0x12, 0x91, 0x1a, 0x91, 0x12, 0x50, 0x0a
.byte 0xb1, 0x22, 0xf9, 0xad, 0xff, 0xff, 0xff, 0xff, 0xff, 0xff, 0xbf, 0xf7, 0x34, 0x64, 0x90, 0x12
.byte 0x91, 0x12, 0x50, 0x0a, 0x11, 0x33, 0x1d, 0xd7, 0xff, 0xff, 0xff, 0xff, 0xff, 0xff, 0xff, 0xff
.byte 0xff, 0xff, 0xff, 0xff, 0xff, 0xff, 0xff, 0xff, 0xff, 0xff, 0x79, 0xf6, 0x6d, 0xe3, 0xea, 0xea
.byte 0x2b, 0xf3, 0x2b, 0xf3, 0x4b, 0xf3, 0x6c, 0xf3, 0x6c, 0xf3, 0x4c, 0xf3, 0x4c, 0xf3, 0x2b, 0xeb
.byte 0xf3, 0xec, 0xbe, 0xff, 0xff, 0xff, 0xff, 0xff, 0xff, 0xff, 0xff, 0xff, 0xff, 0xff, 0xff, 0xff
.byte 0xff, 0xff, 0xff, 0xff, 0xdf, 0xff, 0x74, 0xed, 0xca, 0xe2, 0x0a, 0xeb, 0x2b, 0xf3, 0x4b, 0xf3
.byte 0x4b, 0xeb, 0x6c, 0xf3, 0x8c, 0xf3, 0x8c, 0xf3, 0x6b, 0xf3, 0x4c, 0xeb, 0xd6, 0xed, 0xff, 0xff
.byte 0xff, 0xff, 0xff, 0xff, 0xff, 0xff, 0xff, 0xff, 0xff, 0xff, 0xdf, 0xff, 0x5d, 0xe7, 0x98, 0x9d
.byte 0xf1, 0x32, 0x50, 0x12, 0x91, 0x12, 0x71, 0x12, 0x0f, 0x0a, 0xd6, 0x7c, 0x5d, 0xe7, 0xff, 0xff
.byte 0xff, 0xff, 0xff, 0xff, 0xff, 0xff, 0xff, 0xff, 0x3d, 0xdf, 0xf1, 0x2a, 0x91, 0x12, 0x91, 0x12
.byte 0x50, 0x12, 0xd5, 0x3b, 0x3e, 0x76, 0x3e, 0x76, 0x1e, 0x76, 0x1e, 0x6e, 0x3f, 0x6e, 0x78, 0x44
.byte 0x2f, 0x12, 0x2e, 0x12, 0x2e, 0x12, 0x2f, 0x12, 0x99, 0x8d, 0x9b, 0xc6, 0x52, 0x4b, 0x70, 0x12
.byte 0x90, 0x1a, 0x91, 0x12, 0x30, 0x0a, 0xd1, 0x2a, 0xd9, 0xa5, 0xff, 0xff, 0xff, 0xff, 0xff, 0xff
.byte 0xff, 0xff, 0xdf, 0xf7, 0x54, 0x64, 0x91, 0x12, 0x91, 0x12, 0x50, 0x0a, 0x11, 0x33, 0x1d, 0xd7
.byte 0xff, 0xff, 0xff, 0xff, 0xff, 0xff, 0xff, 0xff, 0xff, 0xff, 0xff, 0xff, 0xff, 0xff, 0xff, 0xff
.byte 0xff, 0xff, 0x79, 0xf6, 0x6d, 0xe3, 0xea, 0xea, 0x2b, 0xf3, 0x2b, 0xf3, 0x4b, 0xf3, 0x6c, 0xf3
.byte 0x6c, 0xf3, 0x4c, 0xf3, 0x4c, 0xf3, 0x0b, 0xeb, 0xf3, 0xec, 0xbe, 0xff, 0xff, 0xff, 0xff, 0xff
.byte 0xff, 0xff, 0xff, 0xff, 0xff, 0xff, 0xff, 0xff, 0xff, 0xff, 0xff, 0xff, 0xdf, 0xff, 0x95, 0xed
.byte 0xea, 0xe2, 0x2b, 0xeb, 0x4b, 0xeb, 0x6b, 0xeb, 0x6b, 0xeb, 0x6c, 0xf3, 0x6c, 0xf3, 0x6b, 0xf3
.byte 0x0a, 0xf3, 0x0b, 0xe3, 0x75, 0xed, 0xff, 0xff, 0xff, 0xff, 0xff, 0xff, 0xff, 0xff, 0xff, 0xff
.byte 0xff, 0xff, 0xff, 0xff, 0xff, 0xff, 0xff, 0xff, 0x97, 0x9d, 0x70, 0x1a, 0x50, 0x0a, 0x50, 0x12
.byte 0xee, 0x01, 0xb3, 0x53, 0xdc, 0xd6, 0xff, 0xff, 0xff, 0xff, 0xff, 0xff, 0xff, 0xff, 0xff, 0xff
.byte 0x3d, 0xdf, 0x11, 0x2b, 0x91, 0x12, 0x70, 0x12, 0x50, 0x0a, 0xb5, 0x33, 0x3e, 0x76, 0x3e, 0x76
.byte 0x1e, 0x76, 0x1e, 0x76, 0x3f, 0x76, 0x78, 0x4c, 0x2f, 0x12, 0x2e, 0x12, 0x2f, 0x12, 0x4f, 0x1a
.byte 0xd0, 0x2a, 0x70, 0x1a, 0x4f, 0x12, 0x6f, 0x1a, 0x70, 0x1a, 0x0f, 0x02, 0xf1, 0x2a, 0xf9, 0xa5
.byte 0xdf, 0xf7, 0xbe, 0xf7, 0xff, 0xff, 0xff, 0xff, 0xff, 0xff, 0xdf, 0xf7, 0x34, 0x64, 0x70, 0x12
.byte 0x91, 0x12, 0x50, 0x0a, 0x11, 0x33, 0x1d, 0xd7, 0xff, 0xff, 0xff, 0xff, 0xff, 0xff, 0xff, 0xff
.byte 0xff, 0xff, 0xff, 0xff, 0xff, 0xff, 0xff, 0xff, 0xff, 0xff, 0x79, 0xf6, 0x6d, 0xe3, 0xea, 0xea
.byte 0x4b, 0xf3, 0x2b, 0xf3, 0x4c, 0xf3, 0x4c, 0xf3, 0x4c, 0xf3, 0x4c, 0xf3, 0x4b, 0xf3, 0x0b, 0xeb
.byte 0xf3, 0xec, 0xbe, 0xff, 0xff, 0xff, 0xff, 0xff, 0xff, 0xff, 0xff, 0xff, 0xff, 0xff, 0xff, 0xff
.byte 0xff, 0xff, 0xff, 0xff, 0xdf, 0xff, 0x95, 0xed, 0x0b, 0xe3, 0x2b, 0xeb, 0x4b, 0xeb, 0x6b, 0xf3
.byte 0x6b, 0xf3, 0x6b, 0xf3, 0x4b, 0xeb, 0x4b, 0xeb, 0x0a, 0xeb, 0xea, 0xe2, 0x95, 0xed, 0xff, 0xff
.byte 0xff, 0xff, 0xff, 0xff, 0xff, 0xff, 0xff, 0xff, 0xff, 0xff, 0xff, 0xff, 0xff, 0xff, 0xff, 0xff
.byte 0x3d, 0xdf, 0x10, 0x3b, 0x0e, 0x0a, 0x4f, 0x12, 0xee, 0x09, 0x31, 0x3b, 0x9b, 0xc6, 0xff, 0xff
.byte 0xff, 0xff, 0xff, 0xff, 0xff, 0xff, 0xff, 0xff, 0x3d, 0xdf, 0xf1, 0x2a, 0x71, 0x12, 0x70, 0x12
.byte 0x30, 0x12, 0xb5, 0x33, 0x3e, 0x76, 0x3e, 0x76, 0x1e, 0x76, 0x3e, 0x76, 0x5f, 0x76, 0x78, 0x4c
.byte 0x2f, 0x12, 0x2f, 0x12, 0x4f, 0x1a, 0x4f, 0x12, 0x2f, 0x12, 0x4f, 0x12, 0x70, 0x1a, 0x50, 0x12
.byte 0xce, 0x01, 0xf0, 0x32, 0x3a, 0xb6, 0xff, 0xff, 0x5c, 0xef, 0xdf, 0xff, 0xff, 0xff, 0xff, 0xff
.byte 0xff, 0xff, 0xdf, 0xf7, 0x34, 0x64, 0x90, 0x12, 0x91, 0x12, 0x50, 0x0a, 0x11, 0x33, 0x1d, 0xd7
.byte 0xff, 0xff, 0xff, 0xff, 0xff, 0xff, 0xff, 0xff, 0xff, 0xff, 0xff, 0xff, 0xff, 0xff, 0xff, 0xff
.byte 0xff, 0xff, 0x79, 0xf6, 0x6d, 0xeb, 0x0a, 0xf3, 0x4b, 0xf3, 0x4b, 0xf3, 0x4c, 0xf3, 0x4c, 0xf3
.byte 0x4c, 0xf3, 0x4b, 0xf3, 0x2b, 0xf3, 0xeb, 0xea, 0xd3, 0xec, 0xbe, 0xff, 0xff, 0xff, 0xff, 0xff
.byte 0xff, 0xff, 0xff, 0xff, 0xff, 0xff, 0xff, 0xff, 0xff, 0xff, 0xff, 0xff, 0xdf, 0xff, 0xb6, 0xed
.byte 0x0b, 0xe3, 0x2b, 0xeb, 0x4b, 0xeb, 0x4b, 0xf3, 0x6b, 0xf3, 0x4b, 0xf3, 0x4b, 0xeb, 0x4b, 0xf3
.byte 0x0a, 0xf3, 0x0b, 0xe3, 0x95, 0xe5, 0xff, 0xff, 0xff, 0xff, 0xff, 0xff, 0xff, 0xff, 0xff, 0xff
.byte 0xff, 0xff, 0xff, 0xff, 0xff, 0xff, 0xff, 0xff, 0x7d, 0xe7, 0x51, 0x43, 0xee, 0x09, 0x2f, 0x12
.byte 0xef, 0x09, 0x11, 0x3b, 0x9b, 0xc6, 0xff, 0xff, 0xff, 0xff, 0xff, 0xff, 0xff, 0xff, 0xff, 0xff
.byte 0x3d, 0xdf, 0xf1, 0x2a, 0x70, 0x12, 0x70, 0x12, 0x30, 0x12, 0xb5, 0x33, 0x3e, 0x76, 0x3e, 0x76
.byte 0x1e, 0x76, 0x3e, 0x76, 0x5f, 0x7e, 0x98, 0x4c, 0x50, 0x12, 0x4f, 0x12, 0x6f, 0x1a, 0x70, 0x12
.byte 0x70, 0x12, 0x6f, 0x1a, 0x2f, 0x12, 0xcd, 0x01, 0x51, 0x43, 0xbb, 0xce, 0xff, 0xff, 0xbe, 0xf7
.byte 0xff, 0xff, 0xff, 0xff, 0xff, 0xff, 0xff, 0xff, 0xff, 0xff, 0xbf, 0xf7, 0xd3, 0x53, 0x70, 0x12
.byte 0x71, 0x12, 0x30, 0x0a, 0x11, 0x33, 0x1d, 0xd7, 0xff, 0xff, 0xff, 0xff, 0xff, 0xff, 0xff, 0xff
.byte 0xff, 0xff, 0xff, 0xff, 0xff, 0xff, 0xff, 0xff, 0xff, 0xff, 0x79, 0xf6, 0x6d, 0xeb, 0xea, 0xf2
.byte 0x4b, 0xf3, 0x4b, 0xf3, 0x4b, 0xf3, 0x4c, 0xf3, 0x4c, 0xf3, 0x4b, 0xf3, 0x2b, 0xf3, 0xeb, 0xea
.byte 0xd3, 0xec, 0x9e, 0xff, 0xff, 0xff, 0xff, 0xff, 0xff, 0xff, 0xff, 0xff, 0xff, 0xff, 0xff, 0xff
.byte 0xff, 0xff, 0xff, 0xff, 0xdf, 0xff, 0xb6, 0xed, 0x0b, 0xe3, 0x2b, 0xeb, 0x4b, 0xf3, 0x4b, 0xf3
.byte 0x4b, 0xeb, 0x4c, 0xf3, 0x4b, 0xf3, 0x4b, 0xf3, 0x0b, 0xf3, 0x0b, 0xe3, 0xb6, 0xed, 0xff, 0xff
.byte 0xff, 0xff, 0xff, 0xff, 0xff, 0xff, 0xff, 0xff, 0xff, 0xff, 0xff, 0xff, 0xff, 0xff, 0xff, 0xff
.byte 0x9e, 0xef, 0x51, 0x43, 0xee, 0x09, 0x30, 0x12, 0xef, 0x09, 0x31, 0x3b, 0x1d, 0xd7, 0xff, 0xff
.byte 0xff, 0xff, 0xff, 0xff, 0xff, 0xff, 0xff, 0xff, 0x3d, 0xdf, 0xd0, 0x2a, 0x50, 0x12, 0x50, 0x12
.byte 0x30, 0x12, 0xb5, 0x3b, 0x3e, 0x76, 0x3e, 0x76, 0x1e, 0x76, 0x3e, 0x76, 0x5f, 0x7e, 0x98, 0x54
.byte 0x50, 0x12, 0x4f, 0x12, 0x6f, 0x1a, 0x70, 0x12, 0x70, 0x1a, 0x2f, 0x12, 0xad, 0x01, 0x92, 0x4b
.byte 0x1c, 0xd7, 0xff, 0xff, 0xff, 0xff, 0xff, 0xff, 0xff, 0xff, 0xff, 0xff, 0xff, 0xff, 0xff, 0xff
.byte 0xff, 0xff, 0xbf, 0xf7, 0xb3, 0x4b, 0x50, 0x12, 0x70, 0x12, 0x30, 0x0a, 0x11, 0x33, 0x1d, 0xd7
.byte 0xff, 0xff, 0xff, 0xff, 0xff, 0xff, 0xff, 0xff, 0xff, 0xff, 0xff, 0xff, 0xff, 0xff, 0xff, 0xff
.byte 0xff, 0xff, 0x79, 0xf6, 0x6d, 0xe3, 0xeb, 0xf2, 0x4c, 0xf3, 0x4c, 0xf3, 0x4c, 0xf3, 0x4c, 0xf3
.byte 0x4c, 0xf3, 0x2b, 0xf3, 0x2b, 0xf3, 0xea, 0xea, 0xd3, 0xec, 0x9e, 0xff, 0xff, 0xff, 0xff, 0xff
.byte 0xff, 0xff, 0xff, 0xff, 0xff, 0xff, 0xff, 0xff, 0xff, 0xff, 0xff, 0xff, 0xdf, 0xff, 0x95, 0xed
.byte 0x0b, 0xe3, 0x2b, 0xeb, 0x4b, 0xf3, 0x4b, 0xf3, 0x4b, 0xf3, 0x4b, 0xf3, 0x4c, 0xf3, 0x4b, 0xf3
.byte 0x2b, 0xf3, 0x2b, 0xe3, 0xb6, 0xed, 0xff, 0xff, 0xff, 0xff, 0xff, 0xff, 0xff, 0xff, 0xff, 0xff
.byte 0xff, 0xff, 0xff, 0xff, 0xff, 0xff, 0xff, 0xff, 0x9e, 0xef, 0x71, 0x4b, 0x0f, 0x0a, 0x50, 0x12
.byte 0x0f, 0x0a, 0x31, 0x3b, 0x7d, 0xdf, 0xff, 0xff, 0xff, 0xff, 0xff, 0xff, 0xff, 0xff, 0xff, 0xff
.byte 0x3d, 0xdf, 0xb0, 0x22, 0x50, 0x0a, 0x50, 0x12, 0x30, 0x12, 0xb5, 0x3b, 0x3e, 0x76, 0x3e, 0x76
.byte 0x1e, 0x76, 0x1e, 0x76, 0x5f, 0x7e, 0x98, 0x4c, 0x70, 0x12, 0x4f, 0x12, 0x70, 0x1a, 0x70, 0x1a
.byte 0x70, 0x12, 0x0e, 0x0a, 0x13, 0x64, 0x7e, 0xe7, 0xff, 0xff, 0xff, 0xff, 0xff, 0xff, 0xff, 0xff
.byte 0xff, 0xff, 0xff, 0xff, 0xff, 0xff, 0xff, 0xff, 0xff, 0xff, 0xbf, 0xf7, 0x92, 0x4b, 0x2f, 0x12
.byte 0x50, 0x12, 0x2f, 0x0a, 0x11, 0x33, 0x1d, 0xd7, 0xff, 0xff, 0xff, 0xff, 0xff, 0xff, 0xff, 0xff
.byte 0xff, 0xff, 0xff, 0xff, 0xff, 0xff, 0xff, 0xff, 0xff, 0xff, 0x79, 0xf6, 0x6d, 0xe3, 0xeb, 0xf2
.byte 0x4c, 0xf3, 0x4c, 0xf3, 0x4c, 0xf3, 0x4b, 0xf3, 0x4b, 0xf3, 0x2b, 0xf3, 0x2b, 0xf3, 0xeb, 0xea
.byte 0xd3, 0xec, 0x9e, 0xff, 0xff, 0xff, 0xff, 0xff, 0xff, 0xff, 0xff, 0xff, 0xff, 0xff, 0xff, 0xff
.byte 0xff, 0xff, 0xff, 0xff, 0xdf, 0xff, 0x95, 0xed, 0x0b, 0xe3, 0x2b, 0xeb, 0x4b, 0xeb, 0x4b, 0xf3
.byte 0x4b, 0xf3, 0x4b, 0xf3, 0x4b, 0xf3, 0x4b, 0xf3, 0x2b, 0xf3, 0x2b, 0xe3, 0xb6, 0xed, 0xff, 0xff
.byte 0xff, 0xff, 0xff, 0xff, 0xff, 0xff, 0xff, 0xff, 0xff, 0xff, 0xff, 0xff, 0xff, 0xff, 0xff, 0xff
.byte 0x9e, 0xef, 0x72, 0x4b, 0x0f, 0x0a, 0x50, 0x12, 0x2f, 0x0a, 0x31, 0x3b, 0x5d, 0xdf, 0xff, 0xff
.byte 0xff, 0xff, 0xff, 0xff, 0xff, 0xff, 0xff, 0xff, 0x3d, 0xdf, 0xb0, 0x22, 0x2f, 0x0a, 0x4f, 0x12
.byte 0x2f, 0x12, 0xb5, 0x33, 0x3e, 0x76, 0x3e, 0x76, 0x3e, 0x76, 0x3e, 0x76, 0x5f, 0x7e, 0xb8, 0x54
.byte 0x70, 0x12, 0x70, 0x12, 0x90, 0x1a, 0x91, 0x12, 0x2f, 0x0a, 0x74, 0x6c, 0xbe, 0xf7, 0xff, 0xff
.byte 0xff, 0xff, 0xff, 0xff, 0xff, 0xff, 0xff, 0xff, 0xff, 0xff, 0xff, 0xff, 0xff, 0xff, 0xff, 0xff
.byte 0xff, 0xff, 0xbf, 0xf7, 0x92, 0x4b, 0x0f, 0x0a, 0x4f, 0x12, 0x0f, 0x0a, 0xf1, 0x32, 0x1d, 0xd7
.byte 0xff, 0xff, 0xff, 0xff, 0xff, 0xff, 0xff, 0xff, 0xff, 0xff, 0xff, 0xff, 0xff, 0xff, 0xff, 0xff
.byte 0xff, 0xff, 0x9a, 0xf6, 0x6d, 0xe3, 0xea, 0xf2, 0x4c, 0xf3, 0x4c, 0xf3, 0x4c, 0xf3, 0x4b, 0xf3
.byte 0x4b, 0xf3, 0x2b, 0xf3, 0x2b, 0xf3, 0xeb, 0xea, 0xd3, 0xec, 0xbe, 0xff, 0xff, 0xff, 0xff, 0xff
.byte 0xff, 0xff, 0xff, 0xff, 0xff, 0xff, 0xff, 0xff, 0xff, 0xff, 0xff, 0xff, 0xdf, 0xff, 0xb5, 0xed
.byte 0xea, 0xe2, 0x2b, 0xeb, 0x2b, 0xeb, 0x2b, 0xf3, 0x2b, 0xf3, 0x2b, 0xf3, 0x4b, 0xf3, 0x4b, 0xf3
.byte 0x2b, 0xf3, 0x2b, 0xe3, 0xb6, 0xed, 0xff, 0xff, 0xff, 0xff, 0xff, 0xff, 0xff, 0xff, 0xff, 0xff
.byte 0xdf, 0xff, 0xff, 0xff, 0xff, 0xff, 0xff, 0xff, 0x9e, 0xef, 0x92, 0x4b, 0x0f, 0x0a, 0x70, 0x12
.byte 0x30, 0x0a, 0x31, 0x3b, 0x7d, 0xe7, 0xff, 0xff, 0xff, 0xff, 0xff, 0xff, 0xff, 0xff, 0xff, 0xff
.byte 0x1d, 0xdf, 0x90, 0x22, 0x2f, 0x0a, 0x2f, 0x12, 0x2f, 0x12, 0xb5, 0x33, 0x3e, 0x76, 0x3e, 0x76
.byte 0x3e, 0x76, 0x3e, 0x76, 0x7f, 0x86, 0xd9, 0x54, 0x91, 0x12, 0x71, 0x12, 0x90, 0x1a, 0x91, 0x12
.byte 0x50, 0x12, 0x14, 0x5c, 0x1c, 0xdf, 0xff, 0xff, 0xff, 0xff, 0xff, 0xff, 0xff, 0xff, 0xff, 0xff
.byte 0xff, 0xff, 0xff, 0xff, 0xff, 0xff, 0xff, 0xff, 0xff, 0xff, 0xbf, 0xf7, 0x92, 0x4b, 0x0e, 0x0a
.byte 0x2f, 0x12, 0x0f, 0x0a, 0xf0, 0x32, 0x1d, 0xd7, 0xff, 0xff, 0xff, 0xff, 0xff, 0xff, 0xff, 0xff
.byte 0xff, 0xff, 0xff, 0xff, 0xff, 0xff, 0xff, 0xff, 0xff, 0xff, 0x9a, 0xf6, 0x6d, 0xeb, 0xeb, 0xf2
.byte 0x4b, 0xf3, 0x4c, 0xf3, 0x4c, 0xf3, 0x4c, 0xf3, 0x4b, 0xf3, 0x4b, 0xf3, 0x2b, 0xf3, 0xeb, 0xea
.byte 0xd3, 0xec, 0xbe, 0xff, 0xff, 0xff, 0xff, 0xff, 0xff, 0xff, 0xff, 0xff, 0xff, 0xff, 0xff, 0xff
.byte 0xff, 0xff, 0xff, 0xff, 0xdf, 0xff, 0xb5, 0xed, 0x0a, 0xe3, 0x2b, 0xeb, 0x2b, 0xeb, 0x2b, 0xf3
.byte 0x2b, 0xf3, 0x2b, 0xf3, 0x4b, 0xf3, 0x4b, 0xf3, 0x2b, 0xf3, 0x2b, 0xe3, 0xb6, 0xed, 0xff, 0xff
.byte 0xff, 0xff, 0xff, 0xff, 0xff, 0xff, 0xff, 0xff, 0xff, 0xff, 0xff, 0xff, 0xff, 0xff, 0xff, 0xff
.byte 0x9e, 0xef, 0x92, 0x4b, 0x0f, 0x0a, 0x70, 0x12, 0x30, 0x0a, 0x31, 0x3b, 0x7e, 0xe7, 0xff, 0xff
.byte 0xff, 0xff, 0xff, 0xff, 0xff, 0xff, 0xff, 0xff, 0x1d, 0xdf, 0x90, 0x22, 0x2f, 0x0a, 0x2f, 0x12
.byte 0x0f, 0x12, 0xb5, 0x33, 0x3e, 0x76, 0x3e, 0x76, 0x3e, 0x76, 0x3e, 0x7e, 0x7f, 0x86, 0xd9, 0x54
.byte 0x91, 0x12, 0x71, 0x12, 0x90, 0x12, 0x91, 0x12, 0x91, 0x1a, 0x50, 0x12, 0x72, 0x43, 0x9b, 0xc6
.byte 0xff, 0xff, 0xff, 0xff, 0xff, 0xff, 0xff, 0xff, 0xff, 0xff, 0xff, 0xff, 0xff, 0xff, 0xff, 0xff
.byte 0xff, 0xff, 0xbf, 0xf7, 0x92, 0x4b, 0x0e, 0x0a, 0x2f, 0x12, 0x0f, 0x0a, 0xf0, 0x32, 0x1d, 0xd7
.byte 0xff, 0xff, 0xff, 0xff, 0xff, 0xff, 0xff, 0xff, 0xff, 0xff, 0xff, 0xff, 0xff, 0xff, 0xff, 0xff
.byte 0xff, 0xff, 0x7a, 0xf6, 0x6d, 0xeb, 0xea, 0xf2, 0x4c, 0xf3, 0x4b, 0xf3, 0x4c, 0xf3, 0x4c, 0xf3
.byte 0x4c, 0xf3, 0x4b, 0xf3, 0x2b, 0xf3, 0xeb, 0xea, 0xf3, 0xec, 0xbe, 0xff, 0xff, 0xff, 0xff, 0xff
.byte 0xff, 0xff, 0xff, 0xff, 0xff, 0xff, 0xff, 0xff, 0xff, 0xff, 0xff, 0xff, 0xdf, 0xff, 0xb5, 0xed
.byte 0x0a, 0xe3, 0x2b, 0xeb, 0x2b, 0xeb, 0x2b, 0xf3, 0x2b, 0xf3, 0x2b, 0xf3, 0x2b, 0xf3, 0x2b, 0xf3
.byte 0x0b, 0xf3, 0x2b, 0xe3, 0xb6, 0xed, 0xff, 0xff, 0xff, 0xff, 0xff, 0xff, 0xff, 0xff, 0xff, 0xff
.byte 0xff, 0xff, 0xff, 0xff, 0xff, 0xff, 0xff, 0xff, 0x9e, 0xef, 0x92, 0x4b, 0x0f, 0x0a, 0x50, 0x12
.byte 0x2f, 0x0a, 0x11, 0x3b, 0x5d, 0xdf, 0xff, 0xff, 0xff, 0xff, 0xff, 0xff, 0xff, 0xff, 0xff, 0xff
.byte 0x1d, 0xdf, 0x8f, 0x22, 0x2f, 0x0a, 0x2f, 0x12, 0x2f, 0x12, 0xb5, 0x33, 0x3e, 0x7e, 0x3e, 0x76
.byte 0x3e, 0x76, 0x3e, 0x7e, 0x7f, 0x86, 0xd9, 0x54, 0x91, 0x12, 0x71, 0x12, 0x91, 0x12, 0x91, 0x12
.byte 0x91, 0x1a, 0x91, 0x1a, 0x50, 0x0a, 0x32, 0x3b, 0x3a, 0xbe, 0xff, 0xff, 0xff, 0xff, 0xff, 0xff
.byte 0xff, 0xff, 0xff, 0xff, 0xff, 0xff, 0xff, 0xff, 0xff, 0xff, 0xbe, 0xf7, 0x92, 0x4b, 0x0e, 0x0a
.byte 0x2f, 0x12, 0xef, 0x09, 0xd0, 0x32, 0xfc, 0xd6, 0xff, 0xff, 0xff, 0xff, 0xff, 0xff, 0xff, 0xff
.byte 0xff, 0xff, 0xff, 0xff, 0xff, 0xff, 0xff, 0xff, 0xff, 0xff, 0x79, 0xf6, 0x6d, 0xeb, 0xeb, 0xf2
.byte 0x4c, 0xf3, 0x4b, 0xf3, 0x4c, 0xf3, 0x4c, 0xf3, 0x4c, 0xf3, 0x4b, 0xf3, 0x2b, 0xf3, 0xeb, 0xea
.byte 0xf3, 0xec, 0xbe, 0xff, 0xff, 0xff, 0xff, 0xff, 0xff, 0xff, 0xff, 0xff, 0xff, 0xff, 0xff, 0xff
.byte 0xff, 0xff, 0xff, 0xff, 0xdf, 0xff, 0x95, 0xed, 0x0a, 0xe3, 0x2b, 0xeb, 0x2b, 0xf3, 0x2b, 0xf3
.byte 0x2b, 0xf3, 0x2b, 0xf3, 0x2b, 0xf3, 0x2b, 0xf3, 0xeb, 0xf2, 0x0b, 0xe3, 0x96, 0xed, 0xff, 0xff
.byte 0xff, 0xff, 0xff, 0xff, 0xff, 0xff, 0xff, 0xff, 0xff, 0xff, 0xff, 0xff, 0xff, 0xff, 0xff, 0xff
.byte 0xbe, 0xef, 0x92, 0x4b, 0x0f, 0x0a, 0x50, 0x12, 0x0f, 0x0a, 0x11, 0x3b, 0x5d, 0xdf, 0xff, 0xff
.byte 0xff, 0xff, 0xff, 0xff, 0xff, 0xff, 0xff, 0xff, 0x1d, 0xdf, 0x8f, 0x1a, 0x0f, 0x0a, 0x2f, 0x12
.byte 0x2f, 0x12, 0xb5, 0x33, 0x3e, 0x7e, 0x5e, 0x7e, 0x3e, 0x7e, 0x5e, 0x7e, 0x9f, 0x86, 0xd9, 0x54
.byte 0x91, 0x12, 0x71, 0x12, 0x91, 0x12, 0x91, 0x12, 0x91, 0x12, 0x91, 0x1a, 0x91, 0x1a, 0x50, 0x0a
.byte 0xf1, 0x2a, 0xd9, 0xa5, 0xff, 0xff, 0xff, 0xff, 0xff, 0xff, 0xff, 0xff, 0xff, 0xff, 0xff, 0xff
.byte 0xff, 0xff, 0xbe, 0xf7, 0x92, 0x4b, 0x0e, 0x0a, 0x2f, 0x12, 0xef, 0x09, 0xd0, 0x2a, 0xfc, 0xd6
.byte 0xff, 0xff, 0xff, 0xff, 0xff, 0xff, 0xff, 0xff, 0xff, 0xff, 0xff, 0xff, 0xff, 0xff, 0xff, 0xff
.byte 0xff, 0xff, 0x79, 0xf6, 0x6d, 0xeb, 0xea, 0xf2, 0x4b, 0xf3, 0x4b, 0xf3, 0x4b, 0xf3, 0x4c, 0xf3
.byte 0x4c, 0xf3, 0x4b, 0xf3, 0x4b, 0xf3, 0x0b, 0xeb, 0xf3, 0xec, 0xbe, 0xff, 0xff, 0xff, 0xff, 0xff
.byte 0xff, 0xff, 0xff, 0xff, 0xff, 0xff, 0xff, 0xff, 0xff, 0xff, 0xff, 0xff, 0xdf, 0xff, 0xb5, 0xed
.byte 0x0b, 0xe3, 0x2b, 0xeb, 0x2b, 0xf3, 0x2b, 0xf3, 0x2b, 0xf3, 0x0b, 0xf3, 0x0b, 0xf3, 0x0b, 0xf3
.byte 0xca, 0xf2, 0xeb, 0xe2, 0x75, 0xed, 0xff, 0xff, 0xff, 0xff, 0xff, 0xff, 0xff, 0xff, 0xff, 0xff
.byte 0xff, 0xff, 0xff, 0xff, 0xff, 0xff, 0xff, 0xff, 0xbe, 0xf7, 0x92, 0x4b, 0x0f, 0x0a, 0x50, 0x12
.byte 0x0f, 0x0a, 0x11, 0x3b, 0x5d, 0xdf, 0xff, 0xff, 0xff, 0xff, 0xff, 0xff, 0xff, 0xff, 0xff, 0xff
.byte 0x1d, 0xdf, 0x8f, 0x22, 0x0f, 0x0a, 0x2f, 0x12, 0x2f, 0x12, 0xb5, 0x3b, 0x5e, 0x7e, 0x5e, 0x7e
.byte 0x3e, 0x7e, 0x5e, 0x7e, 0x7f, 0x86, 0xd8, 0x54, 0x91, 0x12, 0x71, 0x12, 0x90, 0x12, 0x91, 0x12
.byte 0x50, 0x0a, 0x50, 0x12, 0x91, 0x1a, 0x91, 0x12, 0x50, 0x0a, 0xb1, 0x22, 0x78, 0x95, 0xdf, 0xf7
.byte 0xff, 0xff, 0xff, 0xff, 0xff, 0xff, 0xff, 0xff, 0xff, 0xff, 0xbe, 0xf7, 0x92, 0x4b, 0x0e, 0x0a
.byte 0x2f, 0x12, 0xef, 0x09, 0xd0, 0x32, 0xfc, 0xd6, 0xff, 0xff, 0xff, 0xff, 0xff, 0xff, 0xff, 0xff
.byte 0xff, 0xff, 0xff, 0xff, 0xff, 0xff, 0xff, 0xff, 0xff, 0xff, 0x79, 0xf6, 0x6d, 0xeb, 0xea, 0xf2
.byte 0x2b, 0xf3, 0x2b, 0xf3, 0x4b, 0xf3, 0x4b, 0xf3, 0x4b, 0xf3, 0x4b, 0xf3, 0x2b, 0xf3, 0xeb, 0xea
.byte 0xf3, 0xec, 0xbe, 0xff, 0xff, 0xff, 0xff, 0xff, 0xff, 0xff, 0xff, 0xff, 0xff, 0xff, 0xff, 0xff
.byte 0xff, 0xff, 0xff, 0xff, 0xdf, 0xff, 0xb6, 0xed, 0x0b, 0xe3, 0x2b, 0xf3, 0x2b, 0xf3, 0x2b, 0xf3
.byte 0x2b, 0xf3, 0x0b, 0xf3, 0x0b, 0xf3, 0xeb, 0xf2, 0xca, 0xf2, 0xca, 0xe2, 0x75, 0xed, 0xff, 0xff
.byte 0xff, 0xff, 0xff, 0xff, 0xff, 0xff, 0xff, 0xff, 0xff, 0xff, 0xff, 0xff, 0xff, 0xff, 0xff, 0xff
.byte 0xdf, 0xf7, 0x92, 0x4b, 0x0f, 0x0a, 0x50, 0x12, 0x0f, 0x0a, 0x11, 0x3b, 0x5d, 0xdf, 0xff, 0xff
.byte 0xff, 0xff, 0xff, 0xff, 0xff, 0xff, 0xff, 0xff, 0x1d, 0xdf, 0x90, 0x22, 0x2f, 0x0a, 0x50, 0x12
.byte 0x50, 0x12, 0xd5, 0x3b, 0x5e, 0x7e, 0x5e, 0x7e, 0x3e, 0x7e, 0x3e, 0x7e, 0x7f, 0x86, 0xb8, 0x54
.byte 0x71, 0x12, 0x70, 0x12, 0x70, 0x12, 0xb1, 0x1a, 0x52, 0x3b, 0x90, 0x1a, 0x30, 0x0a, 0x91, 0x1a
.byte 0x91, 0x1a, 0x50, 0x0a, 0x8f, 0x1a, 0x17, 0x85, 0x5d, 0xe7, 0xff, 0xff, 0xff, 0xff, 0xff, 0xff
.byte 0xff, 0xff, 0xbf, 0xf7, 0x93, 0x53, 0x0e, 0x0a, 0x2f, 0x12, 0x0f, 0x0a, 0xf1, 0x32, 0x1c, 0xd7
.byte 0xff, 0xff, 0xff, 0xff, 0xff, 0xff, 0xff, 0xff, 0xff, 0xff, 0xff, 0xff, 0xff, 0xff, 0xff, 0xff
.byte 0xff, 0xff, 0x79, 0xf6, 0x6d, 0xe3, 0xea, 0xf2, 0x4b, 0xf3, 0x2b, 0xf3, 0x4b, 0xf3, 0x4b, 0xf3
.byte 0x4b, 0xf3, 0x4b, 0xf3, 0x2b, 0xf3, 0xeb, 0xea, 0xf3, 0xec, 0xbe, 0xff, 0xff, 0xff, 0xff, 0xff
.byte 0xff, 0xff, 0xff, 0xff, 0xff, 0xff, 0xff, 0xff, 0xff, 0xff, 0xff, 0xff, 0xdf, 0xff, 0xb6, 0xed
.byte 0x0b, 0xe3, 0x2b, 0xeb, 0x2b, 0xf3, 0x2b, 0xf3, 0x2b, 0xf3, 0x2b, 0xf3, 0x0b, 0xf3, 0x0b, 0xf3
.byte 0xca, 0xf2, 0xcb, 0xe2, 0x75, 0xed, 0xff, 0xff, 0xff, 0xff, 0xff, 0xff, 0xff, 0xff, 0xff, 0xff
.byte 0xff, 0xff, 0xff, 0xff, 0xff, 0xff, 0xff, 0xff, 0x1c, 0xdf, 0x11, 0x33, 0x30, 0x0a, 0x70, 0x12
.byte 0x0f, 0x0a, 0x52, 0x43, 0xfc, 0xd6, 0xff, 0xff, 0xff, 0xff, 0xff, 0xff, 0xff, 0xff, 0xff, 0xff
.byte 0x3d, 0xdf, 0xb1, 0x22, 0x70, 0x12, 0x70, 0x12, 0x50, 0x12, 0xd5, 0x3b, 0x5e, 0x7e, 0x5e, 0x7e
.byte 0x3e, 0x76, 0x3e, 0x76, 0x7f, 0x86, 0xb8, 0x54, 0x70, 0x12, 0x50, 0x12, 0x50, 0x12, 0x70, 0x12
.byte 0x78, 0x8d, 0x78, 0x8d, 0x70, 0x1a, 0x0f, 0x0a, 0x70, 0x1a, 0x90, 0x1a, 0x2f, 0x0a, 0x0e, 0x0a
.byte 0x55, 0x6c, 0x3d, 0xdf, 0xff, 0xff, 0xff, 0xff, 0xff, 0xff, 0xbf, 0xf7, 0xd3, 0x5b, 0x2f, 0x0a
.byte 0x50, 0x12, 0x0f, 0x0a, 0xf1, 0x32, 0x1d, 0xd7, 0xff, 0xff, 0xff, 0xff, 0xff, 0xff, 0xff, 0xff
.byte 0xff, 0xff, 0xff, 0xff, 0xff, 0xff, 0xff, 0xff, 0xff, 0xff, 0x79, 0xf6, 0x6d, 0xeb, 0xea, 0xf2
.byte 0x4b, 0xf3, 0x4b, 0xf3, 0x4b, 0xf3, 0x4b, 0xf3, 0x4b, 0xf3, 0x4b, 0xf3, 0x2b, 0xf3, 0xeb, 0xea
.byte 0xf3, 0xec, 0xbe, 0xff, 0xff, 0xff, 0xff, 0xff, 0xff, 0xff, 0xff, 0xff, 0xff, 0xff, 0xff, 0xff
.byte 0xff, 0xff, 0xff, 0xff, 0xdf, 0xff, 0xb6, 0xed, 0x0b, 0xeb, 0x2b, 0xf3, 0x2b, 0xf3, 0x2b, 0xf3
.byte 0x2b, 0xf3, 0x2b, 0xf3, 0x2b, 0xf3, 0x2b, 0xf3, 0xeb, 0xf2, 0xeb, 0xe2, 0x95, 0xed, 0xff, 0xff
.byte 0xff, 0xff, 0xde, 0xff, 0xff, 0xff, 0xff, 0xff, 0xff, 0xff, 0xff, 0xff, 0xff, 0xff, 0xbe, 0xef
.byte 0x75, 0x74, 0x50, 0x12, 0x71, 0x12, 0x71, 0x12, 0xef, 0x09, 0x14, 0x64, 0x1c, 0xdf, 0xff, 0xff
.byte 0xff, 0xff, 0xff, 0xff, 0xff, 0xff, 0xff, 0xff, 0x3d, 0xdf, 0xf1, 0x2a, 0x91, 0x12, 0x91, 0x12
.byte 0x50, 0x12, 0xd5, 0x3b, 0x3e, 0x7e, 0x3e, 0x76, 0x3e, 0x76, 0x3e, 0x76, 0x5f, 0x7e, 0x98, 0x4c
.byte 0x50, 0x12, 0x4f, 0x12, 0x50, 0x12, 0x2f, 0x12, 0x78, 0x95, 0xbf, 0xf7, 0xb9, 0x9d, 0xb0, 0x22
.byte 0x0f, 0x0a, 0x70, 0x12, 0x70, 0x1a, 0x0f, 0x0a, 0xcd, 0x09, 0x55, 0x6c, 0x3d, 0xdf, 0xff, 0xff
.byte 0xff, 0xff, 0xbf, 0xf7, 0x14, 0x64, 0x50, 0x12, 0x91, 0x12, 0x30, 0x0a, 0x11, 0x33, 0x1d, 0xd7
.byte 0xff, 0xff, 0xff, 0xff, 0xff, 0xff, 0xff, 0xff, 0xff, 0xff, 0xff, 0xff, 0xff, 0xff, 0xff, 0xff
.byte 0xff, 0xff, 0x79, 0xf6, 0x6d, 0xeb, 0xea, 0xf2, 0x4b, 0xf3, 0x2b, 0xf3, 0x2b, 0xf3, 0x4b, 0xf3
.byte 0x4b, 0xf3, 0x2b, 0xf3, 0x2b, 0xf3, 0xeb, 0xea, 0xd3, 0xec, 0x9e, 0xff, 0xff, 0xff, 0xff, 0xff
.byte 0xff, 0xff, 0xff, 0xff, 0xff, 0xff, 0xff, 0xff, 0xff, 0xff, 0xff, 0xff, 0xdf, 0xff, 0xb6, 0xed
.byte 0x0b, 0xe3, 0x4b, 0xf3, 0x2b, 0xf3, 0x2b, 0xf3, 0x4b, 0xf3, 0x4c, 0xf3, 0x6b, 0xf3, 0x6c, 0xf3
.byte 0x2b, 0xfb, 0x4c, 0xeb, 0xf7, 0xf5, 0xff, 0xff, 0xff, 0xff, 0xff, 0xff, 0xff, 0xff, 0x9e, 0xef
.byte 0xdc, 0xce, 0x19, 0xae, 0x37, 0x8d, 0xd3, 0x53, 0x2f, 0x12, 0x50, 0x12, 0x91, 0x12, 0x71, 0x12
.byte 0x2f, 0x1a, 0xb9, 0xa5, 0x5c, 0xef, 0xff, 0xff, 0xff, 0xff, 0xff, 0xff, 0xff, 0xff, 0xff, 0xff
.byte 0x3d, 0xdf, 0xf1, 0x2a, 0x91, 0x12, 0x91, 0x12, 0x71, 0x12, 0xd6, 0x3b, 0x5e, 0x86, 0x5e, 0x7e
.byte 0x3e, 0x76, 0x3e, 0x76, 0x5f, 0x76, 0x98, 0x4c, 0x2f, 0x12, 0x2f, 0x12, 0x4f, 0x12, 0x2f, 0x12
.byte 0x78, 0x95, 0xdf, 0xff, 0xdf, 0xff, 0xb9, 0xa5, 0x11, 0x33, 0xee, 0x09, 0x2f, 0x12, 0x4f, 0x1a
.byte 0x0e, 0x0a, 0xcd, 0x09, 0x34, 0x64, 0x1d, 0xdf, 0xff, 0xff, 0xdf, 0xf7, 0x55, 0x6c, 0x71, 0x12
.byte 0x91, 0x12, 0x50, 0x0a, 0x12, 0x33, 0x1d, 0xdf, 0xff, 0xff, 0xff, 0xff, 0xff, 0xff, 0xff, 0xff
.byte 0xff, 0xff, 0xff, 0xff, 0xff, 0xff, 0xff, 0xff, 0xff, 0xff, 0x79, 0xf6, 0x6d, 0xeb, 0xea, 0xf2
.byte 0x4b, 0xf3, 0x2b, 0xf3, 0x4b, 0xf3, 0x4b, 0xf3, 0x2b, 0xf3, 0x2b, 0xf3, 0x0b, 0xf3, 0xca, 0xea
.byte 0xd3, 0xec, 0x9e, 0xff, 0xff, 0xff, 0xff, 0xff, 0xff, 0xff, 0xff, 0xff, 0xff, 0xff, 0xff, 0xff
.byte 0xff, 0xff, 0xff, 0xff, 0xdf, 0xff, 0xb6, 0xed, 0x2b, 0xeb, 0x4b, 0xf3, 0x2b, 0xf3, 0x2b, 0xf3
.byte 0x2b, 0xfb, 0x4b, 0xfb, 0x6b, 0xfb, 0x8c, 0xfb, 0x8c, 0xf3, 0xae, 0xdb, 0xd7, 0xdd, 0x1d, 0xd7
.byte 0x19, 0xae, 0x16, 0x8d, 0x34, 0x64, 0x51, 0x43, 0xaf, 0x2a, 0x2e, 0x1a, 0xee, 0x09, 0xed, 0x09
.byte 0x2f, 0x12, 0x4f, 0x12, 0x70, 0x12, 0x0f, 0x0a, 0x34, 0x64, 0x3c, 0xdf, 0xdf, 0xff, 0xff, 0xff
.byte 0xff, 0xff, 0xff, 0xff, 0xff, 0xff, 0xff, 0xff, 0x3d, 0xdf, 0xf1, 0x2a, 0x91, 0x12, 0x91, 0x12
.byte 0x70, 0x12, 0xf6, 0x3b, 0x5e, 0x86, 0x5e, 0x7e, 0x1e, 0x76, 0x1e, 0x76, 0x3f, 0x76, 0x78, 0x4c
.byte 0x4f, 0x12, 0x2f, 0x12, 0x4f, 0x12, 0x2f, 0x12, 0x99, 0x95, 0xdf, 0xf7, 0xff, 0xff, 0xff, 0xff
.byte 0xfa, 0xad, 0x11, 0x3b, 0xcd, 0x09, 0x2f, 0x12, 0x4f, 0x1a, 0x2f, 0x0a, 0xee, 0x09, 0x14, 0x5c
.byte 0x1d, 0xdf, 0xff, 0xff, 0x75, 0x74, 0x71, 0x12, 0x91, 0x12, 0x50, 0x0a, 0x12, 0x3b, 0x1d, 0xdf
.byte 0xff, 0xff, 0xff, 0xff, 0xff, 0xff, 0xff, 0xff, 0xff, 0xff, 0xff, 0xff, 0xff, 0xff, 0xff, 0xff
.byte 0xff, 0xff, 0x79, 0xf6, 0x6d, 0xeb, 0xea, 0xf2, 0x2b, 0xf3, 0x2b, 0xf3, 0x4b, 0xf3, 0x2b, 0xf3
.byte 0x2b, 0xf3, 0x2b, 0xf3, 0x2b, 0xf3, 0xca, 0xea, 0xb2, 0xec, 0x9e, 0xff, 0xff, 0xff, 0xff, 0xff
.byte 0xff, 0xff, 0xff, 0xff, 0xff, 0xff, 0xff, 0xff, 0xff, 0xff, 0xff, 0xff, 0xff, 0xff, 0xf6, 0xf5
.byte 0x6c, 0xf3, 0x8c, 0xfb, 0x6c, 0xfb, 0x6c, 0xfb, 0x6c, 0xeb, 0x6d, 0xdb, 0x4d, 0xc3, 0x2d, 0xa3
.byte 0x0e, 0x83, 0xef, 0x5a, 0x11, 0x43, 0xf1, 0x32, 0x70, 0x1a, 0x0f, 0x12, 0xee, 0x09, 0xee, 0x09
.byte 0xee, 0x09, 0x0e, 0x0a, 0x2f, 0x0a, 0x4f, 0x12, 0x2f, 0x12, 0x0e, 0x0a, 0xad, 0x01, 0x51, 0x4b
.byte 0x3d, 0xdf, 0x7d, 0xef, 0xff, 0xff, 0xff, 0xff, 0xff, 0xff, 0xff, 0xff, 0xff, 0xff, 0xff, 0xff
.byte 0x3d, 0xdf, 0xf1, 0x2a, 0x91, 0x12, 0x91, 0x12, 0x70, 0x12, 0xf5, 0x3b, 0x5e, 0x86, 0x3e, 0x7e
.byte 0x1e, 0x76, 0x1e, 0x76, 0x5f, 0x76, 0x98, 0x4c, 0x4f, 0x12, 0x2f, 0x12, 0x2f, 0x12, 0x0f, 0x0a
.byte 0x78, 0x8d, 0xbf, 0xf7, 0xff, 0xff, 0xff, 0xff, 0xff, 0xff, 0x3a, 0xb6, 0x52, 0x43, 0xce, 0x09
.byte 0x2f, 0x12, 0x70, 0x1a, 0x70, 0x12, 0x30, 0x0a, 0xb3, 0x53, 0xbb, 0xc6, 0x75, 0x6c, 0x50, 0x12
.byte 0x91, 0x12, 0x50, 0x0a, 0x32, 0x33, 0x1d, 0xdf, 0xff, 0xff, 0xff, 0xff, 0xff, 0xff, 0xff, 0xff
.byte 0xff, 0xff, 0xff, 0xff, 0xff, 0xff, 0xff, 0xff, 0xff, 0xff, 0x79, 0xf6, 0x6d, 0xeb, 0xea, 0xf2
.byte 0x2b, 0xf3, 0x2b, 0xf3, 0x2b, 0xf3, 0x2b, 0xf3, 0x2b, 0xf3, 0x2b, 0xf3, 0x2b, 0xf3, 0xea, 0xea
.byte 0xb2, 0xe4, 0x9e, 0xff, 0xff, 0xff, 0xff, 0xff, 0xff, 0xff, 0xff, 0xff, 0xff, 0xff, 0xff, 0xff
.byte 0xff, 0xff, 0xff, 0xff, 0xdf, 0xff, 0x17, 0xe6, 0x6d, 0xcb, 0x6e, 0xc3, 0x4f, 0xa3, 0x0f, 0x83
.byte 0xcf, 0x62, 0x8e, 0x42, 0x4e, 0x2a, 0x4f, 0x1a, 0x50, 0x12, 0x50, 0x0a, 0x50, 0x0a, 0x30, 0x0a
.byte 0x30, 0x0a, 0x50, 0x12, 0x50, 0x12, 0x50, 0x12, 0x50, 0x12, 0x2f, 0x0a, 0x2f, 0x0a, 0xee, 0x09
.byte 0xcd, 0x09, 0xed, 0x11, 0xf3, 0x5b, 0x7e, 0xe7, 0xff, 0xff, 0xff, 0xff, 0xff, 0xff, 0xff, 0xff
.byte 0xff, 0xff, 0xff, 0xff, 0xff, 0xff, 0xff, 0xff, 0x3d, 0xdf, 0xd1, 0x2a, 0x91, 0x12, 0x91, 0x12
.byte 0x70, 0x12, 0xf5, 0x3b, 0x5e, 0x86, 0x5e, 0x7e, 0x3e, 0x76, 0x3e, 0x76, 0x5f, 0x76, 0x98, 0x4c
.byte 0x4f, 0x12, 0x2f, 0x12, 0x2f, 0x12, 0x0e, 0x0a, 0x58, 0x8d, 0xbf, 0xf7, 0xff, 0xff, 0xff, 0xff
.byte 0xff, 0xff, 0xff, 0xff, 0x7b, 0xc6, 0xd4, 0x53, 0x2f, 0x12, 0x51, 0x12, 0x91, 0x1a, 0x91, 0x12
.byte 0x51, 0x0a, 0x93, 0x43, 0x94, 0x43, 0x71, 0x12, 0x91, 0x12, 0x50, 0x0a, 0x11, 0x33, 0x1d, 0xd7
.byte 0xff, 0xff, 0xff, 0xff, 0xff, 0xff, 0xff, 0xff, 0xff, 0xff, 0xff, 0xff, 0xff, 0xff, 0xff, 0xff
.byte 0xff, 0xff, 0x79, 0xf6, 0x6c, 0xe3, 0xca, 0xf2, 0x0b, 0xf3, 0x0b, 0xf3, 0x0b, 0xf3, 0x2b, 0xf3
.byte 0x2b, 0xf3, 0x2b, 0xfb, 0x2b, 0xfb, 0xea, 0xf2, 0xf3, 0xf4, 0xdf, 0xff, 0xff, 0xff, 0xff, 0xff
.byte 0xff, 0xff, 0xdf, 0xff, 0x9e, 0xf7, 0x5d, 0xdf, 0xbb, 0xc6, 0xb9, 0xa5, 0xd6, 0x7c, 0x72, 0x53
.byte 0x8f, 0x3a, 0x90, 0x2a, 0x70, 0x1a, 0x71, 0x12, 0x71, 0x0a, 0x70, 0x0a, 0x50, 0x0a, 0x50, 0x12
.byte 0x70, 0x12, 0x50, 0x12, 0x70, 0x12, 0x50, 0x12, 0x50, 0x0a, 0x30, 0x0a, 0x30, 0x0a, 0x0f, 0x0a
.byte 0x0f, 0x0a, 0x2f, 0x12, 0x4f, 0x1a, 0xd0, 0x32, 0x34, 0x6c, 0x3a, 0xb6, 0xbe, 0xf7, 0xff, 0xff
.byte 0xff, 0xff, 0xff, 0xff, 0xff, 0xff, 0xff, 0xff, 0xff, 0xff, 0xff, 0xff, 0xff, 0xff, 0xff, 0xff
.byte 0x3d, 0xdf, 0xd1, 0x22, 0x91, 0x12, 0x91, 0x12, 0x70, 0x12, 0xd5, 0x3b, 0x5e, 0x7e, 0x3e, 0x7e
.byte 0x3e, 0x76, 0x3e, 0x76, 0x5f, 0x76, 0x98, 0x4c, 0x4f, 0x12, 0x2f, 0x12, 0x2f, 0x12, 0xee, 0x09
.byte 0x58, 0x8d, 0xbf, 0xf7, 0xff, 0xff, 0xff, 0xff, 0xff, 0xff, 0xff, 0xff, 0xff, 0xff, 0xfc, 0xd6
.byte 0x35, 0x64, 0x70, 0x12, 0x71, 0x12, 0xb2, 0x12, 0x91, 0x12, 0x71, 0x0a, 0x71, 0x12, 0x71, 0x12
.byte 0x70, 0x12, 0x0f, 0x0a, 0xf1, 0x32, 0x1c, 0xd7, 0xff, 0xff, 0xff, 0xff, 0xff, 0xff, 0xff, 0xff
.byte 0xff, 0xff, 0xff, 0xff, 0xff, 0xff, 0xff, 0xff, 0xff, 0xff, 0x79, 0xf6, 0x4c, 0xe3, 0xca, 0xf2
.byte 0x0b, 0xf3, 0xeb, 0xf2, 0x0b, 0xfb, 0x0b, 0xfb, 0x2b, 0xfb, 0x2b, 0xfb, 0x4b, 0xfb, 0x0b, 0xf3
.byte 0xd3, 0xec, 0x3d, 0xef, 0x3d, 0xdf, 0x7a, 0xbe, 0x78, 0x9d, 0x95, 0x74, 0xb2, 0x53, 0xf0, 0x3a
.byte 0x6f, 0x22, 0x0e, 0x12, 0xee, 0x09, 0x2f, 0x0a, 0x70, 0x12, 0x71, 0x12, 0x91, 0x12, 0x91, 0x12
.byte 0x91, 0x12, 0x91, 0x12, 0x71, 0x12, 0x50, 0x0a, 0x30, 0x02, 0x10, 0x02, 0x0f, 0x0a, 0x0f, 0x0a
.byte 0x2f, 0x0a, 0x90, 0x1a, 0x11, 0x33, 0x14, 0x5c, 0x17, 0x85, 0x1a, 0xae, 0xfc, 0xce, 0xdf, 0xef
.byte 0xff, 0xff, 0xff, 0xff, 0xff, 0xff, 0xff, 0xff, 0xff, 0xff, 0xff, 0xff, 0xff, 0xff, 0xff, 0xff
.byte 0xff, 0xff, 0xff, 0xff, 0xff, 0xff, 0xff, 0xff, 0x3d, 0xdf, 0xf1, 0x2a, 0x91, 0x12, 0x91, 0x12
.byte 0x50, 0x0a, 0xd5, 0x3b, 0x5e, 0x7e, 0x5e, 0x76, 0x3e, 0x76, 0x3e, 0x76, 0x5f, 0x76, 0x98, 0x4c
.byte 0x4f, 0x12, 0x2f, 0x12, 0x2e, 0x12, 0x0e, 0x0a, 0x79, 0x8d, 0xdf, 0xf7, 0xff, 0xff, 0xff, 0xff
.byte 0xff, 0xff, 0xff, 0xff, 0xff, 0xff, 0xff, 0xff, 0x1d, 0xdf, 0xb6, 0x74, 0x71, 0x1a, 0x50, 0x0a
.byte 0x91, 0x1a, 0x70, 0x12, 0x50, 0x12, 0x50, 0x12, 0x50, 0x12, 0x0f, 0x02, 0xd0, 0x2a, 0xfc, 0xd6
.byte 0xff, 0xff, 0xff, 0xff, 0xff, 0xff, 0xff, 0xff, 0xff, 0xff, 0xff, 0xff, 0xff, 0xff, 0xff, 0xff
.byte 0xff, 0xff, 0x99, 0xf6, 0x8d, 0xf3, 0x0b, 0xfb, 0x4c, 0xfb, 0x4c, 0xfb, 0x4c, 0xf3, 0x2c, 0xeb
.byte 0x0c, 0xdb, 0x0c, 0xc3, 0xed, 0xaa, 0xee, 0x8a, 0x51, 0x73, 0x92, 0x53, 0xd0, 0x32, 0x2e, 0x1a
.byte 0xcd, 0x09, 0xad, 0x01, 0xcd, 0x01, 0xee, 0x09, 0x2f, 0x12, 0x4f, 0x12, 0x70, 0x12, 0x70, 0x12
.byte 0x70, 0x12, 0x50, 0x12, 0x2f, 0x12, 0x2f, 0x0a, 0x2f, 0x0a, 0x2f, 0x0a, 0x50, 0x0a, 0x90, 0x1a
.byte 0xd1, 0x22, 0x72, 0x43, 0x55, 0x6c, 0x17, 0x85, 0xfa, 0xa5, 0xbc, 0xc6, 0xbb, 0xce, 0xbe, 0xf7
.byte 0xff, 0xff, 0xff, 0xff, 0xff, 0xff, 0xff, 0xff, 0xff, 0xff, 0xff, 0xff, 0xff, 0xff, 0xff, 0xff
.byte 0xff, 0xff, 0xff, 0xff, 0xff, 0xff, 0xff, 0xff, 0xff, 0xff, 0xff, 0xff, 0xff, 0xff, 0xff, 0xff
.byte 0x3d, 0xdf, 0xd0, 0x2a, 0x50, 0x12, 0x70, 0x12, 0x2f, 0x0a, 0xb5, 0x33, 0x3e, 0x7e, 0x3e, 0x76
.byte 0x3e, 0x76, 0x3e, 0x76, 0x5f, 0x76, 0x98, 0x4c, 0x50, 0x12, 0x4f, 0x12, 0x2f, 0x12, 0x2f, 0x0a
.byte 0xfa, 0x9d, 0xff, 0xff, 0xff, 0xff, 0xff, 0xff, 0xff, 0xff, 0xff, 0xff, 0xff, 0xff, 0xff, 0xff
.byte 0xff, 0xff, 0x9e, 0xef, 0xd6, 0x7c, 0x4f, 0x1a, 0x0f, 0x0a, 0x70, 0x12, 0x50, 0x12, 0x50, 0x12
.byte 0x50, 0x12, 0x0f, 0x02, 0xf1, 0x32, 0x3d, 0xd7, 0xff, 0xff, 0xfe, 0xff, 0xff, 0xff, 0xfe, 0xff
.byte 0xff, 0xff, 0xff, 0xff, 0xff, 0xff, 0xff, 0xff, 0xff, 0xff, 0xdb, 0xf6, 0xef, 0xdb, 0x4d, 0xd3
.byte 0x8f, 0xc3, 0x4f, 0xa3, 0x0f, 0x83, 0xce, 0x62, 0x8e, 0x4a, 0x4e, 0x32, 0x2e, 0x1a, 0x2f, 0x12
.byte 0xef, 0x09, 0xce, 0x01, 0xee, 0x09, 0x0f, 0x0a, 0x50, 0x12, 0x50, 0x12, 0x50, 0x12, 0x50, 0x12
.byte 0x4f, 0x12, 0x2f, 0x0a, 0xee, 0x09, 0xce, 0x01, 0xee, 0x01, 0x0e, 0x0a, 0x4f, 0x1a, 0xb0, 0x2a
.byte 0x31, 0x3b, 0x55, 0x64, 0x99, 0x95, 0x7b, 0xbe, 0x3d, 0xd7, 0x3d, 0xdf, 0xdf, 0xf7, 0xff, 0xff
.byte 0xff, 0xff, 0xff, 0xff, 0xff, 0xff, 0xff, 0xff, 0xff, 0xff, 0xff, 0xff, 0xff, 0xff, 0xff, 0xff
.byte 0xff, 0xff, 0xff, 0xff, 0xff, 0xff, 0xff, 0xff, 0xff, 0xff, 0xff, 0xff, 0xff, 0xff, 0xff, 0xff
.byte 0xff, 0xff, 0xff, 0xff, 0xff, 0xff, 0xff, 0xff, 0x1d, 0xdf, 0x8f, 0x22, 0x2f, 0x0a, 0x4f, 0x12
.byte 0x2f, 0x0a, 0xb5, 0x33, 0x3e, 0x76, 0x3e, 0x76, 0x3e, 0x76, 0x3e, 0x76, 0x5f, 0x7e, 0xb8, 0x4c
.byte 0x70, 0x12, 0x50, 0x12, 0x50, 0x12, 0x2f, 0x12, 0x3a, 0xae, 0xff, 0xff, 0xff, 0xff, 0xff, 0xff
.byte 0xff, 0xff, 0xff, 0xff, 0xff, 0xff, 0xff, 0xff, 0xff, 0xff, 0xff, 0xff, 0x7e, 0xe7, 0xf7, 0x84
.byte 0x4f, 0x1a, 0xee, 0x09, 0x4f, 0x12, 0x4f, 0x12, 0x70, 0x12, 0x2f, 0x0a, 0xb0, 0x22, 0x9b, 0xbe
.byte 0xff, 0xff, 0xff, 0xff, 0xff, 0xff, 0xff, 0xff, 0xff, 0xff, 0x9e, 0xef, 0x1c, 0xd7, 0x7b, 0xbe
.byte 0xd9, 0xa5, 0x95, 0x7c, 0x11, 0x5b, 0xb0, 0x42, 0xb0, 0x2a, 0x90, 0x1a, 0x70, 0x12, 0x50, 0x0a
.byte 0x50, 0x0a, 0x50, 0x0a, 0x50, 0x0a, 0x50, 0x12, 0x70, 0x12, 0x70, 0x1a, 0x70, 0x12, 0x50, 0x12
.byte 0x2f, 0x0a, 0xef, 0x01, 0xce, 0x01, 0xce, 0x01, 0x0e, 0x0a, 0x4f, 0x1a, 0x90, 0x2a, 0x10, 0x3b
.byte 0xb2, 0x53, 0xd6, 0x84, 0xf9, 0xa5, 0x9b, 0xc6, 0x5e, 0xe7, 0x7d, 0xe7, 0xff, 0xff, 0xff, 0xff
.byte 0xff, 0xff, 0xff, 0xff, 0xff, 0xff, 0xff, 0xff, 0xff, 0xff, 0xff, 0xff, 0xff, 0xff, 0xff, 0xff
.byte 0xff, 0xff, 0xff, 0xff, 0xff, 0xff, 0xff, 0xff, 0xff, 0xff, 0xff, 0xff, 0xff, 0xff, 0xff, 0xff
.byte 0xff, 0xff, 0xff, 0xff, 0xff, 0xff, 0xff, 0xff, 0xff, 0xff, 0xff, 0xff, 0xff, 0xff, 0xff, 0xff
.byte 0x1d, 0xdf, 0x8f, 0x22, 0x2f, 0x0a, 0x2f, 0x12, 0x0f, 0x0a, 0x95, 0x33, 0x3e, 0x76, 0x3e, 0x76
.byte 0x1e, 0x76, 0x3e, 0x76, 0x7f, 0x7e, 0xb8, 0x54, 0x70, 0x12, 0x70, 0x12, 0x71, 0x12, 0x50, 0x12
.byte 0x3a, 0xae, 0xff, 0xff, 0xff, 0xff, 0xff, 0xff, 0xff, 0xff, 0xff, 0xff, 0xff, 0xff, 0xff, 0xff
.byte 0xff, 0xff, 0xff, 0xff, 0xff, 0xff, 0x9e, 0xef, 0x37, 0x8d, 0x6f, 0x1a, 0xee, 0x09, 0x70, 0x12
.byte 0x70, 0x12, 0x50, 0x12, 0x2f, 0x12, 0xb2, 0x4b, 0x5a, 0xbe, 0xfc, 0xd6, 0x5b, 0xbe, 0x98, 0x9d
.byte 0x95, 0x74, 0xd3, 0x53, 0x31, 0x3b, 0xb0, 0x22, 0x2f, 0x12, 0x0f, 0x0a, 0x50, 0x0a, 0x71, 0x0a
.byte 0x71, 0x0a, 0x71, 0x0a, 0x91, 0x12, 0x91, 0x12, 0x91, 0x1a, 0x70, 0x1a, 0x70, 0x12, 0x50, 0x12
.byte 0x0f, 0x0a, 0xce, 0x01, 0xce, 0x01, 0xce, 0x09, 0x0e, 0x12, 0x8f, 0x22, 0x32, 0x43, 0x34, 0x64
.byte 0x38, 0x8d, 0xf9, 0xad, 0x9b, 0xce, 0x3d, 0xdf, 0xfb, 0xde, 0x9d, 0xef, 0xff, 0xff, 0xff, 0xff
.byte 0xff, 0xff, 0xdf, 0xff, 0xff, 0xff, 0xff, 0xff, 0xff, 0xff, 0xff, 0xff, 0xff, 0xff, 0xff, 0xff
.byte 0xff, 0xff, 0xff, 0xff, 0xff, 0xff, 0xff, 0xff, 0xff, 0xff, 0xff, 0xff, 0xff, 0xff, 0xff, 0xff
.byte 0xff, 0xff, 0xff, 0xff, 0xff, 0xff, 0xff, 0xff, 0xff, 0xff, 0xff, 0xff, 0xff, 0xff, 0xff, 0xff
.byte 0xff, 0xff, 0xff, 0xff, 0xff, 0xff, 0xff, 0xff, 0x1d, 0xdf, 0x8f, 0x1a, 0x0f, 0x0a, 0x2f, 0x12
.byte 0x0e, 0x0a, 0x94, 0x33, 0x3e, 0x76, 0x3e, 0x76, 0x1e, 0x76, 0x3e, 0x76, 0x7f, 0x7e, 0xb8, 0x54
.byte 0x91, 0x1a, 0x91, 0x12, 0x91, 0x12, 0x70, 0x12, 0x3b, 0xae, 0xff, 0xff, 0xff, 0xff, 0xff, 0xff
.byte 0xff, 0xff, 0xff, 0xff, 0xff, 0xff, 0xff, 0xff, 0xff, 0xff, 0xff, 0xff, 0xff, 0xff, 0xff, 0xff
.byte 0xbf, 0xf7, 0x58, 0x95, 0x90, 0x22, 0x0f, 0x0a, 0x70, 0x12, 0x6f, 0x12, 0x4f, 0x12, 0x0e, 0x0a
.byte 0x90, 0x22, 0x11, 0x33, 0xb0, 0x22, 0x2f, 0x12, 0xee, 0x01, 0xce, 0x01, 0xce, 0x01, 0x0f, 0x02
.byte 0x2f, 0x0a, 0x70, 0x12, 0x70, 0x12, 0x71, 0x12, 0x91, 0x12, 0x91, 0x12, 0x71, 0x0a, 0x30, 0x0a
.byte 0x30, 0x02, 0x0f, 0x02, 0x0e, 0x0a, 0x4f, 0x1a, 0xd0, 0x2a, 0x92, 0x4b, 0x75, 0x6c, 0x57, 0x95
.byte 0x5a, 0xb6, 0x1d, 0xd7, 0x9f, 0xef, 0x9e, 0xef, 0xdf, 0xff, 0xff, 0xff, 0xff, 0xff, 0xff, 0xff
.byte 0xdf, 0xff, 0xff, 0xff, 0xff, 0xff, 0xff, 0xff, 0xff, 0xff, 0xff, 0xff, 0xff, 0xff, 0xff, 0xff
.byte 0xff, 0xff, 0xff, 0xff, 0xff, 0xff, 0xff, 0xff, 0xff, 0xff, 0xff, 0xff, 0xff, 0xff, 0xff, 0xff
.byte 0xff, 0xff, 0xff, 0xff, 0xff, 0xff, 0xff, 0xff, 0xff, 0xff, 0xff, 0xff, 0xff, 0xff, 0xff, 0xff
.byte 0xff, 0xff, 0xff, 0xff, 0xff, 0xff, 0xff, 0xff, 0xff, 0xff, 0xff, 0xff, 0xff, 0xff, 0xff, 0xff
.byte 0x3d, 0xdf, 0x90, 0x22, 0x2f, 0x0a, 0x2f, 0x12, 0x0e, 0x0a, 0x94, 0x33, 0x1e, 0x76, 0x3e, 0x76
.byte 0x3e, 0x76, 0x3e, 0x76, 0x7f, 0x86, 0xd8, 0x54, 0x91, 0x12, 0x91, 0x12, 0x91, 0x12, 0x70, 0x12
.byte 0x3b, 0xae, 0xff, 0xff, 0xff, 0xff, 0xff, 0xff, 0xff, 0xff, 0xff, 0xff, 0xff, 0xff, 0xff, 0xff
.byte 0xff, 0xff, 0xff, 0xff, 0xff, 0xff, 0xff, 0xff, 0xff, 0xff, 0xdf, 0xf7, 0x98, 0x9d, 0xb0, 0x2a
.byte 0xee, 0x09, 0x4f, 0x12, 0x70, 0x12, 0x50, 0x12, 0x0f, 0x0a, 0x0f, 0x0a, 0x2f, 0x0a, 0x4f, 0x0a
.byte 0x70, 0x12, 0x70, 0x12, 0x70, 0x12, 0x50, 0x12, 0x50, 0x12, 0x4f, 0x12, 0x2f, 0x0a, 0x0f, 0x0a
.byte 0x0f, 0x02, 0x2f, 0x0a, 0x91, 0x1a, 0x32, 0x33, 0xb4, 0x4b, 0x55, 0x6c, 0x58, 0x95, 0x7b, 0xbe
.byte 0x1d, 0xdf, 0x9e, 0xef, 0xff, 0xff, 0xff, 0xff, 0xff, 0xff, 0xff, 0xff, 0xff, 0xff, 0xff, 0xff
.byte 0xff, 0xff, 0xff, 0xff, 0xff, 0xff, 0xff, 0xff, 0xff, 0xff, 0xff, 0xff, 0xff, 0xff, 0xff, 0xff
.byte 0xff, 0xff, 0xff, 0xff, 0xff, 0xff, 0xff, 0xff, 0xff, 0xff, 0xff, 0xff, 0xff, 0xff, 0xff, 0xff
.byte 0xff, 0xff, 0xff, 0xff, 0xff, 0xff, 0xff, 0xff, 0xff, 0xff, 0xff, 0xff, 0xff, 0xff, 0xff, 0xff
.byte 0xff, 0xff, 0xff, 0xff, 0xff, 0xff, 0xff, 0xff, 0xff, 0xff, 0xff, 0xff, 0xff, 0xff, 0xff, 0xff
.byte 0xff, 0xff, 0xff, 0xff, 0xff, 0xff, 0xff, 0xff, 0x1d, 0xdf, 0x90, 0x22, 0x2f, 0x0a, 0x2f, 0x12
.byte 0x0e, 0x0a, 0x95, 0x33, 0x3e, 0x76, 0x3e, 0x76, 0x3e, 0x76, 0x5e, 0x7e, 0x7f, 0x86, 0xd9, 0x54
.byte 0x91, 0x12, 0x71, 0x12, 0x71, 0x12, 0x70, 0x12, 0x3b, 0xae, 0xff, 0xff, 0xff, 0xff, 0xff, 0xff
.byte 0xff, 0xff, 0xff, 0xff, 0xff, 0xff, 0xff, 0xff, 0xff, 0xff, 0xff, 0xff, 0xff, 0xff, 0xff, 0xff
.byte 0xff, 0xff, 0xff, 0xff, 0xdf, 0xf7, 0xb9, 0x9d, 0x11, 0x3b, 0xce, 0x09, 0x0f, 0x0a, 0x2f, 0x12
.byte 0x4f, 0x12, 0x50, 0x12, 0x50, 0x12, 0x50, 0x12, 0x30, 0x0a, 0x2f, 0x0a, 0xee, 0x09, 0xce, 0x01
.byte 0x0f, 0x0a, 0x70, 0x22, 0x11, 0x3b, 0xb3, 0x53, 0x76, 0x74, 0x58, 0x95, 0x3a, 0xb6, 0xbb, 0xce
.byte 0x1c, 0xdf, 0x5d, 0xe7, 0xdf, 0xff, 0xff, 0xff, 0xff, 0xff, 0xff, 0xff, 0xff, 0xff, 0xff, 0xff
.byte 0xff, 0xff, 0xff, 0xff, 0xff, 0xff, 0xff, 0xff, 0xff, 0xff, 0xff, 0xff, 0xff, 0xff, 0xff, 0xff
.byte 0xff, 0xff, 0xff, 0xff, 0xff, 0xff, 0xff, 0xff, 0xff, 0xff, 0xff, 0xff, 0xff, 0xff, 0xff, 0xff
.byte 0xff, 0xff, 0xff, 0xff, 0xff, 0xff, 0xff, 0xff, 0xff, 0xff, 0xff, 0xff, 0xff, 0xff, 0xff, 0xff
.byte 0xff, 0xff, 0xff, 0xff, 0xff, 0xff, 0xff, 0xff, 0xff, 0xff, 0xff, 0xff, 0xff, 0xff, 0xff, 0xff
.byte 0xff, 0xff, 0xff, 0xff, 0xff, 0xff, 0xff, 0xff, 0xff, 0xff, 0xff, 0xff, 0xff, 0xff, 0xff, 0xff
.byte 0x1d, 0xdf, 0x8f, 0x22, 0x2f, 0x0a, 0x2f, 0x12, 0x0f, 0x0a, 0xb5, 0x33, 0x3e, 0x76, 0x5e, 0x76
.byte 0x3e, 0x76, 0x3e, 0x7e, 0x7f, 0x86, 0xb8, 0x54, 0x91, 0x12, 0x70, 0x12, 0x70, 0x12, 0x50, 0x12
.byte 0x3b, 0xae, 0xff, 0xff, 0xff, 0xff, 0xff, 0xff, 0xff, 0xff, 0xff, 0xff, 0xff, 0xff, 0xff, 0xff
.byte 0xff, 0xff, 0xff, 0xff, 0xff, 0xff, 0xff, 0xff, 0xff, 0xff, 0xff, 0xff, 0xff, 0xff, 0xff, 0xff
.byte 0x5b, 0xb6, 0x14, 0x64, 0xb0, 0x2a, 0x0e, 0x12, 0xee, 0x09, 0xee, 0x09, 0xee, 0x09, 0x0e, 0x12
.byte 0x6f, 0x22, 0x32, 0x43, 0x34, 0x64, 0x17, 0x85, 0xb9, 0xa5, 0xf9, 0xad, 0x9b, 0xc6, 0xfc, 0xd6
.byte 0x3c, 0xe7, 0x7d, 0xef, 0x9d, 0xf7, 0xff, 0xff, 0xff, 0xff, 0xff, 0xff, 0xff, 0xff, 0xff, 0xff
.byte 0xff, 0xff, 0xff, 0xff, 0xff, 0xff, 0xff, 0xff, 0xff, 0xff, 0xff, 0xff, 0xff, 0xff, 0xff, 0xff
.byte 0xff, 0xff, 0xff, 0xff, 0xff, 0xff, 0xff, 0xff, 0xff, 0xff, 0xff, 0xff, 0xff, 0xff, 0xff, 0xff
.byte 0xff, 0xff, 0xff, 0xff, 0xff, 0xff, 0xff, 0xff, 0xff, 0xff, 0xff, 0xff, 0xff, 0xff, 0xff, 0xff
.byte 0xff, 0xff, 0xff, 0xff, 0xff, 0xff, 0xff, 0xff, 0xff, 0xff, 0xff, 0xff, 0xff, 0xff, 0xff, 0xff
.byte 0xff, 0xff, 0xff, 0xff, 0xff, 0xff, 0xff, 0xff, 0xff, 0xff, 0xff, 0xff, 0xff, 0xff, 0xff, 0xff
.byte 0xff, 0xff, 0xff, 0xff, 0xff, 0xff, 0xff, 0xff, 0x1d, 0xdf, 0x90, 0x22, 0x2f, 0x0a, 0x4f, 0x12
.byte 0x2f, 0x0a, 0xb5, 0x33, 0x3e, 0x7e, 0x5e, 0x7e, 0x3e, 0x7e, 0x3e, 0x7e, 0x7f, 0x7e, 0xb8, 0x54
.byte 0x70, 0x12, 0x50, 0x12, 0x70, 0x12, 0x4f, 0x12, 0x3b, 0xae, 0xff, 0xff, 0xff, 0xff, 0xff, 0xff
.byte 0xff, 0xff, 0xff, 0xff, 0xff, 0xff, 0xff, 0xff, 0xff, 0xff, 0xff, 0xff, 0xff, 0xff, 0xff, 0xff
.byte 0xff, 0xff, 0xff, 0xff, 0xff, 0xff, 0xff, 0xff, 0xff, 0xff, 0x5d, 0xe7, 0x7b, 0xbe, 0x78, 0x9d
.byte 0x17, 0x8d, 0xf7, 0x8c, 0x78, 0x9d, 0x1a, 0xb6, 0xdc, 0xce, 0x5d, 0xe7, 0xdf, 0xf7, 0xff, 0xff
.byte 0xde, 0xff, 0xbe, 0xf7, 0xff, 0xff, 0xff, 0xff, 0xff, 0xff, 0xff, 0xff, 0xff, 0xff, 0xff, 0xff
.byte 0xff, 0xff, 0xff, 0xff, 0xff, 0xff, 0xff, 0xff, 0xff, 0xff, 0xff, 0xff, 0xff, 0xff, 0xff, 0xff
.byte 0xff, 0xff, 0xff, 0xff, 0xff, 0xff, 0xff, 0xff, 0xff, 0xff, 0xff, 0xff, 0xff, 0xff, 0xff, 0xff
.byte 0xff, 0xff, 0xff, 0xff, 0xff, 0xff, 0xff, 0xff, 0xff, 0xff, 0xff, 0xff, 0xff, 0xff, 0xff, 0xff
.byte 0xff, 0xff, 0xff, 0xff, 0xff, 0xff, 0xff, 0xff, 0xff, 0xff, 0xff, 0xff, 0xff, 0xff, 0xff, 0xff
.byte 0xff, 0xff, 0xff, 0xff, 0xff, 0xff, 0xff, 0xff, 0xff, 0xff, 0xff, 0xff, 0xff, 0xff, 0xff, 0xff
.byte 0xff, 0xff, 0xff, 0xff, 0xff, 0xff, 0xff, 0xff, 0xff, 0xff, 0xff, 0xff, 0xff, 0xff, 0xff, 0xff
.byte 0x3d, 0xdf, 0xb0, 0x2a, 0x50, 0x12, 0x70, 0x12, 0x50, 0x12, 0xd5, 0x3b, 0x3e, 0x7e, 0x3e, 0x7e
.byte 0x3e, 0x76, 0x3e, 0x76, 0x7f, 0x7e, 0xb9, 0x54, 0x70, 0x12, 0x50, 0x12, 0x50, 0x12, 0x50, 0x12
.byte 0x3b, 0xa6, 0xff, 0xff, 0xff, 0xff, 0xff, 0xff, 0xff, 0xff, 0xff, 0xff, 0xff, 0xff, 0xff, 0xff
.byte 0xff, 0xff, 0xff, 0xff, 0xff, 0xff, 0xff, 0xff, 0xff, 0xff, 0xff, 0xff, 0xff, 0xff, 0xff, 0xff
.byte 0xff, 0xff, 0xff, 0xff, 0xff, 0xff, 0xff, 0xff, 0xff, 0xff, 0xff, 0xff, 0xff, 0xff, 0xff, 0xff
.byte 0xff, 0xff, 0xff, 0xff, 0xff, 0xff, 0xff, 0xff, 0xff, 0xff, 0xff, 0xff, 0xff, 0xff, 0xff, 0xff
.byte 0xff, 0xff, 0xff, 0xff, 0xff, 0xff, 0xff, 0xff, 0xff, 0xff, 0xff, 0xff, 0xff, 0xff, 0xff, 0xff
.byte 0xff, 0xff, 0xff, 0xff, 0xff, 0xff, 0xff, 0xff, 0xff, 0xff, 0xff, 0xff, 0xff, 0xff, 0xff, 0xff
.byte 0xff, 0xff, 0xff, 0xff, 0xff, 0xff, 0xff, 0xff, 0xff, 0xff, 0xff, 0xff, 0xff, 0xff, 0xff, 0xff
.byte 0xff, 0xff, 0xff, 0xff, 0xff, 0xff, 0xff, 0xff, 0xff, 0xff, 0xff, 0xff, 0xff, 0xff, 0xff, 0xff
.byte 0xff, 0xff, 0xff, 0xff, 0xff, 0xff, 0xff, 0xff, 0xff, 0xff, 0xff, 0xff, 0xff, 0xff, 0xff, 0xff
.byte 0xff, 0xff, 0xff, 0xff, 0xff, 0xff, 0xff, 0xff, 0xff, 0xff, 0xff, 0xff, 0xff, 0xff, 0xff, 0xff
.byte 0xff, 0xff, 0xff, 0xff, 0xff, 0xff, 0xff, 0xff, 0x3d, 0xdf, 0xf1, 0x2a, 0x91, 0x12, 0x91, 0x12
.byte 0x50, 0x12, 0xd5, 0x3b, 0x5e, 0x7e, 0x3e, 0x76, 0x3e, 0x76, 0x3e, 0x76, 0x7f, 0x7e, 0xb8, 0x4c
.byte 0x50, 0x12, 0x4f, 0x12, 0x50, 0x12, 0x4f, 0x12, 0xda, 0x9d, 0xff, 0xff, 0xff, 0xff, 0xff, 0xff
.byte 0xff, 0xff, 0xff, 0xff, 0xff, 0xff, 0xff, 0xff, 0xff, 0xff, 0xff, 0xff, 0xff, 0xff, 0xff, 0xff
.byte 0xff, 0xff, 0xff, 0xff, 0xff, 0xff, 0xff, 0xff, 0xff, 0xff, 0xff, 0xff, 0xff, 0xff, 0xff, 0xff
.byte 0xff, 0xff, 0xff, 0xff, 0xff, 0xff, 0xff, 0xff, 0xff, 0xff, 0xff, 0xff, 0xff, 0xff, 0xff, 0xff
.byte 0xff, 0xff, 0xff, 0xff, 0xff, 0xff, 0xff, 0xff, 0xff, 0xff, 0xff, 0xff, 0xff, 0xff, 0xff, 0xff
.byte 0xff, 0xff, 0xff, 0xff, 0xff, 0xff, 0xff, 0xff, 0xff, 0xff, 0xff, 0xff, 0xff, 0xff, 0xff, 0xff
.byte 0xff, 0xff, 0xff, 0xff, 0xff, 0xff, 0xff, 0xff, 0xff, 0xff, 0xff, 0xff, 0xff, 0xff, 0xff, 0xff
.byte 0xff, 0xff, 0xff, 0xff, 0xff, 0xff, 0xff, 0xff, 0xff, 0xff, 0xff, 0xff, 0xff, 0xff, 0xff, 0xff
.byte 0xff, 0xff, 0xff, 0xff, 0xff, 0xff, 0xff, 0xff, 0xff, 0xff, 0xff, 0xff, 0xff, 0xff, 0xff, 0xff
.byte 0xff, 0xff, 0xff, 0xff, 0xff, 0xff, 0xff, 0xff, 0xff, 0xff, 0xff, 0xff, 0xff, 0xff, 0xff, 0xff
.byte 0xff, 0xff, 0xff, 0xff, 0xff, 0xff, 0xff, 0xff, 0xff, 0xff, 0xff, 0xff, 0xff, 0xff, 0xff, 0xff
.byte 0x3d, 0xdf, 0xd1, 0x2a, 0x91, 0x12, 0x91, 0x12, 0x71, 0x12, 0xd5, 0x3b, 0x5e, 0x7e, 0x3e, 0x76
.byte 0x3e, 0x76, 0x3e, 0x76, 0x5f, 0x7e, 0xb8, 0x4c, 0x70, 0x12, 0x4f, 0x12, 0x50, 0x12, 0x4f, 0x12
.byte 0xb9, 0x95, 0xdf, 0xf7, 0xff, 0xff, 0xff, 0xff, 0xff, 0xff, 0xff, 0xff, 0xff, 0xff, 0xff, 0xff
.byte 0xff, 0xff, 0xff, 0xff, 0xff, 0xff, 0xff, 0xff, 0xff, 0xff, 0xff, 0xff, 0xff, 0xff, 0xff, 0xff
.byte 0xff, 0xff, 0xff, 0xff, 0xff, 0xff, 0xff, 0xff, 0xff, 0xff, 0xff, 0xff, 0xff, 0xff, 0xff, 0xff
.byte 0xff, 0xff, 0xff, 0xff, 0xff, 0xff, 0xff, 0xff, 0xff, 0xff, 0xff, 0xff, 0xff, 0xff, 0xff, 0xff
.byte 0xff, 0xff, 0xff, 0xff, 0xff, 0xff, 0xff, 0xff, 0xff, 0xff, 0xff, 0xff, 0xff, 0xff, 0xff, 0xff
.byte 0xff, 0xff, 0xff, 0xff, 0xff, 0xff, 0xff, 0xff, 0xff, 0xff, 0xff, 0xff, 0xff, 0xff, 0xff, 0xff
.byte 0xff, 0xff, 0xff, 0xff, 0xff, 0xff, 0xff, 0xff, 0xff, 0xff, 0xff, 0xff, 0xff, 0xff, 0xff, 0xff
.byte 0xff, 0xff, 0xff, 0xff, 0xff, 0xff, 0xff, 0xff, 0xff, 0xff, 0xff, 0xff, 0xff, 0xff, 0xff, 0xff
.byte 0xff, 0xff, 0xff, 0xff, 0xff, 0xff, 0xff, 0xff, 0xff, 0xff, 0xff, 0xff, 0xff, 0xff, 0xff, 0xff
.byte 0xff, 0xff, 0xff, 0xff, 0xff, 0xff, 0xff, 0xff, 0xff, 0xff, 0xff, 0xff, 0xff, 0xff, 0xff, 0xff
.byte 0xff, 0xff, 0xff, 0xff, 0xff, 0xff, 0xff, 0xff, 0x3d, 0xdf, 0xf1, 0x2a, 0x91, 0x12, 0x91, 0x12
.byte 0x50, 0x12, 0xd5, 0x3b, 0x5e, 0x7e, 0x5e, 0x7e, 0x1e, 0x76, 0x3e, 0x76, 0x5f, 0x7e, 0xb8, 0x4c
.byte 0x50, 0x12, 0x4f, 0x12, 0x50, 0x12, 0x50, 0x12, 0xba, 0x95, 0xdf, 0xf7, 0xff, 0xff, 0xff, 0xff
.byte 0xff, 0xff, 0xff, 0xff, 0xff, 0xff, 0xff, 0xff, 0xff, 0xff, 0xff, 0xff, 0xff, 0xff, 0xff, 0xff
.byte 0xff, 0xff, 0xff, 0xff, 0xff, 0xff, 0xff, 0xff, 0xff, 0xff, 0xff, 0xff, 0xff, 0xff, 0xff, 0xff
.byte 0xff, 0xff, 0xff, 0xff, 0xff, 0xff, 0xff, 0xff, 0xff, 0xff, 0xff, 0xff, 0xff, 0xff, 0xff, 0xff
.byte 0xff, 0xff, 0xff, 0xff, 0xff, 0xff, 0xff, 0xff, 0xff, 0xff, 0xff, 0xff, 0xff, 0xff, 0xff, 0xff
.byte 0xff, 0xff, 0xff, 0xff, 0xff, 0xff, 0xff, 0xff, 0xff, 0xff, 0xff, 0xff, 0xff, 0xff, 0xff, 0xff
.byte 0xff, 0xff, 0xff, 0xff, 0xff, 0xff, 0xff, 0xff, 0xff, 0xff, 0xff, 0xff, 0xff, 0xff, 0xff, 0xff
.byte 0xff, 0xff, 0xff, 0xff, 0xff, 0xff, 0xff, 0xff, 0xff, 0xff, 0xff, 0xff, 0xff, 0xff, 0xff, 0xff
.byte 0xff, 0xff, 0xff, 0xff, 0xff, 0xff, 0xff, 0xff, 0xff, 0xff, 0xff, 0xff, 0xff, 0xff, 0xff, 0xff
.byte 0xff, 0xff, 0xff, 0xff, 0xff, 0xff, 0xff, 0xff, 0xff, 0xff, 0xff, 0xff, 0xff, 0xff, 0xff, 0xff
.byte 0xff, 0xff, 0xff, 0xff, 0xff, 0xff, 0xff, 0xff, 0xff, 0xff, 0xff, 0xff, 0xff, 0xff, 0xff, 0xff
.byte 0x3d, 0xdf, 0xd1, 0x2a, 0x91, 0x12, 0x71, 0x12, 0x50, 0x12, 0xd6, 0x3b, 0x5e, 0x7e, 0x3e, 0x7e
.byte 0x1e, 0x76, 0x3e, 0x76, 0x5f, 0x7e, 0xb8, 0x54, 0x70, 0x12, 0x4f, 0x12, 0x70, 0x12, 0x4f, 0x0a
.byte 0xba, 0x95, 0xdf, 0xf7, 0xff, 0xff, 0xff, 0xff, 0xff, 0xff, 0xff, 0xff, 0xff, 0xff, 0xff, 0xff
.byte 0xff, 0xff, 0xff, 0xff, 0xff, 0xff, 0xff, 0xff, 0xff, 0xff, 0xff, 0xff, 0xff, 0xff, 0xff, 0xff
.byte 0xff, 0xff, 0xff, 0xff, 0xff, 0xff, 0xff, 0xff, 0xff, 0xff, 0xff, 0xff, 0xff, 0xff, 0xff, 0xff
.byte 0xff, 0xff, 0xff, 0xff, 0xff, 0xff, 0xff, 0xff, 0xff, 0xff, 0xff, 0xff, 0xff, 0xff, 0xff, 0xff
.byte 0xff, 0xff, 0xff, 0xff, 0xff, 0xff, 0xff, 0xff, 0xff, 0xff, 0xff, 0xff, 0xff, 0xff, 0xff, 0xff
.byte 0xff, 0xff, 0xff, 0xff, 0xff, 0xff, 0xff, 0xff, 0xff, 0xff, 0xff, 0xff, 0xff, 0xff, 0xff, 0xff
.byte 0xff, 0xff, 0xff, 0xff, 0xff, 0xff, 0xff, 0xff, 0xff, 0xff, 0xff, 0xff, 0xff, 0xff, 0xff, 0xff
.byte 0xff, 0xff, 0xff, 0xff, 0xff, 0xff, 0xff, 0xff, 0xff, 0xff, 0xff, 0xff, 0xff, 0xff, 0xff, 0xff
.byte 0xff, 0xff, 0xff, 0xff, 0xff, 0xff, 0xff, 0xff, 0xff, 0xff, 0xff, 0xff, 0xff, 0xff, 0xff, 0xff
.byte 0xff, 0xff, 0xff, 0xff, 0xff, 0xff, 0xff, 0xff, 0xff, 0xff, 0xff, 0xff, 0xff, 0xff, 0xff, 0xff
.byte 0xff, 0xff, 0xff, 0xff, 0xff, 0xff, 0xff, 0xff, 0x3d, 0xdf, 0xd1, 0x2a, 0x91, 0x12, 0x71, 0x12
.byte 0x50, 0x12, 0xd5, 0x3b, 0x5e, 0x7e, 0x5e, 0x7e, 0x3e, 0x76, 0x3e, 0x76, 0x7f, 0x7e, 0xb8, 0x4c
.byte 0x70, 0x12, 0x50, 0x12, 0x50, 0x12, 0x4f, 0x0a, 0x99, 0x8d, 0xdf, 0xf7, 0xff, 0xff, 0xff, 0xff
.byte 0xff, 0xff, 0xff, 0xff, 0xff, 0xff, 0xff, 0xff, 0xff, 0xff, 0xff, 0xff, 0xff, 0xff, 0xff, 0xff
.byte 0xff, 0xff, 0xff, 0xff, 0xff, 0xff, 0xff, 0xff, 0xff, 0xff, 0xff, 0xff, 0xff, 0xff, 0xff, 0xff
.byte 0xff, 0xff, 0xff, 0xff, 0xff, 0xff, 0xff, 0xff, 0xff, 0xff, 0xff, 0xff, 0xff, 0xff, 0xff, 0xff
.byte 0xff, 0xff, 0xff, 0xff, 0xff, 0xff, 0xff, 0xff, 0xff, 0xff, 0xff, 0xff, 0xff, 0xff, 0xff, 0xff
.byte 0xff, 0xff, 0xff, 0xff, 0xff, 0xff, 0xff, 0xff, 0xff, 0xff, 0xff, 0xff, 0xff, 0xff, 0xff, 0xff
.byte 0xff, 0xff, 0xff, 0xff, 0xff, 0xff, 0xff, 0xff, 0xff, 0xff, 0xff, 0xff, 0xff, 0xff, 0xff, 0xff
.byte 0xff, 0xff, 0xff, 0xff, 0xff, 0xff, 0xff, 0xff, 0xff, 0xff, 0xff, 0xff, 0xff, 0xff, 0xff, 0xff
.byte 0xff, 0xff, 0xff, 0xff, 0xff, 0xff, 0xff, 0xff, 0xff, 0xff, 0xff, 0xff, 0xff, 0xff, 0xff, 0xff
.byte 0xff, 0xff, 0xff, 0xff, 0xff, 0xff, 0xff, 0xff, 0xff, 0xff, 0xff, 0xff, 0xff, 0xff, 0xff, 0xff
.byte 0xff, 0xff, 0xff, 0xff, 0xff, 0xff, 0xff, 0xff, 0xff, 0xff, 0xff, 0xff, 0xff, 0xff, 0xff, 0xff
.byte 0x3d, 0xdf, 0xd1, 0x2a, 0x71, 0x12, 0x71, 0x12, 0x50, 0x12, 0xd5, 0x3b, 0x5e, 0x7e, 0x5e, 0x7e
.byte 0x3e, 0x76, 0x3e, 0x76, 0x7f, 0x7e, 0xb8, 0x4c, 0x70, 0x12, 0x4f, 0x12, 0x4f, 0x12, 0x2f, 0x0a
.byte 0x99, 0x8d, 0xdf, 0xf7, 0xff, 0xff, 0xff, 0xff, 0xff, 0xff, 0xff, 0xff, 0xff, 0xff, 0xff, 0xff
.byte 0xff, 0xff, 0xff, 0xff, 0xff, 0xff, 0xff, 0xff, 0xff, 0xff, 0xff, 0xff, 0xff, 0xff, 0xff, 0xff
.byte 0xff, 0xff, 0xff, 0xff, 0xff, 0xff, 0xff, 0xff, 0xff, 0xff, 0xff, 0xff, 0xff, 0xff, 0xff, 0xff
.byte 0xff, 0xff, 0xff, 0xff, 0xff, 0xff, 0xff, 0xff, 0xff, 0xff, 0xff, 0xff, 0xff, 0xff, 0xff, 0xff
.byte 0xff, 0xff, 0xff, 0xff, 0xff, 0xff, 0xff, 0xff, 0xff, 0xff, 0xff, 0xff, 0xff, 0xff, 0xff, 0xff
.byte 0xff, 0xff, 0xff, 0xff, 0xff, 0xff, 0xff, 0xff, 0xff, 0xff, 0xff, 0xff, 0xff, 0xff, 0xff, 0xff
.byte 0xff, 0xff, 0xff, 0xff, 0xff, 0xff, 0xff, 0xff, 0xff, 0xff, 0xff, 0xff, 0xff, 0xff, 0xff, 0xff
.byte 0xff, 0xff, 0xff, 0xff, 0xff, 0xff, 0xff, 0xff, 0xff, 0xff, 0xff, 0xff, 0xff, 0xff, 0xff, 0xff
.byte 0xff, 0xff, 0xff, 0xff, 0xff, 0xff, 0xff, 0xff, 0xff, 0xff, 0xff, 0xff, 0xff, 0xff, 0xff, 0xff
.byte 0xff, 0xff, 0xff, 0xff, 0xff, 0xff, 0xff, 0xff, 0xff, 0xff, 0xff, 0xff, 0xff, 0xff, 0xff, 0xff
.byte 0xff, 0xff, 0xff, 0xff, 0xff, 0xff, 0xff, 0xff, 0x3d, 0xdf, 0xd1, 0x2a, 0x71, 0x12, 0x71, 0x12
.byte 0x50, 0x12, 0xf5, 0x3b, 0x5e, 0x7e, 0x5e, 0x7e, 0x3e, 0x76, 0x3e, 0x76, 0x7f, 0x7e, 0xb8, 0x4c
.byte 0x70, 0x12, 0x4f, 0x12, 0x4f, 0x12, 0x2f, 0x0a, 0x99, 0x8d, 0xdf, 0xf7, 0xff, 0xff, 0xff, 0xff
.byte 0xff, 0xff, 0xff, 0xff, 0xff, 0xff, 0xff, 0xff, 0xff, 0xff, 0xff, 0xff, 0xff, 0xff, 0xff, 0xff
.byte 0xff, 0xff, 0xff, 0xff, 0xff, 0xff, 0xff, 0xff, 0xff, 0xff, 0xff, 0xff, 0xff, 0xff, 0xff, 0xff
.byte 0xff, 0xff, 0xff, 0xff, 0xff, 0xff, 0xff, 0xff, 0xff, 0xff, 0xff, 0xff, 0xff, 0xff, 0xff, 0xff
.byte 0xff, 0xff, 0xff, 0xff, 0xff, 0xff, 0xff, 0xff, 0xff, 0xff, 0xff, 0xff, 0xff, 0xff, 0xff, 0xff
.byte 0xff, 0xff, 0xff, 0xff, 0xff, 0xff, 0xff, 0xff, 0xff, 0xff, 0xff, 0xff, 0xff, 0xff, 0xff, 0xff
.byte 0xff, 0xff, 0xff, 0xff, 0xff, 0xff, 0xff, 0xff, 0xff, 0xff, 0xff, 0xff, 0xff, 0xff, 0xff, 0xff
.byte 0xff, 0xff, 0xff, 0xff, 0xff, 0xff, 0xff, 0xff, 0xff, 0xff, 0xff, 0xff, 0xff, 0xff, 0xff, 0xff
.byte 0xff, 0xff, 0xff, 0xff, 0xff, 0xff, 0xff, 0xff, 0xff, 0xff, 0xff, 0xff, 0xff, 0xff, 0xff, 0xff
.byte 0xff, 0xff, 0xff, 0xff, 0xff, 0xff, 0xff, 0xff, 0xff, 0xff, 0xff, 0xff, 0xff, 0xff, 0xff, 0xff
.byte 0xff, 0xff, 0xff, 0xff, 0xff, 0xff, 0xff, 0xff, 0xff, 0xff, 0xff, 0xff, 0xff, 0xff, 0xff, 0xff
.byte 0x3d, 0xdf, 0xd1, 0x2a, 0x71, 0x12, 0x71, 0x12, 0x50, 0x12, 0xd5, 0x3b, 0x5e, 0x7e, 0x5e, 0x76
.byte 0x3e, 0x76, 0x3e, 0x76, 0x5f, 0x7e, 0xb8, 0x4c, 0x50, 0x12, 0x2f, 0x12, 0x2f, 0x12, 0x2f, 0x0a
.byte 0x99, 0x8d, 0xdf, 0xf7, 0xff, 0xff, 0xff, 0xff, 0xff, 0xff, 0xff, 0xff, 0xff, 0xff, 0xff, 0xff
.byte 0xff, 0xff, 0xff, 0xff, 0xff, 0xff, 0xff, 0xff, 0xff, 0xff, 0xff, 0xff, 0xff, 0xff, 0xff, 0xff
.byte 0xff, 0xff, 0xff, 0xff, 0xff, 0xff, 0xff, 0xff, 0xff, 0xff, 0xff, 0xff, 0xff, 0xff, 0xff, 0xff
.byte 0xff, 0xff, 0xff, 0xff, 0xff, 0xff, 0xff, 0xff, 0xff, 0xff, 0xff, 0xff, 0xff, 0xff, 0xff, 0xff
.byte 0xff, 0xff, 0xff, 0xff, 0xff, 0xff, 0xff, 0xff, 0xff, 0xff, 0xff, 0xff, 0xff, 0xff, 0xff, 0xff
.byte 0xff, 0xff, 0xff, 0xff, 0xff, 0xff, 0xff, 0xff, 0xff, 0xff, 0xff, 0xff, 0xff, 0xff, 0xff, 0xff
.byte 0xff, 0xff, 0xff, 0xff, 0xff, 0xff, 0xff, 0xff, 0xff, 0xff, 0xff, 0xff, 0xff, 0xff, 0xff, 0xff
.byte 0xff, 0xff, 0xff, 0xff, 0xff, 0xff, 0xff, 0xff, 0xff, 0xff, 0xff, 0xff, 0xff, 0xff, 0xff, 0xff
.byte 0xff, 0xff, 0xff, 0xff, 0xff, 0xff, 0xff, 0xff, 0xff, 0xff, 0xff, 0xff, 0xff, 0xff, 0xff, 0xff
.byte 0xff, 0xff, 0xff, 0xff, 0xff, 0xff, 0xff, 0xff, 0xff, 0xff, 0xff, 0xff, 0xff, 0xff, 0xff, 0xff
.byte 0xff, 0xff, 0xff, 0xff, 0xff, 0xff, 0xff, 0xff, 0x3d, 0xdf, 0xd1, 0x2a, 0x70, 0x12, 0x70, 0x12
.byte 0x50, 0x12, 0xd5, 0x3b, 0x5e, 0x7e, 0x5e, 0x76, 0x3e, 0x76, 0x3e, 0x76, 0x7f, 0x7e, 0xb8, 0x4c
.byte 0x50, 0x12, 0x4f, 0x12, 0x4f, 0x12, 0x2f, 0x12, 0xb9, 0x95, 0xdf, 0xf7, 0xff, 0xff, 0xff, 0xff
.byte 0xff, 0xff, 0xff, 0xff, 0xff, 0xff, 0xff, 0xff, 0xff, 0xff, 0xff, 0xff, 0xff, 0xff, 0xff, 0xff
.byte 0xff, 0xff, 0xff, 0xff, 0xff, 0xff, 0xff, 0xff, 0xff, 0xff, 0xff, 0xff, 0xff, 0xff, 0xff, 0xff
.byte 0xff, 0xff, 0xff, 0xff, 0xff, 0xff, 0xff, 0xff, 0xff, 0xff, 0xff, 0xff, 0xff, 0xff, 0xff, 0xff
.byte 0xff, 0xff, 0xff, 0xff, 0xff, 0xff, 0xff, 0xff, 0xff, 0xff, 0xff, 0xff, 0xff, 0xff, 0xff, 0xff
.byte 0xff, 0xff, 0xff, 0xff, 0xff, 0xff, 0xff, 0xff, 0xff, 0xff, 0xff, 0xff, 0xff, 0xff, 0xff, 0xff
.byte 0xff, 0xff, 0xff, 0xff, 0xff, 0xff, 0xff, 0xff, 0xff, 0xff, 0xff, 0xff, 0xff, 0xff, 0xff, 0xff
.byte 0xff, 0xff, 0xff, 0xff, 0xff, 0xff, 0xff, 0xff, 0xff, 0xff, 0xff, 0xff, 0xff, 0xff, 0xff, 0xff
.byte 0xff, 0xff, 0xff, 0xff, 0xff, 0xff, 0xff, 0xff, 0xff, 0xff, 0xff, 0xff, 0xff, 0xff, 0xff, 0xff
.byte 0xff, 0xff, 0xff, 0xff, 0xff, 0xff, 0xff, 0xff, 0xff, 0xff, 0xff, 0xff, 0xff, 0xff, 0xff, 0xff
.byte 0xff, 0xff, 0xff, 0xff, 0xff, 0xff, 0xff, 0xff, 0xff, 0xff, 0xff, 0xff, 0xff, 0xff, 0xff, 0xff
.byte 0x3d, 0xdf, 0xd0, 0x22, 0x50, 0x12, 0x70, 0x12, 0x50, 0x0a, 0xd5, 0x33, 0x3e, 0x7e, 0x3e, 0x76
.byte 0x3e, 0x76, 0x3e, 0x76, 0x7f, 0x7e, 0xb8, 0x54, 0x70, 0x12, 0x4f, 0x12, 0x50, 0x12, 0x2f, 0x12
.byte 0x1a, 0xa6, 0xff, 0xff, 0xff, 0xff, 0xff, 0xff, 0xff, 0xff, 0xff, 0xff, 0xff, 0xff, 0xff, 0xff
.byte 0xff, 0xff, 0xff, 0xff, 0xff, 0xff, 0xff, 0xff, 0xff, 0xff, 0xff, 0xff, 0xff, 0xff, 0xff, 0xff
.byte 0xff, 0xff, 0xff, 0xff, 0xff, 0xff, 0xff, 0xff, 0xff, 0xff, 0xff, 0xff, 0xff, 0xff, 0xff, 0xff
.byte 0xff, 0xff, 0xff, 0xff, 0xff, 0xff, 0xff, 0xff, 0xff, 0xff, 0xff, 0xff, 0xff, 0xff, 0xff, 0xff
.byte 0xff, 0xff, 0xff, 0xff, 0xff, 0xff, 0xff, 0xff, 0xff, 0xff, 0xff, 0xff, 0xff, 0xff, 0xff, 0xff
.byte 0xff, 0xff, 0xff, 0xff, 0xff, 0xff, 0xff, 0xff, 0xff, 0xff, 0xff, 0xff, 0xff, 0xff, 0xff, 0xff
.byte 0xff, 0xff, 0xff, 0xff, 0xff, 0xff, 0xff, 0xff, 0xff, 0xff, 0xff, 0xff, 0xff, 0xff, 0xff, 0xff
.byte 0xff, 0xff, 0xff, 0xff, 0xff, 0xff, 0xff, 0xff, 0xff, 0xff, 0xff, 0xff, 0xff, 0xff, 0xff, 0xff
.byte 0xff, 0xff, 0xff, 0xff, 0xff, 0xff, 0xff, 0xff, 0xff, 0xff, 0xff, 0xff, 0xff, 0xff, 0xff, 0xff
.byte 0xff, 0xff, 0xff, 0xff, 0xff, 0xff, 0xff, 0xff, 0xff, 0xff, 0xff, 0xff, 0xff, 0xff, 0xff, 0xff
.byte 0xff, 0xff, 0xff, 0xff, 0xff, 0xff, 0xff, 0xff, 0x3d, 0xdf, 0xb0, 0x22, 0x30, 0x0a, 0x50, 0x12
.byte 0x2f, 0x0a, 0xb5, 0x33, 0x3e, 0x76, 0x3e, 0x76, 0x1e, 0x76, 0x3e, 0x76, 0x7f, 0x7e, 0xb8, 0x4c
.byte 0x70, 0x12, 0x50, 0x12, 0x50, 0x12, 0x2f, 0x12, 0x3b, 0xae, 0xff, 0xff, 0xff, 0xff, 0xff, 0xff
.byte 0xff, 0xff, 0xff, 0xff, 0xff, 0xff, 0xff, 0xff, 0xff, 0xff, 0xff, 0xff, 0xff, 0xff, 0xff, 0xff
.byte 0xff, 0xff, 0xff, 0xff, 0xff, 0xff, 0xff, 0xff, 0xff, 0xff, 0xff, 0xff, 0xff, 0xff, 0xff, 0xff
.byte 0xff, 0xff, 0xff, 0xff, 0xff, 0xff, 0xff, 0xff, 0xff, 0xff, 0xff, 0xff, 0xff, 0xff, 0xff, 0xff
.byte 0xff, 0xff, 0xff, 0xff, 0xff, 0xff, 0xff, 0xff, 0xff, 0xff, 0xff, 0xff, 0xff, 0xff, 0xff, 0xff
.byte 0xff, 0xff, 0xff, 0xff, 0xff, 0xff, 0xff, 0xff, 0xff, 0xff, 0xff, 0xff, 0xff, 0xff, 0xff, 0xff
.byte 0xff, 0xff, 0xff, 0xff, 0xff, 0xff, 0xff, 0xff, 0xff, 0xff, 0xff, 0xff, 0xff, 0xff, 0xff, 0xff
.byte 0xff, 0xff, 0xff, 0xff, 0xff, 0xff, 0xff, 0xff, 0xff, 0xff, 0xff, 0xff, 0xff, 0xff, 0xff, 0xff
.byte 0xff, 0xff, 0xff, 0xff, 0xff, 0xff, 0xff, 0xff, 0xff, 0xff, 0xff, 0xff, 0xff, 0xff, 0xff, 0xff
.byte 0xff, 0xff, 0xff, 0xff, 0xff, 0xff, 0xff, 0xff, 0xff, 0xff, 0xff, 0xff, 0xff, 0xff, 0xff, 0xff
.byte 0xff, 0xff, 0xff, 0xff, 0xff, 0xff, 0xff, 0xff, 0xff, 0xff, 0xff, 0xff, 0xff, 0xff, 0xff, 0xff
.byte 0x3d, 0xdf, 0x90, 0x22, 0x2f, 0x0a, 0x50, 0x12, 0x2f, 0x0a, 0xb4, 0x33, 0x3e, 0x76, 0x3e, 0x76
.byte 0x1e, 0x76, 0x3e, 0x76, 0x5f, 0x7e, 0xb8, 0x4c, 0x70, 0x12, 0x70, 0x12, 0x70, 0x12, 0x50, 0x12
.byte 0x3b, 0xa6, 0xff, 0xff, 0xff, 0xff, 0xff, 0xff, 0xff, 0xff, 0xff, 0xff, 0xff, 0xff, 0xff, 0xff
.byte 0xff, 0xff, 0xff, 0xff, 0xff, 0xff, 0xff, 0xff, 0xff, 0xff, 0xff, 0xff, 0xff, 0xff, 0xff, 0xff
.byte 0xff, 0xff, 0xff, 0xff, 0xff, 0xff, 0xff, 0xff, 0xff, 0xff, 0xff, 0xff, 0xff, 0xff, 0xff, 0xff
.byte 0xff, 0xff, 0xff, 0xff, 0xff, 0xff, 0xff, 0xff, 0xff, 0xff, 0xff, 0xff, 0xff, 0xff, 0xff, 0xff
.byte 0xff, 0xff, 0xff, 0xff, 0xff, 0xff, 0xff, 0xff, 0xff, 0xff, 0xff, 0xff, 0xff, 0xff, 0xff, 0xff
.byte 0xff, 0xff, 0xff, 0xff, 0xff, 0xff, 0xff, 0xff, 0xff, 0xff, 0xff, 0xff, 0xff, 0xff, 0xff, 0xff
.byte 0xff, 0xff, 0xff, 0xff, 0xff, 0xff, 0xff, 0xff, 0xff, 0xff, 0xff, 0xff, 0xff, 0xff, 0xff, 0xff
.byte 0xff, 0xff, 0xff, 0xff, 0xff, 0xff, 0xff, 0xff, 0xff, 0xff, 0xff, 0xff, 0xff, 0xff, 0xff, 0xff
.byte 0xff, 0xff, 0xff, 0xff, 0xff, 0xff, 0xff, 0xff, 0xff, 0xff, 0xff, 0xff, 0xff, 0xff, 0xff, 0xff
.byte 0xff, 0xff, 0xff, 0xff, 0xff, 0xff, 0xff, 0xff, 0xff, 0xff, 0xff, 0xff, 0xff, 0xff, 0xff, 0xff
.byte 0xff, 0xff, 0xff, 0xff, 0xff, 0xff, 0xff, 0xff, 0x3d, 0xdf, 0xb0, 0x22, 0x2f, 0x0a, 0x4f, 0x12
.byte 0x0f, 0x0a, 0x95, 0x33, 0x3e, 0x76, 0x3e, 0x76, 0x3e, 0x76, 0x3e, 0x76, 0x5f, 0x7e, 0xb8, 0x54
.byte 0x90, 0x12, 0x90, 0x12, 0x70, 0x12, 0x70, 0x12, 0x5b, 0xae, 0xff, 0xff, 0xff, 0xff, 0xff, 0xff
.byte 0xff, 0xff, 0xff, 0xff, 0xff, 0xff, 0xff, 0xff, 0xff, 0xff, 0xff, 0xff, 0xff, 0xff, 0xff, 0xff
.byte 0xff, 0xff, 0xff, 0xff, 0xff, 0xff, 0xff, 0xff, 0xff, 0xff, 0xff, 0xff, 0xff, 0xff, 0xff, 0xff
.byte 0xff, 0xff, 0xff, 0xff, 0xff, 0xff, 0xff, 0xff, 0xff, 0xff, 0xff, 0xff, 0xff, 0xff, 0xff, 0xff
.byte 0xff, 0xff, 0xff, 0xff, 0xff, 0xff, 0xff, 0xff, 0xff, 0xff, 0xff, 0xff, 0xff, 0xff, 0xff, 0xff
.byte 0xff, 0xff, 0xff, 0xff, 0xff, 0xff, 0xff, 0xff, 0xff, 0xff, 0xff, 0xff, 0xff, 0xff, 0xff, 0xff
.byte 0xff, 0xff, 0xff, 0xff, 0xff, 0xff, 0xff, 0xff, 0xff, 0xff, 0xff, 0xff, 0xff, 0xff, 0xff, 0xff
.byte 0xff, 0xff, 0xff, 0xff, 0xff, 0xff, 0xff, 0xff, 0xff, 0xff, 0xff, 0xff, 0xff, 0xff, 0xff, 0xff
.byte 0xff, 0xff, 0xff, 0xff, 0xff, 0xff, 0xff, 0xff, 0xff, 0xff, 0xff, 0xff, 0xff, 0xff, 0xff, 0xff
.byte 0xff, 0xff, 0xff, 0xff, 0xff, 0xff, 0xff, 0xff, 0xff, 0xff, 0xff, 0xff, 0xff, 0xff, 0xff, 0xff
.byte 0xff, 0xff, 0xff, 0xff, 0xff, 0xff, 0xff, 0xff, 0xff, 0xff, 0xff, 0xff, 0xff, 0xff, 0xff, 0xff
.byte 0x3d, 0xdf, 0xb0, 0x22, 0x2f, 0x0a, 0x2f, 0x12, 0x0e, 0x0a, 0x94, 0x33, 0x3e, 0x76, 0x3e, 0x76
.byte 0x3e, 0x76, 0x3e, 0x76, 0x5f, 0x7e, 0xb8, 0x54, 0x91, 0x12, 0x90, 0x12, 0x71, 0x12, 0x70, 0x12
.byte 0x5b, 0xae, 0xff, 0xff, 0xff, 0xff, 0xff, 0xff, 0xff, 0xff, 0xff, 0xff, 0xff, 0xff, 0xff, 0xff
.byte 0xff, 0xff, 0xff, 0xff, 0xff, 0xff, 0xff, 0xff, 0xff, 0xff, 0xff, 0xff, 0xff, 0xff, 0xff, 0xff
.byte 0xff, 0xff, 0xff, 0xff, 0xff, 0xff, 0xff, 0xff, 0xff, 0xff, 0xff, 0xff, 0xff, 0xff, 0xff, 0xff
.byte 0xff, 0xff, 0xff, 0xff, 0xff, 0xff, 0xff, 0xff, 0xff, 0xff, 0xff, 0xff, 0xff, 0xff, 0xff, 0xff
.byte 0xff, 0xff, 0xff, 0xff, 0xff, 0xff, 0xff, 0xff, 0xff, 0xff, 0xff, 0xff, 0xff, 0xff, 0xff, 0xff
.byte 0xff, 0xff, 0xff, 0xff, 0xff, 0xff, 0xff, 0xff, 0xff, 0xff, 0xff, 0xff, 0xff, 0xff, 0xff, 0xff
.byte 0xff, 0xff, 0xff, 0xff, 0xff, 0xff, 0xff, 0xff, 0xff, 0xff, 0xff, 0xff, 0xff, 0xff, 0xff, 0xff
.byte 0xff, 0xff, 0xff, 0xff, 0xff, 0xff, 0xff, 0xff, 0xff, 0xff, 0xff, 0xff, 0xff, 0xff, 0xff, 0xff
.byte 0xff, 0xff, 0xff, 0xff, 0xff, 0xff, 0xff, 0xff, 0xff, 0xff, 0xff, 0xff, 0xff, 0xff, 0xff, 0xff
.byte 0xff, 0xff, 0xff, 0xff, 0xff, 0xff, 0xff, 0xff, 0xff, 0xff, 0xff, 0xff, 0xff, 0xff, 0xff, 0xff
.byte 0xff, 0xff, 0xff, 0xff, 0xff, 0xff, 0xff, 0xff, 0x3d, 0xdf, 0x90, 0x22, 0x2f, 0x0a, 0x2f, 0x12
.byte 0x0e, 0x0a, 0xb4, 0x33, 0x3e, 0x76, 0x3e, 0x76, 0x3e, 0x76, 0x3e, 0x76, 0x7f, 0x7e, 0xd9, 0x54
.byte 0x91, 0x12, 0x71, 0x12, 0x71, 0x12, 0x70, 0x12, 0x5b, 0xae, 0xff, 0xff, 0xff, 0xff, 0xff, 0xff
.byte 0xff, 0xff, 0xff, 0xff, 0xff, 0xff, 0xff, 0xff, 0xff, 0xff, 0xff, 0xff, 0xff, 0xff, 0xff, 0xff
.byte 0xff, 0xff, 0xff, 0xff, 0xff, 0xff, 0xff, 0xff, 0xff, 0xff, 0xff, 0xff, 0xff, 0xff, 0xff, 0xff
.byte 0xff, 0xff, 0xff, 0xff, 0xff, 0xff, 0xff, 0xff, 0xff, 0xff, 0xff, 0xff, 0xff, 0xff, 0xff, 0xff
.byte 0xff, 0xff, 0xff, 0xff, 0xff, 0xff, 0xff, 0xff, 0xff, 0xff, 0xff, 0xff, 0xff, 0xff, 0xff, 0xff
.byte 0xff, 0xff, 0xff, 0xff, 0xff, 0xff, 0xff, 0xff, 0xff, 0xff, 0xff, 0xff, 0xff, 0xff, 0xff, 0xff
.byte 0xff, 0xff, 0xff, 0xff, 0xff, 0xff, 0xff, 0xff, 0xff, 0xff, 0xff, 0xff, 0xff, 0xff, 0xff, 0xff
.byte 0xff, 0xff, 0xff, 0xff, 0xff, 0xff, 0xff, 0xff, 0xff, 0xff, 0xff, 0xff, 0xff, 0xff, 0xff, 0xff
.byte 0xff, 0xff, 0xff, 0xff, 0xff, 0xff, 0xff, 0xff, 0xff, 0xff, 0xff, 0xff, 0xff, 0xff, 0xff, 0xff
.byte 0xff, 0xff, 0xff, 0xff, 0xff, 0xff, 0xff, 0xff, 0xff, 0xff, 0xff, 0xff, 0xff, 0xff, 0xff, 0xff
.byte 0xff, 0xff, 0xff, 0xff, 0xff, 0xff, 0xff, 0xff, 0xff, 0xff, 0xff, 0xff, 0xff, 0xff, 0xff, 0xff
.byte 0x1d, 0xdf, 0x90, 0x22, 0x2f, 0x0a, 0x2f, 0x12, 0x2f, 0x0a, 0xb5, 0x33, 0x3e, 0x76, 0x3e, 0x76
.byte 0x3e, 0x76, 0x3e, 0x76, 0x7f, 0x7e, 0xb8, 0x54, 0x91, 0x12, 0x70, 0x12, 0x71, 0x12, 0x50, 0x12
.byte 0x3b, 0xae, 0xff, 0xff, 0xff, 0xff, 0xff, 0xff, 0xff, 0xff, 0xff, 0xff, 0xff, 0xff, 0xff, 0xff
.byte 0xff, 0xff, 0xff, 0xff, 0xff, 0xff, 0xff, 0xff, 0xff, 0xff, 0xff, 0xff, 0xff, 0xff, 0xff, 0xff
.byte 0xff, 0xff, 0xff, 0xff, 0xff, 0xff, 0xff, 0xff, 0xff, 0xff, 0xff, 0xff, 0xff, 0xff, 0xff, 0xff
.byte 0xff, 0xff, 0xff, 0xff, 0xff, 0xff, 0xff, 0xff, 0xff, 0xff, 0xff, 0xff, 0xff, 0xff, 0xff, 0xff
.byte 0xff, 0xff, 0xff, 0xff, 0xff, 0xff, 0xff, 0xff, 0xff, 0xff, 0xff, 0xff, 0xff, 0xff, 0xff, 0xff
.byte 0xff, 0xff, 0xff, 0xff, 0xff, 0xff, 0xff, 0xff, 0xff, 0xff, 0xff, 0xff, 0xff, 0xff, 0xff, 0xff
.byte 0xff, 0xff, 0xff, 0xff, 0xff, 0xff, 0xff, 0xff, 0xff, 0xff, 0xff, 0xff, 0xff, 0xff, 0xff, 0xff
.byte 0xff, 0xff, 0xff, 0xff, 0xff, 0xff, 0xff, 0xff, 0xff, 0xff, 0xff, 0xff, 0xff, 0xff, 0xff, 0xff
.byte 0xff, 0xff, 0xff, 0xff, 0xff, 0xff, 0xff, 0xff, 0xff, 0xff, 0xff, 0xff, 0xff, 0xff, 0xff, 0xff
.byte 0xff, 0xff, 0xff, 0xff, 0xff, 0xff, 0xff, 0xff, 0xff, 0xff, 0xff, 0xff, 0xff, 0xff, 0xff, 0xff
.byte 0xff, 0xff, 0xff, 0xff, 0xff, 0xff, 0xff, 0xff, 0x3d, 0xdf, 0x90, 0x22, 0x2f, 0x0a, 0x4f, 0x12
.byte 0x2f, 0x0a, 0xb5, 0x33, 0x3e, 0x7e, 0x3e, 0x76, 0x3e, 0x76, 0x3e, 0x76, 0x7f, 0x7e, 0xb9, 0x54
.byte 0x91, 0x12, 0x70, 0x12, 0x71, 0x12, 0x50, 0x12, 0x3a, 0xae, 0xff, 0xff, 0xff, 0xff, 0xff, 0xff
.byte 0xff, 0xff, 0xff, 0xff, 0xff, 0xff, 0xff, 0xff, 0xff, 0xff, 0xff, 0xff, 0xff, 0xff, 0xff, 0xff
.byte 0xff, 0xff, 0xff, 0xff, 0xff, 0xff, 0xff, 0xff, 0xff, 0xff, 0xff, 0xff, 0xff, 0xff, 0xff, 0xff
.byte 0xff, 0xff, 0xff, 0xff, 0xff, 0xff, 0xff, 0xff, 0xff, 0xff, 0xff, 0xff, 0xff, 0xff, 0xff, 0xff
.byte 0xff, 0xff, 0xff, 0xff, 0xff, 0xff, 0xff, 0xff, 0xff, 0xff, 0xff, 0xff, 0xff, 0xff, 0xff, 0xff
.byte 0xff, 0xff, 0xff, 0xff, 0xff, 0xff, 0xff, 0xff, 0xff, 0xff, 0xff, 0xff, 0xff, 0xff, 0xff, 0xff
.byte 0xff, 0xff, 0xff, 0xff, 0xff, 0xff, 0xff, 0xff, 0xff, 0xff, 0xff, 0xff, 0xff, 0xff, 0xff, 0xff
.byte 0xff, 0xff, 0xff, 0xff, 0xff, 0xff, 0xff, 0xff, 0xff, 0xff, 0xff, 0xff, 0xff, 0xff, 0xff, 0xff
.byte 0xff, 0xff, 0xff, 0xff, 0xff, 0xff, 0xff, 0xff, 0xff, 0xff, 0xff, 0xff, 0xff, 0xff, 0xff, 0xff
.byte 0xff, 0xff, 0xff, 0xff, 0xff, 0xff, 0xff, 0xff, 0xff, 0xff, 0xff, 0xff, 0xff, 0xff, 0xff, 0xff
.byte 0xff, 0xff, 0xff, 0xff, 0xff, 0xff, 0xff, 0xff, 0xff, 0xff, 0xff, 0xff, 0xff, 0xff, 0xff, 0xff
.byte 0x3d, 0xdf, 0xb0, 0x22, 0x50, 0x0a, 0x50, 0x12, 0x2f, 0x0a, 0xd5, 0x3b, 0x3e, 0x7e, 0x3e, 0x76
.byte 0x1e, 0x76, 0x3e, 0x76, 0x5f, 0x7e, 0xb9, 0x54, 0x70, 0x12, 0x70, 0x12, 0x70, 0x12, 0x4f, 0x12
.byte 0x3a, 0xa6, 0xff, 0xff, 0xff, 0xff, 0xff, 0xff, 0xff, 0xff, 0xff, 0xff, 0xff, 0xff, 0xff, 0xff
.byte 0xff, 0xff, 0xff, 0xff, 0xff, 0xff, 0xff, 0xff, 0xff, 0xff, 0xff, 0xff, 0xff, 0xff, 0xff, 0xff
.byte 0xff, 0xff, 0xff, 0xff, 0xff, 0xff, 0xff, 0xff, 0xff, 0xff, 0xff, 0xff, 0xff, 0xff, 0xff, 0xff
.byte 0xff, 0xff, 0xff, 0xff, 0xff, 0xff, 0xff, 0xff, 0xff, 0xff, 0xff, 0xff, 0xff, 0xff, 0xff, 0xff
.byte 0xff, 0xff, 0xff, 0xff, 0xff, 0xff, 0xff, 0xff, 0xff, 0xff, 0xff, 0xff, 0xff, 0xff, 0xff, 0xff
.byte 0xff, 0xff, 0xff, 0xff, 0xff, 0xff, 0xff, 0xff, 0xff, 0xff, 0xff, 0xff, 0xff, 0xff, 0xff, 0xff
.byte 0xff, 0xff, 0xff, 0xff, 0xff, 0xff, 0xff, 0xff, 0xff, 0xff, 0xff, 0xff, 0xff, 0xff, 0xff, 0xff
.byte 0xff, 0xff, 0xff, 0xff, 0xff, 0xff, 0xff, 0xff, 0xff, 0xff, 0xff, 0xff, 0xff, 0xff, 0xff, 0xff
.byte 0xff, 0xff, 0xff, 0xff, 0xff, 0xff, 0xff, 0xff, 0xff, 0xff, 0xff, 0xff, 0xff, 0xff, 0xff, 0xff
.byte 0xff, 0xff, 0xff, 0xff, 0xff, 0xff, 0xff, 0xff, 0xff, 0xff, 0xff, 0xff, 0xff, 0xff, 0xff, 0xff
.byte 0xff, 0xff, 0xff, 0xff, 0xff, 0xff, 0xff, 0xff, 0x3d, 0xdf, 0xb0, 0x22, 0x50, 0x12, 0x70, 0x12
.byte 0x50, 0x0a, 0xd5, 0x3b, 0x3e, 0x7e, 0x3e, 0x7e, 0x3e, 0x76, 0x3e, 0x76, 0x7f, 0x7e, 0xb8, 0x54
.byte 0x70, 0x12, 0x50, 0x12, 0x50, 0x12, 0x2f, 0x0a, 0xb9, 0x95, 0xdf, 0xf7, 0xff, 0xff, 0xff, 0xff
.byte 0xff, 0xff, 0xff, 0xff, 0xff, 0xff, 0xff, 0xff, 0xff, 0xff, 0xff, 0xff, 0xff, 0xff, 0xff, 0xff
.byte 0xff, 0xff, 0xff, 0xff, 0xff, 0xff, 0xff, 0xff, 0xff, 0xff, 0xff, 0xff, 0xff, 0xff, 0xff, 0xff
.byte 0xff, 0xff, 0xff, 0xff, 0xff, 0xff, 0xff, 0xff, 0xff, 0xff, 0xff, 0xff, 0xff, 0xff, 0xff, 0xff
.byte 0xff, 0xff, 0xff, 0xff, 0xff, 0xff, 0xff, 0xff, 0xff, 0xff, 0xff, 0xff, 0xff, 0xff, 0xff, 0xff
.byte 0xff, 0xff, 0xff, 0xff, 0xff, 0xff, 0xff, 0xff, 0xff, 0xff, 0xff, 0xff, 0xff, 0xff, 0xff, 0xff
.byte 0xff, 0xff, 0xff, 0xff, 0xff, 0xff, 0xff, 0xff, 0xff, 0xff, 0xff, 0xff, 0xff, 0xff, 0xff, 0xff
.byte 0xff, 0xff, 0xff, 0xff, 0xff, 0xff, 0xff, 0xff, 0xff, 0xff, 0xff, 0xff, 0xff, 0xff, 0xff, 0xff
.byte 0xff, 0xff, 0xff, 0xff, 0xff, 0xff, 0xff, 0xff, 0xff, 0xff, 0xff, 0xff, 0xff, 0xff, 0xff, 0xff
.byte 0xff, 0xff, 0xff, 0xff, 0xff, 0xff, 0xff, 0xff, 0xff, 0xff, 0xff, 0xff, 0xff, 0xff, 0xff, 0xff
.byte 0xff, 0xff, 0xff, 0xff, 0xff, 0xff, 0xff, 0xff, 0xff, 0xff, 0xff, 0xff, 0xff, 0xff, 0xff, 0xff
.byte 0x3d, 0xdf, 0xd1, 0x22, 0x71, 0x12, 0x91, 0x12, 0x70, 0x0a, 0xd5, 0x3b, 0x5e, 0x7e, 0x3e, 0x7e
.byte 0x1e, 0x76, 0x3e, 0x76, 0x5f, 0x7e, 0x98, 0x4c, 0x50, 0x12, 0x4f, 0x12, 0x50, 0x12, 0x2f, 0x0a
.byte 0x79, 0x8d, 0xdf, 0xf7, 0xff, 0xff, 0xff, 0xff, 0xff, 0xff, 0xff, 0xff, 0xff, 0xff, 0xff, 0xff
.byte 0xff, 0xff, 0xff, 0xff, 0xff, 0xff, 0xff, 0xff, 0xff, 0xff, 0xff, 0xff, 0xff, 0xff, 0xff, 0xff
.byte 0xff, 0xff, 0xff, 0xff, 0xff, 0xff, 0xff, 0xff, 0xff, 0xff, 0xff, 0xff, 0xff, 0xff, 0xff, 0xff
.byte 0xff, 0xff, 0xff, 0xff, 0xff, 0xff, 0xff, 0xff, 0xff, 0xff, 0xff, 0xff, 0xff, 0xff, 0xff, 0xff
.byte 0xff, 0xff, 0xff, 0xff, 0xff, 0xff, 0xff, 0xff, 0xff, 0xff, 0xff, 0xff, 0xff, 0xff, 0xff, 0xff
.byte 0xff, 0xff, 0xff, 0xff, 0xff, 0xff, 0xff, 0xff, 0xff, 0xff, 0xff, 0xff, 0xff, 0xff, 0xff, 0xff
.byte 0xff, 0xff, 0xff, 0xff, 0xff, 0xff, 0xff, 0xff, 0xff, 0xff, 0xff, 0xff, 0xff, 0xff, 0xff, 0xff
.byte 0xff, 0xff, 0xff, 0xff, 0xff, 0xff, 0xff, 0xff, 0xff, 0xff, 0xff, 0xff, 0xff, 0xff, 0xff, 0xff
.byte 0xff, 0xff, 0xff, 0xff, 0xff, 0xff, 0xff, 0xff, 0xff, 0xff, 0xff, 0xff, 0xff, 0xff, 0xff, 0xff
.byte 0xff, 0xff, 0xff, 0xff, 0xff, 0xff, 0xff, 0xff, 0xff, 0xff, 0xff, 0xff, 0xff, 0xff, 0xff, 0xff
.byte 0xff, 0xff, 0xff, 0xff, 0xff, 0xff, 0xff, 0xff, 0x3d, 0xdf, 0xd1, 0x2a, 0x91, 0x12, 0x91, 0x12
.byte 0x70, 0x12, 0xd5, 0x3b, 0x5e, 0x86, 0x3e, 0x7e, 0x1e, 0x76, 0x1e, 0x76, 0x5f, 0x76, 0x98, 0x4c
.byte 0x50, 0x12, 0x4f, 0x12, 0x4f, 0x12, 0x2f, 0x0a, 0x79, 0x8d, 0xdf, 0xf7, 0xff, 0xff, 0xff, 0xff
.byte 0xff, 0xff, 0xff, 0xff, 0xff, 0xff, 0xff, 0xff, 0xff, 0xff, 0xff, 0xff, 0xff, 0xff, 0xff, 0xff
.byte 0xff, 0xff, 0xff, 0xff, 0xff, 0xff, 0xff, 0xff, 0xff, 0xff, 0xff, 0xff, 0xff, 0xff, 0xff, 0xff
.byte 0xff, 0xff, 0xff, 0xff, 0xff, 0xff, 0xff, 0xff, 0xff, 0xff, 0xff, 0xff, 0xff, 0xff, 0xff, 0xff
.byte 0xff, 0xff, 0xff, 0xff, 0xff, 0xff, 0xff, 0xff, 0xff, 0xff, 0xff, 0xff, 0xff, 0xff, 0xff, 0xff
.byte 0xff, 0xff, 0xff, 0xff, 0xff, 0xff, 0xff, 0xff, 0xff, 0xff, 0xff, 0xff, 0xff, 0xff, 0xff, 0xff
.byte 0xff, 0xff, 0xff, 0xff, 0xff, 0xff, 0xff, 0xff, 0xff, 0xff, 0xff, 0xff, 0xff, 0xff, 0xff, 0xff
.byte 0xff, 0xff, 0xff, 0xff, 0xff, 0xff, 0xff, 0xff, 0xff, 0xff, 0xff, 0xff, 0xff, 0xff, 0xff, 0xff
.byte 0xff, 0xff, 0xff, 0xff, 0xff, 0xff, 0xff, 0xff, 0xff, 0xff, 0xff, 0xff, 0xff, 0xff, 0xff, 0xff
.byte 0xff, 0xff, 0xff, 0xff, 0xff, 0xff, 0xff, 0xff, 0xff, 0xff, 0xff, 0xff, 0xff, 0xff, 0xff, 0xff
.byte 0xff, 0xff, 0xff, 0xff, 0xff, 0xff, 0xff, 0xff, 0xff, 0xff, 0xff, 0xff, 0xff, 0xff, 0xff, 0xff
.byte 0x3d, 0xdf, 0xf1, 0x2a, 0x91, 0x12, 0x91, 0x12, 0x71, 0x12, 0xf5, 0x3b, 0x5e, 0x86, 0x3e, 0x7e
.byte 0x1e, 0x76, 0x1e, 0x76, 0x5f, 0x76, 0x98, 0x4c, 0x4f, 0x12, 0x2f, 0x12, 0x2f, 0x12, 0x0f, 0x0a
.byte 0x79, 0x8d, 0xbf, 0xf7, 0xff, 0xff, 0xff, 0xff, 0xff, 0xff, 0xff, 0xff, 0xff, 0xff, 0xff, 0xff
.byte 0xff, 0xff, 0xff, 0xff, 0xff, 0xff, 0xff, 0xff, 0xff, 0xff, 0xff, 0xff, 0xff, 0xff, 0xff, 0xff
.byte 0xff, 0xff, 0xff, 0xff, 0xff, 0xff, 0xff, 0xff, 0xff, 0xff, 0xff, 0xff, 0xff, 0xff, 0xff, 0xff
.byte 0xff, 0xff, 0xff, 0xff, 0xff, 0xff, 0xff, 0xff, 0xff, 0xff, 0xff, 0xff, 0xff, 0xff, 0xff, 0xff
.byte 0xff, 0xff, 0xff, 0xff, 0xff, 0xff, 0xff, 0xff, 0xff, 0xff, 0xff, 0xff, 0xff, 0xff, 0xff, 0xff
.byte 0xff, 0xff, 0xff, 0xff, 0xff, 0xff, 0xff, 0xff, 0xff, 0xff, 0xff, 0xff, 0xff, 0xff, 0xff, 0xff
.byte 0xff, 0xff, 0xff, 0xff, 0xff, 0xff, 0xff, 0xff, 0xff, 0xff, 0xff, 0xff, 0xff, 0xff, 0xff, 0xff
.byte 0xff, 0xff, 0xff, 0xff, 0xff, 0xff, 0xff, 0xff, 0xff, 0xff, 0xff, 0xff, 0xff, 0xff, 0xff, 0xff
.byte 0xff, 0xff, 0xff, 0xff, 0xff, 0xff, 0xff, 0xff, 0xff, 0xff, 0xff, 0xff, 0xff, 0xff, 0xff, 0xff
.byte 0xff, 0xff, 0xff, 0xff, 0xff, 0xff, 0xff, 0xff, 0xff, 0xff, 0xff, 0xff, 0xff, 0xff, 0xff, 0xff
.byte 0xff, 0xff, 0xff, 0xff, 0xff, 0xff, 0xff, 0xff, 0x3d, 0xdf, 0xf1, 0x2a, 0x91, 0x12, 0x91, 0x12
.byte 0x70, 0x12, 0xd5, 0x3b, 0x5e, 0x86, 0x3e, 0x76, 0x1e, 0x76, 0x1e, 0x76, 0x5f, 0x76, 0x98, 0x44
.byte 0x4f, 0x12, 0x2f, 0x12, 0x2f, 0x12, 0x0f, 0x0a, 0x79, 0x8d, 0xdf, 0xf7, 0xff, 0xff, 0xff, 0xff
.byte 0xff, 0xff, 0xff, 0xff, 0xff, 0xff, 0xff, 0xff, 0xff, 0xff, 0xff, 0xff, 0xff, 0xff, 0xff, 0xff
.byte 0xff, 0xff, 0xff, 0xff, 0xff, 0xff, 0xff, 0xff, 0xff, 0xff, 0xff, 0xff, 0xff, 0xff, 0xff, 0xff
.byte 0xff, 0xff, 0xff, 0xff, 0xff, 0xff, 0xff, 0xff, 0xff, 0xff, 0xff, 0xff, 0xff, 0xff, 0xff, 0xff
.byte 0xff, 0xff, 0xff, 0xff, 0xff, 0xff, 0xff, 0xff, 0xff, 0xff, 0xff, 0xff, 0xff, 0xff, 0xff, 0xff
.byte 0xff, 0xff, 0xff, 0xff, 0xff, 0xff, 0xff, 0xff, 0xff, 0xff, 0xff, 0xff, 0xff, 0xff, 0xff, 0xff
.byte 0xff, 0xff, 0xff, 0xff, 0xff, 0xff, 0xff, 0xff, 0xff, 0xff, 0xff, 0xff, 0xff, 0xff, 0xff, 0xff
.byte 0xff, 0xff, 0xff, 0xff, 0xff, 0xff, 0xff, 0xff, 0xff, 0xff, 0xff, 0xff, 0xff, 0xff, 0xff, 0xff
.byte 0xff, 0xff, 0xff, 0xff, 0xff, 0xff, 0xff, 0xff, 0xff, 0xff, 0xff, 0xff, 0xff, 0xff, 0xff, 0xff
.byte 0xff, 0xff, 0xff, 0xff, 0xff, 0xff, 0xff, 0xff, 0xff, 0xff, 0xff, 0xff, 0xff, 0xff, 0xff, 0xff
.byte 0xff, 0xff, 0xff, 0xff, 0xff, 0xff, 0xff, 0xff, 0xff, 0xff, 0xff, 0xff, 0xff, 0xff, 0xff, 0xff
.byte 0x3d, 0xdf, 0xf1, 0x2a, 0x91, 0x12, 0x91, 0x12, 0x70, 0x12, 0xd5, 0x3b, 0x5e, 0x7e, 0x3e, 0x76
.byte 0x1e, 0x76, 0x1e, 0x76, 0x5f, 0x76, 0x98, 0x44, 0x4f, 0x12, 0x2f, 0x12, 0x2f, 0x12, 0x0f, 0x0a
.byte 0x99, 0x8d, 0xdf, 0xf7, 0xff, 0xff, 0xff, 0xff, 0xff, 0xff, 0xff, 0xff, 0xff, 0xff, 0xff, 0xff
.byte 0xff, 0xff, 0xff, 0xff, 0xff, 0xff, 0xff, 0xff, 0xff, 0xff, 0xff, 0xff, 0xff, 0xff, 0xff, 0xff
.byte 0xff, 0xff, 0xff, 0xff, 0xff, 0xff, 0xff, 0xff, 0xff, 0xff, 0xff, 0xff, 0xff, 0xff, 0xff, 0xff
.byte 0xff, 0xff, 0xff, 0xff, 0xff, 0xff, 0xff, 0xff, 0xff, 0xff, 0xff, 0xff, 0xff, 0xff, 0xff, 0xff
.byte 0xff, 0xff, 0xff, 0xff, 0xff, 0xff, 0xff, 0xff, 0xff, 0xff, 0xff, 0xff, 0xff, 0xff, 0xff, 0xff
.byte 0xff, 0xff, 0xff, 0xff, 0xff, 0xff, 0xff, 0xff, 0xff, 0xff, 0xff, 0xff, 0xff, 0xff, 0xff, 0xff
.byte 0xff, 0xff, 0xff, 0xff, 0xff, 0xff, 0xff, 0xff, 0xff, 0xff, 0xff, 0xff, 0xff, 0xff, 0xff, 0xff
.byte 0xff, 0xff, 0xff, 0xff, 0xff, 0xff, 0xff, 0xff, 0xff, 0xff, 0xff, 0xff, 0xff, 0xff, 0xff, 0xff
.byte 0xff, 0xff, 0xff, 0xff, 0xff, 0xff, 0xff, 0xff, 0xff, 0xff, 0xff, 0xff, 0xff, 0xff, 0xff, 0xff
.byte 0xff, 0xff, 0xff, 0xff, 0xff, 0xff, 0xff, 0xff, 0xff, 0xff, 0xff, 0xff, 0xff, 0xff, 0xff, 0xff
.byte 0xff, 0xff, 0xff, 0xff, 0xff, 0xff, 0xff, 0xff, 0x3d, 0xdf, 0xf1, 0x2a, 0x91, 0x12, 0x91, 0x12
.byte 0x50, 0x12, 0xd5, 0x3b, 0x5e, 0x7e, 0x3e, 0x76, 0x1e, 0x76, 0x1e, 0x76, 0x3f, 0x76, 0x98, 0x4c
.byte 0x4f, 0x12, 0x2f, 0x12, 0x4f, 0x12, 0x2f, 0x0a, 0x99, 0x95, 0xdf, 0xf7, 0xff, 0xff, 0xff, 0xff
.byte 0xff, 0xff, 0xff, 0xff, 0xff, 0xff, 0xff, 0xff, 0xff, 0xff, 0xff, 0xff, 0xff, 0xff, 0xff, 0xff
.byte 0xff, 0xff, 0xff, 0xff, 0xff, 0xff, 0xff, 0xff, 0xff, 0xff, 0xff, 0xff, 0xff, 0xff, 0xff, 0xff
.byte 0xff, 0xff, 0xff, 0xff, 0xff, 0xff, 0xff, 0xff, 0xff, 0xff, 0xff, 0xff, 0xff, 0xff, 0xff, 0xff
.byte 0xff, 0xff, 0xff, 0xff, 0xff, 0xff, 0xff, 0xff, 0xff, 0xff, 0xff, 0xff, 0xff, 0xff, 0xff, 0xff
.byte 0xff, 0xff, 0xff, 0xff, 0xff, 0xff, 0xff, 0xff, 0xff, 0xff, 0xff, 0xff, 0xff, 0xff, 0xff, 0xff
.byte 0xff, 0xff, 0xff, 0xff, 0xff, 0xff, 0xff, 0xff, 0xff, 0xff, 0xff, 0xff, 0xff, 0xff, 0xff, 0xff
.byte 0xff, 0xff, 0xff, 0xff, 0xff, 0xff, 0xff, 0xff, 0xff, 0xff, 0xff, 0xff, 0xff, 0xff, 0xff, 0xff
.byte 0xff, 0xff, 0xff, 0xff, 0xff, 0xff, 0xff, 0xff, 0xff, 0xff, 0xff, 0xff, 0xff, 0xff, 0xff, 0xff
.byte 0xff, 0xff, 0xff, 0xff, 0xff, 0xff, 0xff, 0xff, 0xff, 0xff, 0xff, 0xff, 0xff, 0xff, 0xff, 0xff
.byte 0xff, 0xff, 0xff, 0xff, 0xff, 0xff, 0xff, 0xff, 0xff, 0xff, 0xff, 0xff, 0xff, 0xff, 0xff, 0xff
.byte 0x3d, 0xdf, 0xf1, 0x2a, 0x91, 0x12, 0x91, 0x12, 0x50, 0x12, 0xb5, 0x33, 0x3e, 0x7e, 0x3e, 0x76
.byte 0x1e, 0x76, 0x1e, 0x76, 0x5f, 0x76, 0x98, 0x4c, 0x4f, 0x12, 0x4f, 0x12, 0x4f, 0x12, 0x2f, 0x12
.byte 0x99, 0x95, 0xdf, 0xf7, 0xff, 0xff, 0xff, 0xff, 0xff, 0xff, 0xff, 0xff, 0xff, 0xff, 0xff, 0xff
.byte 0xff, 0xff, 0xff, 0xff, 0xff, 0xff, 0xff, 0xff, 0xff, 0xff, 0xff, 0xff, 0xff, 0xff, 0xff, 0xff
.byte 0xff, 0xff, 0xff, 0xff, 0xff, 0xff, 0xff, 0xff, 0xff, 0xff, 0xff, 0xff, 0xff, 0xff, 0xff, 0xff
.byte 0xff, 0xff, 0xff, 0xff, 0xff, 0xff, 0xff, 0xff, 0xff, 0xff, 0xff, 0xff, 0xff, 0xff, 0xff, 0xff
.byte 0xff, 0xff, 0xff, 0xff, 0xff, 0xff, 0xff, 0xff, 0xff, 0xff, 0xff, 0xff, 0xff, 0xff, 0xff, 0xff
.byte 0xff, 0xff, 0xff, 0xff, 0xff, 0xff, 0xff, 0xff, 0xff, 0xff, 0xff, 0xff, 0xff, 0xff, 0xff, 0xff
.byte 0xff, 0xff, 0xff, 0xff, 0xff, 0xff, 0xff, 0xff, 0xff, 0xff, 0xff, 0xff, 0xff, 0xff, 0xff, 0xff
.byte 0xff, 0xff, 0xff, 0xff, 0xff, 0xff, 0xff, 0xff, 0xff, 0xff, 0xff, 0xff, 0xff, 0xff, 0xff, 0xff
.byte 0xff, 0xff, 0xff, 0xff, 0xff, 0xff, 0xff, 0xff, 0xff, 0xff, 0xff, 0xff, 0xff, 0xff, 0xff, 0xff
.byte 0xff, 0xff, 0xff, 0xff, 0xff, 0xff, 0xff, 0xff, 0xff, 0xff, 0xff, 0xff, 0xff, 0xff, 0xff, 0xff
.byte 0xff, 0xff, 0xff, 0xff, 0xff, 0xff, 0xff, 0xff, 0x3d, 0xdf, 0xb1, 0x22, 0x50, 0x12, 0x70, 0x12
.byte 0x50, 0x0a, 0xb5, 0x33, 0x3e, 0x76, 0x3e, 0x76, 0x1e, 0x76, 0x1e, 0x76, 0x5f, 0x76, 0x98, 0x4c
.byte 0x50, 0x12, 0x50, 0x12, 0x70, 0x12, 0x4f, 0x12, 0xb9, 0x95, 0xdf, 0xf7, 0xff, 0xff, 0xff, 0xff
.byte 0xff, 0xff, 0xff, 0xff, 0xff, 0xff, 0xff, 0xff, 0xff, 0xff, 0xff, 0xff, 0xff, 0xff, 0xff, 0xff
.byte 0xff, 0xff, 0xff, 0xff, 0xff, 0xff, 0xff, 0xff, 0xff, 0xff, 0xff, 0xff, 0xff, 0xff, 0xff, 0xff
.byte 0xff, 0xff, 0xff, 0xff, 0xff, 0xff, 0xff, 0xff, 0xff, 0xff, 0xff, 0xff, 0xff, 0xff, 0xff, 0xff
.byte 0xff, 0xff, 0xff, 0xff, 0xff, 0xff, 0xff, 0xff, 0xff, 0xff, 0xff, 0xff, 0xff, 0xff, 0xff, 0xff
.byte 0xff, 0xff, 0xff, 0xff, 0xff, 0xff, 0xff, 0xff, 0xff, 0xff, 0xff, 0xff, 0xff, 0xff, 0xff, 0xff
.byte 0xff, 0xff, 0xff, 0xff, 0xff, 0xff, 0xff, 0xff, 0xff, 0xff, 0xff, 0xff, 0xff, 0xff, 0xff, 0xff
.byte 0xff, 0xff, 0xff, 0xff, 0xff, 0xff, 0xff, 0xff, 0xff, 0xff, 0xff, 0xff, 0xff, 0xff, 0xff, 0xff
.byte 0xff, 0xff, 0xff, 0xff, 0xff, 0xff, 0xff, 0xff, 0xff, 0xff, 0xff, 0xff, 0xff, 0xff, 0xff, 0xff
.byte 0xff, 0xff, 0xff, 0xff, 0xff, 0xff, 0xff, 0xff, 0xff, 0xff, 0xff, 0xff, 0xff, 0xff, 0xff, 0xff
.byte 0xff, 0xff, 0xff, 0xff, 0xff, 0xff, 0xff, 0xff, 0xff, 0xff, 0xff, 0xff, 0xff, 0xff, 0xff, 0xff
.byte 0x3d, 0xdf, 0xb0, 0x22, 0x2f, 0x0a, 0x4f, 0x12, 0x2f, 0x0a, 0xb5, 0x33, 0x3e, 0x76, 0x3e, 0x76
.byte 0x3e, 0x76, 0x3e, 0x76, 0x5f, 0x7e, 0xb8, 0x4c, 0x70, 0x12, 0x70, 0x12, 0x70, 0x12, 0x70, 0x12
.byte 0x3b, 0xae, 0xff, 0xff, 0xff, 0xff, 0xff, 0xff, 0xff, 0xff, 0xff, 0xff, 0xff, 0xff, 0xff, 0xff
.byte 0xff, 0xff, 0xff, 0xff, 0xff, 0xff, 0xff, 0xff, 0xff, 0xff, 0xff, 0xff, 0xff, 0xff, 0xff, 0xff
.byte 0xff, 0xff, 0xff, 0xff, 0xff, 0xff, 0xff, 0xff, 0xff, 0xff, 0xff, 0xff, 0xff, 0xff, 0xff, 0xff
.byte 0xff, 0xff, 0xff, 0xff, 0xff, 0xff, 0xff, 0xff, 0xff, 0xff, 0xff, 0xff, 0xff, 0xff, 0xff, 0xff
.byte 0xff, 0xff, 0xff, 0xff, 0xff, 0xff, 0xff, 0xff, 0xff, 0xff, 0xff, 0xff, 0xff, 0xff, 0xff, 0xff
.byte 0xff, 0xff, 0xff, 0xff, 0xff, 0xff, 0xff, 0xff, 0xff, 0xff, 0xff, 0xff, 0xff, 0xff, 0xff, 0xff
.byte 0xff, 0xff, 0xff, 0xff, 0xff, 0xff, 0xff, 0xff, 0xff, 0xff, 0xff, 0xff, 0xff, 0xff, 0xff, 0xff
.byte 0xff, 0xff, 0xff, 0xff, 0xff, 0xff, 0xff, 0xff, 0xff, 0xff, 0xff, 0xff, 0xff, 0xff, 0xff, 0xff
.byte 0xff, 0xff, 0xff, 0xff, 0xff, 0xff, 0xff, 0xff, 0xff, 0xff, 0xff, 0xff, 0xff, 0xff, 0xff, 0xff
.byte 0xff, 0xff, 0xff, 0xff, 0xff, 0xff, 0xff, 0xff, 0xff, 0xff, 0xff, 0xff, 0xff, 0xff, 0xff, 0xff
.byte 0xff, 0xff, 0xff, 0xff, 0xff, 0xff, 0xff, 0xff, 0x3d, 0xdf, 0xb0, 0x1a, 0x2f, 0x0a, 0x2f, 0x12
.byte 0x0f, 0x0a, 0xb5, 0x33, 0x3e, 0x76, 0x3e, 0x76, 0x3e, 0x76, 0x3e, 0x76, 0x7f, 0x7e, 0xd9, 0x54
.byte 0x91, 0x12, 0x70, 0x12, 0x70, 0x12, 0x70, 0x12, 0x7b, 0xb6, 0xff, 0xff, 0xff, 0xff, 0xff, 0xff
.byte 0xff, 0xff, 0xff, 0xff, 0xff, 0xff, 0xff, 0xff, 0xff, 0xff, 0xff, 0xff, 0xff, 0xff, 0xff, 0xff
.byte 0xff, 0xff, 0xff, 0xff, 0xff, 0xff, 0xff, 0xff, 0xff, 0xff, 0xff, 0xff, 0xff, 0xff, 0xff, 0xff
.byte 0xff, 0xff, 0xff, 0xff, 0xff, 0xff, 0xff, 0xff, 0xff, 0xff, 0xff, 0xff, 0xff, 0xff, 0xff, 0xff
.byte 0xff, 0xff, 0xff, 0xff, 0xff, 0xff, 0xff, 0xff, 0xff, 0xff, 0xff, 0xff, 0xff, 0xff, 0xff, 0xff
.byte 0xff, 0xff, 0xff, 0xff, 0xff, 0xff, 0xff, 0xff, 0xff, 0xff, 0xff, 0xff, 0xff, 0xff, 0xff, 0xff
.byte 0xff, 0xff, 0xff, 0xff, 0xff, 0xff, 0xff, 0xff, 0xff, 0xff, 0xff, 0xff, 0xff, 0xff, 0xff, 0xff
.byte 0xff, 0xff, 0xff, 0xff, 0xff, 0xff, 0xff, 0xff, 0xff, 0xff, 0xff, 0xff, 0xff, 0xff, 0xff, 0xff
.byte 0xff, 0xff, 0xff, 0xff, 0xff, 0xff, 0xff, 0xff, 0xff, 0xff, 0xff, 0xff, 0xff, 0xff, 0xff, 0xff
.byte 0xff, 0xff, 0xff, 0xff, 0xff, 0xff, 0xff, 0xff, 0xff, 0xff, 0xff, 0xff, 0xff, 0xff, 0xff, 0xff
.byte 0xff, 0xff, 0xff, 0xff, 0xff, 0xff, 0xff, 0xff, 0xff, 0xff, 0xff, 0xff, 0xff, 0xff, 0xff, 0xff
.byte 0x1d, 0xdf, 0x90, 0x1a, 0x2f, 0x0a, 0x2f, 0x12, 0x0f, 0x0a, 0x94, 0x33, 0x3e, 0x76, 0x3e, 0x76
.byte 0x3e, 0x76, 0x3e, 0x76, 0x7f, 0x86, 0xd9, 0x54, 0x91, 0x12, 0x90, 0x12, 0x71, 0x12, 0x70, 0x12
.byte 0x5b, 0xae, 0xff, 0xff, 0xff, 0xff, 0xff, 0xff, 0xff, 0xff, 0xff, 0xff, 0xff, 0xff, 0xff, 0xff
.byte 0xff, 0xff, 0xff, 0xff, 0xff, 0xff, 0xff, 0xff, 0xff, 0xff, 0xff, 0xff, 0xff, 0xff, 0xff, 0xff
.byte 0xff, 0xff, 0xff, 0xff, 0xff, 0xff, 0xff, 0xff, 0xff, 0xff, 0xff, 0xff, 0xff, 0xff, 0xff, 0xff
.byte 0xff, 0xff, 0xff, 0xff, 0xff, 0xff, 0xff, 0xff, 0xff, 0xff, 0xff, 0xff, 0xff, 0xff, 0xff, 0xff
.byte 0xff, 0xff, 0xff, 0xff, 0xff, 0xff, 0xff, 0xff, 0xff, 0xff, 0xff, 0xff, 0xff, 0xff, 0xff, 0xff
.byte 0xff, 0xff, 0xff, 0xff, 0xff, 0xff, 0xff, 0xff, 0xff, 0xff, 0xff, 0xff, 0xff, 0xff, 0xff, 0xff
.byte 0xff, 0xff, 0xff, 0xff, 0xff, 0xff, 0xff, 0xff, 0xff, 0xff, 0xff, 0xff, 0xff, 0xff, 0xff, 0xff
.byte 0xff, 0xff, 0xff, 0xff, 0xff, 0xff, 0xff, 0xff, 0xff, 0xff, 0xff, 0xff, 0xff, 0xff, 0xff, 0xff
.byte 0xff, 0xff, 0xff, 0xff, 0xff, 0xff, 0xff, 0xff, 0xff, 0xff, 0xff, 0xff, 0xff, 0xff, 0xff, 0xff
.byte 0xff, 0xff, 0xff, 0xff, 0xff, 0xff, 0xff, 0xff, 0xff, 0xff, 0xff, 0xff, 0xff, 0xff, 0xff, 0xff
.byte 0xff, 0xff, 0xff, 0xff, 0xff, 0xff, 0xff, 0xff, 0x1d, 0xdf, 0x8f, 0x1a, 0x0f, 0x0a, 0x2f, 0x12
.byte 0x0f, 0x0a, 0xb4, 0x33, 0x3e, 0x76, 0x3e, 0x76, 0x3e, 0x76, 0x3e, 0x76, 0x7f, 0x86, 0xd9, 0x54
.byte 0xb1, 0x12, 0x91, 0x12, 0x71, 0x12, 0x70, 0x12, 0x5b, 0xae, 0xff, 0xff, 0xff, 0xff, 0xff, 0xff
.byte 0xff, 0xff, 0xff, 0xff, 0xff, 0xff, 0xff, 0xff, 0xff, 0xff, 0xff, 0xff, 0xff, 0xff, 0xff, 0xff
.byte 0xff, 0xff, 0xff, 0xff, 0xff, 0xff, 0xff, 0xff, 0xff, 0xff, 0xff, 0xff, 0xff, 0xff, 0xff, 0xff
.byte 0xff, 0xff, 0xff, 0xff, 0xff, 0xff, 0xff, 0xff, 0xff, 0xff, 0xff, 0xff, 0xff, 0xff, 0xff, 0xff
.byte 0xff, 0xff, 0xff, 0xff, 0xff, 0xff, 0xff, 0xff, 0xff, 0xff, 0xff, 0xff, 0xff, 0xff, 0xff, 0xff
.byte 0xff, 0xff, 0xff, 0xff, 0xff, 0xff, 0xff, 0xff, 0xff, 0xff, 0xff, 0xff, 0xff, 0xff, 0xff, 0xff
.byte 0xff, 0xff, 0xff, 0xff, 0xff, 0xff, 0xff, 0xff, 0xff, 0xff, 0xff, 0xff, 0xff, 0xff, 0xff, 0xff
.byte 0xff, 0xff, 0xff, 0xff, 0xff, 0xff, 0xff, 0xff, 0xff, 0xff, 0xff, 0xff, 0xff, 0xff, 0xff, 0xff
.byte 0xff, 0xff, 0xff, 0xff, 0xff, 0xff, 0xff, 0xff, 0xff, 0xff, 0xff, 0xff, 0xff, 0xff, 0xff, 0xff
.byte 0xff, 0xff, 0xff, 0xff, 0xff, 0xff, 0xff, 0xff, 0xff, 0xff, 0xff, 0xff, 0xff, 0xff, 0xff, 0xff
.byte 0xff, 0xff, 0xff, 0xff, 0xff, 0xff, 0xff, 0xff, 0xff, 0xff, 0xff, 0xff, 0xff, 0xff, 0xff, 0xff
.byte 0x1d, 0xdf, 0x8f, 0x1a, 0x0f, 0x0a, 0x2f, 0x12, 0x0f, 0x0a, 0xb4, 0x33, 0x3e, 0x76, 0x3e, 0x76
.byte 0x1e, 0x76, 0x3e, 0x7e, 0x7f, 0x86, 0xd9, 0x54, 0x91, 0x12, 0x91, 0x12, 0x71, 0x12, 0x70, 0x12
.byte 0x5b, 0xae, 0xff, 0xff, 0xff, 0xff, 0xff, 0xff, 0xff, 0xff, 0xff, 0xff, 0xff, 0xff, 0xff, 0xff
.byte 0xff, 0xff, 0xff, 0xff, 0xff, 0xff, 0xff, 0xff, 0xff, 0xff, 0xff, 0xff, 0xff, 0xff, 0xff, 0xff
.byte 0xff, 0xff, 0xff, 0xff, 0xff, 0xff, 0xff, 0xff, 0xff, 0xff, 0xff, 0xff, 0xff, 0xff, 0xff, 0xff
.byte 0xff, 0xff, 0xff, 0xff, 0xff, 0xff, 0xff, 0xff, 0xff, 0xff, 0xff, 0xff, 0xff, 0xff, 0xff, 0xff
.byte 0xff, 0xff, 0xff, 0xff, 0xff, 0xff, 0xff, 0xff, 0xff, 0xff, 0xff, 0xff, 0xff, 0xff, 0xff, 0xff
.byte 0xff, 0xff, 0xff, 0xff, 0xff, 0xff, 0xff, 0xff, 0xff, 0xff, 0xff, 0xff, 0xff, 0xff, 0xff, 0xff
.byte 0xff, 0xff, 0xff, 0xff, 0xff, 0xff, 0xff, 0xff, 0xff, 0xff, 0xff, 0xff, 0xff, 0xff, 0xff, 0xff
.byte 0xff, 0xff, 0xff, 0xff, 0xff, 0xff, 0xff, 0xff, 0xff, 0xff, 0xff, 0xff, 0xff, 0xff, 0xff, 0xff
.byte 0xff, 0xff, 0xff, 0xff, 0xff, 0xff, 0xff, 0xff, 0xff, 0xff, 0xff, 0xff, 0xff, 0xff, 0xff, 0xff
.byte 0xff, 0xff, 0xff, 0xff, 0xff, 0xff, 0xff, 0xff, 0xff, 0xff, 0xff, 0xff, 0xff, 0xff, 0xff, 0xff
.byte 0xff, 0xff, 0xff, 0xff, 0xff, 0xff, 0xff, 0xff, 0x1d, 0xdf, 0x90, 0x1a, 0x0f, 0x0a, 0x2f, 0x12
.byte 0x0f, 0x0a, 0xb5, 0x33, 0x3e, 0x7e, 0x3e, 0x76, 0x3e, 0x76, 0x3e, 0x7e, 0x7f, 0x86, 0xd9, 0x54
.byte 0x91, 0x12, 0x91, 0x12, 0x71, 0x12, 0x70, 0x12, 0x5b, 0xae, 0xff, 0xff, 0xff, 0xff, 0xff, 0xff
.byte 0xff, 0xff, 0xff, 0xff, 0xff, 0xff, 0xff, 0xff, 0xff, 0xff, 0xff, 0xff, 0xff, 0xff, 0xff, 0xff
.byte 0xff, 0xff, 0xff, 0xff, 0xff, 0xff, 0xff, 0xff, 0xff, 0xff, 0xff, 0xff, 0xff, 0xff, 0xff, 0xff
.byte 0xff, 0xff, 0xff, 0xff, 0xff, 0xff, 0xff, 0xff, 0xff, 0xff, 0xff, 0xff, 0xff, 0xff, 0xff, 0xff
.byte 0xff, 0xff, 0xff, 0xff, 0xff, 0xff, 0xff, 0xff, 0xff, 0xff, 0xff, 0xff, 0xff, 0xff, 0xff, 0xff
.byte 0xff, 0xff, 0xff, 0xff, 0xff, 0xff, 0xff, 0xff, 0xff, 0xff, 0xff, 0xff, 0xff, 0xff, 0xff, 0xff
.byte 0xff, 0xff, 0xff, 0xff, 0xff, 0xff, 0xff, 0xff, 0xff, 0xff, 0xff, 0xff, 0xff, 0xff, 0xff, 0xff
.byte 0xff, 0xff, 0xff, 0xff, 0xff, 0xff, 0xff, 0xff, 0xff, 0xff, 0xff, 0xff, 0xff, 0xff, 0xff, 0xff
.byte 0xff, 0xff, 0xff, 0xff, 0xff, 0xff, 0xff, 0xff, 0xff, 0xff, 0xff, 0xff, 0xff, 0xff, 0xff, 0xff
.byte 0xff, 0xff, 0xff, 0xff, 0xff, 0xff, 0xff, 0xff, 0xff, 0xff, 0xff, 0xff, 0xff, 0xff, 0xff, 0xff
.byte 0xff, 0xff, 0xff, 0xff, 0xff, 0xff, 0xff, 0xff, 0xff, 0xff, 0xff, 0xff, 0xff, 0xff, 0xff, 0xff
.byte 0x3d, 0xdf, 0x90, 0x22, 0x2f, 0x0a, 0x2f, 0x12, 0x2f, 0x0a, 0xb5, 0x33, 0x5e, 0x7e, 0x5e, 0x76
.byte 0x3e, 0x76, 0x3e, 0x7e, 0x7f, 0x86, 0xd9, 0x54, 0x91, 0x12, 0x91, 0x12, 0x71, 0x12, 0x70, 0x12
.byte 0x5b, 0xae, 0xff, 0xff, 0xff, 0xff, 0xff, 0xff, 0xff, 0xff, 0xff, 0xff, 0xff, 0xff, 0xff, 0xff
.byte 0xff, 0xff, 0xff, 0xff, 0xff, 0xff, 0xff, 0xff, 0xff, 0xff, 0xff, 0xff, 0xff, 0xff, 0xff, 0xff
.byte 0xff, 0xff, 0xff, 0xff, 0xff, 0xff, 0xff, 0xff, 0xff, 0xff, 0xff, 0xff, 0xff, 0xff, 0xff, 0xff
.byte 0xff, 0xff, 0xff, 0xff, 0xff, 0xff, 0xff, 0xff, 0xff, 0xff, 0xff, 0xff, 0xff, 0xff, 0xff, 0xff
.byte 0xff, 0xff, 0xff, 0xff, 0xff, 0xff, 0xff, 0xff, 0xff, 0xff, 0xff, 0xff, 0xff, 0xff, 0xff, 0xff
.byte 0xff, 0xff, 0xff, 0xff, 0xff, 0xff, 0xff, 0xff, 0xff, 0xff, 0xff, 0xff, 0xff, 0xff, 0xff, 0xff
.byte 0xff, 0xff, 0xff, 0xff, 0xff, 0xff, 0xff, 0xff, 0xff, 0xff, 0xff, 0xff, 0xff, 0xff, 0xff, 0xff
.byte 0xff, 0xff, 0xff, 0xff, 0xff, 0xff, 0xff, 0xff, 0xff, 0xff, 0xff, 0xff, 0xff, 0xff, 0xff, 0xff
.byte 0xff, 0xff, 0xff, 0xff, 0xff, 0xff, 0xff, 0xff, 0xff, 0xff, 0xff, 0xff, 0xff, 0xff, 0xff, 0xff
.byte 0xff, 0xff, 0xff, 0xff, 0xff, 0xff, 0xff, 0xff, 0xff, 0xff, 0xff, 0xff, 0xff, 0xff, 0xff, 0xff
.byte 0xff, 0xff, 0xff, 0xff, 0xff, 0xff, 0xff, 0xff, 0x3d, 0xdf, 0xb0, 0x22, 0x2f, 0x0a, 0x4f, 0x12
.byte 0x2f, 0x0a, 0xb5, 0x33, 0x3e, 0x76, 0x3e, 0x76, 0x3e, 0x76, 0x3e, 0x76, 0x7f, 0x86, 0xd9, 0x54
.byte 0x91, 0x12, 0x91, 0x12, 0x70, 0x12, 0x70, 0x12, 0x5b, 0xae, 0xff, 0xff, 0xff, 0xff, 0xff, 0xff
.byte 0xff, 0xff, 0xff, 0xff, 0xff, 0xff, 0xff, 0xff, 0xff, 0xff, 0xff, 0xff, 0xff, 0xff, 0xff, 0xff
.byte 0xff, 0xff, 0xff, 0xff, 0xff, 0xff, 0xff, 0xff, 0xff, 0xff, 0xff, 0xff, 0xff, 0xff, 0xff, 0xff
.byte 0xff, 0xff, 0xff, 0xff, 0xff, 0xff, 0xff, 0xff, 0xff, 0xff, 0xff, 0xff, 0xff, 0xff, 0xff, 0xff
.byte 0xff, 0xff, 0xff, 0xff, 0xff, 0xff, 0xff, 0xff, 0xff, 0xff, 0xff, 0xff, 0xff, 0xff, 0xff, 0xff
.byte 0xff, 0xff, 0xff, 0xff, 0xff, 0xff, 0xff, 0xff, 0xff, 0xff, 0xff, 0xff, 0xff, 0xff, 0xff, 0xff
.byte 0xff, 0xff, 0xff, 0xff, 0xff, 0xff, 0xff, 0xff, 0xff, 0xff, 0xff, 0xff, 0xff, 0xff, 0xff, 0xff
.byte 0xff, 0xff, 0xff, 0xff, 0xff, 0xff, 0xff, 0xff, 0xff, 0xff, 0xff, 0xff, 0xff, 0xff, 0xff, 0xff
.byte 0xff, 0xff, 0xff, 0xff, 0xff, 0xff, 0xff, 0xff, 0xff, 0xff, 0xff, 0xff, 0xff, 0xff, 0xff, 0xff
.byte 0xff, 0xff, 0xff, 0xff, 0xff, 0xff, 0xff, 0xff, 0xff, 0xff, 0xff, 0xff, 0xff, 0xff, 0xff, 0xff
.byte 0xff, 0xff, 0xff, 0xff, 0xff, 0xff, 0xff, 0xff, 0xff, 0xff, 0xff, 0xff, 0xff, 0xff, 0xff, 0xff
.byte 0x3d, 0xdf, 0xf1, 0x2a, 0x50, 0x12, 0x50, 0x12, 0x2f, 0x0a, 0xb5, 0x33, 0x3e, 0x76, 0x3e, 0x76
.byte 0x1e, 0x76, 0x3e, 0x76, 0x7f, 0x7e, 0xb9, 0x54, 0x70, 0x12, 0x70, 0x12, 0x50, 0x12, 0x50, 0x12
.byte 0x3b, 0xae, 0xff, 0xff, 0xff, 0xff, 0xff, 0xff, 0xff, 0xff, 0xff, 0xff, 0xff, 0xff, 0xff, 0xff
.byte 0xff, 0xff, 0xff, 0xff, 0xff, 0xff, 0xff, 0xff, 0xff, 0xff, 0xff, 0xff, 0xff, 0xff, 0xff, 0xff
.byte 0xff, 0xff, 0xff, 0xff, 0xff, 0xff, 0xff, 0xff, 0xff, 0xff, 0xff, 0xff, 0xff, 0xff, 0xff, 0xff
.byte 0xff, 0xff, 0xff, 0xff, 0xff, 0xff, 0xff, 0xff, 0xff, 0xff, 0xff, 0xff, 0xff, 0xff, 0xff, 0xff
.byte 0xff, 0xff, 0xff, 0xff, 0xff, 0xff, 0xff, 0xff, 0xff, 0xff, 0xff, 0xff, 0xff, 0xff, 0xff, 0xff
.byte 0xff, 0xff, 0xff, 0xff, 0xff, 0xff, 0xff, 0xff, 0xff, 0xff, 0xff, 0xff, 0xff, 0xff, 0xff, 0xff
.byte 0xff, 0xff, 0xff, 0xff, 0xff, 0xff, 0xff, 0xff, 0xff, 0xff, 0xff, 0xff, 0xff, 0xff, 0xff, 0xff
.byte 0xff, 0xff, 0xff, 0xff, 0xff, 0xff, 0xff, 0xff, 0xff, 0xff, 0xff, 0xff, 0xff, 0xff, 0xff, 0xff
.byte 0xff, 0xff, 0xff, 0xff, 0xff, 0xff, 0xff, 0xff, 0xff, 0xff, 0xff, 0xff, 0xff, 0xff, 0xff, 0xff
.byte 0xff, 0xff, 0xff, 0xff, 0xff, 0xff, 0xff, 0xff, 0xff, 0xff, 0xff, 0xff, 0xff, 0xff, 0xff, 0xff
.byte 0xff, 0xff, 0xff, 0xff, 0xff, 0xff, 0xff, 0xff, 0x3d, 0xe7, 0x11, 0x2b, 0x71, 0x12, 0x70, 0x12
.byte 0x4f, 0x12, 0xb5, 0x33, 0x3e, 0x76, 0x3e, 0x76, 0x1e, 0x76, 0x1e, 0x6e, 0x5f, 0x76, 0x98, 0x4c
.byte 0x50, 0x12, 0x4f, 0x12, 0x50, 0x12, 0x2f, 0x0a, 0xba, 0x9d, 0xdf, 0xff, 0xff, 0xff, 0xff, 0xff
.byte 0xff, 0xff, 0xff, 0xff, 0xff, 0xff, 0xff, 0xff, 0xff, 0xff, 0xff, 0xff, 0xff, 0xff, 0xff, 0xff
.byte 0xff, 0xff, 0xff, 0xff, 0xff, 0xff, 0xff, 0xff, 0xff, 0xff, 0xff, 0xff, 0xff, 0xff, 0xff, 0xff
.byte 0xff, 0xff, 0xff, 0xff, 0xff, 0xff, 0xff, 0xff, 0xff, 0xff, 0xff, 0xff, 0xff, 0xff, 0xff, 0xff
.byte 0xff, 0xff, 0xff, 0xff, 0xff, 0xff, 0xff, 0xff, 0xff, 0xff, 0xff, 0xff, 0xff, 0xff, 0xff, 0xff
.byte 0xff, 0xff, 0xff, 0xff, 0xff, 0xff, 0xff, 0xff, 0xff, 0xff, 0xff, 0xff, 0xff, 0xff, 0xff, 0xff
.byte 0xff, 0xff, 0xff, 0xff, 0xff, 0xff, 0xff, 0xff, 0xff, 0xff, 0xff, 0xff, 0xff, 0xff, 0xff, 0xff
.byte 0xff, 0xff, 0xff, 0xff, 0xff, 0xff, 0xff, 0xff, 0xff, 0xff, 0xff, 0xff, 0xff, 0xff, 0xff, 0xff
.byte 0xff, 0xff, 0xff, 0xff, 0xff, 0xff, 0xff, 0xff, 0xff, 0xff, 0xff, 0xff, 0xff, 0xff, 0xff, 0xff
.byte 0xff, 0xff, 0xff, 0xff, 0xff, 0xff, 0xff, 0xff, 0xff, 0xff, 0xff, 0xff, 0xff, 0xff, 0xff, 0xff
.byte 0xff, 0xff, 0xff, 0xff, 0xff, 0xff, 0xff, 0xff, 0xff, 0xff, 0xff, 0xff, 0xff, 0xff, 0xff, 0xff
.byte 0x3d, 0xdf, 0x11, 0x2b, 0x71, 0x12, 0x91, 0x12, 0x50, 0x0a, 0xd5, 0x33, 0x3e, 0x7e, 0x3e, 0x76
.byte 0x1e, 0x6e, 0x1e, 0x6e, 0x3f, 0x76, 0x98, 0x4c, 0x2f, 0x12, 0x2f, 0x12, 0x50, 0x12, 0x2f, 0x0a
.byte 0x79, 0x95, 0xdf, 0xf7, 0xff, 0xff, 0xff, 0xff, 0xff, 0xff, 0xff, 0xff, 0xff, 0xff, 0xff, 0xff
.byte 0xff, 0xff, 0xff, 0xff, 0xff, 0xff, 0xff, 0xff, 0xff, 0xff, 0xff, 0xff, 0xff, 0xff, 0xff, 0xff
.byte 0xff, 0xff, 0xff, 0xff, 0xff, 0xff, 0xff, 0xff, 0xff, 0xff, 0xff, 0xff, 0xff, 0xff, 0xff, 0xff
.byte 0xff, 0xff, 0xff, 0xff, 0xff, 0xff, 0xff, 0xff, 0xff, 0xff, 0xff, 0xff, 0xff, 0xff, 0xff, 0xff
.byte 0xff, 0xff, 0xff, 0xff, 0xff, 0xff, 0xff, 0xff, 0xff, 0xff, 0xff, 0xff, 0xff, 0xff, 0xff, 0xff
.byte 0xff, 0xff, 0xff, 0xff, 0xff, 0xff, 0xff, 0xff, 0xff, 0xff, 0xff, 0xff, 0xff, 0xff, 0xff, 0xff
.byte 0xff, 0xff, 0xff, 0xff, 0xff, 0xff, 0xff, 0xff, 0xff, 0xff, 0xff, 0xff, 0xff, 0xff, 0xff, 0xff
.byte 0xff, 0xff, 0xff, 0xff, 0xff, 0xff, 0xff, 0xff, 0xff, 0xff, 0xff, 0xff, 0xff, 0xff, 0xff, 0xff
.byte 0xff, 0xff, 0xff, 0xff, 0xff, 0xff, 0xff, 0xff, 0xff, 0xff, 0xff, 0xff, 0xff, 0xff, 0xff, 0xff
.byte 0xff, 0xff, 0xff, 0xff, 0xff, 0xff, 0xff, 0xff, 0xff, 0xff, 0xff, 0xff, 0xff, 0xff, 0xff, 0xff
.byte 0xff, 0xff, 0xff, 0xff, 0xff, 0xff, 0xff, 0xff, 0x3d, 0xe7, 0x31, 0x33, 0x91, 0x12, 0x91, 0x12
.byte 0x50, 0x0a, 0x95, 0x33, 0x3e, 0x7e, 0x3f, 0x76, 0xfe, 0x6d, 0x1e, 0x6e, 0x5f, 0x76, 0x57, 0x44
.byte 0x0e, 0x0a, 0x2f, 0x12, 0x50, 0x12, 0x2f, 0x12, 0x99, 0x95, 0xdf, 0xf7, 0xff, 0xff, 0xff, 0xff
.byte 0xff, 0xff, 0xff, 0xff, 0xff, 0xff, 0xff, 0xff, 0xff, 0xff, 0xff, 0xff, 0xff, 0xff, 0xff, 0xff
.byte 0xff, 0xff, 0xff, 0xff, 0xff, 0xff, 0xff, 0xff, 0xff, 0xff, 0xff, 0xff, 0xff, 0xff, 0xff, 0xff
.byte 0xff, 0xff, 0xff, 0xff, 0xff, 0xff, 0xff, 0xff, 0xff, 0xff, 0xff, 0xff, 0xff, 0xff, 0xff, 0xff
.byte 0xff, 0xff, 0xff, 0xff, 0xff, 0xff, 0xff, 0xff, 0xff, 0xff, 0xff, 0xff, 0xff, 0xff, 0xff, 0xff
.byte 0xff, 0xff, 0xff, 0xff, 0xff, 0xff, 0xff, 0xff, 0xff, 0xff, 0xff, 0xff, 0xff, 0xff, 0xff, 0xff
.byte 0xff, 0xff, 0xff, 0xff, 0xff, 0xff, 0xff, 0xff, 0xff, 0xff, 0xff, 0xff, 0xff, 0xff, 0xff, 0xff
.byte 0xff, 0xff, 0xff, 0xff, 0xff, 0xff, 0xff, 0xff, 0xff, 0xff, 0xff, 0xff, 0xff, 0xff, 0xff, 0xff
.byte 0xff, 0xff, 0xff, 0xff, 0xff, 0xff, 0xff, 0xff, 0xff, 0xff, 0xff, 0xff, 0xff, 0xff, 0xff, 0xff
.byte 0xff, 0xff, 0xff, 0xff, 0xff, 0xff, 0xff, 0xff, 0xff, 0xff, 0xff, 0xff, 0xff, 0xff, 0xff, 0xff
.byte 0xff, 0xff, 0xff, 0xff, 0xff, 0xff, 0xff, 0xff, 0xff, 0xff, 0xff, 0xff, 0xff, 0xff, 0xff, 0xff
.byte 0x7e, 0xe7, 0xb3, 0x43, 0x51, 0x0a, 0x91, 0x1a, 0x70, 0x12, 0xd2, 0x1a, 0x1a, 0x5d, 0x7f, 0x7e
.byte 0x3f, 0x76, 0x5f, 0x76, 0x9c, 0x65, 0x32, 0x23, 0xee, 0x09, 0x4f, 0x1a, 0x2f, 0x0a, 0x6f, 0x1a
.byte 0x3a, 0xae, 0xff, 0xff, 0xff, 0xff, 0xff, 0xff, 0xff, 0xff, 0xff, 0xff, 0xff, 0xff, 0xff, 0xff
.byte 0xff, 0xff, 0xff, 0xff, 0xff, 0xff, 0xff, 0xff, 0xff, 0xff, 0xff, 0xff, 0xff, 0xff, 0xff, 0xff
.byte 0xff, 0xff, 0xff, 0xff, 0xff, 0xff, 0xff, 0xff, 0xff, 0xff, 0xff, 0xff, 0xff, 0xff, 0xff, 0xff
.byte 0xff, 0xff, 0xff, 0xff, 0xff, 0xff, 0xff, 0xff, 0xff, 0xff, 0xff, 0xff, 0xff, 0xff, 0xff, 0xff
.byte 0xff, 0xff, 0xff, 0xff, 0xff, 0xff, 0xff, 0xff, 0xff, 0xff, 0xff, 0xff, 0xff, 0xff, 0xff, 0xff
.byte 0xff, 0xff, 0xff, 0xff, 0xff, 0xff, 0xff, 0xff, 0xff, 0xff, 0xff, 0xff, 0xff, 0xff, 0xff, 0xff
.byte 0xff, 0xff, 0xff, 0xff, 0xff, 0xff, 0xff, 0xff, 0xff, 0xff, 0xff, 0xff, 0xff, 0xff, 0xff, 0xff
.byte 0xff, 0xff, 0xff, 0xff, 0xff, 0xff, 0xff, 0xff, 0xff, 0xff, 0xff, 0xff, 0xff, 0xff, 0xff, 0xff
.byte 0xff, 0xff, 0xff, 0xff, 0xff, 0xff, 0xff, 0xff, 0xff, 0xff, 0xff, 0xff, 0xff, 0xff, 0xff, 0xff
.byte 0xff, 0xff, 0xff, 0xff, 0xff, 0xff, 0xff, 0xff, 0xff, 0xff, 0xff, 0xff, 0xff, 0xff, 0xff, 0xff
.byte 0xff, 0xff, 0xff, 0xff, 0xff, 0xff, 0xff, 0xff, 0xdf, 0xf7, 0x17, 0x85, 0x0f, 0x0a, 0x91, 0x12
.byte 0x70, 0x12, 0x2f, 0x12, 0xd1, 0x22, 0x98, 0x4c, 0x3b, 0x5d, 0xd9, 0x54, 0x53, 0x2b, 0x2f, 0x12
.byte 0x2f, 0x12, 0x50, 0x1a, 0xce, 0x01, 0x10, 0x33, 0x3d, 0xd7, 0xff, 0xff, 0xff, 0xff, 0xff, 0xff
.byte 0xff, 0xff, 0xff, 0xff, 0xff, 0xff, 0xff, 0xff, 0xff, 0xff, 0xff, 0xff, 0xff, 0xff, 0xff, 0xff
.byte 0xff, 0xff, 0xff, 0xff, 0xff, 0xff, 0xff, 0xff, 0xff, 0xff, 0xff, 0xff, 0xff, 0xff, 0xff, 0xff
.byte 0xff, 0xff, 0xff, 0xff, 0xff, 0xff, 0xff, 0xff, 0xff, 0xff, 0xff, 0xff, 0xff, 0xff, 0xff, 0xff
.byte 0xff, 0xff, 0xff, 0xff, 0xff, 0xff, 0xff, 0xff, 0xff, 0xff, 0xff, 0xff, 0xff, 0xff, 0xff, 0xff
.byte 0xff, 0xff, 0xff, 0xff, 0xff, 0xff, 0xff, 0xff, 0xff, 0xff, 0xff, 0xff, 0xff, 0xff, 0xff, 0xff
.byte 0xff, 0xff, 0xff, 0xff, 0xff, 0xff, 0xff, 0xff, 0xff, 0xff, 0xff, 0xff, 0xff, 0xff, 0xff, 0xff
.byte 0xff, 0xff, 0xff, 0xff, 0xff, 0xff, 0xff, 0xff, 0xff, 0xff, 0xff, 0xff, 0xff, 0xff, 0xff, 0xff
.byte 0xff, 0xff, 0xff, 0xff, 0xff, 0xff, 0xff, 0xff, 0xff, 0xff, 0xff, 0xff, 0xff, 0xff, 0xff, 0xff
.byte 0xff, 0xff, 0xff, 0xff, 0xff, 0xff, 0xff, 0xff, 0xff, 0xff, 0xff, 0xff, 0xff, 0xff, 0xff, 0xff
.byte 0xff, 0xff, 0xff, 0xff, 0xff, 0xff, 0xff, 0xff, 0xff, 0xff, 0xff, 0xff, 0xff, 0xff, 0xff, 0xff
.byte 0xff, 0xff, 0x7b, 0xbe, 0xb0, 0x2a, 0x0f, 0x0a, 0x70, 0x1a, 0x70, 0x1a, 0x2f, 0x12, 0x2f, 0x12
.byte 0x70, 0x12, 0x4f, 0x12, 0x2f, 0x12, 0x50, 0x12, 0x70, 0x1a, 0x0f, 0x0a, 0xed, 0x09, 0x16, 0x8d
.byte 0x9e, 0xef, 0xde, 0xff, 0xff, 0xff, 0xff, 0xff, 0xff, 0xff, 0xff, 0xff, 0xff, 0xff, 0xff, 0xff
.byte 0xff, 0xff, 0xff, 0xff, 0xff, 0xff, 0xff, 0xff, 0xff, 0xff, 0xff, 0xff, 0xff, 0xff, 0xff, 0xff
.byte 0xff, 0xff, 0xff, 0xff, 0xff, 0xff, 0xff, 0xff, 0xff, 0xff, 0xff, 0xff, 0xff, 0xff, 0xff, 0xff
.byte 0xff, 0xff, 0xff, 0xff, 0xff, 0xff, 0xff, 0xff, 0xff, 0xff, 0xff, 0xff, 0xff, 0xff, 0xff, 0xff
.byte 0xff, 0xff, 0xff, 0xff, 0xff, 0xff, 0xff, 0xff, 0xff, 0xff, 0xff, 0xff, 0xff, 0xff, 0xff, 0xff
.byte 0xff, 0xff, 0xff, 0xff, 0xff, 0xff, 0xff, 0xff, 0xff, 0xff, 0xff, 0xff, 0xff, 0xff, 0xff, 0xff
.byte 0xff, 0xff, 0xff, 0xff, 0xff, 0xff, 0xff, 0xff, 0xff, 0xff, 0xff, 0xff, 0xff, 0xff, 0xff, 0xff
.byte 0xff, 0xff, 0xff, 0xff, 0xff, 0xff, 0xff, 0xff, 0xff, 0xff, 0xff, 0xff, 0xff, 0xff, 0xff, 0xff
.byte 0xff, 0xff, 0xff, 0xff, 0xff, 0xff, 0xff, 0xff, 0xff, 0xff, 0xff, 0xff, 0xff, 0xff, 0xff, 0xff
.byte 0xff, 0xff, 0xff, 0xff, 0xff, 0xff, 0xff, 0xff, 0xff, 0xff, 0xff, 0xff, 0xff, 0xff, 0xff, 0xff
.byte 0xff, 0xff, 0xff, 0xff, 0xff, 0xff, 0xff, 0xff, 0xff, 0xff, 0xdf, 0xff, 0x99, 0x9d, 0x2e, 0x12
.byte 0x0f, 0x02, 0x71, 0x12, 0x91, 0x1a, 0x70, 0x12, 0x50, 0x12, 0x70, 0x1a, 0x70, 0x1a, 0x70, 0x12
.byte 0x0f, 0x0a, 0xad, 0x01, 0x54, 0x6c, 0xff, 0xf7, 0xbe, 0xf7, 0xff, 0xff, 0xff, 0xff, 0xff, 0xff
.byte 0xff, 0xff, 0xff, 0xff, 0xff, 0xff, 0xff, 0xff, 0xff, 0xff, 0xff, 0xff, 0xff, 0xff, 0xff, 0xff
.byte 0xff, 0xff, 0xff, 0xff, 0xff, 0xff, 0xff, 0xff, 0xff, 0xff, 0xff, 0xff, 0xff, 0xff, 0xff, 0xff
.byte 0xff, 0xff, 0xff, 0xff, 0xff, 0xff, 0xff, 0xff, 0xff, 0xff, 0xff, 0xff, 0xff, 0xff, 0xff, 0xff
.byte 0xff, 0xff, 0xff, 0xff, 0xff, 0xff, 0xff, 0xff, 0xff, 0xff, 0xff, 0xff, 0xff, 0xff, 0xff, 0xff
.byte 0xff, 0xff, 0xff, 0xff, 0xff, 0xff, 0xff, 0xff, 0xff, 0xff, 0xff, 0xff, 0xff, 0xff, 0xff, 0xff
.byte 0xff, 0xff, 0xff, 0xff, 0xff, 0xff, 0xff, 0xff, 0xff, 0xff, 0xff, 0xff, 0xff, 0xff, 0xff, 0xff
.byte 0xff, 0xff, 0xff, 0xff, 0xff, 0xff, 0xff, 0xff, 0xff, 0xff, 0xff, 0xff, 0xff, 0xff, 0xff, 0xff
.byte 0xff, 0xff, 0xff, 0xff, 0xff, 0xff, 0xff, 0xff, 0xff, 0xff, 0xff, 0xff, 0xff, 0xff, 0xff, 0xff
.byte 0xff, 0xff, 0xff, 0xff, 0xff, 0xff, 0xff, 0xff, 0xff, 0xff, 0xff, 0xff, 0xff, 0xff, 0xff, 0xff
.byte 0xff, 0xff, 0xff, 0xff, 0xff, 0xff, 0xff, 0xff, 0xff, 0xff, 0xff, 0xff, 0xff, 0xff, 0xff, 0xff
.byte 0xff, 0xff, 0xff, 0xff, 0x9e, 0xef, 0x99, 0x9d, 0x90, 0x22, 0xee, 0x01, 0x10, 0x0a, 0x50, 0x0a
.byte 0x50, 0x12, 0x50, 0x12, 0x0f, 0x0a, 0xce, 0x01, 0x2f, 0x12, 0xb5, 0x74, 0xdf, 0xf7, 0xff, 0xff
.byte 0xdf, 0xff, 0xff, 0xff, 0xff, 0xff, 0xff, 0xff, 0xff, 0xff, 0xff, 0xff, 0xff, 0xff, 0xff, 0xff
.byte 0xff, 0xff, 0xff, 0xff, 0xff, 0xff, 0xff, 0xff, 0xff, 0xff, 0xff, 0xff, 0xff, 0xff, 0xff, 0xff
.byte 0xff, 0xff, 0xff, 0xff, 0xff, 0xff, 0xff, 0xff, 0xff, 0xff, 0xff, 0xff, 0xff, 0xff, 0xff, 0xff
.byte 0xff, 0xff, 0xff, 0xff, 0xff, 0xff, 0xff, 0xff, 0xff, 0xff, 0xff, 0xff, 0xff, 0xff, 0xff, 0xff
.byte 0xff, 0xff, 0xff, 0xff, 0xff, 0xff, 0xff, 0xff, 0xff, 0xff, 0xff, 0xff, 0xff, 0xff, 0xff, 0xff
.byte 0xff, 0xff, 0xff, 0xff, 0xff, 0xff, 0xff, 0xff, 0xff, 0xff, 0xff, 0xff, 0xff, 0xff, 0xff, 0xff
.byte 0xff, 0xff, 0xff, 0xff, 0xff, 0xff, 0xff, 0xff, 0xff, 0xff, 0xff, 0xff, 0xff, 0xff, 0xff, 0xff
.byte 0xff, 0xff, 0xff, 0xff, 0xff, 0xff, 0xff, 0xff, 0xff, 0xff, 0xff, 0xff, 0xff, 0xff, 0xff, 0xff
.byte 0xff, 0xff, 0xff, 0xff, 0xff, 0xff, 0xff, 0xff, 0xff, 0xff, 0xff, 0xff, 0xff, 0xff, 0xff, 0xff
.byte 0xff, 0xff, 0xff, 0xff, 0xff, 0xff, 0xff, 0xff, 0xff, 0xff, 0xff, 0xff, 0xff, 0xff, 0xff, 0xff
.byte 0xff, 0xff, 0xff, 0xff, 0xff, 0xff, 0xff, 0xff, 0xff, 0xff, 0xff, 0xff, 0xff, 0xff, 0xdf, 0xf7
.byte 0x3a, 0xb6, 0x96, 0x6c, 0xf1, 0x2a, 0x70, 0x1a, 0x70, 0x12, 0x6f, 0x1a, 0xb0, 0x22, 0xd3, 0x53
.byte 0x1a, 0xa6, 0xff, 0xff, 0xff, 0xff, 0xff, 0xff, 0xff, 0xff, 0xff, 0xff, 0xff, 0xff, 0xff, 0xff
.byte 0xff, 0xff, 0xff, 0xff, 0xff, 0xff, 0xff, 0xff, 0xff, 0xff, 0xff, 0xff, 0xff, 0xff, 0xff, 0xff
.byte 0xff, 0xff, 0xff, 0xff, 0xff, 0xff, 0xff, 0xff, 0xff, 0xff, 0xff, 0xff, 0xff, 0xff, 0xff, 0xff
.byte 0xff, 0xff, 0xff, 0xff, 0xff, 0xff, 0xff, 0xff, 0xff, 0xff, 0xff, 0xff, 0xff, 0xff, 0xff, 0xff
.byte 0xff, 0xff, 0xff, 0xff, 0xff, 0xff, 0xff, 0xff, 0xff, 0xff, 0xff, 0xff, 0xff, 0xff, 0xff, 0xff
.byte 0xff, 0xff, 0xff, 0xff, 0xff, 0xff, 0xff, 0xff, 0xff, 0xff, 0xff, 0xff, 0xff, 0xff, 0xff, 0xff
.byte 0xff, 0xff, 0xff, 0xff, 0xff, 0xff, 0xff, 0xff, 0xff, 0xff, 0xff, 0xff, 0xff, 0xff, 0xff, 0xff
.byte 0xff, 0xff, 0xff, 0xff, 0xff, 0xff, 0xff, 0xff, 0xff, 0xff, 0xff, 0xff, 0xff, 0xff, 0xff, 0xff
.byte 0xff, 0xff, 0xff, 0xff, 0xff, 0xff, 0xff, 0xff, 0xff, 0xff, 0xff, 0xff, 0xff, 0xff, 0xff, 0xff
.byte 0xff, 0xff, 0xff, 0xff, 0xff, 0xff, 0xff, 0xff, 0xff, 0xff, 0xff, 0xff, 0xff, 0xff, 0xff, 0xff
.byte 0xff, 0xff, 0xff, 0xff, 0xff, 0xff, 0xff, 0xff, 0xff, 0xff, 0xff, 0xff, 0xff, 0xff, 0xff, 0xff
.byte 0xff, 0xff, 0xff, 0xff, 0xff, 0xff, 0xff, 0xff, 0xff, 0xff, 0xbf, 0xf7, 0xdc, 0xce, 0x1a, 0xae
.byte 0xd9, 0xa5, 0xf9, 0xad, 0x7b, 0xbe, 0x5d, 0xe7, 0x9d, 0xf7, 0xff, 0xff, 0xff, 0xff, 0xff, 0xff
.byte 0xff, 0xff, 0xff, 0xff, 0xff, 0xff, 0xff, 0xff, 0xff, 0xff, 0xff, 0xff, 0xff, 0xff, 0xff, 0xff
.byte 0xff, 0xff, 0xff, 0xff, 0xff, 0xff, 0xff, 0xff, 0xff, 0xff, 0xff, 0xff, 0xff, 0xff, 0xff, 0xff
.byte 0xff, 0xff, 0xff, 0xff, 0xff, 0xff, 0xff, 0xff, 0xff, 0xff, 0xff, 0xff, 0xff, 0xff, 0xff, 0xff
.byte 0xff, 0xff, 0xff, 0xff, 0xff, 0xff, 0xff, 0xff, 0xff, 0xff, 0xff, 0xff, 0xff, 0xff, 0xff, 0xff
.byte 0xff, 0xff, 0xff, 0xff, 0xff, 0xff, 0xff, 0xff, 0xff, 0xff, 0xff, 0xff, 0xff, 0xff, 0xff, 0xff
.byte 0xff, 0xff, 0xff, 0xff, 0xff, 0xff, 0xff, 0xff, 0xff, 0xff, 0xff, 0xff, 0xff, 0xff, 0xff, 0xff
.byte 0xff, 0xff, 0xff, 0xff, 0xff, 0xff, 0xff, 0xff, 0xff, 0xff, 0xff, 0xff, 0xff, 0xff, 0xff, 0xff
.byte 0xff, 0xff, 0xff, 0xff, 0xff, 0xff, 0xff, 0xff, 0xff, 0xff, 0xff, 0xff, 0xff, 0xff, 0xff, 0xff
.byte 0xff, 0xff, 0xff, 0xff, 0xff, 0xff, 0xff, 0xff, 0xff, 0xff, 0xff, 0xff, 0xff, 0xff, 0xff, 0xff
.byte 0xff, 0xff, 0xff, 0xff, 0xff, 0xff, 0xff, 0xff, 0xff, 0xff, 0xff, 0xff, 0xff, 0xff, 0xff, 0xff
.byte 0xff, 0xff, 0xff, 0xff, 0xff, 0xff, 0xff, 0xff, 0xff, 0xff, 0xff, 0xff, 0xff, 0xff, 0xff, 0xff
.byte 0xff, 0xff, 0xff, 0xff, 0xff, 0xff, 0xff, 0xff, 0xff, 0xff, 0xff, 0xff, 0xff, 0xff, 0xff, 0xff
.byte 0xdf, 0xff, 0xff, 0xff, 0xff, 0xff, 0xff, 0xff, 0xff, 0xff, 0xff, 0xff, 0xff, 0xff, 0xff, 0xff
.byte 0xff, 0xff, 0xff, 0xff, 0xff, 0xff, 0xff, 0xff, 0xff, 0xff, 0xff, 0xff, 0xff, 0xff, 0xff, 0xff
.byte 0xff, 0xff, 0xff, 0xff, 0xff, 0xff, 0xff, 0xff, 0xff, 0xff, 0xff, 0xff, 0xff, 0xff, 0xff, 0xff
.byte 0xff, 0xff, 0xff, 0xff, 0xff, 0xff, 0xff, 0xff, 0xff, 0xff, 0xff, 0xff, 0xff, 0xff, 0xff, 0xff
.byte 0xff, 0xff, 0xff, 0xff, 0xff, 0xff, 0xff, 0xff, 0xff, 0xff, 0xff, 0xff, 0xff, 0xff, 0xff, 0xff
.byte 0xff, 0xff, 0xff, 0xff, 0xff, 0xff, 0xff, 0xff, 0xff, 0xff, 0xff, 0xff, 0xff, 0xff, 0xff, 0xff
.byte 0xff, 0xff, 0xff, 0xff, 0xff, 0xff, 0xff, 0xff, 0xff, 0xff, 0xff, 0xff, 0xff, 0xff, 0xff, 0xff
.byte 0xff, 0xff, 0xff, 0xff, 0xff, 0xff, 0xff, 0xff, 0xff, 0xff, 0xff, 0xff, 0xff, 0xff, 0xff, 0xff
.byte 0xff, 0xff, 0xff, 0xff, 0xff, 0xff, 0xff, 0xff, 0xff, 0xff, 0xff, 0xff, 0xff, 0xff, 0xff, 0xff
.byte 0xff, 0xff, 0xff, 0xff, 0xff, 0xff, 0xff, 0xff, 0xff, 0xff, 0xff, 0xff, 0xff, 0xff, 0xff, 0xff
.byte 0xff, 0xff, 0xff, 0xff, 0xff, 0xff, 0xff, 0xff, 0xff, 0xff, 0xff, 0xff, 0xff, 0xff, 0xff, 0xff
.byte 0xff, 0xff, 0xff, 0xff, 0xff, 0xff, 0xff, 0xff, 0xff, 0xff, 0xff, 0xff, 0xff, 0xff, 0xff, 0xff
.byte 0xff, 0xff, 0xff, 0xff, 0xff, 0xff, 0xff, 0xff, 0xff, 0xff, 0xff, 0xff, 0xff, 0xff, 0xff, 0xff
.byte 0xff, 0xff, 0xff, 0xff, 0xff, 0xff, 0xff, 0xff, 0xff, 0xff, 0xff, 0xff, 0xff, 0xff, 0xff, 0xff
.byte 0xff, 0xff, 0xff, 0xff, 0xff, 0xff, 0xff, 0xff, 0xff, 0xff, 0xff, 0xff, 0xff, 0xff, 0xff, 0xff
.byte 0xff, 0xff, 0xff, 0xff, 0xff, 0xff, 0xff, 0xff, 0xff, 0xff, 0xff, 0xff, 0xff, 0xff, 0xff, 0xff
.byte 0xff, 0xff, 0xff, 0xff, 0xff, 0xff, 0xff, 0xff, 0xff, 0xff, 0xff, 0xff, 0xff, 0xff, 0xff, 0xff
.byte 0xff, 0xff, 0xff, 0xff, 0xff, 0xff, 0xff, 0xff, 0xff, 0xff, 0xff, 0xff, 0xff, 0xff, 0xff, 0xff
.byte 0xff, 0xff, 0xff, 0xff, 0xff, 0xff, 0xff, 0xff, 0xff, 0xff, 0xff, 0xff, 0xff, 0xff, 0xff, 0xff
.byte 0xff, 0xff, 0xff, 0xff, 0xff, 0xff, 0xff, 0xff, 0xff, 0xff, 0xff, 0xff, 0xff, 0xff, 0xff, 0xff
.byte 0xff, 0xff, 0xff, 0xff, 0xff, 0xff, 0xff, 0xff, 0xff, 0xff, 0xff, 0xff, 0xff, 0xff, 0xff, 0xff
.byte 0xff, 0xff, 0xff, 0xff, 0xff, 0xff, 0xff, 0xff, 0xff, 0xff, 0xff, 0xff, 0xff, 0xff, 0xff, 0xff
.byte 0xff, 0xff, 0xff, 0xff, 0xff, 0xff, 0xff, 0xff, 0xff, 0xff, 0xff, 0xff, 0xff, 0xff, 0xff, 0xff

.global _binary_hot_wind_bin_end
_binary_hot_wind_bin_end: /* for objcopy compatibility */


.global hot_wind_bin_length
hot_wind_bin_length:
.long 20000
