/* * Data converted from E:/Embedded-Systems/ESP32 Workspace/01_ST7789_Display_Module/main/om.bin
 */
.data
#if !defined (__APPLE__) && !defined (__linux__)
.section .rodata.embedded
#endif

.global om_bin
om_bin:

.global _binary_om_bin_start
_binary_om_bin_start: /* for objcopy compatibility */
.byte 0x00, 0x00, 0x00, 0x00, 0x00, 0x00, 0x00, 0x00, 0x00, 0x00, 0x00, 0x00, 0x00, 0x00, 0x00, 0x00
.byte 0x00, 0x00, 0x00, 0x00, 0x00, 0x00, 0x00, 0x00, 0x00, 0x00, 0x00, 0x00, 0x00, 0x00, 0x00, 0x00
.byte 0x00, 0x00, 0x00, 0x00, 0x00, 0x00, 0x00, 0x00, 0x00, 0x00, 0x00, 0x00, 0x00, 0x00, 0x00, 0x00
.byte 0x00, 0x00, 0x00, 0x00, 0x00, 0x00, 0x00, 0x00, 0x00, 0x00, 0x00, 0x00, 0x00, 0x00, 0x00, 0x00
.byte 0x00, 0x00, 0x00, 0x00, 0x00, 0x00, 0x00, 0x00, 0x00, 0x00, 0x00, 0x00, 0x00, 0x00, 0x00, 0x00
.byte 0x00, 0x00, 0x00, 0x00, 0x00, 0x00, 0x00, 0x00, 0x00, 0x00, 0x00, 0x00, 0x00, 0x00, 0x00, 0x00
.byte 0x00, 0x00, 0x00, 0x00, 0x00, 0x00, 0x00, 0x00, 0x00, 0x00, 0x00, 0x00, 0x00, 0x00, 0x00, 0x00
.byte 0x00, 0x00, 0x00, 0x00, 0x00, 0x00, 0x00, 0x00, 0x00, 0x00, 0x00, 0x00, 0x00, 0x00, 0x00, 0x00
.byte 0x00, 0x00, 0x00, 0x00, 0x00, 0x00, 0x00, 0x00, 0x00, 0x00, 0x00, 0x00, 0x00, 0x00, 0x00, 0x00
.byte 0x00, 0x00, 0x00, 0x00, 0x00, 0x00, 0x00, 0x00, 0x00, 0x00, 0x00, 0x00, 0x00, 0x00, 0x00, 0x00
.byte 0x00, 0x00, 0x00, 0x00, 0x00, 0x00, 0x00, 0x00, 0x00, 0x00, 0x00, 0x00, 0x00, 0x00, 0x00, 0x00
.byte 0x00, 0x00, 0x00, 0x00, 0x00, 0x00, 0x00, 0x00, 0x00, 0x00, 0x00, 0x00, 0x00, 0x00, 0x00, 0x00
.byte 0x00, 0x00, 0x00, 0x00, 0x00, 0x00, 0x00, 0x00, 0x00, 0x00, 0x00, 0x00, 0x00, 0x00, 0x00, 0x00
.byte 0x00, 0x00, 0x00, 0x00, 0x00, 0x00, 0x00, 0x00, 0x00, 0x00, 0x00, 0x00, 0x00, 0x00, 0x00, 0x00
.byte 0x00, 0x00, 0x00, 0x00, 0x00, 0x00, 0x00, 0x00, 0x00, 0x00, 0x00, 0x00, 0x00, 0x00, 0x00, 0x00
.byte 0x00, 0x00, 0x00, 0x00, 0x00, 0x00, 0x00, 0x00, 0x00, 0x00, 0x00, 0x00, 0x00, 0x00, 0x00, 0x00
.byte 0x00, 0x00, 0x00, 0x00, 0x00, 0x00, 0x00, 0x00, 0x00, 0x00, 0x00, 0x00, 0x00, 0x00, 0x00, 0x00
.byte 0x00, 0x00, 0x00, 0x00, 0x00, 0x00, 0x00, 0x00, 0x00, 0x00, 0x00, 0x00, 0x00, 0x00, 0x00, 0x00
.byte 0x00, 0x00, 0x00, 0x00, 0x00, 0x00, 0x00, 0x00, 0x00, 0x00, 0x00, 0x00, 0x00, 0x00, 0x00, 0x00
.byte 0x00, 0x00, 0x00, 0x00, 0x00, 0x00, 0x00, 0x00, 0x00, 0x00, 0x00, 0x00, 0x00, 0x00, 0x00, 0x00
.byte 0x00, 0x00, 0x00, 0x00, 0x00, 0x00, 0x00, 0x00, 0x00, 0x00, 0x00, 0x00, 0x00, 0x00, 0x00, 0x00
.byte 0x00, 0x00, 0x00, 0x00, 0x00, 0x00, 0x00, 0x00, 0x00, 0x00, 0x00, 0x00, 0x00, 0x00, 0x00, 0x00
.byte 0x00, 0x00, 0x00, 0x00, 0x00, 0x00, 0x00, 0x00, 0x00, 0x00, 0x00, 0x00, 0x00, 0x00, 0x00, 0x00
.byte 0x00, 0x00, 0x00, 0x00, 0x00, 0x00, 0x00, 0x00, 0x00, 0x00, 0x00, 0x00, 0x00, 0x00, 0x00, 0x00
.byte 0x00, 0x00, 0x00, 0x00, 0x00, 0x00, 0x00, 0x00, 0x00, 0x00, 0x00, 0x00, 0x00, 0x00, 0x00, 0x00
.byte 0x00, 0x00, 0x00, 0x00, 0x00, 0x00, 0x00, 0x00, 0x00, 0x00, 0x00, 0x00, 0x00, 0x00, 0x00, 0x00
.byte 0x00, 0x00, 0x00, 0x00, 0x00, 0x00, 0x00, 0x00, 0x00, 0x00, 0x00, 0x00, 0x00, 0x00, 0x00, 0x00
.byte 0x00, 0x00, 0x00, 0x00, 0x00, 0x00, 0x00, 0x00, 0x00, 0x00, 0x00, 0x00, 0x00, 0x00, 0x00, 0x00
.byte 0x00, 0x00, 0x00, 0x00, 0x00, 0x00, 0x00, 0x00, 0x00, 0x00, 0x00, 0x00, 0x00, 0x00, 0x00, 0x00
.byte 0x00, 0x00, 0x00, 0x00, 0x00, 0x00, 0x00, 0x00, 0x00, 0x00, 0x00, 0x00, 0x00, 0x00, 0x00, 0x00
.byte 0x00, 0x00, 0x00, 0x00, 0x00, 0x00, 0x00, 0x00, 0x00, 0x00, 0x00, 0x00, 0x00, 0x00, 0x00, 0x00
.byte 0x00, 0x00, 0x00, 0x00, 0x00, 0x00, 0x00, 0x00, 0x00, 0x00, 0x00, 0x00, 0x00, 0x00, 0x00, 0x00
.byte 0x00, 0x00, 0x00, 0x00, 0x00, 0x00, 0x00, 0x00, 0x00, 0x00, 0x00, 0x00, 0x00, 0x00, 0x00, 0x00
.byte 0x00, 0x00, 0x00, 0x00, 0x00, 0x00, 0x00, 0x00, 0x00, 0x00, 0x00, 0x00, 0x00, 0x00, 0x00, 0x00
.byte 0x00, 0x00, 0x00, 0x00, 0x00, 0x00, 0x00, 0x00, 0x00, 0x00, 0x00, 0x00, 0x00, 0x00, 0x00, 0x00
.byte 0x00, 0x00, 0x00, 0x00, 0x00, 0x00, 0x00, 0x00, 0x00, 0x00, 0x00, 0x00, 0x00, 0x00, 0x00, 0x00
.byte 0x00, 0x00, 0x00, 0x00, 0x00, 0x00, 0x00, 0x00, 0x00, 0x00, 0x00, 0x00, 0x00, 0x00, 0x00, 0x00
.byte 0x00, 0x00, 0x00, 0x00, 0x00, 0x00, 0x00, 0x00, 0x00, 0x00, 0x00, 0x00, 0x00, 0x00, 0x00, 0x00
.byte 0x00, 0x00, 0x00, 0x00, 0x00, 0x00, 0x00, 0x00, 0x00, 0x00, 0x00, 0x00, 0x00, 0x00, 0x00, 0x00
.byte 0x00, 0x00, 0x00, 0x00, 0x00, 0x00, 0x00, 0x00, 0x00, 0x00, 0x00, 0x00, 0x00, 0x00, 0x00, 0x00
.byte 0x00, 0x00, 0x00, 0x00, 0x00, 0x00, 0x00, 0x00, 0x00, 0x00, 0x00, 0x00, 0x00, 0x00, 0x00, 0x00
.byte 0x00, 0x00, 0x00, 0x00, 0x00, 0x00, 0x00, 0x00, 0x00, 0x00, 0x00, 0x00, 0x00, 0x00, 0x00, 0x00
.byte 0x00, 0x00, 0x00, 0x00, 0x00, 0x00, 0x00, 0x00, 0x00, 0x00, 0x00, 0x00, 0x00, 0x00, 0x00, 0x00
.byte 0x00, 0x00, 0x00, 0x00, 0x00, 0x00, 0x00, 0x00, 0x00, 0x00, 0x00, 0x00, 0x00, 0x00, 0x00, 0x00
.byte 0x00, 0x00, 0x00, 0x00, 0x00, 0x00, 0x00, 0x00, 0x00, 0x00, 0x00, 0x00, 0x00, 0x00, 0x00, 0x00
.byte 0x00, 0x00, 0x00, 0x00, 0x00, 0x00, 0x00, 0x00, 0x00, 0x00, 0x00, 0x00, 0x00, 0x00, 0x00, 0x00
.byte 0x00, 0x00, 0x00, 0x00, 0x00, 0x00, 0x00, 0x00, 0x00, 0x00, 0x00, 0x00, 0x00, 0x00, 0x00, 0x00
.byte 0x00, 0x00, 0x00, 0x00, 0x00, 0x00, 0x00, 0x00, 0x00, 0x00, 0x00, 0x00, 0x00, 0x00, 0x00, 0x00
.byte 0x00, 0x00, 0x00, 0x00, 0x00, 0x00, 0x00, 0x00, 0x00, 0x00, 0x00, 0x00, 0x00, 0x00, 0x00, 0x00
.byte 0x00, 0x00, 0x00, 0x00, 0x00, 0x00, 0x00, 0x00, 0x00, 0x00, 0x00, 0x00, 0x00, 0x00, 0x00, 0x00
.byte 0x00, 0x00, 0x00, 0x00, 0x00, 0x00, 0x00, 0x00, 0x00, 0x00, 0x00, 0x00, 0x00, 0x00, 0x00, 0x00
.byte 0x00, 0x00, 0x00, 0x00, 0x00, 0x00, 0x00, 0x00, 0x00, 0x00, 0x00, 0x00, 0x00, 0x00, 0x00, 0x00
.byte 0x00, 0x00, 0x00, 0x00, 0x00, 0x00, 0x00, 0x00, 0x00, 0x00, 0x00, 0x00, 0x00, 0x00, 0x00, 0x00
.byte 0x00, 0x00, 0x00, 0x00, 0x00, 0x00, 0x00, 0x00, 0x00, 0x00, 0x00, 0x00, 0x00, 0x00, 0x00, 0x00
.byte 0x00, 0x00, 0x00, 0x00, 0x00, 0x00, 0x00, 0x00, 0x00, 0x00, 0x00, 0x00, 0x00, 0x00, 0x00, 0x00
.byte 0x00, 0x00, 0x00, 0x00, 0x00, 0x00, 0x00, 0x00, 0x00, 0x00, 0x00, 0x00, 0x00, 0x00, 0x00, 0x00
.byte 0x00, 0x00, 0x00, 0x00, 0x00, 0x00, 0x00, 0x00, 0x00, 0x00, 0x00, 0x00, 0x00, 0x00, 0x00, 0x00
.byte 0x00, 0x00, 0x00, 0x00, 0x00, 0x00, 0x00, 0x00, 0x00, 0x00, 0x00, 0x00, 0x00, 0x00, 0x00, 0x00
.byte 0x00, 0x00, 0x00, 0x00, 0x00, 0x00, 0x00, 0x00, 0x00, 0x00, 0x00, 0x00, 0x00, 0x00, 0x00, 0x00
.byte 0x00, 0x00, 0x00, 0x00, 0x00, 0x00, 0x00, 0x00, 0x00, 0x00, 0x00, 0x00, 0x00, 0x00, 0x00, 0x00
.byte 0x00, 0x00, 0x00, 0x00, 0x00, 0x00, 0x00, 0x00, 0x00, 0x00, 0x00, 0x00, 0x00, 0x00, 0x00, 0x00
.byte 0x00, 0x00, 0x00, 0x00, 0x00, 0x00, 0x00, 0x00, 0x00, 0x00, 0x00, 0x00, 0x00, 0x00, 0x00, 0x00
.byte 0x00, 0x00, 0x00, 0x00, 0x00, 0x00, 0x00, 0x00, 0x00, 0x00, 0x00, 0x00, 0x00, 0x00, 0x00, 0x00
.byte 0x00, 0x00, 0x00, 0x00, 0x00, 0x00, 0x00, 0x00, 0x00, 0x00, 0x00, 0x00, 0x00, 0x00, 0x00, 0x00
.byte 0x00, 0x00, 0x00, 0x00, 0x00, 0x00, 0x00, 0x00, 0x00, 0x00, 0x00, 0x00, 0x00, 0x00, 0x00, 0x00
.byte 0x00, 0x00, 0x00, 0x00, 0x00, 0x00, 0x00, 0x00, 0x00, 0x00, 0x00, 0x00, 0x00, 0x00, 0x00, 0x00
.byte 0x00, 0x00, 0x00, 0x00, 0x00, 0x00, 0x00, 0x00, 0x00, 0x00, 0x00, 0x00, 0x00, 0x00, 0x00, 0x00
.byte 0x00, 0x00, 0x00, 0x00, 0x00, 0x00, 0x00, 0x00, 0x00, 0x00, 0x00, 0x00, 0x00, 0x00, 0x00, 0x00
.byte 0x00, 0x00, 0x00, 0x00, 0x00, 0x00, 0x00, 0x00, 0x00, 0x00, 0x00, 0x00, 0x00, 0x00, 0x00, 0x00
.byte 0x00, 0x00, 0x00, 0x00, 0x00, 0x00, 0x00, 0x00, 0x00, 0x00, 0x00, 0x00, 0x00, 0x00, 0x00, 0x00
.byte 0x00, 0x00, 0x00, 0x00, 0x00, 0x00, 0x00, 0x00, 0x00, 0x00, 0x00, 0x00, 0x00, 0x00, 0x00, 0x00
.byte 0x00, 0x00, 0x00, 0x00, 0x00, 0x00, 0x00, 0x00, 0x00, 0x00, 0x00, 0x00, 0x00, 0x00, 0x00, 0x00
.byte 0x00, 0x00, 0x00, 0x00, 0x00, 0x00, 0x00, 0x00, 0x00, 0x00, 0x00, 0x00, 0x00, 0x00, 0x00, 0x00
.byte 0x00, 0x00, 0x00, 0x00, 0x00, 0x00, 0x00, 0x00, 0x00, 0x00, 0x00, 0x00, 0x00, 0x00, 0x00, 0x00
.byte 0x00, 0x00, 0x00, 0x00, 0x00, 0x00, 0x00, 0x00, 0x00, 0x00, 0x00, 0x00, 0x00, 0x00, 0x00, 0x00
.byte 0x00, 0x00, 0x00, 0x00, 0x00, 0x00, 0x00, 0x00, 0x00, 0x00, 0x00, 0x00, 0x00, 0x00, 0x00, 0x00
.byte 0x00, 0x00, 0x00, 0x00, 0x00, 0x00, 0x00, 0x00, 0x00, 0x00, 0x00, 0x00, 0x00, 0x00, 0x00, 0x00
.byte 0x00, 0x00, 0x00, 0x00, 0x00, 0x00, 0x00, 0x00, 0x00, 0x00, 0x00, 0x00, 0x00, 0x00, 0x00, 0x00
.byte 0x00, 0x00, 0x00, 0x00, 0x00, 0x00, 0x00, 0x00, 0x00, 0x00, 0x00, 0x00, 0x00, 0x00, 0x00, 0x00
.byte 0x00, 0x00, 0x00, 0x00, 0x00, 0x00, 0x00, 0x00, 0x00, 0x00, 0x00, 0x00, 0x00, 0x00, 0x00, 0x00
.byte 0x00, 0x00, 0x00, 0x00, 0x00, 0x00, 0x00, 0x00, 0x00, 0x00, 0x00, 0x00, 0x00, 0x00, 0x00, 0x00
.byte 0x00, 0x00, 0x00, 0x00, 0x00, 0x00, 0x00, 0x00, 0x00, 0x00, 0x00, 0x00, 0x00, 0x00, 0x00, 0x00
.byte 0x00, 0x00, 0x00, 0x00, 0x00, 0x00, 0x00, 0x00, 0x00, 0x00, 0x00, 0x00, 0x00, 0x00, 0x00, 0x00
.byte 0x00, 0x00, 0x00, 0x00, 0x00, 0x00, 0x00, 0x00, 0x00, 0x00, 0x00, 0x00, 0x00, 0x00, 0x00, 0x00
.byte 0x00, 0x00, 0x00, 0x00, 0x00, 0x00, 0x00, 0x00, 0x00, 0x00, 0x00, 0x00, 0x00, 0x00, 0x00, 0x00
.byte 0x00, 0x00, 0x00, 0x00, 0x00, 0x00, 0x00, 0x00, 0x00, 0x00, 0x00, 0x00, 0x00, 0x00, 0x00, 0x00
.byte 0x00, 0x00, 0x00, 0x00, 0x00, 0x00, 0x00, 0x00, 0x00, 0x00, 0x00, 0x00, 0x00, 0x00, 0x00, 0x00
.byte 0x00, 0x00, 0x00, 0x00, 0x00, 0x00, 0x00, 0x00, 0x00, 0x00, 0x00, 0x00, 0x00, 0x00, 0x00, 0x00
.byte 0x00, 0x00, 0x00, 0x00, 0x00, 0x00, 0x00, 0x00, 0x00, 0x00, 0x00, 0x00, 0x00, 0x00, 0x00, 0x00
.byte 0x00, 0x00, 0x00, 0x00, 0x00, 0x00, 0x00, 0x00, 0x00, 0x00, 0x00, 0x00, 0x00, 0x00, 0x00, 0x00
.byte 0x00, 0x00, 0x00, 0x00, 0x00, 0x00, 0x00, 0x00, 0x00, 0x00, 0x00, 0x00, 0x00, 0x00, 0x00, 0x00
.byte 0x00, 0x00, 0x00, 0x00, 0x00, 0x00, 0x00, 0x00, 0x00, 0x00, 0x00, 0x00, 0x00, 0x00, 0x00, 0x00
.byte 0x00, 0x00, 0x00, 0x00, 0x00, 0x00, 0x00, 0x00, 0x00, 0x00, 0x00, 0x00, 0x00, 0x00, 0x00, 0x00
.byte 0x00, 0x00, 0x00, 0x00, 0x00, 0x00, 0x00, 0x00, 0x00, 0x00, 0x00, 0x00, 0x00, 0x00, 0x00, 0x00
.byte 0x00, 0x00, 0x00, 0x00, 0x00, 0x00, 0x00, 0x00, 0x00, 0x00, 0x00, 0x00, 0x00, 0x00, 0x00, 0x00
.byte 0x00, 0x00, 0x00, 0x00, 0x00, 0x00, 0x00, 0x00, 0x00, 0x00, 0x00, 0x00, 0x00, 0x00, 0x00, 0x00
.byte 0x00, 0x00, 0x00, 0x00, 0x00, 0x00, 0x00, 0x00, 0x00, 0x00, 0x00, 0x00, 0x00, 0x00, 0x00, 0x00
.byte 0x00, 0x00, 0x00, 0x00, 0x00, 0x00, 0x00, 0x00, 0x00, 0x00, 0x00, 0x00, 0x00, 0x00, 0x00, 0x00
.byte 0x00, 0x00, 0x00, 0x00, 0x00, 0x00, 0x00, 0x00, 0x00, 0x00, 0x00, 0x00, 0x00, 0x00, 0x00, 0x00
.byte 0x00, 0x00, 0x00, 0x00, 0x00, 0x00, 0x00, 0x00, 0x00, 0x00, 0x00, 0x00, 0x00, 0x00, 0x00, 0x00
.byte 0x00, 0x00, 0x00, 0x00, 0x00, 0x00, 0x00, 0x00, 0x00, 0x00, 0x00, 0x00, 0x00, 0x00, 0x00, 0x00
.byte 0x00, 0x00, 0x00, 0x00, 0x00, 0x00, 0x00, 0x00, 0x00, 0x00, 0x00, 0x00, 0x00, 0x00, 0x00, 0x00
.byte 0x00, 0x00, 0x00, 0x00, 0x00, 0x00, 0x00, 0x00, 0x00, 0x00, 0x00, 0x00, 0x00, 0x00, 0x00, 0x00
.byte 0x00, 0x00, 0x00, 0x00, 0x00, 0x00, 0x00, 0x00, 0x00, 0x00, 0x00, 0x00, 0x00, 0x00, 0x00, 0x00
.byte 0x00, 0x00, 0x00, 0x00, 0x00, 0x00, 0x00, 0x00, 0x00, 0x00, 0x00, 0x00, 0x00, 0x00, 0x00, 0x00
.byte 0x00, 0x00, 0x00, 0x00, 0x00, 0x00, 0x00, 0x00, 0x00, 0x00, 0x00, 0x00, 0x00, 0x00, 0x00, 0x00
.byte 0x00, 0x00, 0x00, 0x00, 0x00, 0x00, 0x00, 0x00, 0x00, 0x00, 0x00, 0x00, 0x00, 0x00, 0x00, 0x00
.byte 0x00, 0x00, 0x00, 0x00, 0x00, 0x00, 0x00, 0x00, 0x00, 0x00, 0x00, 0x00, 0x00, 0x00, 0x00, 0x00
.byte 0x00, 0x00, 0x00, 0x00, 0x00, 0x00, 0x00, 0x00, 0x00, 0x00, 0x00, 0x00, 0x00, 0x00, 0x00, 0x00
.byte 0x00, 0x00, 0x00, 0x00, 0x00, 0x00, 0x00, 0x00, 0x00, 0x00, 0x00, 0x00, 0x00, 0x00, 0x00, 0x00
.byte 0x00, 0x00, 0x00, 0x00, 0x00, 0x00, 0x00, 0x00, 0x00, 0x00, 0x00, 0x00, 0x00, 0x00, 0x00, 0x00
.byte 0x00, 0x00, 0x00, 0x00, 0x00, 0x00, 0x00, 0x00, 0x00, 0x00, 0x00, 0x00, 0x00, 0x00, 0x00, 0x00
.byte 0x00, 0x00, 0x00, 0x00, 0x00, 0x00, 0x00, 0x00, 0x00, 0x00, 0x00, 0x00, 0x00, 0x00, 0x00, 0x00
.byte 0x00, 0x00, 0x00, 0x00, 0x00, 0x00, 0x00, 0x00, 0x00, 0x00, 0x00, 0x00, 0x00, 0x00, 0x00, 0x00
.byte 0x00, 0x00, 0x00, 0x00, 0x00, 0x00, 0x00, 0x00, 0x00, 0x00, 0x00, 0x00, 0x00, 0x00, 0x00, 0x00
.byte 0x00, 0x00, 0x00, 0x00, 0x00, 0x00, 0x00, 0x00, 0x00, 0x00, 0x00, 0x00, 0x00, 0x00, 0x00, 0x00
.byte 0x00, 0x00, 0x00, 0x00, 0x00, 0x00, 0x00, 0x00, 0x00, 0x00, 0x00, 0x00, 0x00, 0x00, 0x00, 0x00
.byte 0x00, 0x00, 0x00, 0x00, 0x00, 0x00, 0x00, 0x00, 0x00, 0x00, 0x00, 0x00, 0x00, 0x00, 0x00, 0x00
.byte 0x00, 0x00, 0x00, 0x00, 0x00, 0x00, 0x00, 0x00, 0x00, 0x00, 0x00, 0x00, 0x00, 0x00, 0x00, 0x00
.byte 0x00, 0x00, 0x00, 0x00, 0x00, 0x00, 0x00, 0x00, 0x00, 0x00, 0x00, 0x00, 0x00, 0x00, 0x00, 0x00
.byte 0x00, 0x00, 0x00, 0x00, 0x00, 0x00, 0x00, 0x00, 0x00, 0x00, 0x00, 0x00, 0x00, 0x00, 0x00, 0x00
.byte 0x00, 0x00, 0x00, 0x00, 0x00, 0x00, 0x00, 0x00, 0x00, 0x00, 0x00, 0x00, 0x00, 0x00, 0x00, 0x00
.byte 0x00, 0x00, 0x00, 0x00, 0x00, 0x00, 0x00, 0x00, 0x00, 0x00, 0x00, 0x00, 0x00, 0x00, 0x00, 0x00
.byte 0x00, 0x00, 0x00, 0x00, 0x00, 0x00, 0x00, 0x00, 0x00, 0x00, 0x00, 0x00, 0x00, 0x00, 0x00, 0x00
.byte 0x00, 0x00, 0x00, 0x00, 0x00, 0x00, 0x00, 0x00, 0x00, 0x00, 0x00, 0x00, 0x00, 0x00, 0x00, 0x00
.byte 0x00, 0x00, 0x00, 0x00, 0x00, 0x00, 0x00, 0x00, 0x00, 0x00, 0x00, 0x00, 0x00, 0x00, 0x00, 0x00
.byte 0x00, 0x00, 0x00, 0x00, 0x00, 0x00, 0x00, 0x00, 0x00, 0x00, 0x00, 0x00, 0x00, 0x00, 0x00, 0x00
.byte 0x00, 0x00, 0x00, 0x00, 0x00, 0x00, 0x00, 0x00, 0x00, 0x00, 0x00, 0x00, 0x00, 0x00, 0x00, 0x00
.byte 0x00, 0x00, 0x00, 0x00, 0x00, 0x00, 0x00, 0x00, 0x00, 0x00, 0x00, 0x00, 0x00, 0x00, 0x00, 0x00
.byte 0x00, 0x00, 0x00, 0x00, 0x00, 0x00, 0x00, 0x00, 0x00, 0x00, 0x00, 0x00, 0x00, 0x00, 0x00, 0x00
.byte 0x00, 0x00, 0x00, 0x00, 0x00, 0x00, 0x00, 0x00, 0x00, 0x00, 0x00, 0x00, 0x00, 0x00, 0x00, 0x00
.byte 0x00, 0x00, 0x00, 0x00, 0x00, 0x00, 0x00, 0x00, 0x00, 0x00, 0x00, 0x00, 0x00, 0x00, 0x00, 0x00
.byte 0x00, 0x00, 0x00, 0x00, 0x00, 0x00, 0x00, 0x00, 0x00, 0x00, 0x00, 0x00, 0x00, 0x00, 0x00, 0x00
.byte 0x00, 0x00, 0x00, 0x00, 0x00, 0x00, 0x00, 0x00, 0x00, 0x00, 0x00, 0x00, 0x00, 0x00, 0x00, 0x00
.byte 0x00, 0x00, 0x00, 0x00, 0x00, 0x00, 0x00, 0x00, 0x00, 0x00, 0x00, 0x00, 0x00, 0x00, 0x00, 0x00
.byte 0x00, 0x00, 0x00, 0x00, 0x00, 0x00, 0x00, 0x00, 0x00, 0x00, 0x00, 0x00, 0x00, 0x00, 0x00, 0x00
.byte 0x00, 0x00, 0x00, 0x00, 0x00, 0x00, 0x00, 0x00, 0x00, 0x00, 0x00, 0x00, 0x00, 0x00, 0x00, 0x00
.byte 0x00, 0x00, 0x00, 0x00, 0x00, 0x00, 0x00, 0x00, 0x00, 0x00, 0x00, 0x00, 0x00, 0x00, 0x00, 0x00
.byte 0x00, 0x00, 0x00, 0x00, 0x00, 0x00, 0x00, 0x00, 0x00, 0x00, 0x00, 0x00, 0x00, 0x00, 0x00, 0x00
.byte 0x00, 0x00, 0x00, 0x00, 0x00, 0x00, 0x00, 0x00, 0x00, 0x00, 0x00, 0x00, 0x00, 0x00, 0x00, 0x00
.byte 0x00, 0x00, 0x00, 0x00, 0x00, 0x00, 0x00, 0x00, 0x00, 0x00, 0x00, 0x00, 0x00, 0x00, 0x00, 0x00
.byte 0x00, 0x00, 0x00, 0x00, 0x00, 0x00, 0x00, 0x00, 0x00, 0x00, 0x00, 0x00, 0x00, 0x00, 0x00, 0x00
.byte 0x00, 0x00, 0x00, 0x00, 0x00, 0x00, 0x00, 0x00, 0x00, 0x00, 0x00, 0x00, 0x00, 0x00, 0x00, 0x00
.byte 0x00, 0x00, 0x00, 0x00, 0x00, 0x00, 0x00, 0x00, 0x00, 0x00, 0x00, 0x00, 0x00, 0x00, 0x00, 0x00
.byte 0x00, 0x00, 0x00, 0x00, 0x00, 0x00, 0x00, 0x00, 0x00, 0x00, 0x00, 0x00, 0x00, 0x00, 0x00, 0x00
.byte 0x00, 0x00, 0x00, 0x00, 0x00, 0x00, 0x00, 0x00, 0x00, 0x00, 0x00, 0x00, 0x00, 0x00, 0x00, 0x00
.byte 0x00, 0x00, 0x00, 0x00, 0x00, 0x00, 0x00, 0x00, 0x00, 0x00, 0x00, 0x00, 0x00, 0x00, 0x00, 0x00
.byte 0x00, 0x00, 0x00, 0x00, 0x00, 0x00, 0x00, 0x00, 0x00, 0x00, 0x00, 0x00, 0x00, 0x00, 0x00, 0x00
.byte 0x00, 0x00, 0x00, 0x00, 0x00, 0x00, 0x00, 0x00, 0x00, 0x00, 0x00, 0x00, 0x00, 0x00, 0x00, 0x00
.byte 0x00, 0x00, 0x00, 0x00, 0x00, 0x00, 0x00, 0x00, 0x00, 0x00, 0x00, 0x00, 0x00, 0x00, 0x00, 0x00
.byte 0x00, 0x00, 0x00, 0x00, 0x00, 0x00, 0x00, 0x00, 0x00, 0x00, 0x00, 0x00, 0x00, 0x00, 0x00, 0x00
.byte 0x00, 0x00, 0x00, 0x00, 0x00, 0x00, 0x00, 0x00, 0x00, 0x00, 0x00, 0x00, 0x00, 0x00, 0x00, 0x00
.byte 0x00, 0x00, 0x00, 0x00, 0x00, 0x00, 0x00, 0x00, 0x00, 0x00, 0x00, 0x00, 0x00, 0x00, 0x00, 0x00
.byte 0x00, 0x00, 0x00, 0x00, 0x00, 0x00, 0x00, 0x00, 0x00, 0x00, 0x00, 0x00, 0x00, 0x00, 0x00, 0x00
.byte 0x00, 0x00, 0x00, 0x00, 0x00, 0x00, 0x00, 0x00, 0x00, 0x00, 0x00, 0x00, 0x00, 0x00, 0x00, 0x00
.byte 0x00, 0x00, 0x00, 0x00, 0x00, 0x00, 0x00, 0x00, 0x00, 0x00, 0x00, 0x00, 0x00, 0x00, 0x00, 0x00
.byte 0x00, 0x00, 0x00, 0x00, 0x00, 0x00, 0x00, 0x00, 0x00, 0x00, 0x00, 0x00, 0x00, 0x00, 0x00, 0x00
.byte 0x00, 0x00, 0x00, 0x00, 0x00, 0x00, 0x00, 0x00, 0x00, 0x00, 0x00, 0x00, 0x00, 0x00, 0x00, 0x00
.byte 0x00, 0x00, 0x00, 0x00, 0x00, 0x00, 0x00, 0x00, 0x00, 0x00, 0x00, 0x00, 0x00, 0x00, 0x00, 0x00
.byte 0x00, 0x00, 0x00, 0x00, 0x00, 0x00, 0x00, 0x00, 0x00, 0x00, 0x00, 0x00, 0x00, 0x00, 0x00, 0x00
.byte 0x00, 0x00, 0x00, 0x00, 0x00, 0x00, 0x00, 0x00, 0x00, 0x00, 0x00, 0x00, 0x00, 0x00, 0x00, 0x00
.byte 0x00, 0x00, 0x00, 0x00, 0x00, 0x00, 0x00, 0x00, 0x00, 0x00, 0x00, 0x00, 0x00, 0x00, 0x00, 0x00
.byte 0x00, 0x00, 0x00, 0x00, 0x00, 0x00, 0x00, 0x00, 0x00, 0x00, 0x00, 0x00, 0x00, 0x00, 0x00, 0x00
.byte 0x00, 0x00, 0x00, 0x00, 0x00, 0x00, 0x00, 0x00, 0x00, 0x00, 0x00, 0x00, 0x00, 0x00, 0x00, 0x00
.byte 0x00, 0x00, 0x00, 0x00, 0x00, 0x00, 0x00, 0x00, 0x00, 0x00, 0x00, 0x00, 0x00, 0x00, 0x00, 0x00
.byte 0x00, 0x00, 0x00, 0x00, 0x00, 0x00, 0x00, 0x00, 0x00, 0x00, 0x00, 0x00, 0x00, 0x00, 0x00, 0x00
.byte 0x00, 0x00, 0x00, 0x00, 0x00, 0x00, 0x00, 0x00, 0x00, 0x00, 0x00, 0x00, 0x00, 0x00, 0x00, 0x00
.byte 0x00, 0x00, 0x00, 0x00, 0x00, 0x00, 0x00, 0x00, 0x00, 0x00, 0x00, 0x00, 0x00, 0x00, 0x00, 0x00
.byte 0x00, 0x00, 0x00, 0x00, 0x00, 0x00, 0x00, 0x00, 0x00, 0x00, 0x00, 0x00, 0x00, 0x00, 0x00, 0x00
.byte 0x00, 0x00, 0x00, 0x00, 0x00, 0x00, 0x00, 0x00, 0x00, 0x00, 0x00, 0x00, 0x00, 0x00, 0x00, 0x00
.byte 0x00, 0x00, 0x00, 0x00, 0x00, 0x00, 0x00, 0x00, 0x00, 0x00, 0x00, 0x00, 0x00, 0x00, 0x00, 0x00
.byte 0x00, 0x00, 0x00, 0x00, 0x00, 0x00, 0x00, 0x00, 0x00, 0x00, 0x00, 0x00, 0x00, 0x00, 0x00, 0x00
.byte 0x00, 0x00, 0x00, 0x00, 0x00, 0x00, 0x00, 0x00, 0x00, 0x00, 0x00, 0x00, 0x00, 0x00, 0x00, 0x00
.byte 0x00, 0x00, 0x00, 0x00, 0x00, 0x00, 0x00, 0x00, 0x00, 0x00, 0x00, 0x00, 0x00, 0x00, 0x00, 0x00
.byte 0x00, 0x00, 0x00, 0x00, 0x00, 0x00, 0x00, 0x00, 0x00, 0x00, 0x00, 0x00, 0x00, 0x00, 0x00, 0x00
.byte 0x00, 0x00, 0x00, 0x00, 0x00, 0x00, 0x00, 0x00, 0x00, 0x00, 0x00, 0x00, 0x00, 0x00, 0x00, 0x00
.byte 0x00, 0x00, 0x00, 0x00, 0x00, 0x00, 0x00, 0x00, 0x00, 0x00, 0x00, 0x00, 0x00, 0x00, 0x00, 0x00
.byte 0x00, 0x00, 0x00, 0x00, 0x00, 0x00, 0x00, 0x00, 0x00, 0x00, 0x00, 0x00, 0x00, 0x00, 0x00, 0x00
.byte 0x00, 0x00, 0x00, 0x00, 0x00, 0x00, 0x00, 0x00, 0x00, 0x00, 0x00, 0x00, 0x00, 0x00, 0x00, 0x00
.byte 0x00, 0x00, 0x00, 0x00, 0x00, 0x00, 0x00, 0x00, 0x00, 0x00, 0x00, 0x00, 0x00, 0x00, 0x00, 0x00
.byte 0x00, 0x00, 0x00, 0x00, 0x00, 0x00, 0x00, 0x00, 0x00, 0x00, 0x00, 0x00, 0x00, 0x00, 0x00, 0x00
.byte 0x00, 0x00, 0x00, 0x00, 0x00, 0x00, 0x00, 0x00, 0x00, 0x00, 0x00, 0x00, 0x00, 0x00, 0x00, 0x00
.byte 0x00, 0x00, 0x00, 0x00, 0x00, 0x00, 0x00, 0x00, 0x00, 0x00, 0x00, 0x00, 0x00, 0x00, 0x00, 0x00
.byte 0x00, 0x00, 0x00, 0x00, 0x00, 0x00, 0x00, 0x00, 0x00, 0x00, 0x00, 0x00, 0x00, 0x00, 0x00, 0x00
.byte 0x00, 0x00, 0x00, 0x00, 0x00, 0x00, 0x00, 0x00, 0x00, 0x00, 0x00, 0x00, 0x00, 0x00, 0x00, 0x00
.byte 0x00, 0x00, 0x00, 0x00, 0x00, 0x00, 0x00, 0x00, 0x00, 0x00, 0x00, 0x00, 0x00, 0x00, 0x00, 0x00
.byte 0x00, 0x00, 0x00, 0x00, 0x00, 0x00, 0x00, 0x00, 0x00, 0x00, 0x00, 0x00, 0x00, 0x00, 0x00, 0x00
.byte 0x00, 0x00, 0x00, 0x00, 0x00, 0x00, 0x00, 0x00, 0x00, 0x00, 0x00, 0x00, 0x00, 0x00, 0x00, 0x00
.byte 0x00, 0x00, 0x00, 0x00, 0x00, 0x00, 0x00, 0x00, 0x00, 0x00, 0x00, 0x00, 0x00, 0x00, 0x00, 0x00
.byte 0x00, 0x00, 0x00, 0x00, 0x00, 0x00, 0x00, 0x00, 0x00, 0x00, 0x00, 0x00, 0x00, 0x00, 0x00, 0x00
.byte 0x00, 0x00, 0x00, 0x00, 0x00, 0x00, 0x00, 0x00, 0x00, 0x00, 0x00, 0x00, 0x00, 0x00, 0x00, 0x00
.byte 0x00, 0x00, 0x00, 0x00, 0x00, 0x00, 0x00, 0x00, 0x00, 0x00, 0x00, 0x00, 0x00, 0x00, 0x00, 0x00
.byte 0x00, 0x00, 0x00, 0x00, 0x00, 0x00, 0x00, 0x00, 0x00, 0x00, 0x00, 0x00, 0x00, 0x00, 0x00, 0x00
.byte 0x00, 0x00, 0x00, 0x00, 0x00, 0x00, 0x00, 0x00, 0x00, 0x00, 0x00, 0x00, 0x00, 0x00, 0x00, 0x00
.byte 0x00, 0x00, 0x00, 0x00, 0x00, 0x00, 0x00, 0x00, 0x00, 0x00, 0x00, 0x00, 0x00, 0x00, 0x00, 0x00
.byte 0x00, 0x00, 0x00, 0x00, 0x00, 0x00, 0x00, 0x00, 0x00, 0x00, 0x00, 0x00, 0x00, 0x00, 0x00, 0x00
.byte 0x00, 0x00, 0x00, 0x00, 0x00, 0x00, 0x00, 0x00, 0x00, 0x00, 0x00, 0x00, 0x00, 0x00, 0x00, 0x00
.byte 0x00, 0x00, 0x00, 0x00, 0x00, 0x00, 0x00, 0x00, 0x00, 0x00, 0x00, 0x00, 0x00, 0x00, 0x00, 0x00
.byte 0x00, 0x00, 0x00, 0x00, 0x00, 0x00, 0x00, 0x00, 0x00, 0x00, 0x00, 0x00, 0x00, 0x00, 0x00, 0x00
.byte 0x00, 0x00, 0x00, 0x00, 0x00, 0x00, 0x00, 0x00, 0x00, 0x00, 0x00, 0x00, 0x00, 0x00, 0x00, 0x00
.byte 0x00, 0x00, 0x00, 0x00, 0x00, 0x00, 0x00, 0x00, 0x00, 0x00, 0x00, 0x00, 0x00, 0x00, 0x00, 0x00
.byte 0x00, 0x00, 0x00, 0x00, 0x00, 0x00, 0x00, 0x00, 0x00, 0x00, 0x00, 0x00, 0x00, 0x00, 0x00, 0x00
.byte 0x00, 0x00, 0x00, 0x00, 0x00, 0x00, 0x00, 0x00, 0x00, 0x00, 0x00, 0x00, 0x00, 0x00, 0x00, 0x00
.byte 0x00, 0x00, 0x00, 0x00, 0x00, 0x00, 0x00, 0x00, 0x00, 0x00, 0x00, 0x00, 0x00, 0x00, 0x00, 0x00
.byte 0x00, 0x00, 0x00, 0x00, 0x00, 0x00, 0x00, 0x00, 0x00, 0x00, 0x00, 0x00, 0x00, 0x00, 0x00, 0x00
.byte 0x00, 0x00, 0x00, 0x00, 0x00, 0x00, 0x00, 0x00, 0x00, 0x00, 0x00, 0x00, 0x00, 0x00, 0x00, 0x00
.byte 0x00, 0x00, 0x00, 0x00, 0x00, 0x00, 0x00, 0x00, 0x00, 0x00, 0x00, 0x00, 0x00, 0x00, 0x00, 0x00
.byte 0x00, 0x00, 0x00, 0x00, 0x00, 0x00, 0x00, 0x00, 0x00, 0x00, 0x00, 0x00, 0x00, 0x00, 0x00, 0x00
.byte 0x00, 0x00, 0x00, 0x00, 0x00, 0x00, 0x00, 0x00, 0x00, 0x00, 0x00, 0x00, 0x00, 0x00, 0x00, 0x00
.byte 0x00, 0x00, 0x00, 0x00, 0x00, 0x00, 0x00, 0x00, 0x00, 0x00, 0x00, 0x00, 0x00, 0x00, 0x00, 0x00
.byte 0x00, 0x00, 0x00, 0x00, 0x00, 0x00, 0x00, 0x00, 0x00, 0x00, 0x00, 0x00, 0x00, 0x00, 0x00, 0x00
.byte 0x00, 0x00, 0x00, 0x00, 0x00, 0x00, 0x00, 0x00, 0x00, 0x00, 0x00, 0x00, 0x00, 0x00, 0x00, 0x00
.byte 0x00, 0x00, 0x00, 0x00, 0x00, 0x00, 0x00, 0x00, 0x00, 0x00, 0x00, 0x00, 0x00, 0x00, 0x00, 0x00
.byte 0x00, 0x00, 0x00, 0x00, 0x00, 0x00, 0x00, 0x00, 0x00, 0x00, 0x00, 0x00, 0x00, 0x00, 0x00, 0x00
.byte 0x00, 0x00, 0x00, 0x00, 0x00, 0x00, 0x00, 0x00, 0x00, 0x00, 0x00, 0x00, 0x00, 0x00, 0x00, 0x00
.byte 0x00, 0x00, 0x00, 0x00, 0x00, 0x00, 0x00, 0x00, 0x00, 0x00, 0x00, 0x00, 0x00, 0x00, 0x00, 0x00
.byte 0x00, 0x00, 0x00, 0x00, 0x00, 0x00, 0x00, 0x00, 0x00, 0x00, 0x00, 0x00, 0x00, 0x00, 0x00, 0x00
.byte 0x00, 0x00, 0x00, 0x00, 0x00, 0x00, 0x00, 0x00, 0x00, 0x00, 0x00, 0x00, 0x00, 0x00, 0x00, 0x00
.byte 0x00, 0x00, 0x00, 0x00, 0x00, 0x00, 0x00, 0x00, 0x00, 0x00, 0x00, 0x00, 0x00, 0x00, 0x00, 0x00
.byte 0x00, 0x00, 0x00, 0x00, 0x00, 0x00, 0x00, 0x00, 0x00, 0x00, 0x00, 0x00, 0x00, 0x00, 0x00, 0x00
.byte 0x00, 0x00, 0x00, 0x00, 0x00, 0x00, 0x00, 0x00, 0x00, 0x00, 0x00, 0x00, 0x00, 0x00, 0x00, 0x00
.byte 0x00, 0x00, 0x00, 0x00, 0x00, 0x00, 0x00, 0x00, 0x00, 0x00, 0x00, 0x00, 0x00, 0x00, 0x00, 0x00
.byte 0x00, 0x00, 0x00, 0x00, 0x00, 0x00, 0x00, 0x00, 0x00, 0x00, 0x00, 0x00, 0x00, 0x00, 0x00, 0x00
.byte 0x00, 0x00, 0x00, 0x00, 0x00, 0x00, 0x00, 0x00, 0x00, 0x00, 0x00, 0x00, 0x00, 0x00, 0x00, 0x00
.byte 0x00, 0x00, 0x00, 0x00, 0x00, 0x00, 0x00, 0x00, 0x00, 0x00, 0x00, 0x00, 0x00, 0x00, 0x00, 0x00
.byte 0x00, 0x00, 0x00, 0x00, 0x00, 0x00, 0x00, 0x00, 0x00, 0x00, 0x00, 0x00, 0x00, 0x00, 0x00, 0x00
.byte 0x00, 0x00, 0x00, 0x00, 0x00, 0x00, 0x00, 0x00, 0x00, 0x00, 0x00, 0x00, 0x00, 0x00, 0x00, 0x00
.byte 0x00, 0x00, 0x00, 0x00, 0x00, 0x00, 0x00, 0x00, 0x00, 0x00, 0x00, 0x00, 0x00, 0x00, 0x1b, 0xa5
.byte 0xd8, 0x39, 0xd8, 0x39, 0xfb, 0x7b, 0x1e, 0xe7, 0x00, 0x00, 0x00, 0x00, 0x00, 0x00, 0x00, 0x00
.byte 0x00, 0x00, 0x00, 0x00, 0x00, 0x00, 0x00, 0x00, 0x00, 0x00, 0x00, 0x00, 0x00, 0x00, 0x00, 0x00
.byte 0x00, 0x00, 0x00, 0x00, 0x00, 0x00, 0x00, 0x00, 0x00, 0x00, 0x00, 0x00, 0x00, 0x00, 0x00, 0x00
.byte 0x00, 0x00, 0x00, 0x00, 0x00, 0x00, 0x00, 0x00, 0x00, 0x00, 0x00, 0x00, 0x00, 0x00, 0x00, 0x00
.byte 0x00, 0x00, 0x00, 0x00, 0x00, 0x00, 0x00, 0x00, 0x00, 0x00, 0x00, 0x00, 0x00, 0x00, 0x00, 0x00
.byte 0x00, 0x00, 0x00, 0x00, 0x00, 0x00, 0x00, 0x00, 0x00, 0x00, 0x00, 0x00, 0x00, 0x00, 0x00, 0x00
.byte 0x00, 0x00, 0x00, 0x00, 0x00, 0x00, 0x00, 0x00, 0x00, 0x00, 0x00, 0x00, 0x00, 0x00, 0x00, 0x00
.byte 0x00, 0x00, 0x00, 0x00, 0x00, 0x00, 0x00, 0x00, 0x00, 0x00, 0x00, 0x00, 0x00, 0x00, 0x00, 0x00
.byte 0x00, 0x00, 0x00, 0x00, 0x00, 0x00, 0x00, 0x00, 0x00, 0x00, 0x00, 0x00, 0x00, 0x00, 0x00, 0x00
.byte 0x00, 0x00, 0x00, 0x00, 0x00, 0x00, 0x00, 0x00, 0x00, 0x00, 0x00, 0x00, 0x00, 0x00, 0x00, 0x00
.byte 0x00, 0x00, 0x00, 0x00, 0x00, 0x00, 0x00, 0x00, 0x00, 0x00, 0x00, 0x00, 0x00, 0x00, 0x00, 0x00
.byte 0x00, 0x00, 0x00, 0x00, 0x00, 0x00, 0x00, 0x00, 0x00, 0x00, 0x00, 0x00, 0x00, 0x00, 0x00, 0x00
.byte 0x00, 0x00, 0x00, 0x00, 0x00, 0x00, 0x00, 0x00, 0x00, 0x00, 0x00, 0x00, 0x00, 0x00, 0x00, 0x00
.byte 0x00, 0x00, 0x00, 0x00, 0x00, 0x00, 0x00, 0x00, 0x00, 0x00, 0x00, 0x00, 0x00, 0x00, 0x00, 0x00
.byte 0x00, 0x00, 0x00, 0x00, 0x00, 0x00, 0x00, 0x00, 0x00, 0x00, 0x00, 0x00, 0x00, 0x00, 0x00, 0x00
.byte 0x00, 0x00, 0x00, 0x00, 0x00, 0x00, 0x00, 0x00, 0x00, 0x00, 0x00, 0x00, 0x00, 0x00, 0x00, 0x00
.byte 0x00, 0x00, 0x00, 0x00, 0x00, 0x00, 0x00, 0x00, 0x00, 0x00, 0x00, 0x00, 0x00, 0x00, 0x00, 0x00
.byte 0x00, 0x00, 0x00, 0x00, 0x00, 0x00, 0x00, 0x00, 0x00, 0x00, 0x00, 0x00, 0x00, 0x00, 0x00, 0x00
.byte 0x00, 0x00, 0x00, 0x00, 0x00, 0x00, 0x00, 0x00, 0x00, 0x00, 0x00, 0x00, 0x00, 0x00, 0x00, 0x00
.byte 0x00, 0x00, 0x00, 0x00, 0x00, 0x00, 0x00, 0x00, 0x00, 0x00, 0x00, 0x00, 0x00, 0x00, 0x00, 0x00
.byte 0x00, 0x00, 0x00, 0x00, 0x00, 0x00, 0x00, 0x00, 0x00, 0x00, 0x00, 0x00, 0x00, 0x00, 0x00, 0x00
.byte 0x00, 0x00, 0x00, 0x00, 0x00, 0x00, 0x00, 0x00, 0x00, 0x00, 0x00, 0x00, 0x00, 0x00, 0x00, 0x00
.byte 0x00, 0x00, 0x00, 0x00, 0x00, 0x00, 0x00, 0x00, 0x00, 0x00, 0x00, 0x00, 0x00, 0x00, 0x00, 0x00
.byte 0x00, 0x00, 0x00, 0x00, 0x00, 0x00, 0x00, 0x00, 0x00, 0x00, 0x00, 0x00, 0x00, 0x00, 0x00, 0x00
.byte 0x00, 0x00, 0x00, 0x00, 0x00, 0x00, 0x00, 0x00, 0x00, 0x00, 0x00, 0x00, 0x00, 0x00, 0x00, 0x00
.byte 0x00, 0x00, 0x00, 0x00, 0x00, 0x00, 0x00, 0x00, 0x00, 0x00, 0x00, 0x00, 0x00, 0x00, 0x00, 0x00
.byte 0x00, 0x00, 0x00, 0x00, 0x00, 0x00, 0x00, 0x00, 0x00, 0x00, 0x00, 0x00, 0x00, 0x00, 0x00, 0x00
.byte 0x00, 0x00, 0x00, 0x00, 0x00, 0x00, 0x00, 0x00, 0x00, 0x00, 0x00, 0x00, 0x00, 0x00, 0x00, 0x00
.byte 0x00, 0x00, 0x00, 0x00, 0x00, 0x00, 0x00, 0x00, 0x00, 0x00, 0x00, 0x00, 0x00, 0x00, 0x00, 0x00
.byte 0x00, 0x00, 0x00, 0x00, 0x00, 0x00, 0x00, 0x00, 0x00, 0x00, 0x00, 0x00, 0x9e, 0xd6, 0x99, 0x31
.byte 0x99, 0x31, 0x99, 0x31, 0x99, 0x31, 0x99, 0x52, 0x9f, 0xf7, 0x00, 0x00, 0x00, 0x00, 0x00, 0x00
.byte 0x00, 0x00, 0x00, 0x00, 0x00, 0x00, 0x00, 0x00, 0x00, 0x00, 0x00, 0x00, 0x00, 0x00, 0x00, 0x00
.byte 0x00, 0x00, 0x00, 0x00, 0x00, 0x00, 0x00, 0x00, 0x00, 0x00, 0x00, 0x00, 0x00, 0x00, 0x00, 0x00
.byte 0x00, 0x00, 0x00, 0x00, 0x00, 0x00, 0x00, 0x00, 0x00, 0x00, 0x00, 0x00, 0x00, 0x00, 0x00, 0x00
.byte 0x00, 0x00, 0x00, 0x00, 0x00, 0x00, 0x00, 0x00, 0x00, 0x00, 0x00, 0x00, 0x00, 0x00, 0x00, 0x00
.byte 0x00, 0x00, 0x00, 0x00, 0x00, 0x00, 0x00, 0x00, 0x00, 0x00, 0x00, 0x00, 0x00, 0x00, 0x00, 0x00
.byte 0x00, 0x00, 0x00, 0x00, 0x00, 0x00, 0x00, 0x00, 0x00, 0x00, 0x00, 0x00, 0x00, 0x00, 0x00, 0x00
.byte 0x00, 0x00, 0x00, 0x00, 0x00, 0x00, 0x00, 0x00, 0x00, 0x00, 0x00, 0x00, 0x00, 0x00, 0x00, 0x00
.byte 0x00, 0x00, 0x00, 0x00, 0x00, 0x00, 0x00, 0x00, 0x00, 0x00, 0x00, 0x00, 0x00, 0x00, 0x00, 0x00
.byte 0x00, 0x00, 0x00, 0x00, 0x00, 0x00, 0x00, 0x00, 0x00, 0x00, 0x00, 0x00, 0x00, 0x00, 0x00, 0x00
.byte 0x00, 0x00, 0x00, 0x00, 0x00, 0x00, 0x00, 0x00, 0x00, 0x00, 0x00, 0x00, 0x00, 0x00, 0x00, 0x00
.byte 0x00, 0x00, 0x00, 0x00, 0x00, 0x00, 0x00, 0x00, 0x00, 0x00, 0x00, 0x00, 0x00, 0x00, 0x00, 0x00
.byte 0x00, 0x00, 0x00, 0x00, 0x00, 0x00, 0x00, 0x00, 0x00, 0x00, 0x00, 0x00, 0x00, 0x00, 0x00, 0x00
.byte 0x00, 0x00, 0x00, 0x00, 0x00, 0x00, 0x00, 0x00, 0x00, 0x00, 0x00, 0x00, 0x00, 0x00, 0x00, 0x00
.byte 0x00, 0x00, 0x00, 0x00, 0x00, 0x00, 0x00, 0x00, 0x00, 0x00, 0x00, 0x00, 0x00, 0x00, 0x00, 0x00
.byte 0x00, 0x00, 0x00, 0x00, 0x00, 0x00, 0x00, 0x00, 0x00, 0x00, 0x00, 0x00, 0x00, 0x00, 0x00, 0x00
.byte 0x00, 0x00, 0x00, 0x00, 0x00, 0x00, 0x00, 0x00, 0x00, 0x00, 0x00, 0x00, 0x00, 0x00, 0x00, 0x00
.byte 0x00, 0x00, 0x00, 0x00, 0x00, 0x00, 0x00, 0x00, 0x00, 0x00, 0x00, 0x00, 0x00, 0x00, 0x00, 0x00
.byte 0x00, 0x00, 0x00, 0x00, 0x00, 0x00, 0x00, 0x00, 0x00, 0x00, 0x00, 0x00, 0x00, 0x00, 0x00, 0x00
.byte 0x00, 0x00, 0x00, 0x00, 0x00, 0x00, 0x00, 0x00, 0x00, 0x00, 0x00, 0x00, 0x00, 0x00, 0x00, 0x00
.byte 0x00, 0x00, 0x00, 0x00, 0x00, 0x00, 0x00, 0x00, 0x00, 0x00, 0x00, 0x00, 0x00, 0x00, 0x00, 0x00
.byte 0x00, 0x00, 0x00, 0x00, 0x00, 0x00, 0x00, 0x00, 0x00, 0x00, 0x00, 0x00, 0x00, 0x00, 0x00, 0x00
.byte 0x00, 0x00, 0x00, 0x00, 0x00, 0x00, 0x00, 0x00, 0x00, 0x00, 0x00, 0x00, 0x00, 0x00, 0x00, 0x00
.byte 0x00, 0x00, 0x00, 0x00, 0x00, 0x00, 0x00, 0x00, 0x00, 0x00, 0x00, 0x00, 0x00, 0x00, 0x00, 0x00
.byte 0x00, 0x00, 0x00, 0x00, 0x00, 0x00, 0x00, 0x00, 0x00, 0x00, 0x00, 0x00, 0x00, 0x00, 0x00, 0x00
.byte 0x00, 0x00, 0x00, 0x00, 0x00, 0x00, 0x00, 0x00, 0x00, 0x00, 0x00, 0x00, 0x00, 0x00, 0x00, 0x00
.byte 0x00, 0x00, 0x00, 0x00, 0x00, 0x00, 0x00, 0x00, 0x00, 0x00, 0x00, 0x00, 0x00, 0x00, 0x00, 0x00
.byte 0x00, 0x00, 0x00, 0x00, 0x00, 0x00, 0x00, 0x00, 0x00, 0x00, 0x00, 0x00, 0x00, 0x00, 0x00, 0x00
.byte 0x00, 0x00, 0x00, 0x00, 0x00, 0x00, 0x00, 0x00, 0x00, 0x00, 0x00, 0x00, 0x00, 0x00, 0x00, 0x00
.byte 0x00, 0x00, 0x00, 0x00, 0x00, 0x00, 0x00, 0x00, 0x00, 0x00, 0x00, 0x00, 0x1b, 0xa5, 0x99, 0x31
.byte 0x99, 0x31, 0x99, 0x31, 0x99, 0x31, 0x99, 0x31, 0x1b, 0xa5, 0x9e, 0xf7, 0xdf, 0xff, 0x00, 0x00
.byte 0x00, 0x00, 0x00, 0x00, 0x00, 0x00, 0x00, 0x00, 0x00, 0x00, 0x00, 0x00, 0x00, 0x00, 0x00, 0x00
.byte 0x00, 0x00, 0x00, 0x00, 0x00, 0x00, 0x00, 0x00, 0x00, 0x00, 0x00, 0x00, 0x00, 0x00, 0x00, 0x00
.byte 0x00, 0x00, 0x00, 0x00, 0x00, 0x00, 0x00, 0x00, 0x00, 0x00, 0x00, 0x00, 0x00, 0x00, 0x00, 0x00
.byte 0x00, 0x00, 0x00, 0x00, 0x00, 0x00, 0x00, 0x00, 0x00, 0x00, 0x00, 0x00, 0x00, 0x00, 0x00, 0x00
.byte 0x00, 0x00, 0x00, 0x00, 0x00, 0x00, 0x00, 0x00, 0x00, 0x00, 0x00, 0x00, 0x00, 0x00, 0x00, 0x00
.byte 0x00, 0x00, 0x00, 0x00, 0x00, 0x00, 0x00, 0x00, 0x00, 0x00, 0x00, 0x00, 0x00, 0x00, 0x00, 0x00
.byte 0x00, 0x00, 0x00, 0x00, 0x00, 0x00, 0x00, 0x00, 0x00, 0x00, 0x00, 0x00, 0x00, 0x00, 0x00, 0x00
.byte 0x00, 0x00, 0x00, 0x00, 0x00, 0x00, 0x00, 0x00, 0x00, 0x00, 0x00, 0x00, 0x00, 0x00, 0x00, 0x00
.byte 0x00, 0x00, 0x00, 0x00, 0x00, 0x00, 0x00, 0x00, 0x00, 0x00, 0x00, 0x00, 0x00, 0x00, 0x00, 0x00
.byte 0x00, 0x00, 0x00, 0x00, 0x00, 0x00, 0x00, 0x00, 0x00, 0x00, 0x00, 0x00, 0x00, 0x00, 0x00, 0x00
.byte 0x00, 0x00, 0x00, 0x00, 0x00, 0x00, 0x00, 0x00, 0x00, 0x00, 0x00, 0x00, 0x00, 0x00, 0x00, 0x00
.byte 0x00, 0x00, 0x00, 0x00, 0x00, 0x00, 0x00, 0x00, 0x00, 0x00, 0x00, 0x00, 0x00, 0x00, 0x00, 0x00
.byte 0x00, 0x00, 0x00, 0x00, 0x00, 0x00, 0x00, 0x00, 0x00, 0x00, 0x00, 0x00, 0x00, 0x00, 0x00, 0x00
.byte 0x00, 0x00, 0x00, 0x00, 0x00, 0x00, 0x00, 0x00, 0x00, 0x00, 0x00, 0x00, 0x00, 0x00, 0x00, 0x00
.byte 0x00, 0x00, 0x00, 0x00, 0x00, 0x00, 0x00, 0x00, 0x00, 0x00, 0x00, 0x00, 0x00, 0x00, 0x00, 0x00
.byte 0x00, 0x00, 0x00, 0x00, 0x00, 0x00, 0x00, 0x00, 0x00, 0x00, 0x00, 0x00, 0x00, 0x00, 0x00, 0x00
.byte 0x00, 0x00, 0x00, 0x00, 0x00, 0x00, 0x00, 0x00, 0x00, 0x00, 0x00, 0x00, 0x00, 0x00, 0x00, 0x00
.byte 0x00, 0x00, 0x00, 0x00, 0x00, 0x00, 0x00, 0x00, 0x00, 0x00, 0x00, 0x00, 0x00, 0x00, 0x00, 0x00
.byte 0x00, 0x00, 0x00, 0x00, 0x00, 0x00, 0x00, 0x00, 0x00, 0x00, 0x00, 0x00, 0x00, 0x00, 0x00, 0x00
.byte 0x00, 0x00, 0x00, 0x00, 0x00, 0x00, 0x00, 0x00, 0x00, 0x00, 0x00, 0x00, 0x00, 0x00, 0x00, 0x00
.byte 0x00, 0x00, 0x00, 0x00, 0x00, 0x00, 0x00, 0x00, 0x00, 0x00, 0x00, 0x00, 0x00, 0x00, 0x00, 0x00
.byte 0x00, 0x00, 0x00, 0x00, 0x00, 0x00, 0x00, 0x00, 0x00, 0x00, 0x00, 0x00, 0x00, 0x00, 0x00, 0x00
.byte 0x00, 0x00, 0x00, 0x00, 0x00, 0x00, 0x00, 0x00, 0x00, 0x00, 0x00, 0x00, 0x00, 0x00, 0x00, 0x00
.byte 0x00, 0x00, 0x00, 0x00, 0x00, 0x00, 0x00, 0x00, 0x00, 0x00, 0x00, 0x00, 0x00, 0x00, 0x00, 0x00
.byte 0x00, 0x00, 0x00, 0x00, 0x00, 0x00, 0x00, 0x00, 0x00, 0x00, 0x00, 0x00, 0x00, 0x00, 0x00, 0x00
.byte 0x00, 0x00, 0x00, 0x00, 0x00, 0x00, 0x00, 0x00, 0x00, 0x00, 0x00, 0x00, 0x00, 0x00, 0x00, 0x00
.byte 0x00, 0x00, 0x00, 0x00, 0x00, 0x00, 0x00, 0x00, 0x00, 0x00, 0x00, 0x00, 0x00, 0x00, 0x00, 0x00
.byte 0x00, 0x00, 0x00, 0x00, 0x00, 0x00, 0x00, 0x00, 0x00, 0x00, 0x00, 0x00, 0x00, 0x00, 0x00, 0x00
.byte 0x00, 0x00, 0x00, 0x00, 0x00, 0x00, 0x00, 0x00, 0x00, 0x00, 0x00, 0x00, 0x5a, 0x6b, 0x99, 0x31
.byte 0x99, 0x31, 0x99, 0x31, 0x99, 0x31, 0x99, 0x31, 0x99, 0x52, 0xdb, 0xde, 0x3c, 0xe7, 0x9e, 0xf7
.byte 0xdf, 0xff, 0x00, 0x00, 0x00, 0x00, 0x00, 0x00, 0x00, 0x00, 0x00, 0x00, 0x00, 0x00, 0x00, 0x00
.byte 0x00, 0x00, 0x00, 0x00, 0x00, 0x00, 0x00, 0x00, 0x00, 0x00, 0x00, 0x00, 0x00, 0x00, 0x00, 0x00
.byte 0x00, 0x00, 0x00, 0x00, 0x00, 0x00, 0x00, 0x00, 0x00, 0x00, 0x00, 0x00, 0x00, 0x00, 0x00, 0x00
.byte 0x00, 0x00, 0x00, 0x00, 0x00, 0x00, 0x00, 0x00, 0x00, 0x00, 0x00, 0x00, 0x00, 0x00, 0x00, 0x00
.byte 0x00, 0x00, 0x00, 0x00, 0x00, 0x00, 0x00, 0x00, 0x00, 0x00, 0x00, 0x00, 0x00, 0x00, 0x00, 0x00
.byte 0x00, 0x00, 0x00, 0x00, 0x00, 0x00, 0x00, 0x00, 0x00, 0x00, 0x00, 0x00, 0x00, 0x00, 0x00, 0x00
.byte 0x00, 0x00, 0x00, 0x00, 0x00, 0x00, 0x00, 0x00, 0x00, 0x00, 0x00, 0x00, 0x00, 0x00, 0x00, 0x00
.byte 0x00, 0x00, 0x00, 0x00, 0x00, 0x00, 0x00, 0x00, 0x00, 0x00, 0x00, 0x00, 0x00, 0x00, 0x00, 0x00
.byte 0x00, 0x00, 0x00, 0x00, 0x00, 0x00, 0x00, 0x00, 0x00, 0x00, 0x00, 0x00, 0x00, 0x00, 0x00, 0x00
.byte 0x00, 0x00, 0x00, 0x00, 0x00, 0x00, 0x00, 0x00, 0x00, 0x00, 0x00, 0x00, 0x00, 0x00, 0x00, 0x00
.byte 0x00, 0x00, 0x00, 0x00, 0x00, 0x00, 0x00, 0x00, 0x00, 0x00, 0x00, 0x00, 0x00, 0x00, 0x00, 0x00
.byte 0x00, 0x00, 0x00, 0x00, 0x00, 0x00, 0x00, 0x00, 0x00, 0x00, 0x00, 0x00, 0x00, 0x00, 0x00, 0x00
.byte 0x00, 0x00, 0x00, 0x00, 0x00, 0x00, 0x00, 0x00, 0x00, 0x00, 0x00, 0x00, 0x00, 0x00, 0x00, 0x00
.byte 0x00, 0x00, 0x00, 0x00, 0x00, 0x00, 0x00, 0x00, 0x00, 0x00, 0x00, 0x00, 0x00, 0x00, 0x00, 0x00
.byte 0x00, 0x00, 0x00, 0x00, 0x00, 0x00, 0x00, 0x00, 0x00, 0x00, 0x00, 0x00, 0x00, 0x00, 0x00, 0x00
.byte 0x00, 0x00, 0x00, 0x00, 0x00, 0x00, 0x00, 0x00, 0x00, 0x00, 0x00, 0x00, 0x00, 0x00, 0x00, 0x00
.byte 0x00, 0x00, 0x00, 0x00, 0x00, 0x00, 0x00, 0x00, 0x00, 0x00, 0x00, 0x00, 0x00, 0x00, 0x00, 0x00
.byte 0x00, 0x00, 0x00, 0x00, 0x00, 0x00, 0x00, 0x00, 0x00, 0x00, 0x00, 0x00, 0x00, 0x00, 0x00, 0x00
.byte 0x00, 0x00, 0x00, 0x00, 0x00, 0x00, 0x00, 0x00, 0x00, 0x00, 0x00, 0x00, 0x00, 0x00, 0x00, 0x00
.byte 0x00, 0x00, 0x00, 0x00, 0x00, 0x00, 0x00, 0x00, 0x00, 0x00, 0x00, 0x00, 0x00, 0x00, 0x00, 0x00
.byte 0x00, 0x00, 0x00, 0x00, 0x00, 0x00, 0x00, 0x00, 0x00, 0x00, 0x00, 0x00, 0x00, 0x00, 0x00, 0x00
.byte 0x00, 0x00, 0x00, 0x00, 0x00, 0x00, 0x00, 0x00, 0x00, 0x00, 0x00, 0x00, 0x00, 0x00, 0x00, 0x00
.byte 0x00, 0x00, 0x00, 0x00, 0x00, 0x00, 0x00, 0x00, 0x00, 0x00, 0x00, 0x00, 0x00, 0x00, 0x00, 0x00
.byte 0x00, 0x00, 0x00, 0x00, 0x00, 0x00, 0x00, 0x00, 0x00, 0x00, 0x00, 0x00, 0x00, 0x00, 0x00, 0x00
.byte 0x00, 0x00, 0x00, 0x00, 0x00, 0x00, 0x00, 0x00, 0x00, 0x00, 0x00, 0x00, 0x00, 0x00, 0x00, 0x00
.byte 0x00, 0x00, 0x00, 0x00, 0x00, 0x00, 0x00, 0x00, 0x00, 0x00, 0x00, 0x00, 0x00, 0x00, 0x00, 0x00
.byte 0x00, 0x00, 0x00, 0x00, 0x00, 0x00, 0x00, 0x00, 0x00, 0x00, 0x00, 0x00, 0x00, 0x00, 0x00, 0x00
.byte 0x00, 0x00, 0x00, 0x00, 0x00, 0x00, 0x00, 0x00, 0x00, 0x00, 0x00, 0x00, 0x00, 0x00, 0x00, 0x00
.byte 0x00, 0x00, 0x00, 0x00, 0x00, 0x00, 0x00, 0x00, 0x00, 0x00, 0xdf, 0xff, 0x99, 0x52, 0x99, 0x31
.byte 0x99, 0x31, 0x99, 0x31, 0x99, 0x31, 0x99, 0x31, 0xd8, 0x39, 0xd3, 0x9c, 0x38, 0xc6, 0x3c, 0xe7
.byte 0x9e, 0xf7, 0x00, 0x00, 0x00, 0x00, 0x00, 0x00, 0x00, 0x00, 0x00, 0x00, 0x00, 0x00, 0x00, 0x00
.byte 0x00, 0x00, 0x00, 0x00, 0x00, 0x00, 0x00, 0x00, 0x00, 0x00, 0x00, 0x00, 0x00, 0x00, 0x00, 0x00
.byte 0x00, 0x00, 0x00, 0x00, 0x00, 0x00, 0x00, 0x00, 0x00, 0x00, 0x00, 0x00, 0x00, 0x00, 0x00, 0x00
.byte 0x00, 0x00, 0x00, 0x00, 0x00, 0x00, 0x00, 0x00, 0x00, 0x00, 0x00, 0x00, 0x00, 0x00, 0x00, 0x00
.byte 0x00, 0x00, 0x00, 0x00, 0x00, 0x00, 0x00, 0x00, 0x00, 0x00, 0x00, 0x00, 0x00, 0x00, 0x00, 0x00
.byte 0x00, 0x00, 0x00, 0x00, 0x00, 0x00, 0x00, 0x00, 0x00, 0x00, 0x00, 0x00, 0x00, 0x00, 0x00, 0x00
.byte 0x00, 0x00, 0x00, 0x00, 0x00, 0x00, 0x00, 0x00, 0x00, 0x00, 0x00, 0x00, 0x00, 0x00, 0x00, 0x00
.byte 0x00, 0x00, 0x00, 0x00, 0x00, 0x00, 0x00, 0x00, 0x00, 0x00, 0x00, 0x00, 0x00, 0x00, 0x00, 0x00
.byte 0x00, 0x00, 0x00, 0x00, 0x00, 0x00, 0x00, 0x00, 0x00, 0x00, 0x00, 0x00, 0x00, 0x00, 0x00, 0x00
.byte 0x00, 0x00, 0x00, 0x00, 0x00, 0x00, 0x00, 0x00, 0x00, 0x00, 0x00, 0x00, 0x00, 0x00, 0x00, 0x00
.byte 0x00, 0x00, 0x00, 0x00, 0x00, 0x00, 0x00, 0x00, 0x00, 0x00, 0x00, 0x00, 0x00, 0x00, 0x00, 0x00
.byte 0x00, 0x00, 0x00, 0x00, 0x00, 0x00, 0x00, 0x00, 0x00, 0x00, 0x00, 0x00, 0x00, 0x00, 0x00, 0x00
.byte 0x00, 0x00, 0x00, 0x00, 0x00, 0x00, 0x00, 0x00, 0x00, 0x00, 0x00, 0x00, 0x00, 0x00, 0x00, 0x00
.byte 0x00, 0x00, 0x00, 0x00, 0x00, 0x00, 0x00, 0x00, 0x00, 0x00, 0x00, 0x00, 0x00, 0x00, 0x00, 0x00
.byte 0x00, 0x00, 0x00, 0x00, 0x00, 0x00, 0x00, 0x00, 0x00, 0x00, 0x00, 0x00, 0x00, 0x00, 0x00, 0x00
.byte 0x00, 0x00, 0x00, 0x00, 0x00, 0x00, 0x00, 0x00, 0x00, 0x00, 0x00, 0x00, 0x00, 0x00, 0x00, 0x00
.byte 0x00, 0x00, 0x00, 0x00, 0x00, 0x00, 0x00, 0x00, 0x00, 0x00, 0x00, 0x00, 0x00, 0x00, 0x00, 0x00
.byte 0x00, 0x00, 0x00, 0x00, 0x00, 0x00, 0x00, 0x00, 0x00, 0x00, 0x00, 0x00, 0x00, 0x00, 0x00, 0x00
.byte 0x00, 0x00, 0x00, 0x00, 0x00, 0x00, 0x00, 0x00, 0x00, 0x00, 0x00, 0x00, 0x00, 0x00, 0x00, 0x00
.byte 0x00, 0x00, 0x00, 0x00, 0x00, 0x00, 0x00, 0x00, 0x00, 0x00, 0x00, 0x00, 0x00, 0x00, 0x00, 0x00
.byte 0x00, 0x00, 0x00, 0x00, 0x00, 0x00, 0x00, 0x00, 0x00, 0x00, 0x00, 0x00, 0x00, 0x00, 0x00, 0x00
.byte 0x00, 0x00, 0x00, 0x00, 0x00, 0x00, 0x00, 0x00, 0x00, 0x00, 0x00, 0x00, 0x00, 0x00, 0x00, 0x00
.byte 0x00, 0x00, 0x00, 0x00, 0x00, 0x00, 0x00, 0x00, 0x00, 0x00, 0x00, 0x00, 0x00, 0x00, 0x00, 0x00
.byte 0x00, 0x00, 0x00, 0x00, 0x00, 0x00, 0x00, 0x00, 0x00, 0x00, 0x00, 0x00, 0x00, 0x00, 0x00, 0x00
.byte 0x00, 0x00, 0x00, 0x00, 0x00, 0x00, 0x00, 0x00, 0x00, 0x00, 0x00, 0x00, 0x00, 0x00, 0x00, 0x00
.byte 0x00, 0x00, 0x00, 0x00, 0x00, 0x00, 0x00, 0x00, 0x00, 0x00, 0x00, 0x00, 0x00, 0x00, 0x00, 0x00
.byte 0x00, 0x00, 0x00, 0x00, 0x00, 0x00, 0x00, 0x00, 0x00, 0x00, 0x00, 0x00, 0x00, 0x00, 0x00, 0x00
.byte 0x00, 0x00, 0x00, 0x00, 0x00, 0x00, 0x00, 0x00, 0x00, 0x00, 0x00, 0x00, 0x00, 0x00, 0x00, 0x00
.byte 0x00, 0x00, 0x00, 0x00, 0x00, 0x00, 0x00, 0x00, 0x00, 0x00, 0x1e, 0xe7, 0xd8, 0x39, 0x99, 0x31
.byte 0x99, 0x31, 0x99, 0x31, 0x99, 0x31, 0x99, 0x31, 0x99, 0x31, 0x6d, 0x6b, 0xd3, 0x9c, 0x38, 0xc6
.byte 0x3c, 0xe7, 0xdf, 0xff, 0x00, 0x00, 0x00, 0x00, 0x00, 0x00, 0x00, 0x00, 0x00, 0x00, 0x00, 0x00
.byte 0x00, 0x00, 0x00, 0x00, 0x00, 0x00, 0x00, 0x00, 0x00, 0x00, 0x00, 0x00, 0x00, 0x00, 0x00, 0x00
.byte 0x00, 0x00, 0x00, 0x00, 0x00, 0x00, 0x00, 0x00, 0x00, 0x00, 0x00, 0x00, 0x00, 0x00, 0x00, 0x00
.byte 0x00, 0x00, 0x00, 0x00, 0x00, 0x00, 0x00, 0x00, 0x00, 0x00, 0x00, 0x00, 0x00, 0x00, 0x00, 0x00
.byte 0x00, 0x00, 0x00, 0x00, 0x00, 0x00, 0x00, 0x00, 0x00, 0x00, 0x00, 0x00, 0x00, 0x00, 0x00, 0x00
.byte 0x00, 0x00, 0x00, 0x00, 0x00, 0x00, 0x00, 0x00, 0x00, 0x00, 0x00, 0x00, 0x00, 0x00, 0x00, 0x00
.byte 0x00, 0x00, 0x00, 0x00, 0x00, 0x00, 0x00, 0x00, 0x00, 0x00, 0x00, 0x00, 0x00, 0x00, 0x00, 0x00
.byte 0x00, 0x00, 0x00, 0x00, 0x00, 0x00, 0x00, 0x00, 0x00, 0x00, 0x00, 0x00, 0x00, 0x00, 0x00, 0x00
.byte 0x00, 0x00, 0x00, 0x00, 0x00, 0x00, 0x00, 0x00, 0x00, 0x00, 0x00, 0x00, 0x00, 0x00, 0x00, 0x00
.byte 0x00, 0x00, 0x00, 0x00, 0x00, 0x00, 0x00, 0x00, 0x00, 0x00, 0x00, 0x00, 0x00, 0x00, 0x00, 0x00
.byte 0x00, 0x00, 0x00, 0x00, 0x00, 0x00, 0x00, 0x00, 0x00, 0x00, 0x00, 0x00, 0x00, 0x00, 0x00, 0x00
.byte 0x00, 0x00, 0x00, 0x00, 0x00, 0x00, 0x00, 0x00, 0x00, 0x00, 0x00, 0x00, 0x00, 0x00, 0x00, 0x00
.byte 0x00, 0x00, 0x00, 0x00, 0x00, 0x00, 0x00, 0x00, 0x00, 0x00, 0x00, 0x00, 0x00, 0x00, 0x00, 0x00
.byte 0x00, 0x00, 0x00, 0x00, 0x00, 0x00, 0x00, 0x00, 0x00, 0x00, 0x00, 0x00, 0x00, 0x00, 0x00, 0x00
.byte 0x00, 0x00, 0x00, 0x00, 0x00, 0x00, 0x00, 0x00, 0x00, 0x00, 0x00, 0x00, 0x00, 0x00, 0x00, 0x00
.byte 0x00, 0x00, 0x00, 0x00, 0x00, 0x00, 0x00, 0x00, 0x00, 0x00, 0x00, 0x00, 0x00, 0x00, 0x00, 0x00
.byte 0x00, 0x00, 0x00, 0x00, 0x00, 0x00, 0x00, 0x00, 0x00, 0x00, 0x00, 0x00, 0x00, 0x00, 0x00, 0x00
.byte 0x00, 0x00, 0x00, 0x00, 0x00, 0x00, 0x00, 0x00, 0x00, 0x00, 0x00, 0x00, 0x00, 0x00, 0x00, 0x00
.byte 0x00, 0x00, 0x00, 0x00, 0x00, 0x00, 0x00, 0x00, 0x00, 0x00, 0x00, 0x00, 0x00, 0x00, 0x00, 0x00
.byte 0x00, 0x00, 0x00, 0x00, 0x00, 0x00, 0x00, 0x00, 0x00, 0x00, 0x00, 0x00, 0x00, 0x00, 0x00, 0x00
.byte 0x00, 0x00, 0x00, 0x00, 0x00, 0x00, 0x00, 0x00, 0x00, 0x00, 0x00, 0x00, 0x00, 0x00, 0x00, 0x00
.byte 0x00, 0x00, 0x00, 0x00, 0x00, 0x00, 0x00, 0x00, 0x00, 0x00, 0x00, 0x00, 0x00, 0x00, 0x00, 0x00
.byte 0x00, 0x00, 0x00, 0x00, 0x00, 0x00, 0x00, 0x00, 0x00, 0x00, 0x00, 0x00, 0x00, 0x00, 0x00, 0x00
.byte 0x00, 0x00, 0x00, 0x00, 0x00, 0x00, 0x00, 0x00, 0x00, 0x00, 0x00, 0x00, 0x00, 0x00, 0x00, 0x00
.byte 0x00, 0x00, 0x00, 0x00, 0x00, 0x00, 0x00, 0x00, 0x00, 0x00, 0x00, 0x00, 0x00, 0x00, 0x00, 0x00
.byte 0x00, 0x00, 0x00, 0x00, 0x00, 0x00, 0x00, 0x00, 0x00, 0x00, 0x00, 0x00, 0x00, 0x00, 0x00, 0x00
.byte 0x00, 0x00, 0x00, 0x00, 0x00, 0x00, 0x00, 0x00, 0x00, 0x00, 0x00, 0x00, 0x00, 0x00, 0x00, 0x00
.byte 0x00, 0x00, 0x00, 0x00, 0x00, 0x00, 0x00, 0x00, 0x00, 0x00, 0x00, 0x00, 0x00, 0x00, 0x00, 0x00
.byte 0x00, 0x00, 0x00, 0x00, 0x00, 0x00, 0x00, 0x00, 0x00, 0x00, 0x1d, 0xc6, 0x99, 0x31, 0x99, 0x31
.byte 0x99, 0x31, 0x99, 0x31, 0x99, 0x31, 0x99, 0x31, 0x99, 0x31, 0x50, 0x4a, 0xf0, 0x7b, 0x35, 0xa5
.byte 0xdb, 0xde, 0x9e, 0xf7, 0x00, 0x00, 0x00, 0x00, 0x00, 0x00, 0x00, 0x00, 0x00, 0x00, 0x00, 0x00
.byte 0x00, 0x00, 0x00, 0x00, 0x00, 0x00, 0x00, 0x00, 0x00, 0x00, 0x00, 0x00, 0x00, 0x00, 0x00, 0x00
.byte 0x00, 0x00, 0x00, 0x00, 0x00, 0x00, 0x00, 0x00, 0x00, 0x00, 0x00, 0x00, 0x00, 0x00, 0x00, 0x00
.byte 0x00, 0x00, 0x00, 0x00, 0x00, 0x00, 0x00, 0x00, 0x00, 0x00, 0x00, 0x00, 0x00, 0x00, 0x00, 0x00
.byte 0x00, 0x00, 0x00, 0x00, 0x00, 0x00, 0x00, 0x00, 0x00, 0x00, 0x00, 0x00, 0x00, 0x00, 0x00, 0x00
.byte 0x00, 0x00, 0x00, 0x00, 0x00, 0x00, 0x00, 0x00, 0x00, 0x00, 0x00, 0x00, 0x00, 0x00, 0x00, 0x00
.byte 0x00, 0x00, 0x00, 0x00, 0x00, 0x00, 0x00, 0x00, 0x00, 0x00, 0x00, 0x00, 0x00, 0x00, 0x00, 0x00
.byte 0x00, 0x00, 0x00, 0x00, 0x00, 0x00, 0x00, 0x00, 0x00, 0x00, 0x00, 0x00, 0x00, 0x00, 0x00, 0x00
.byte 0x00, 0x00, 0x00, 0x00, 0x00, 0x00, 0x00, 0x00, 0x00, 0x00, 0x00, 0x00, 0x00, 0x00, 0x00, 0x00
.byte 0x00, 0x00, 0x00, 0x00, 0x00, 0x00, 0x00, 0x00, 0x00, 0x00, 0x00, 0x00, 0x00, 0x00, 0x00, 0x00
.byte 0x00, 0x00, 0x00, 0x00, 0x00, 0x00, 0x00, 0x00, 0x00, 0x00, 0x00, 0x00, 0x00, 0x00, 0x00, 0x00
.byte 0x00, 0x00, 0x00, 0x00, 0x00, 0x00, 0x00, 0x00, 0x00, 0x00, 0x00, 0x00, 0x00, 0x00, 0x00, 0x00
.byte 0x00, 0x00, 0x00, 0x00, 0x00, 0x00, 0x00, 0x00, 0x00, 0x00, 0x00, 0x00, 0x00, 0x00, 0x00, 0x00
.byte 0x00, 0x00, 0x00, 0x00, 0x00, 0x00, 0x00, 0x00, 0x00, 0x00, 0x00, 0x00, 0x00, 0x00, 0x00, 0x00
.byte 0x00, 0x00, 0x00, 0x00, 0x00, 0x00, 0x00, 0x00, 0x00, 0x00, 0x00, 0x00, 0x00, 0x00, 0x00, 0x00
.byte 0x00, 0x00, 0x00, 0x00, 0x00, 0x00, 0x00, 0x00, 0x00, 0x00, 0x00, 0x00, 0x00, 0x00, 0x00, 0x00
.byte 0x00, 0x00, 0x00, 0x00, 0x00, 0x00, 0x00, 0x00, 0x00, 0x00, 0x00, 0x00, 0x00, 0x00, 0x00, 0x00
.byte 0x00, 0x00, 0x00, 0x00, 0x00, 0x00, 0x00, 0x00, 0x00, 0x00, 0x00, 0x00, 0x00, 0x00, 0x00, 0x00
.byte 0x00, 0x00, 0x00, 0x00, 0x00, 0x00, 0x00, 0x00, 0x00, 0x00, 0x00, 0x00, 0x00, 0x00, 0x00, 0x00
.byte 0x00, 0x00, 0x00, 0x00, 0x00, 0x00, 0x00, 0x00, 0x00, 0x00, 0x00, 0x00, 0x00, 0x00, 0x00, 0x00
.byte 0x00, 0x00, 0x00, 0x00, 0x00, 0x00, 0x00, 0x00, 0x00, 0x00, 0x00, 0x00, 0x00, 0x00, 0x00, 0x00
.byte 0x00, 0x00, 0x00, 0x00, 0x00, 0x00, 0x00, 0x00, 0x00, 0x00, 0x00, 0x00, 0x00, 0x00, 0x00, 0x00
.byte 0x00, 0x00, 0x00, 0x00, 0x00, 0x00, 0x00, 0x00, 0x00, 0x00, 0x00, 0x00, 0x00, 0x00, 0x00, 0x00
.byte 0x00, 0x00, 0x00, 0x00, 0x00, 0x00, 0x00, 0x00, 0x00, 0x00, 0x00, 0x00, 0x00, 0x00, 0x00, 0x00
.byte 0x00, 0x00, 0x00, 0x00, 0x00, 0x00, 0x00, 0x00, 0x00, 0x00, 0x00, 0x00, 0x00, 0x00, 0x00, 0x00
.byte 0x00, 0x00, 0x00, 0x00, 0x00, 0x00, 0x00, 0x00, 0x00, 0x00, 0x00, 0x00, 0x00, 0x00, 0x00, 0x00
.byte 0x00, 0x00, 0x00, 0x00, 0x00, 0x00, 0x00, 0x00, 0x00, 0x00, 0x00, 0x00, 0x00, 0x00, 0x00, 0x00
.byte 0x00, 0x00, 0x00, 0x00, 0x00, 0x00, 0x00, 0x00, 0x00, 0x00, 0x00, 0x00, 0x00, 0x00, 0x00, 0x00
.byte 0x00, 0x00, 0x00, 0x00, 0x00, 0x00, 0x00, 0x00, 0x00, 0x00, 0x1b, 0xa5, 0x99, 0x31, 0x99, 0x31
.byte 0x99, 0x31, 0x99, 0x31, 0x99, 0x31, 0x99, 0x31, 0x99, 0x31, 0xcd, 0x39, 0xcb, 0x5a, 0xd3, 0x9c
.byte 0x38, 0xc6, 0x9e, 0xf7, 0x00, 0x00, 0x00, 0x00, 0x00, 0x00, 0x00, 0x00, 0x00, 0x00, 0x00, 0x00
.byte 0x00, 0x00, 0x00, 0x00, 0x00, 0x00, 0x00, 0x00, 0x00, 0x00, 0x00, 0x00, 0x00, 0x00, 0x00, 0x00
.byte 0x00, 0x00, 0x00, 0x00, 0x00, 0x00, 0x00, 0x00, 0x00, 0x00, 0x00, 0x00, 0x00, 0x00, 0x00, 0x00
.byte 0x00, 0x00, 0x00, 0x00, 0x00, 0x00, 0x00, 0x00, 0x00, 0x00, 0x00, 0x00, 0x00, 0x00, 0x00, 0x00
.byte 0x00, 0x00, 0x00, 0x00, 0x00, 0x00, 0x00, 0x00, 0x00, 0x00, 0x00, 0x00, 0x00, 0x00, 0x00, 0x00
.byte 0x00, 0x00, 0x00, 0x00, 0x00, 0x00, 0x00, 0x00, 0x00, 0x00, 0x00, 0x00, 0x00, 0x00, 0x00, 0x00
.byte 0x00, 0x00, 0x00, 0x00, 0x00, 0x00, 0x00, 0x00, 0x00, 0x00, 0x00, 0x00, 0x00, 0x00, 0x00, 0x00
.byte 0x00, 0x00, 0x00, 0x00, 0x00, 0x00, 0x00, 0x00, 0x00, 0x00, 0x00, 0x00, 0x00, 0x00, 0x00, 0x00
.byte 0x00, 0x00, 0x00, 0x00, 0x00, 0x00, 0x00, 0x00, 0x00, 0x00, 0x00, 0x00, 0x00, 0x00, 0x00, 0x00
.byte 0x00, 0x00, 0x00, 0x00, 0x00, 0x00, 0x00, 0x00, 0x00, 0x00, 0x00, 0x00, 0x00, 0x00, 0x00, 0x00
.byte 0x00, 0x00, 0x00, 0x00, 0x00, 0x00, 0x00, 0x00, 0x00, 0x00, 0x00, 0x00, 0x00, 0x00, 0x00, 0x00
.byte 0x00, 0x00, 0x00, 0x00, 0x00, 0x00, 0x00, 0x00, 0x00, 0x00, 0x00, 0x00, 0x00, 0x00, 0x00, 0x00
.byte 0x00, 0x00, 0x00, 0x00, 0x00, 0x00, 0x00, 0x00, 0x00, 0x00, 0x00, 0x00, 0x00, 0x00, 0x00, 0x00
.byte 0x00, 0x00, 0x00, 0x00, 0x00, 0x00, 0x00, 0x00, 0x00, 0x00, 0x00, 0x00, 0x00, 0x00, 0x00, 0x00
.byte 0x00, 0x00, 0x00, 0x00, 0x00, 0x00, 0x00, 0x00, 0x00, 0x00, 0x00, 0x00, 0x00, 0x00, 0x00, 0x00
.byte 0x00, 0x00, 0x00, 0x00, 0x00, 0x00, 0x00, 0x00, 0x00, 0x00, 0x00, 0x00, 0x00, 0x00, 0x00, 0x00
.byte 0x00, 0x00, 0x00, 0x00, 0x00, 0x00, 0x00, 0x00, 0x00, 0x00, 0x00, 0x00, 0x00, 0x00, 0x00, 0x00
.byte 0x00, 0x00, 0x00, 0x00, 0x00, 0x00, 0x00, 0x00, 0x00, 0x00, 0x00, 0x00, 0x00, 0x00, 0x00, 0x00
.byte 0x00, 0x00, 0x00, 0x00, 0x00, 0x00, 0x00, 0x00, 0x00, 0x00, 0x00, 0x00, 0x00, 0x00, 0x00, 0x00
.byte 0x00, 0x00, 0x00, 0x00, 0x00, 0x00, 0x00, 0x00, 0x00, 0x00, 0x00, 0x00, 0x00, 0x00, 0x00, 0x00
.byte 0x00, 0x00, 0x00, 0x00, 0x00, 0x00, 0x00, 0x00, 0x00, 0x00, 0x00, 0x00, 0x00, 0x00, 0x00, 0x00
.byte 0x00, 0x00, 0x00, 0x00, 0x00, 0x00, 0x00, 0x00, 0x00, 0x00, 0x00, 0x00, 0x00, 0x00, 0x00, 0x00
.byte 0x00, 0x00, 0x00, 0x00, 0x00, 0x00, 0x00, 0x00, 0x00, 0x00, 0x00, 0x00, 0x00, 0x00, 0x00, 0x00
.byte 0x00, 0x00, 0x00, 0x00, 0x00, 0x00, 0x00, 0x00, 0x00, 0x00, 0x00, 0x00, 0x00, 0x00, 0x00, 0x00
.byte 0x00, 0x00, 0x00, 0x00, 0x00, 0x00, 0x00, 0x00, 0x00, 0x00, 0x00, 0x00, 0x00, 0x00, 0x00, 0x00
.byte 0x00, 0x00, 0x00, 0x00, 0x00, 0x00, 0x00, 0x00, 0x00, 0x00, 0x00, 0x00, 0x00, 0x00, 0x00, 0x00
.byte 0x00, 0x00, 0x00, 0x00, 0x00, 0x00, 0x00, 0x00, 0x00, 0x00, 0x00, 0x00, 0x00, 0x00, 0x00, 0x00
.byte 0x00, 0x00, 0x00, 0x00, 0x00, 0x00, 0x00, 0x00, 0x00, 0x00, 0x00, 0x00, 0x00, 0x00, 0x00, 0x00
.byte 0x00, 0x00, 0x00, 0x00, 0x00, 0x00, 0x00, 0x00, 0x00, 0x00, 0x9c, 0x94, 0x99, 0x31, 0x99, 0x31
.byte 0x99, 0x31, 0x99, 0x31, 0x99, 0x31, 0x99, 0x31, 0x99, 0x31, 0xb3, 0x31, 0xcb, 0x5a, 0xf0, 0x7b
.byte 0x38, 0xc6, 0x3c, 0xe7, 0x00, 0x00, 0x00, 0x00, 0x00, 0x00, 0x00, 0x00, 0x00, 0x00, 0x00, 0x00
.byte 0x00, 0x00, 0x00, 0x00, 0x00, 0x00, 0x00, 0x00, 0x00, 0x00, 0x00, 0x00, 0x00, 0x00, 0x00, 0x00
.byte 0x00, 0x00, 0x00, 0x00, 0x00, 0x00, 0x00, 0x00, 0x00, 0x00, 0x00, 0x00, 0x00, 0x00, 0x00, 0x00
.byte 0x00, 0x00, 0x00, 0x00, 0x00, 0x00, 0x00, 0x00, 0x00, 0x00, 0x00, 0x00, 0x00, 0x00, 0x00, 0x00
.byte 0x00, 0x00, 0x00, 0x00, 0x00, 0x00, 0x00, 0x00, 0x00, 0x00, 0x00, 0x00, 0x00, 0x00, 0x00, 0x00
.byte 0x00, 0x00, 0x00, 0x00, 0x00, 0x00, 0x00, 0x00, 0x00, 0x00, 0x00, 0x00, 0x00, 0x00, 0x00, 0x00
.byte 0x00, 0x00, 0x00, 0x00, 0x00, 0x00, 0x00, 0x00, 0x00, 0x00, 0x00, 0x00, 0x00, 0x00, 0x00, 0x00
.byte 0x00, 0x00, 0x00, 0x00, 0x00, 0x00, 0x00, 0x00, 0x00, 0x00, 0x00, 0x00, 0x00, 0x00, 0x00, 0x00
.byte 0x00, 0x00, 0x00, 0x00, 0x00, 0x00, 0x00, 0x00, 0x00, 0x00, 0x00, 0x00, 0x00, 0x00, 0x00, 0x00
.byte 0x00, 0x00, 0x00, 0x00, 0x00, 0x00, 0x00, 0x00, 0x00, 0x00, 0x00, 0x00, 0x00, 0x00, 0x00, 0x00
.byte 0x00, 0x00, 0x00, 0x00, 0x00, 0x00, 0x00, 0x00, 0x00, 0x00, 0x00, 0x00, 0x00, 0x00, 0x00, 0x00
.byte 0x00, 0x00, 0x00, 0x00, 0x00, 0x00, 0x00, 0x00, 0x00, 0x00, 0x00, 0x00, 0x00, 0x00, 0x00, 0x00
.byte 0x00, 0x00, 0x00, 0x00, 0x00, 0x00, 0x00, 0x00, 0x00, 0x00, 0x00, 0x00, 0x00, 0x00, 0x00, 0x00
.byte 0x00, 0x00, 0x00, 0x00, 0x00, 0x00, 0x00, 0x00, 0x00, 0x00, 0x00, 0x00, 0x00, 0x00, 0x00, 0x00
.byte 0x00, 0x00, 0x00, 0x00, 0x00, 0x00, 0x00, 0x00, 0x00, 0x00, 0x00, 0x00, 0x00, 0x00, 0x00, 0x00
.byte 0x00, 0x00, 0x00, 0x00, 0x00, 0x00, 0x00, 0x00, 0x00, 0x00, 0x00, 0x00, 0x00, 0x00, 0x00, 0x00
.byte 0x00, 0x00, 0x00, 0x00, 0x00, 0x00, 0x00, 0x00, 0x00, 0x00, 0x00, 0x00, 0x00, 0x00, 0x00, 0x00
.byte 0x00, 0x00, 0x00, 0x00, 0x00, 0x00, 0x00, 0x00, 0x00, 0x00, 0x00, 0x00, 0x00, 0x00, 0x00, 0x00
.byte 0x00, 0x00, 0x00, 0x00, 0x00, 0x00, 0x00, 0x00, 0x00, 0x00, 0x00, 0x00, 0x00, 0x00, 0x00, 0x00
.byte 0x00, 0x00, 0x00, 0x00, 0x00, 0x00, 0x00, 0x00, 0x00, 0x00, 0x00, 0x00, 0x00, 0x00, 0x00, 0x00
.byte 0x00, 0x00, 0x00, 0x00, 0x00, 0x00, 0x00, 0x00, 0x00, 0x00, 0x00, 0x00, 0x00, 0x00, 0x00, 0x00
.byte 0x00, 0x00, 0x00, 0x00, 0x00, 0x00, 0x00, 0x00, 0x00, 0x00, 0x00, 0x00, 0x00, 0x00, 0x00, 0x00
.byte 0x00, 0x00, 0x00, 0x00, 0x00, 0x00, 0x00, 0x00, 0x00, 0x00, 0x00, 0x00, 0x00, 0x00, 0x00, 0x00
.byte 0x00, 0x00, 0x00, 0x00, 0x00, 0x00, 0x00, 0x00, 0x00, 0x00, 0x00, 0x00, 0x00, 0x00, 0x00, 0x00
.byte 0x00, 0x00, 0x00, 0x00, 0x00, 0x00, 0x00, 0x00, 0x00, 0x00, 0x00, 0x00, 0x00, 0x00, 0x00, 0x00
.byte 0x00, 0x00, 0x00, 0x00, 0x00, 0x00, 0x00, 0x00, 0x00, 0x00, 0x00, 0x00, 0x00, 0x00, 0x00, 0x00
.byte 0x00, 0x00, 0x00, 0x00, 0x00, 0x00, 0x00, 0x00, 0x00, 0x00, 0x00, 0x00, 0x00, 0x00, 0x00, 0x00
.byte 0x00, 0x00, 0x00, 0x00, 0x00, 0x00, 0x00, 0x00, 0x00, 0x00, 0x00, 0x00, 0x00, 0x00, 0x00, 0x00
.byte 0x00, 0x00, 0x00, 0x00, 0x00, 0x00, 0x00, 0x00, 0x00, 0x00, 0xfb, 0x7b, 0x99, 0x31, 0x99, 0x31
.byte 0x99, 0x31, 0x99, 0x31, 0x99, 0x31, 0x99, 0x31, 0x99, 0x31, 0xb3, 0x31, 0x69, 0x4a, 0xf0, 0x7b
.byte 0xb6, 0xb5, 0x3c, 0xe7, 0xdf, 0xff, 0x00, 0x00, 0x00, 0x00, 0x00, 0x00, 0x00, 0x00, 0x00, 0x00
.byte 0x00, 0x00, 0x00, 0x00, 0x00, 0x00, 0x00, 0x00, 0x00, 0x00, 0x00, 0x00, 0x00, 0x00, 0x00, 0x00
.byte 0x00, 0x00, 0x00, 0x00, 0x00, 0x00, 0x00, 0x00, 0x00, 0x00, 0x00, 0x00, 0x00, 0x00, 0x00, 0x00
.byte 0x00, 0x00, 0x00, 0x00, 0x00, 0x00, 0x00, 0x00, 0x00, 0x00, 0x00, 0x00, 0x00, 0x00, 0x00, 0x00
.byte 0x00, 0x00, 0x00, 0x00, 0x00, 0x00, 0x00, 0x00, 0x00, 0x00, 0x00, 0x00, 0x00, 0x00, 0x00, 0x00
.byte 0x00, 0x00, 0x00, 0x00, 0x00, 0x00, 0x00, 0x00, 0x00, 0x00, 0x00, 0x00, 0x00, 0x00, 0x00, 0x00
.byte 0x00, 0x00, 0x00, 0x00, 0x00, 0x00, 0x00, 0x00, 0x00, 0x00, 0x00, 0x00, 0x00, 0x00, 0x00, 0x00
.byte 0x00, 0x00, 0x00, 0x00, 0x00, 0x00, 0x00, 0x00, 0x00, 0x00, 0x00, 0x00, 0x00, 0x00, 0x00, 0x00
.byte 0x00, 0x00, 0x00, 0x00, 0x00, 0x00, 0x00, 0x00, 0x00, 0x00, 0x00, 0x00, 0x00, 0x00, 0x00, 0x00
.byte 0x00, 0x00, 0x00, 0x00, 0x00, 0x00, 0x00, 0x00, 0x00, 0x00, 0x00, 0x00, 0x00, 0x00, 0x00, 0x00
.byte 0x00, 0x00, 0x00, 0x00, 0x00, 0x00, 0x00, 0x00, 0x00, 0x00, 0x00, 0x00, 0x00, 0x00, 0x00, 0x00
.byte 0x00, 0x00, 0x00, 0x00, 0x00, 0x00, 0x00, 0x00, 0x00, 0x00, 0x00, 0x00, 0x00, 0x00, 0x00, 0x00
.byte 0x00, 0x00, 0x00, 0x00, 0x00, 0x00, 0x00, 0x00, 0x00, 0x00, 0x00, 0x00, 0x00, 0x00, 0x00, 0x00
.byte 0x00, 0x00, 0x00, 0x00, 0x00, 0x00, 0x00, 0x00, 0x00, 0x00, 0x00, 0x00, 0x00, 0x00, 0x00, 0x00
.byte 0x00, 0x00, 0x00, 0x00, 0x00, 0x00, 0x00, 0x00, 0x00, 0x00, 0x00, 0x00, 0x00, 0x00, 0x00, 0x00
.byte 0x00, 0x00, 0x00, 0x00, 0x00, 0x00, 0x00, 0x00, 0x00, 0x00, 0x00, 0x00, 0x00, 0x00, 0x00, 0x00
.byte 0x00, 0x00, 0x00, 0x00, 0x00, 0x00, 0x00, 0x00, 0x00, 0x00, 0x00, 0x00, 0x00, 0x00, 0x00, 0x00
.byte 0x00, 0x00, 0x00, 0x00, 0x00, 0x00, 0x00, 0x00, 0x00, 0x00, 0x00, 0x00, 0x00, 0x00, 0x00, 0x00
.byte 0x00, 0x00, 0x00, 0x00, 0x00, 0x00, 0x00, 0x00, 0x00, 0x00, 0x00, 0x00, 0x00, 0x00, 0x00, 0x00
.byte 0x00, 0x00, 0x00, 0x00, 0x00, 0x00, 0x00, 0x00, 0x00, 0x00, 0x00, 0x00, 0x00, 0x00, 0x00, 0x00
.byte 0x00, 0x00, 0x00, 0x00, 0x00, 0x00, 0x00, 0x00, 0x00, 0x00, 0x00, 0x00, 0x00, 0x00, 0x00, 0x00
.byte 0x00, 0x00, 0x00, 0x00, 0x00, 0x00, 0x00, 0x00, 0x00, 0x00, 0x00, 0x00, 0x00, 0x00, 0x00, 0x00
.byte 0x00, 0x00, 0x00, 0x00, 0x00, 0x00, 0x00, 0x00, 0x00, 0x00, 0x00, 0x00, 0x00, 0x00, 0x00, 0x00
.byte 0x00, 0x00, 0x00, 0x00, 0x00, 0x00, 0x00, 0x00, 0x00, 0x00, 0x00, 0x00, 0x00, 0x00, 0x00, 0x00
.byte 0x00, 0x00, 0x00, 0x00, 0x00, 0x00, 0x00, 0x00, 0x00, 0x00, 0x00, 0x00, 0x00, 0x00, 0x00, 0x00
.byte 0x00, 0x00, 0x00, 0x00, 0x00, 0x00, 0x00, 0x00, 0x00, 0x00, 0x00, 0x00, 0x00, 0x00, 0x00, 0x00
.byte 0x00, 0x00, 0x00, 0x00, 0x00, 0x00, 0x00, 0x00, 0x00, 0x00, 0x00, 0x00, 0x00, 0x00, 0x00, 0x00
.byte 0x00, 0x00, 0x00, 0x00, 0x00, 0x00, 0x00, 0x00, 0x00, 0x00, 0x00, 0x00, 0x00, 0x00, 0x00, 0x00
.byte 0x00, 0x00, 0x00, 0x00, 0x00, 0x00, 0x00, 0x00, 0x00, 0x00, 0x5a, 0x6b, 0x99, 0x31, 0x99, 0x31
.byte 0x99, 0x31, 0x99, 0x31, 0x99, 0x31, 0x99, 0x31, 0x99, 0x31, 0xb3, 0x31, 0x69, 0x4a, 0x6d, 0x6b
.byte 0x35, 0xa5, 0xdb, 0xde, 0xdf, 0xff, 0x00, 0x00, 0x00, 0x00, 0x00, 0x00, 0x00, 0x00, 0x00, 0x00
.byte 0x00, 0x00, 0x00, 0x00, 0x00, 0x00, 0x00, 0x00, 0x00, 0x00, 0x00, 0x00, 0x00, 0x00, 0x00, 0x00
.byte 0x00, 0x00, 0x00, 0x00, 0x00, 0x00, 0x00, 0x00, 0x00, 0x00, 0x00, 0x00, 0x00, 0x00, 0x00, 0x00
.byte 0x00, 0x00, 0x00, 0x00, 0x00, 0x00, 0x00, 0x00, 0x00, 0x00, 0x00, 0x00, 0x00, 0x00, 0x00, 0x00
.byte 0x00, 0x00, 0x00, 0x00, 0x00, 0x00, 0x00, 0x00, 0x00, 0x00, 0x00, 0x00, 0x00, 0x00, 0x00, 0x00
.byte 0x00, 0x00, 0x00, 0x00, 0x00, 0x00, 0x00, 0x00, 0x00, 0x00, 0x00, 0x00, 0x00, 0x00, 0x00, 0x00
.byte 0x00, 0x00, 0x00, 0x00, 0x00, 0x00, 0x00, 0x00, 0x00, 0x00, 0x00, 0x00, 0x00, 0x00, 0x00, 0x00
.byte 0x00, 0x00, 0x00, 0x00, 0x00, 0x00, 0x00, 0x00, 0x00, 0x00, 0x00, 0x00, 0x00, 0x00, 0x00, 0x00
.byte 0x00, 0x00, 0x00, 0x00, 0x00, 0x00, 0x00, 0x00, 0x00, 0x00, 0x00, 0x00, 0x00, 0x00, 0x00, 0x00
.byte 0x00, 0x00, 0x00, 0x00, 0x00, 0x00, 0x00, 0x00, 0x00, 0x00, 0x00, 0x00, 0x00, 0x00, 0x00, 0x00
.byte 0x00, 0x00, 0x00, 0x00, 0x00, 0x00, 0x00, 0x00, 0x00, 0x00, 0x00, 0x00, 0x00, 0x00, 0x00, 0x00
.byte 0x00, 0x00, 0x00, 0x00, 0x00, 0x00, 0x00, 0x00, 0x00, 0x00, 0x00, 0x00, 0x00, 0x00, 0x00, 0x00
.byte 0x00, 0x00, 0x00, 0x00, 0x00, 0x00, 0x00, 0x00, 0x00, 0x00, 0x00, 0x00, 0x00, 0x00, 0x00, 0x00
.byte 0x00, 0x00, 0x00, 0x00, 0x00, 0x00, 0x00, 0x00, 0x00, 0x00, 0x00, 0x00, 0x00, 0x00, 0x00, 0x00
.byte 0x00, 0x00, 0x00, 0x00, 0x00, 0x00, 0x00, 0x00, 0x00, 0x00, 0x00, 0x00, 0x00, 0x00, 0x00, 0x00
.byte 0x00, 0x00, 0x00, 0x00, 0x00, 0x00, 0x00, 0x00, 0x00, 0x00, 0x00, 0x00, 0x00, 0x00, 0x00, 0x00
.byte 0x00, 0x00, 0x00, 0x00, 0x00, 0x00, 0x00, 0x00, 0x00, 0x00, 0x00, 0x00, 0x00, 0x00, 0x00, 0x00
.byte 0x00, 0x00, 0x00, 0x00, 0x00, 0x00, 0x00, 0x00, 0x00, 0x00, 0x00, 0x00, 0x00, 0x00, 0x00, 0x00
.byte 0x00, 0x00, 0x00, 0x00, 0x00, 0x00, 0x00, 0x00, 0x00, 0x00, 0x00, 0x00, 0x00, 0x00, 0x00, 0x00
.byte 0x00, 0x00, 0x00, 0x00, 0x00, 0x00, 0x00, 0x00, 0x00, 0x00, 0x00, 0x00, 0x00, 0x00, 0x00, 0x00
.byte 0x00, 0x00, 0x00, 0x00, 0x00, 0x00, 0x00, 0x00, 0x00, 0x00, 0x00, 0x00, 0x00, 0x00, 0x00, 0x00
.byte 0x00, 0x00, 0x00, 0x00, 0x00, 0x00, 0x00, 0x00, 0x00, 0x00, 0x00, 0x00, 0x00, 0x00, 0x00, 0x00
.byte 0x00, 0x00, 0x00, 0x00, 0x00, 0x00, 0x00, 0x00, 0x00, 0x00, 0x00, 0x00, 0x00, 0x00, 0x00, 0x00
.byte 0x00, 0x00, 0x00, 0x00, 0x00, 0x00, 0x00, 0x00, 0x00, 0x00, 0x00, 0x00, 0x00, 0x00, 0x00, 0x00
.byte 0x00, 0x00, 0x00, 0x00, 0x00, 0x00, 0x00, 0x00, 0x00, 0x00, 0x00, 0x00, 0x00, 0x00, 0x00, 0x00
.byte 0x00, 0x00, 0x00, 0x00, 0x00, 0x00, 0x00, 0x00, 0x00, 0x00, 0x00, 0x00, 0x00, 0x00, 0x00, 0x00
.byte 0x00, 0x00, 0x00, 0x00, 0x00, 0x00, 0x00, 0x00, 0x00, 0x00, 0x00, 0x00, 0x00, 0x00, 0x00, 0x00
.byte 0x00, 0x00, 0x00, 0x00, 0x00, 0x00, 0x00, 0x00, 0x00, 0x00, 0x00, 0x00, 0x00, 0x00, 0x00, 0x00
.byte 0x00, 0x00, 0x00, 0x00, 0x00, 0x00, 0x00, 0x00, 0xdf, 0xff, 0x99, 0x52, 0x99, 0x31, 0x99, 0x31
.byte 0x99, 0x31, 0x99, 0x31, 0x99, 0x31, 0x99, 0x31, 0x99, 0x31, 0xb3, 0x31, 0x69, 0x4a, 0x6d, 0x6b
.byte 0x35, 0xa5, 0xdb, 0xde, 0xdf, 0xff, 0x00, 0x00, 0x00, 0x00, 0x00, 0x00, 0x00, 0x00, 0x00, 0x00
.byte 0x00, 0x00, 0x00, 0x00, 0x00, 0x00, 0x00, 0x00, 0x00, 0x00, 0x00, 0x00, 0x00, 0x00, 0x00, 0x00
.byte 0x00, 0x00, 0x00, 0x00, 0x00, 0x00, 0x00, 0x00, 0x00, 0x00, 0x00, 0x00, 0x00, 0x00, 0x00, 0x00
.byte 0x00, 0x00, 0x00, 0x00, 0x00, 0x00, 0x00, 0x00, 0x00, 0x00, 0x00, 0x00, 0x00, 0x00, 0x00, 0x00
.byte 0x00, 0x00, 0x00, 0x00, 0x00, 0x00, 0x00, 0x00, 0x00, 0x00, 0x00, 0x00, 0x00, 0x00, 0x00, 0x00
.byte 0x00, 0x00, 0x00, 0x00, 0x00, 0x00, 0x00, 0x00, 0x00, 0x00, 0x00, 0x00, 0x00, 0x00, 0x00, 0x00
.byte 0x00, 0x00, 0x00, 0x00, 0x00, 0x00, 0x00, 0x00, 0x00, 0x00, 0x00, 0x00, 0x00, 0x00, 0x00, 0x00
.byte 0x00, 0x00, 0x00, 0x00, 0x00, 0x00, 0x00, 0x00, 0x00, 0x00, 0x00, 0x00, 0x00, 0x00, 0x00, 0x00
.byte 0x00, 0x00, 0x00, 0x00, 0x00, 0x00, 0x00, 0x00, 0x00, 0x00, 0x00, 0x00, 0x00, 0x00, 0x00, 0x00
.byte 0x00, 0x00, 0x00, 0x00, 0x00, 0x00, 0x00, 0x00, 0x00, 0x00, 0x00, 0x00, 0x00, 0x00, 0x00, 0x00
.byte 0x00, 0x00, 0x00, 0x00, 0x00, 0x00, 0x00, 0x00, 0x00, 0x00, 0x00, 0x00, 0x00, 0x00, 0x00, 0x00
.byte 0x00, 0x00, 0x00, 0x00, 0x00, 0x00, 0x00, 0x00, 0x00, 0x00, 0x00, 0x00, 0x00, 0x00, 0x00, 0x00
.byte 0x00, 0x00, 0x00, 0x00, 0x00, 0x00, 0x00, 0x00, 0x00, 0x00, 0x00, 0x00, 0x00, 0x00, 0x00, 0x00
.byte 0x00, 0x00, 0x00, 0x00, 0x00, 0x00, 0x00, 0x00, 0x00, 0x00, 0x00, 0x00, 0x00, 0x00, 0x00, 0x00
.byte 0x00, 0x00, 0x00, 0x00, 0x00, 0x00, 0x00, 0x00, 0x00, 0x00, 0x00, 0x00, 0x00, 0x00, 0x00, 0x00
.byte 0x00, 0x00, 0x00, 0x00, 0x00, 0x00, 0x00, 0x00, 0x00, 0x00, 0x00, 0x00, 0x00, 0x00, 0x00, 0x00
.byte 0x00, 0x00, 0x00, 0x00, 0x00, 0x00, 0x00, 0x00, 0x00, 0x00, 0x00, 0x00, 0x00, 0x00, 0x00, 0x00
.byte 0x00, 0x00, 0x00, 0x00, 0x00, 0x00, 0x00, 0x00, 0x00, 0x00, 0x00, 0x00, 0x00, 0x00, 0x00, 0x00
.byte 0x00, 0x00, 0x00, 0x00, 0x00, 0x00, 0x00, 0x00, 0x00, 0x00, 0x00, 0x00, 0x00, 0x00, 0x00, 0x00
.byte 0x00, 0x00, 0x00, 0x00, 0x00, 0x00, 0x00, 0x00, 0x00, 0x00, 0x00, 0x00, 0x00, 0x00, 0x00, 0x00
.byte 0x00, 0x00, 0x00, 0x00, 0x00, 0x00, 0x00, 0x00, 0x00, 0x00, 0x00, 0x00, 0x00, 0x00, 0x00, 0x00
.byte 0x00, 0x00, 0x00, 0x00, 0x00, 0x00, 0x00, 0x00, 0x00, 0x00, 0x00, 0x00, 0x00, 0x00, 0x00, 0x00
.byte 0x00, 0x00, 0x00, 0x00, 0x00, 0x00, 0x00, 0x00, 0x00, 0x00, 0x00, 0x00, 0x00, 0x00, 0x00, 0x00
.byte 0x00, 0x00, 0x00, 0x00, 0x00, 0x00, 0x00, 0x00, 0x00, 0x00, 0x00, 0x00, 0x00, 0x00, 0x00, 0x00
.byte 0x00, 0x00, 0x00, 0x00, 0x00, 0x00, 0x00, 0x00, 0x00, 0x00, 0x00, 0x00, 0x00, 0x00, 0x00, 0x00
.byte 0x00, 0x00, 0x00, 0x00, 0x00, 0x00, 0x00, 0x00, 0x00, 0x00, 0x00, 0x00, 0x00, 0x00, 0x00, 0x00
.byte 0x00, 0x00, 0x00, 0x00, 0x00, 0x00, 0x00, 0x00, 0x00, 0x00, 0x00, 0x00, 0x00, 0x00, 0x00, 0x00
.byte 0x00, 0x00, 0x00, 0x00, 0x00, 0x00, 0x00, 0x00, 0x00, 0x00, 0x00, 0x00, 0x00, 0x00, 0x00, 0x00
.byte 0x00, 0x00, 0x00, 0x00, 0x00, 0x00, 0x00, 0x00, 0xdf, 0xff, 0x99, 0x52, 0x99, 0x31, 0x99, 0x31
.byte 0x99, 0x31, 0x99, 0x31, 0x99, 0x31, 0x99, 0x31, 0x99, 0x31, 0xd8, 0x39, 0x69, 0x4a, 0x6d, 0x6b
.byte 0xd3, 0x9c, 0xdb, 0xde, 0x9e, 0xf7, 0x00, 0x00, 0x00, 0x00, 0x00, 0x00, 0x00, 0x00, 0x00, 0x00
.byte 0x00, 0x00, 0x00, 0x00, 0x00, 0x00, 0x00, 0x00, 0x00, 0x00, 0x00, 0x00, 0x00, 0x00, 0x00, 0x00
.byte 0x00, 0x00, 0x00, 0x00, 0x00, 0x00, 0x00, 0x00, 0x00, 0x00, 0x00, 0x00, 0x00, 0x00, 0x00, 0x00
.byte 0x00, 0x00, 0x00, 0x00, 0x00, 0x00, 0x00, 0x00, 0x00, 0x00, 0x00, 0x00, 0x00, 0x00, 0x00, 0x00
.byte 0x00, 0x00, 0x00, 0x00, 0x00, 0x00, 0x00, 0x00, 0x00, 0x00, 0x00, 0x00, 0x00, 0x00, 0x00, 0x00
.byte 0x00, 0x00, 0x00, 0x00, 0x00, 0x00, 0x00, 0x00, 0x00, 0x00, 0x00, 0x00, 0x00, 0x00, 0x00, 0x00
.byte 0x00, 0x00, 0x00, 0x00, 0x00, 0x00, 0x00, 0x00, 0x00, 0x00, 0x00, 0x00, 0x00, 0x00, 0x00, 0x00
.byte 0x00, 0x00, 0x00, 0x00, 0x00, 0x00, 0x00, 0x00, 0x00, 0x00, 0x00, 0x00, 0x00, 0x00, 0x00, 0x00
.byte 0x00, 0x00, 0x00, 0x00, 0x00, 0x00, 0x00, 0x00, 0x00, 0x00, 0x00, 0x00, 0x00, 0x00, 0x00, 0x00
.byte 0x00, 0x00, 0x00, 0x00, 0x00, 0x00, 0x00, 0x00, 0x00, 0x00, 0x00, 0x00, 0x00, 0x00, 0x00, 0x00
.byte 0x00, 0x00, 0x00, 0x00, 0x00, 0x00, 0x00, 0x00, 0x00, 0x00, 0x00, 0x00, 0x00, 0x00, 0x00, 0x00
.byte 0x00, 0x00, 0x00, 0x00, 0x00, 0x00, 0x00, 0x00, 0x00, 0x00, 0x00, 0x00, 0x00, 0x00, 0x00, 0x00
.byte 0x00, 0x00, 0x00, 0x00, 0x00, 0x00, 0x00, 0x00, 0x00, 0x00, 0x00, 0x00, 0x00, 0x00, 0x00, 0x00
.byte 0x00, 0x00, 0x00, 0x00, 0x00, 0x00, 0x00, 0x00, 0x00, 0x00, 0x00, 0x00, 0x00, 0x00, 0x00, 0x00
.byte 0x00, 0x00, 0x00, 0x00, 0x00, 0x00, 0x00, 0x00, 0x00, 0x00, 0x00, 0x00, 0x00, 0x00, 0x00, 0x00
.byte 0x00, 0x00, 0x00, 0x00, 0x00, 0x00, 0x00, 0x00, 0x00, 0x00, 0x00, 0x00, 0x00, 0x00, 0x00, 0x00
.byte 0x00, 0x00, 0x00, 0x00, 0x00, 0x00, 0x00, 0x00, 0x00, 0x00, 0x00, 0x00, 0x00, 0x00, 0x00, 0x00
.byte 0x00, 0x00, 0x00, 0x00, 0x00, 0x00, 0x00, 0x00, 0x00, 0x00, 0x00, 0x00, 0x00, 0x00, 0x00, 0x00
.byte 0x00, 0x00, 0x00, 0x00, 0x00, 0x00, 0x00, 0x00, 0x00, 0x00, 0x00, 0x00, 0x00, 0x00, 0x00, 0x00
.byte 0x00, 0x00, 0x00, 0x00, 0x00, 0x00, 0x00, 0x00, 0x00, 0x00, 0x00, 0x00, 0x00, 0x00, 0x00, 0x00
.byte 0x00, 0x00, 0x00, 0x00, 0x00, 0x00, 0x00, 0x00, 0x00, 0x00, 0x00, 0x00, 0x00, 0x00, 0x00, 0x00
.byte 0x00, 0x00, 0x00, 0x00, 0x00, 0x00, 0x00, 0x00, 0x00, 0x00, 0x00, 0x00, 0x00, 0x00, 0x00, 0x00
.byte 0x00, 0x00, 0x00, 0x00, 0x00, 0x00, 0x00, 0x00, 0x00, 0x00, 0x00, 0x00, 0x00, 0x00, 0x00, 0x00
.byte 0x00, 0x00, 0x00, 0x00, 0x00, 0x00, 0x00, 0x00, 0x00, 0x00, 0x00, 0x00, 0x00, 0x00, 0x00, 0x00
.byte 0x00, 0x00, 0x00, 0x00, 0x00, 0x00, 0x00, 0x00, 0x00, 0x00, 0x00, 0x00, 0x00, 0x00, 0x00, 0x00
.byte 0x00, 0x00, 0x00, 0x00, 0x00, 0x00, 0x00, 0x00, 0x00, 0x00, 0x00, 0x00, 0x00, 0x00, 0x00, 0x00
.byte 0x00, 0x00, 0x00, 0x00, 0x00, 0x00, 0x00, 0x00, 0x00, 0x00, 0x00, 0x00, 0x00, 0x00, 0x00, 0x00
.byte 0x00, 0x00, 0x00, 0x00, 0x00, 0x00, 0x00, 0x00, 0x00, 0x00, 0x00, 0x00, 0x00, 0x00, 0x00, 0x00
.byte 0x00, 0x00, 0x00, 0x00, 0x00, 0x00, 0x00, 0x00, 0xdf, 0xff, 0x99, 0x52, 0x99, 0x31, 0x99, 0x31
.byte 0x99, 0x31, 0x99, 0x31, 0x99, 0x31, 0x99, 0x31, 0x99, 0x31, 0x99, 0x31, 0x08, 0x42, 0x6d, 0x6b
.byte 0xd3, 0x9c, 0xdb, 0xde, 0x9e, 0xf7, 0x00, 0x00, 0x00, 0x00, 0x00, 0x00, 0x00, 0x00, 0x00, 0x00
.byte 0x00, 0x00, 0x00, 0x00, 0x00, 0x00, 0x00, 0x00, 0x00, 0x00, 0x00, 0x00, 0x00, 0x00, 0x00, 0x00
.byte 0x00, 0x00, 0x00, 0x00, 0x00, 0x00, 0x00, 0x00, 0x00, 0x00, 0x00, 0x00, 0x00, 0x00, 0x00, 0x00
.byte 0x00, 0x00, 0x00, 0x00, 0x00, 0x00, 0x1e, 0xe7, 0x1b, 0xa5, 0x9c, 0x94, 0x9c, 0x94, 0x9e, 0xd6
.byte 0x00, 0x00, 0x00, 0x00, 0x00, 0x00, 0x00, 0x00, 0x00, 0x00, 0x00, 0x00, 0x00, 0x00, 0x00, 0x00
.byte 0x00, 0x00, 0x00, 0x00, 0x00, 0x00, 0x00, 0x00, 0x00, 0x00, 0x00, 0x00, 0x00, 0x00, 0x00, 0x00
.byte 0x00, 0x00, 0x00, 0x00, 0x00, 0x00, 0x00, 0x00, 0x00, 0x00, 0x00, 0x00, 0x00, 0x00, 0x00, 0x00
.byte 0x00, 0x00, 0x00, 0x00, 0x00, 0x00, 0x00, 0x00, 0x00, 0x00, 0x00, 0x00, 0x00, 0x00, 0x00, 0x00
.byte 0x00, 0x00, 0x00, 0x00, 0x00, 0x00, 0x00, 0x00, 0x00, 0x00, 0x00, 0x00, 0x00, 0x00, 0x00, 0x00
.byte 0x00, 0x00, 0x00, 0x00, 0x00, 0x00, 0x00, 0x00, 0x00, 0x00, 0x00, 0x00, 0x00, 0x00, 0x00, 0x00
.byte 0x00, 0x00, 0x00, 0x00, 0x00, 0x00, 0x00, 0x00, 0x00, 0x00, 0x00, 0x00, 0x00, 0x00, 0x00, 0x00
.byte 0x00, 0x00, 0x00, 0x00, 0x00, 0x00, 0x00, 0x00, 0x00, 0x00, 0x00, 0x00, 0x00, 0x00, 0x00, 0x00
.byte 0x00, 0x00, 0x00, 0x00, 0x00, 0x00, 0x00, 0x00, 0x00, 0x00, 0x00, 0x00, 0x00, 0x00, 0x00, 0x00
.byte 0x00, 0x00, 0x00, 0x00, 0x00, 0x00, 0x00, 0x00, 0x00, 0x00, 0x00, 0x00, 0x00, 0x00, 0x00, 0x00
.byte 0x00, 0x00, 0x00, 0x00, 0x00, 0x00, 0x00, 0x00, 0x00, 0x00, 0x00, 0x00, 0x00, 0x00, 0x00, 0x00
.byte 0x00, 0x00, 0x00, 0x00, 0x00, 0x00, 0x00, 0x00, 0x00, 0x00, 0x00, 0x00, 0x00, 0x00, 0x00, 0x00
.byte 0x00, 0x00, 0x00, 0x00, 0x00, 0x00, 0x00, 0x00, 0x00, 0x00, 0x00, 0x00, 0x00, 0x00, 0x00, 0x00
.byte 0x00, 0x00, 0x00, 0x00, 0x00, 0x00, 0x00, 0x00, 0x00, 0x00, 0x00, 0x00, 0x00, 0x00, 0x00, 0x00
.byte 0x00, 0x00, 0x00, 0x00, 0x00, 0x00, 0x00, 0x00, 0x00, 0x00, 0x00, 0x00, 0x00, 0x00, 0x00, 0x00
.byte 0x00, 0x00, 0x00, 0x00, 0x00, 0x00, 0x00, 0x00, 0x00, 0x00, 0x00, 0x00, 0x00, 0x00, 0x00, 0x00
.byte 0x00, 0x00, 0x00, 0x00, 0x00, 0x00, 0x00, 0x00, 0x00, 0x00, 0x00, 0x00, 0x00, 0x00, 0x00, 0x00
.byte 0x00, 0x00, 0x00, 0x00, 0x00, 0x00, 0x00, 0x00, 0x00, 0x00, 0x00, 0x00, 0x00, 0x00, 0x00, 0x00
.byte 0x00, 0x00, 0x00, 0x00, 0x00, 0x00, 0x00, 0x00, 0x00, 0x00, 0x00, 0x00, 0x00, 0x00, 0x00, 0x00
.byte 0x00, 0x00, 0x00, 0x00, 0x00, 0x00, 0x00, 0x00, 0x00, 0x00, 0x00, 0x00, 0x00, 0x00, 0x00, 0x00
.byte 0x00, 0x00, 0x00, 0x00, 0x00, 0x00, 0x00, 0x00, 0x00, 0x00, 0x00, 0x00, 0x00, 0x00, 0x00, 0x00
.byte 0x00, 0x00, 0x00, 0x00, 0x00, 0x00, 0x00, 0x00, 0x00, 0x00, 0x00, 0x00, 0x00, 0x00, 0x00, 0x00
.byte 0x00, 0x00, 0x00, 0x00, 0x00, 0x00, 0x00, 0x00, 0x00, 0x00, 0x00, 0x00, 0x00, 0x00, 0x00, 0x00
.byte 0x00, 0x00, 0x00, 0x00, 0x00, 0x00, 0x00, 0x00, 0x00, 0x00, 0x00, 0x00, 0x00, 0x00, 0x00, 0x00
.byte 0x00, 0x00, 0x00, 0x00, 0x00, 0x00, 0x00, 0x00, 0xdf, 0xff, 0x99, 0x52, 0x99, 0x31, 0x99, 0x31
.byte 0x99, 0x31, 0x99, 0x31, 0x99, 0x31, 0x99, 0x31, 0x99, 0x31, 0x99, 0x31, 0xcd, 0x39, 0xcb, 0x5a
.byte 0x71, 0x8c, 0x38, 0xc6, 0x9e, 0xf7, 0x00, 0x00, 0x00, 0x00, 0x00, 0x00, 0x00, 0x00, 0x00, 0x00
.byte 0x00, 0x00, 0x00, 0x00, 0x00, 0x00, 0x00, 0x00, 0x00, 0x00, 0x00, 0x00, 0x00, 0x00, 0x00, 0x00
.byte 0x00, 0x00, 0x00, 0x00, 0x00, 0x00, 0x00, 0x00, 0x00, 0x00, 0x00, 0x00, 0x00, 0x00, 0x00, 0x00
.byte 0x00, 0x00, 0x9f, 0xf7, 0xfb, 0x7b, 0xd8, 0x39, 0x99, 0x31, 0x99, 0x31, 0x99, 0x31, 0x99, 0x31
.byte 0x5a, 0x6b, 0x9f, 0xf7, 0x00, 0x00, 0x00, 0x00, 0x00, 0x00, 0x00, 0x00, 0x00, 0x00, 0x00, 0x00
.byte 0x00, 0x00, 0x00, 0x00, 0x00, 0x00, 0x00, 0x00, 0x00, 0x00, 0x00, 0x00, 0x00, 0x00, 0x00, 0x00
.byte 0x00, 0x00, 0x00, 0x00, 0x00, 0x00, 0x00, 0x00, 0x00, 0x00, 0x00, 0x00, 0x00, 0x00, 0x00, 0x00
.byte 0x00, 0x00, 0x00, 0x00, 0x00, 0x00, 0x00, 0x00, 0x00, 0x00, 0x00, 0x00, 0x00, 0x00, 0x00, 0x00
.byte 0x00, 0x00, 0x00, 0x00, 0x00, 0x00, 0x00, 0x00, 0x00, 0x00, 0x00, 0x00, 0x00, 0x00, 0x00, 0x00
.byte 0x00, 0x00, 0x00, 0x00, 0x00, 0x00, 0x00, 0x00, 0x00, 0x00, 0x00, 0x00, 0x00, 0x00, 0x00, 0x00
.byte 0x00, 0x00, 0x00, 0x00, 0x00, 0x00, 0x00, 0x00, 0x00, 0x00, 0x00, 0x00, 0x00, 0x00, 0x00, 0x00
.byte 0x00, 0x00, 0x00, 0x00, 0x00, 0x00, 0x00, 0x00, 0x00, 0x00, 0x00, 0x00, 0x00, 0x00, 0x00, 0x00
.byte 0x00, 0x00, 0x00, 0x00, 0x00, 0x00, 0x00, 0x00, 0x00, 0x00, 0x00, 0x00, 0x00, 0x00, 0x00, 0x00
.byte 0x00, 0x00, 0x00, 0x00, 0x00, 0x00, 0x00, 0x00, 0x00, 0x00, 0x00, 0x00, 0x00, 0x00, 0x00, 0x00
.byte 0x00, 0x00, 0x00, 0x00, 0x00, 0x00, 0x00, 0x00, 0x00, 0x00, 0x00, 0x00, 0x00, 0x00, 0x00, 0x00
.byte 0x00, 0x00, 0x00, 0x00, 0x00, 0x00, 0x00, 0x00, 0x00, 0x00, 0x00, 0x00, 0x00, 0x00, 0x00, 0x00
.byte 0x00, 0x00, 0x00, 0x00, 0x00, 0x00, 0x00, 0x00, 0x00, 0x00, 0x00, 0x00, 0x00, 0x00, 0x00, 0x00
.byte 0x00, 0x00, 0x00, 0x00, 0x00, 0x00, 0x00, 0x00, 0x00, 0x00, 0x00, 0x00, 0x00, 0x00, 0x00, 0x00
.byte 0x00, 0x00, 0x00, 0x00, 0x00, 0x00, 0x00, 0x00, 0x00, 0x00, 0x00, 0x00, 0x00, 0x00, 0x00, 0x00
.byte 0x00, 0x00, 0x00, 0x00, 0x00, 0x00, 0x00, 0x00, 0x00, 0x00, 0x00, 0x00, 0x00, 0x00, 0x00, 0x00
.byte 0x00, 0x00, 0x00, 0x00, 0x00, 0x00, 0x00, 0x00, 0x00, 0x00, 0x00, 0x00, 0x00, 0x00, 0x00, 0x00
.byte 0x00, 0x00, 0x00, 0x00, 0x00, 0x00, 0x00, 0x00, 0x00, 0x00, 0x00, 0x00, 0x00, 0x00, 0x00, 0x00
.byte 0x00, 0x00, 0x00, 0x00, 0x00, 0x00, 0x00, 0x00, 0x00, 0x00, 0x00, 0x00, 0x00, 0x00, 0x00, 0x00
.byte 0x00, 0x00, 0x00, 0x00, 0x00, 0x00, 0x00, 0x00, 0x00, 0x00, 0x00, 0x00, 0x00, 0x00, 0x00, 0x00
.byte 0x00, 0x00, 0x00, 0x00, 0x00, 0x00, 0x00, 0x00, 0x00, 0x00, 0x00, 0x00, 0x00, 0x00, 0x00, 0x00
.byte 0x00, 0x00, 0x00, 0x00, 0x00, 0x00, 0x00, 0x00, 0x00, 0x00, 0x00, 0x00, 0x00, 0x00, 0x00, 0x00
.byte 0x00, 0x00, 0x00, 0x00, 0x00, 0x00, 0x00, 0x00, 0x00, 0x00, 0x00, 0x00, 0x00, 0x00, 0x00, 0x00
.byte 0x00, 0x00, 0x00, 0x00, 0x00, 0x00, 0x00, 0x00, 0x00, 0x00, 0x00, 0x00, 0x00, 0x00, 0x00, 0x00
.byte 0x00, 0x00, 0x00, 0x00, 0x00, 0x00, 0x00, 0x00, 0xdf, 0xff, 0x99, 0x52, 0x99, 0x31, 0x99, 0x31
.byte 0x99, 0x31, 0x99, 0x31, 0x99, 0x31, 0x99, 0x31, 0x99, 0x31, 0x99, 0x31, 0xcd, 0x39, 0xcb, 0x5a
.byte 0x71, 0x8c, 0x38, 0xc6, 0x9e, 0xf7, 0x00, 0x00, 0x00, 0x00, 0x00, 0x00, 0x00, 0x00, 0x00, 0x00
.byte 0x00, 0x00, 0x00, 0x00, 0x00, 0x00, 0x00, 0x00, 0x00, 0x00, 0x00, 0x00, 0x00, 0x00, 0x00, 0x00
.byte 0x00, 0x00, 0x00, 0x00, 0x00, 0x00, 0x00, 0x00, 0x00, 0x00, 0x00, 0x00, 0x00, 0x00, 0x00, 0x00
.byte 0x1d, 0xc6, 0x99, 0x52, 0x99, 0x31, 0x99, 0x31, 0x99, 0x31, 0x99, 0x31, 0x99, 0x31, 0x99, 0x31
.byte 0x99, 0x31, 0x99, 0x52, 0xdb, 0xde, 0x00, 0x00, 0x00, 0x00, 0x00, 0x00, 0x00, 0x00, 0x00, 0x00
.byte 0x00, 0x00, 0x00, 0x00, 0x00, 0x00, 0x00, 0x00, 0x00, 0x00, 0x00, 0x00, 0x00, 0x00, 0x00, 0x00
.byte 0x00, 0x00, 0x00, 0x00, 0x00, 0x00, 0x00, 0x00, 0x00, 0x00, 0x00, 0x00, 0x00, 0x00, 0x00, 0x00
.byte 0x00, 0x00, 0x00, 0x00, 0x00, 0x00, 0x00, 0x00, 0x00, 0x00, 0x00, 0x00, 0x00, 0x00, 0x00, 0x00
.byte 0x00, 0x00, 0x00, 0x00, 0x00, 0x00, 0x00, 0x00, 0x00, 0x00, 0x00, 0x00, 0x00, 0x00, 0x00, 0x00
.byte 0x00, 0x00, 0x00, 0x00, 0x00, 0x00, 0x00, 0x00, 0x00, 0x00, 0x00, 0x00, 0x00, 0x00, 0x00, 0x00
.byte 0x00, 0x00, 0x00, 0x00, 0x00, 0x00, 0x00, 0x00, 0x00, 0x00, 0x00, 0x00, 0x00, 0x00, 0x00, 0x00
.byte 0x00, 0x00, 0x00, 0x00, 0x00, 0x00, 0x00, 0x00, 0x00, 0x00, 0x00, 0x00, 0x00, 0x00, 0x00, 0x00
.byte 0x00, 0x00, 0x00, 0x00, 0x00, 0x00, 0x00, 0x00, 0x00, 0x00, 0x00, 0x00, 0x00, 0x00, 0x00, 0x00
.byte 0x00, 0x00, 0x00, 0x00, 0x00, 0x00, 0x00, 0x00, 0x00, 0x00, 0x00, 0x00, 0x00, 0x00, 0x00, 0x00
.byte 0x00, 0x00, 0x00, 0x00, 0x00, 0x00, 0x00, 0x00, 0x00, 0x00, 0x00, 0x00, 0x00, 0x00, 0x00, 0x00
.byte 0x00, 0x00, 0x00, 0x00, 0x00, 0x00, 0x00, 0x00, 0x00, 0x00, 0x00, 0x00, 0x00, 0x00, 0x00, 0x00
.byte 0x00, 0x00, 0x00, 0x00, 0x00, 0x00, 0x00, 0x00, 0x00, 0x00, 0x00, 0x00, 0x00, 0x00, 0x00, 0x00
.byte 0x00, 0x00, 0x00, 0x00, 0x00, 0x00, 0x00, 0x00, 0x00, 0x00, 0x00, 0x00, 0x00, 0x00, 0x00, 0x00
.byte 0x00, 0x00, 0x00, 0x00, 0x00, 0x00, 0x00, 0x00, 0x00, 0x00, 0x00, 0x00, 0x00, 0x00, 0x00, 0x00
.byte 0x00, 0x00, 0x00, 0x00, 0x00, 0x00, 0x00, 0x00, 0x00, 0x00, 0x00, 0x00, 0x00, 0x00, 0x00, 0x00
.byte 0x00, 0x00, 0x00, 0x00, 0x00, 0x00, 0x00, 0x00, 0x00, 0x00, 0x00, 0x00, 0x00, 0x00, 0x00, 0x00
.byte 0x00, 0x00, 0x00, 0x00, 0x00, 0x00, 0x00, 0x00, 0x00, 0x00, 0x00, 0x00, 0x00, 0x00, 0x00, 0x00
.byte 0x00, 0x00, 0x00, 0x00, 0x00, 0x00, 0x00, 0x00, 0x00, 0x00, 0x00, 0x00, 0x00, 0x00, 0x00, 0x00
.byte 0x00, 0x00, 0x00, 0x00, 0x00, 0x00, 0x00, 0x00, 0x00, 0x00, 0x00, 0x00, 0x00, 0x00, 0x00, 0x00
.byte 0x00, 0x00, 0x00, 0x00, 0x00, 0x00, 0x00, 0x00, 0x00, 0x00, 0x00, 0x00, 0x00, 0x00, 0x00, 0x00
.byte 0x00, 0x00, 0x00, 0x00, 0x00, 0x00, 0x00, 0x00, 0x00, 0x00, 0x00, 0x00, 0x00, 0x00, 0x00, 0x00
.byte 0x00, 0x00, 0x00, 0x00, 0x00, 0x00, 0x00, 0x00, 0x00, 0x00, 0x00, 0x00, 0x00, 0x00, 0x00, 0x00
.byte 0x00, 0x00, 0x00, 0x00, 0x00, 0x00, 0x00, 0x00, 0x00, 0x00, 0x00, 0x00, 0x00, 0x00, 0x00, 0x00
.byte 0x00, 0x00, 0x00, 0x00, 0x00, 0x00, 0x00, 0x00, 0xdf, 0xff, 0x99, 0x52, 0x99, 0x31, 0x99, 0x31
.byte 0x99, 0x31, 0x99, 0x31, 0x99, 0x31, 0x99, 0x31, 0x99, 0x31, 0x99, 0x31, 0xcd, 0x39, 0xcb, 0x5a
.byte 0x71, 0x8c, 0x38, 0xc6, 0x3c, 0xe7, 0x00, 0x00, 0x00, 0x00, 0x00, 0x00, 0x00, 0x00, 0x00, 0x00
.byte 0x00, 0x00, 0x00, 0x00, 0x00, 0x00, 0x00, 0x00, 0x00, 0x00, 0x00, 0x00, 0x00, 0x00, 0x00, 0x00
.byte 0x00, 0x00, 0x00, 0x00, 0x00, 0x00, 0x00, 0x00, 0x00, 0x00, 0x00, 0x00, 0x00, 0x00, 0x9c, 0x94
.byte 0x99, 0x31, 0x99, 0x31, 0x99, 0x31, 0x99, 0x31, 0x99, 0x31, 0x99, 0x31, 0x99, 0x31, 0x99, 0x31
.byte 0x99, 0x31, 0x99, 0x31, 0x99, 0x52, 0x1e, 0xe7, 0xdf, 0xff, 0x00, 0x00, 0x00, 0x00, 0x00, 0x00
.byte 0x00, 0x00, 0x00, 0x00, 0x00, 0x00, 0x00, 0x00, 0x00, 0x00, 0x00, 0x00, 0x00, 0x00, 0x00, 0x00
.byte 0x00, 0x00, 0x00, 0x00, 0x00, 0x00, 0x00, 0x00, 0x00, 0x00, 0x00, 0x00, 0x00, 0x00, 0x00, 0x00
.byte 0x00, 0x00, 0x00, 0x00, 0x00, 0x00, 0x00, 0x00, 0x00, 0x00, 0x00, 0x00, 0x00, 0x00, 0x00, 0x00
.byte 0x00, 0x00, 0x00, 0x00, 0x00, 0x00, 0x00, 0x00, 0x00, 0x00, 0x00, 0x00, 0x00, 0x00, 0x00, 0x00
.byte 0x00, 0x00, 0x00, 0x00, 0x00, 0x00, 0x00, 0x00, 0x00, 0x00, 0x00, 0x00, 0x00, 0x00, 0x00, 0x00
.byte 0x00, 0x00, 0x00, 0x00, 0x00, 0x00, 0x00, 0x00, 0x00, 0x00, 0x00, 0x00, 0x00, 0x00, 0x00, 0x00
.byte 0x00, 0x00, 0x00, 0x00, 0x00, 0x00, 0x00, 0x00, 0x00, 0x00, 0x00, 0x00, 0x00, 0x00, 0x00, 0x00
.byte 0x00, 0x00, 0x00, 0x00, 0x00, 0x00, 0x00, 0x00, 0x00, 0x00, 0x00, 0x00, 0x00, 0x00, 0x00, 0x00
.byte 0x00, 0x00, 0x00, 0x00, 0x00, 0x00, 0x00, 0x00, 0x00, 0x00, 0x00, 0x00, 0x00, 0x00, 0x00, 0x00
.byte 0x00, 0x00, 0x00, 0x00, 0x00, 0x00, 0x00, 0x00, 0x00, 0x00, 0x00, 0x00, 0x00, 0x00, 0x00, 0x00
.byte 0x00, 0x00, 0x00, 0x00, 0x00, 0x00, 0x00, 0x00, 0x00, 0x00, 0x00, 0x00, 0x00, 0x00, 0x00, 0x00
.byte 0x00, 0x00, 0x00, 0x00, 0x00, 0x00, 0x00, 0x00, 0x00, 0x00, 0x00, 0x00, 0x00, 0x00, 0x00, 0x00
.byte 0x00, 0x00, 0x00, 0x00, 0x00, 0x00, 0x00, 0x00, 0x00, 0x00, 0x00, 0x00, 0x00, 0x00, 0x00, 0x00
.byte 0x00, 0x00, 0x00, 0x00, 0x00, 0x00, 0x00, 0x00, 0x00, 0x00, 0x00, 0x00, 0x00, 0x00, 0x00, 0x00
.byte 0x00, 0x00, 0x00, 0x00, 0x00, 0x00, 0x00, 0x00, 0x00, 0x00, 0x00, 0x00, 0x00, 0x00, 0x00, 0x00
.byte 0x00, 0x00, 0x00, 0x00, 0x00, 0x00, 0x00, 0x00, 0x00, 0x00, 0x00, 0x00, 0x00, 0x00, 0x00, 0x00
.byte 0x00, 0x00, 0x00, 0x00, 0x00, 0x00, 0x00, 0x00, 0x00, 0x00, 0x00, 0x00, 0x00, 0x00, 0x00, 0x00
.byte 0x00, 0x00, 0x00, 0x00, 0x00, 0x00, 0x00, 0x00, 0x00, 0x00, 0x00, 0x00, 0x00, 0x00, 0x00, 0x00
.byte 0x00, 0x00, 0x00, 0x00, 0x00, 0x00, 0x00, 0x00, 0x00, 0x00, 0x00, 0x00, 0x00, 0x00, 0x00, 0x00
.byte 0x00, 0x00, 0x00, 0x00, 0x00, 0x00, 0x00, 0x00, 0x00, 0x00, 0x00, 0x00, 0x00, 0x00, 0x00, 0x00
.byte 0x00, 0x00, 0x00, 0x00, 0x00, 0x00, 0x00, 0x00, 0x00, 0x00, 0x00, 0x00, 0x00, 0x00, 0x00, 0x00
.byte 0x00, 0x00, 0x00, 0x00, 0x00, 0x00, 0x00, 0x00, 0x00, 0x00, 0x00, 0x00, 0x00, 0x00, 0x00, 0x00
.byte 0x00, 0x00, 0x00, 0x00, 0x00, 0x00, 0x00, 0x00, 0x00, 0x00, 0x00, 0x00, 0x00, 0x00, 0x00, 0x00
.byte 0x00, 0x00, 0x00, 0x00, 0x00, 0x00, 0x00, 0x00, 0x9f, 0xf7, 0x99, 0x52, 0x99, 0x31, 0x99, 0x31
.byte 0x99, 0x31, 0x99, 0x31, 0x99, 0x31, 0x99, 0x31, 0x99, 0x31, 0x99, 0x31, 0xcd, 0x39, 0xcb, 0x5a
.byte 0xf0, 0x7b, 0xb6, 0xb5, 0x3c, 0xe7, 0xdf, 0xff, 0x00, 0x00, 0x00, 0x00, 0x00, 0x00, 0x00, 0x00
.byte 0x00, 0x00, 0x00, 0x00, 0x00, 0x00, 0x00, 0x00, 0x00, 0x00, 0x00, 0x00, 0x00, 0x00, 0x00, 0x00
.byte 0x00, 0x00, 0x00, 0x00, 0x00, 0x00, 0x00, 0x00, 0x00, 0x00, 0x9f, 0xf7, 0xfb, 0x7b, 0x99, 0x31
.byte 0x99, 0x31, 0x99, 0x31, 0x99, 0x31, 0x99, 0x31, 0x99, 0x31, 0x99, 0x31, 0x99, 0x31, 0x99, 0x31
.byte 0x99, 0x31, 0x99, 0x31, 0x99, 0x31, 0x5a, 0x6b, 0x3c, 0xe7, 0x9e, 0xf7, 0xdf, 0xff, 0x00, 0x00
.byte 0x00, 0x00, 0x00, 0x00, 0x00, 0x00, 0x00, 0x00, 0x00, 0x00, 0x00, 0x00, 0x00, 0x00, 0x00, 0x00
.byte 0x00, 0x00, 0x00, 0x00, 0x00, 0x00, 0x00, 0x00, 0x00, 0x00, 0x00, 0x00, 0x00, 0x00, 0x00, 0x00
.byte 0x00, 0x00, 0x00, 0x00, 0x00, 0x00, 0x00, 0x00, 0x00, 0x00, 0x00, 0x00, 0x00, 0x00, 0x00, 0x00
.byte 0x00, 0x00, 0x00, 0x00, 0x00, 0x00, 0x00, 0x00, 0x00, 0x00, 0x00, 0x00, 0x00, 0x00, 0x00, 0x00
.byte 0x00, 0x00, 0x00, 0x00, 0x00, 0x00, 0x00, 0x00, 0x00, 0x00, 0x00, 0x00, 0x00, 0x00, 0x00, 0x00
.byte 0x00, 0x00, 0x00, 0x00, 0x00, 0x00, 0x00, 0x00, 0x00, 0x00, 0x00, 0x00, 0x00, 0x00, 0x00, 0x00
.byte 0x00, 0x00, 0x00, 0x00, 0x00, 0x00, 0x00, 0x00, 0x00, 0x00, 0x00, 0x00, 0x00, 0x00, 0x00, 0x00
.byte 0x00, 0x00, 0x00, 0x00, 0x00, 0x00, 0x00, 0x00, 0x00, 0x00, 0x00, 0x00, 0x00, 0x00, 0x00, 0x00
.byte 0x00, 0x00, 0x00, 0x00, 0x00, 0x00, 0x00, 0x00, 0x00, 0x00, 0x00, 0x00, 0x00, 0x00, 0x00, 0x00
.byte 0x00, 0x00, 0x00, 0x00, 0x00, 0x00, 0x00, 0x00, 0x00, 0x00, 0x00, 0x00, 0x00, 0x00, 0x00, 0x00
.byte 0x00, 0x00, 0x00, 0x00, 0x00, 0x00, 0x00, 0x00, 0x00, 0x00, 0x00, 0x00, 0x00, 0x00, 0x00, 0x00
.byte 0x00, 0x00, 0x00, 0x00, 0x00, 0x00, 0x00, 0x00, 0x00, 0x00, 0x00, 0x00, 0x00, 0x00, 0x00, 0x00
.byte 0x00, 0x00, 0x00, 0x00, 0x00, 0x00, 0x00, 0x00, 0x00, 0x00, 0x00, 0x00, 0x00, 0x00, 0x00, 0x00
.byte 0x00, 0x00, 0x00, 0x00, 0x00, 0x00, 0x00, 0x00, 0x00, 0x00, 0x00, 0x00, 0x00, 0x00, 0x00, 0x00
.byte 0x00, 0x00, 0x00, 0x00, 0x00, 0x00, 0x00, 0x00, 0x00, 0x00, 0x00, 0x00, 0x00, 0x00, 0x00, 0x00
.byte 0x00, 0x00, 0x00, 0x00, 0x00, 0x00, 0x00, 0x00, 0x00, 0x00, 0x00, 0x00, 0x00, 0x00, 0x00, 0x00
.byte 0x00, 0x00, 0x00, 0x00, 0x00, 0x00, 0x00, 0x00, 0x00, 0x00, 0x00, 0x00, 0x00, 0x00, 0x00, 0x00
.byte 0x00, 0x00, 0x00, 0x00, 0x00, 0x00, 0x00, 0x00, 0x00, 0x00, 0x00, 0x00, 0x00, 0x00, 0x00, 0x00
.byte 0x00, 0x00, 0x00, 0x00, 0x00, 0x00, 0x00, 0x00, 0x00, 0x00, 0x00, 0x00, 0x00, 0x00, 0x00, 0x00
.byte 0x00, 0x00, 0x00, 0x00, 0x00, 0x00, 0x00, 0x00, 0x00, 0x00, 0x00, 0x00, 0x00, 0x00, 0x00, 0x00
.byte 0x00, 0x00, 0x00, 0x00, 0x00, 0x00, 0x00, 0x00, 0x00, 0x00, 0x00, 0x00, 0x00, 0x00, 0x00, 0x00
.byte 0x00, 0x00, 0x00, 0x00, 0x00, 0x00, 0x00, 0x00, 0x00, 0x00, 0x00, 0x00, 0x00, 0x00, 0x00, 0x00
.byte 0x00, 0x00, 0x00, 0x00, 0x00, 0x00, 0x00, 0x00, 0x00, 0x00, 0x00, 0x00, 0x00, 0x00, 0x00, 0x00
.byte 0x00, 0x00, 0x00, 0x00, 0x00, 0x00, 0x00, 0x00, 0xdf, 0xff, 0x99, 0x52, 0x99, 0x31, 0x99, 0x31
.byte 0x99, 0x31, 0x99, 0x31, 0x99, 0x31, 0x99, 0x31, 0x99, 0x31, 0x99, 0x31, 0xb3, 0x31, 0x69, 0x4a
.byte 0xf0, 0x7b, 0xb6, 0xb5, 0x3c, 0xe7, 0xdf, 0xff, 0x00, 0x00, 0x00, 0x00, 0x00, 0x00, 0x00, 0x00
.byte 0x00, 0x00, 0x00, 0x00, 0x00, 0x00, 0x00, 0x00, 0x00, 0x00, 0x00, 0x00, 0x00, 0x00, 0x00, 0x00
.byte 0x00, 0x00, 0x00, 0x00, 0x00, 0x00, 0x00, 0x00, 0x1e, 0xe7, 0x5a, 0x6b, 0x99, 0x31, 0x99, 0x31
.byte 0x99, 0x31, 0x99, 0x31, 0x99, 0x31, 0x99, 0x31, 0x99, 0x31, 0x99, 0x31, 0x99, 0x31, 0x99, 0x31
.byte 0x99, 0x31, 0x99, 0x31, 0x99, 0x31, 0x99, 0x31, 0xfb, 0x7b, 0xdb, 0xde, 0x9e, 0xf7, 0xdf, 0xff
.byte 0x00, 0x00, 0x00, 0x00, 0x00, 0x00, 0x00, 0x00, 0x00, 0x00, 0x00, 0x00, 0x00, 0x00, 0x00, 0x00
.byte 0x00, 0x00, 0x00, 0x00, 0x00, 0x00, 0x00, 0x00, 0x00, 0x00, 0x00, 0x00, 0x00, 0x00, 0x00, 0x00
.byte 0x00, 0x00, 0x00, 0x00, 0x00, 0x00, 0x00, 0x00, 0x00, 0x00, 0x00, 0x00, 0x00, 0x00, 0x00, 0x00
.byte 0x00, 0x00, 0x00, 0x00, 0x00, 0x00, 0x00, 0x00, 0x00, 0x00, 0x00, 0x00, 0x00, 0x00, 0x00, 0x00
.byte 0x00, 0x00, 0x00, 0x00, 0x00, 0x00, 0x00, 0x00, 0x00, 0x00, 0x00, 0x00, 0x00, 0x00, 0x00, 0x00
.byte 0x00, 0x00, 0x00, 0x00, 0x00, 0x00, 0x00, 0x00, 0x00, 0x00, 0x00, 0x00, 0x00, 0x00, 0x00, 0x00
.byte 0x00, 0x00, 0x00, 0x00, 0x00, 0x00, 0x00, 0x00, 0x00, 0x00, 0x00, 0x00, 0x00, 0x00, 0x00, 0x00
.byte 0x00, 0x00, 0x00, 0x00, 0x00, 0x00, 0x00, 0x00, 0x00, 0x00, 0x00, 0x00, 0x00, 0x00, 0x00, 0x00
.byte 0x00, 0x00, 0x00, 0x00, 0x00, 0x00, 0x00, 0x00, 0x00, 0x00, 0x00, 0x00, 0x00, 0x00, 0x00, 0x00
.byte 0x00, 0x00, 0x00, 0x00, 0x00, 0x00, 0x00, 0x00, 0x00, 0x00, 0x00, 0x00, 0x00, 0x00, 0x00, 0x00
.byte 0x00, 0x00, 0x00, 0x00, 0x00, 0x00, 0x00, 0x00, 0x00, 0x00, 0x00, 0x00, 0x00, 0x00, 0x00, 0x00
.byte 0x00, 0x00, 0x00, 0x00, 0x00, 0x00, 0x00, 0x00, 0x00, 0x00, 0x00, 0x00, 0x00, 0x00, 0x00, 0x00
.byte 0x00, 0x00, 0x00, 0x00, 0x00, 0x00, 0x00, 0x00, 0x00, 0x00, 0x00, 0x00, 0x00, 0x00, 0x00, 0x00
.byte 0x00, 0x00, 0x00, 0x00, 0x00, 0x00, 0x00, 0x00, 0x00, 0x00, 0x00, 0x00, 0x00, 0x00, 0x00, 0x00
.byte 0x00, 0x00, 0x00, 0x00, 0x00, 0x00, 0x00, 0x00, 0x00, 0x00, 0x00, 0x00, 0x00, 0x00, 0x00, 0x00
.byte 0x00, 0x00, 0x00, 0x00, 0x00, 0x00, 0x00, 0x00, 0x00, 0x00, 0x00, 0x00, 0x00, 0x00, 0x00, 0x00
.byte 0x00, 0x00, 0x00, 0x00, 0x00, 0x00, 0x00, 0x00, 0x00, 0x00, 0x00, 0x00, 0x00, 0x00, 0x00, 0x00
.byte 0x00, 0x00, 0x00, 0x00, 0x00, 0x00, 0x00, 0x00, 0x00, 0x00, 0x00, 0x00, 0x00, 0x00, 0x00, 0x00
.byte 0x00, 0x00, 0x00, 0x00, 0x00, 0x00, 0x00, 0x00, 0x00, 0x00, 0x00, 0x00, 0x00, 0x00, 0x00, 0x00
.byte 0x00, 0x00, 0x00, 0x00, 0x00, 0x00, 0x00, 0x00, 0x00, 0x00, 0x00, 0x00, 0x00, 0x00, 0x00, 0x00
.byte 0x00, 0x00, 0x00, 0x00, 0x00, 0x00, 0x00, 0x00, 0x00, 0x00, 0x00, 0x00, 0x00, 0x00, 0x00, 0x00
.byte 0x00, 0x00, 0x00, 0x00, 0x00, 0x00, 0x00, 0x00, 0x00, 0x00, 0x00, 0x00, 0x00, 0x00, 0x00, 0x00
.byte 0x00, 0x00, 0x00, 0x00, 0x00, 0x00, 0x00, 0x00, 0x00, 0x00, 0x00, 0x00, 0x00, 0x00, 0x00, 0x00
.byte 0x00, 0x00, 0x00, 0x00, 0x00, 0x00, 0x00, 0x00, 0xdf, 0xff, 0x99, 0x52, 0x99, 0x31, 0x99, 0x31
.byte 0x99, 0x31, 0x99, 0x31, 0x99, 0x31, 0x99, 0x31, 0x99, 0x31, 0x99, 0x31, 0xb3, 0x31, 0x69, 0x4a
.byte 0x6d, 0x6b, 0xb6, 0xb5, 0x3c, 0xe7, 0xdf, 0xff, 0x00, 0x00, 0x00, 0x00, 0x00, 0x00, 0x00, 0x00
.byte 0x00, 0x00, 0x00, 0x00, 0x00, 0x00, 0x00, 0x00, 0x00, 0x00, 0x00, 0x00, 0x00, 0x00, 0x00, 0x00
.byte 0x00, 0x00, 0x00, 0x00, 0x00, 0x00, 0x1e, 0xe7, 0x99, 0x52, 0x99, 0x31, 0x99, 0x31, 0x99, 0x31
.byte 0x99, 0x31, 0x99, 0x31, 0x99, 0x31, 0x99, 0x31, 0x99, 0x31, 0x99, 0x31, 0x99, 0x31, 0x99, 0x31
.byte 0x99, 0x31, 0x99, 0x31, 0x99, 0x31, 0x99, 0x31, 0x99, 0x31, 0x78, 0x8c, 0xdb, 0xde, 0x9e, 0xf7
.byte 0x00, 0x00, 0x00, 0x00, 0x00, 0x00, 0x00, 0x00, 0x00, 0x00, 0x00, 0x00, 0x00, 0x00, 0x00, 0x00
.byte 0x00, 0x00, 0x00, 0x00, 0x00, 0x00, 0x00, 0x00, 0x00, 0x00, 0x00, 0x00, 0x00, 0x00, 0x00, 0x00
.byte 0x00, 0x00, 0x00, 0x00, 0x00, 0x00, 0x00, 0x00, 0x00, 0x00, 0x00, 0x00, 0x00, 0x00, 0x00, 0x00
.byte 0x00, 0x00, 0x00, 0x00, 0x00, 0x00, 0x00, 0x00, 0x00, 0x00, 0x00, 0x00, 0x00, 0x00, 0x00, 0x00
.byte 0x00, 0x00, 0x00, 0x00, 0x00, 0x00, 0x00, 0x00, 0x00, 0x00, 0x00, 0x00, 0x00, 0x00, 0x00, 0x00
.byte 0x00, 0x00, 0x00, 0x00, 0x00, 0x00, 0x00, 0x00, 0x00, 0x00, 0x00, 0x00, 0x00, 0x00, 0x00, 0x00
.byte 0x00, 0x00, 0x00, 0x00, 0x00, 0x00, 0x00, 0x00, 0x00, 0x00, 0x00, 0x00, 0x00, 0x00, 0x00, 0x00
.byte 0x00, 0x00, 0x00, 0x00, 0x00, 0x00, 0x00, 0x00, 0x00, 0x00, 0x00, 0x00, 0x00, 0x00, 0x00, 0x00
.byte 0x00, 0x00, 0x00, 0x00, 0x00, 0x00, 0x00, 0x00, 0x00, 0x00, 0x00, 0x00, 0x00, 0x00, 0x00, 0x00
.byte 0x00, 0x00, 0x00, 0x00, 0x00, 0x00, 0x00, 0x00, 0x00, 0x00, 0x00, 0x00, 0x00, 0x00, 0x00, 0x00
.byte 0x00, 0x00, 0x00, 0x00, 0x00, 0x00, 0x00, 0x00, 0x00, 0x00, 0x00, 0x00, 0x00, 0x00, 0x00, 0x00
.byte 0x00, 0x00, 0x00, 0x00, 0x00, 0x00, 0x00, 0x00, 0x00, 0x00, 0x00, 0x00, 0x00, 0x00, 0x00, 0x00
.byte 0x00, 0x00, 0x00, 0x00, 0x00, 0x00, 0x00, 0x00, 0x00, 0x00, 0x00, 0x00, 0x00, 0x00, 0x00, 0x00
.byte 0x00, 0x00, 0x00, 0x00, 0x00, 0x00, 0x00, 0x00, 0x00, 0x00, 0x00, 0x00, 0x00, 0x00, 0x00, 0x00
.byte 0x00, 0x00, 0x00, 0x00, 0x00, 0x00, 0x00, 0x00, 0x00, 0x00, 0x00, 0x00, 0x00, 0x00, 0x00, 0x00
.byte 0x00, 0x00, 0x00, 0x00, 0x00, 0x00, 0x00, 0x00, 0x00, 0x00, 0x00, 0x00, 0x00, 0x00, 0x00, 0x00
.byte 0x00, 0x00, 0x00, 0x00, 0x00, 0x00, 0x00, 0x00, 0x00, 0x00, 0x00, 0x00, 0x00, 0x00, 0x00, 0x00
.byte 0x00, 0x00, 0x00, 0x00, 0x00, 0x00, 0x00, 0x00, 0x00, 0x00, 0x00, 0x00, 0x00, 0x00, 0x00, 0x00
.byte 0x00, 0x00, 0x00, 0x00, 0x00, 0x00, 0x00, 0x00, 0x00, 0x00, 0x00, 0x00, 0x00, 0x00, 0x00, 0x00
.byte 0x00, 0x00, 0x00, 0x00, 0x00, 0x00, 0x00, 0x00, 0x00, 0x00, 0x00, 0x00, 0x00, 0x00, 0x00, 0x00
.byte 0x00, 0x00, 0x00, 0x00, 0x00, 0x00, 0x00, 0x00, 0x00, 0x00, 0x00, 0x00, 0x00, 0x00, 0x00, 0x00
.byte 0x00, 0x00, 0x00, 0x00, 0x00, 0x00, 0x00, 0x00, 0x00, 0x00, 0x00, 0x00, 0x00, 0x00, 0x00, 0x00
.byte 0x00, 0x00, 0x00, 0x00, 0x00, 0x00, 0x00, 0x00, 0x00, 0x00, 0x00, 0x00, 0x00, 0x00, 0x00, 0x00
.byte 0x00, 0x00, 0x00, 0x00, 0x00, 0x00, 0x00, 0x00, 0xdf, 0xff, 0x99, 0x52, 0x99, 0x31, 0x99, 0x31
.byte 0x99, 0x31, 0x99, 0x31, 0x99, 0x31, 0x99, 0x31, 0x99, 0x31, 0x99, 0x31, 0xd8, 0x39, 0x69, 0x4a
.byte 0x6d, 0x6b, 0x35, 0xa5, 0xdb, 0xde, 0xdf, 0xff, 0x00, 0x00, 0x00, 0x00, 0x00, 0x00, 0x00, 0x00
.byte 0x00, 0x00, 0x00, 0x00, 0x00, 0x00, 0x00, 0x00, 0x00, 0x00, 0x00, 0x00, 0x00, 0x00, 0x00, 0x00
.byte 0x00, 0x00, 0x00, 0x00, 0x9e, 0xd6, 0x99, 0x52, 0x99, 0x31, 0x99, 0x31, 0x99, 0x31, 0x99, 0x31
.byte 0x99, 0x31, 0x99, 0x31, 0x99, 0x31, 0x99, 0x31, 0x99, 0x31, 0x99, 0x31, 0x99, 0x31, 0x99, 0x31
.byte 0x99, 0x31, 0x99, 0x31, 0x99, 0x31, 0x99, 0x31, 0x99, 0x31, 0xd8, 0x39, 0xb6, 0xb5, 0x3c, 0xe7
.byte 0xdf, 0xff, 0x00, 0x00, 0x00, 0x00, 0x00, 0x00, 0x00, 0x00, 0x00, 0x00, 0x00, 0x00, 0x00, 0x00
.byte 0x00, 0x00, 0x00, 0x00, 0x00, 0x00, 0x00, 0x00, 0x00, 0x00, 0x00, 0x00, 0x00, 0x00, 0x00, 0x00
.byte 0x00, 0x00, 0x00, 0x00, 0x00, 0x00, 0x00, 0x00, 0x00, 0x00, 0x00, 0x00, 0x00, 0x00, 0x00, 0x00
.byte 0x00, 0x00, 0x00, 0x00, 0x00, 0x00, 0x00, 0x00, 0x00, 0x00, 0x00, 0x00, 0x00, 0x00, 0x00, 0x00
.byte 0x00, 0x00, 0x00, 0x00, 0x00, 0x00, 0x00, 0x00, 0x00, 0x00, 0x00, 0x00, 0x00, 0x00, 0x00, 0x00
.byte 0x00, 0x00, 0x00, 0x00, 0x00, 0x00, 0x00, 0x00, 0x00, 0x00, 0x00, 0x00, 0x00, 0x00, 0x00, 0x00
.byte 0x00, 0x00, 0x00, 0x00, 0x00, 0x00, 0x00, 0x00, 0x00, 0x00, 0x00, 0x00, 0x00, 0x00, 0x00, 0x00
.byte 0x00, 0x00, 0x00, 0x00, 0x00, 0x00, 0x00, 0x00, 0x00, 0x00, 0x00, 0x00, 0x00, 0x00, 0x00, 0x00
.byte 0x00, 0x00, 0x00, 0x00, 0x00, 0x00, 0x00, 0x00, 0x00, 0x00, 0x00, 0x00, 0x00, 0x00, 0x00, 0x00
.byte 0x00, 0x00, 0x00, 0x00, 0x00, 0x00, 0x00, 0x00, 0x00, 0x00, 0x00, 0x00, 0x00, 0x00, 0x00, 0x00
.byte 0x00, 0x00, 0x00, 0x00, 0x00, 0x00, 0x00, 0x00, 0x00, 0x00, 0x00, 0x00, 0x00, 0x00, 0x00, 0x00
.byte 0x00, 0x00, 0x00, 0x00, 0x00, 0x00, 0x00, 0x00, 0x00, 0x00, 0x00, 0x00, 0x00, 0x00, 0x00, 0x00
.byte 0x00, 0x00, 0x00, 0x00, 0x00, 0x00, 0x00, 0x00, 0x00, 0x00, 0x00, 0x00, 0x00, 0x00, 0x00, 0x00
.byte 0x00, 0x00, 0x00, 0x00, 0x00, 0x00, 0x00, 0x00, 0x00, 0x00, 0x00, 0x00, 0x00, 0x00, 0x00, 0x00
.byte 0x00, 0x00, 0x00, 0x00, 0x00, 0x00, 0x00, 0x00, 0x00, 0x00, 0x00, 0x00, 0x00, 0x00, 0x00, 0x00
.byte 0x00, 0x00, 0x00, 0x00, 0x00, 0x00, 0x00, 0x00, 0x00, 0x00, 0x00, 0x00, 0x00, 0x00, 0x00, 0x00
.byte 0x00, 0x00, 0x00, 0x00, 0x00, 0x00, 0x00, 0x00, 0x00, 0x00, 0x00, 0x00, 0x00, 0x00, 0x00, 0x00
.byte 0x00, 0x00, 0x00, 0x00, 0x00, 0x00, 0x00, 0x00, 0x00, 0x00, 0x00, 0x00, 0x00, 0x00, 0x00, 0x00
.byte 0x00, 0x00, 0x00, 0x00, 0x00, 0x00, 0x00, 0x00, 0x00, 0x00, 0x00, 0x00, 0x00, 0x00, 0x00, 0x00
.byte 0x00, 0x00, 0x00, 0x00, 0x00, 0x00, 0x00, 0x00, 0x00, 0x00, 0x00, 0x00, 0x00, 0x00, 0x00, 0x00
.byte 0x00, 0x00, 0x00, 0x00, 0x00, 0x00, 0x00, 0x00, 0x00, 0x00, 0x00, 0x00, 0x00, 0x00, 0x00, 0x00
.byte 0x00, 0x00, 0x00, 0x00, 0x00, 0x00, 0x00, 0x00, 0x00, 0x00, 0x00, 0x00, 0x00, 0x00, 0x00, 0x00
.byte 0x00, 0x00, 0x00, 0x00, 0x00, 0x00, 0x00, 0x00, 0x00, 0x00, 0x00, 0x00, 0x00, 0x00, 0x00, 0x00
.byte 0x00, 0x00, 0x00, 0x00, 0x00, 0x00, 0x00, 0x00, 0x00, 0x00, 0x5a, 0x6b, 0x99, 0x31, 0x99, 0x31
.byte 0x99, 0x31, 0x99, 0x31, 0x99, 0x31, 0x99, 0x31, 0x99, 0x31, 0x99, 0x31, 0xd8, 0x39, 0x69, 0x4a
.byte 0x6d, 0x6b, 0x35, 0xa5, 0xdb, 0xde, 0x9e, 0xf7, 0x00, 0x00, 0x00, 0x00, 0x00, 0x00, 0x00, 0x00
.byte 0x00, 0x00, 0x00, 0x00, 0x00, 0x00, 0x00, 0x00, 0x00, 0x00, 0x00, 0x00, 0x00, 0x00, 0x00, 0x00
.byte 0x00, 0x00, 0x1d, 0xc6, 0xd8, 0x39, 0x99, 0x31, 0x99, 0x31, 0x99, 0x31, 0x99, 0x31, 0x99, 0x31
.byte 0x99, 0x31, 0x99, 0x31, 0x99, 0x31, 0x99, 0x31, 0x99, 0x31, 0x99, 0x31, 0x99, 0x31, 0x99, 0x31
.byte 0x99, 0x31, 0x99, 0x31, 0x99, 0x31, 0x99, 0x31, 0x99, 0x31, 0x99, 0x31, 0xf4, 0x5a, 0x38, 0xc6
.byte 0x3c, 0xe7, 0xdf, 0xff, 0x00, 0x00, 0x00, 0x00, 0x00, 0x00, 0x00, 0x00, 0x00, 0x00, 0x00, 0x00
.byte 0x00, 0x00, 0x00, 0x00, 0x00, 0x00, 0x00, 0x00, 0x00, 0x00, 0x00, 0x00, 0x00, 0x00, 0x00, 0x00
.byte 0x00, 0x00, 0x00, 0x00, 0x00, 0x00, 0x00, 0x00, 0x00, 0x00, 0x00, 0x00, 0x00, 0x00, 0x00, 0x00
.byte 0x00, 0x00, 0x00, 0x00, 0x00, 0x00, 0x00, 0x00, 0x00, 0x00, 0x00, 0x00, 0x00, 0x00, 0x00, 0x00
.byte 0x00, 0x00, 0x00, 0x00, 0x00, 0x00, 0x00, 0x00, 0x00, 0x00, 0x00, 0x00, 0x00, 0x00, 0x00, 0x00
.byte 0x00, 0x00, 0x00, 0x00, 0x00, 0x00, 0x00, 0x00, 0x00, 0x00, 0x00, 0x00, 0x00, 0x00, 0x00, 0x00
.byte 0x00, 0x00, 0x00, 0x00, 0x00, 0x00, 0x00, 0x00, 0x00, 0x00, 0x00, 0x00, 0x00, 0x00, 0x00, 0x00
.byte 0x00, 0x00, 0x00, 0x00, 0x00, 0x00, 0x00, 0x00, 0x00, 0x00, 0x00, 0x00, 0x00, 0x00, 0x00, 0x00
.byte 0x00, 0x00, 0x00, 0x00, 0x00, 0x00, 0x00, 0x00, 0x00, 0x00, 0x00, 0x00, 0x00, 0x00, 0x00, 0x00
.byte 0x00, 0x00, 0x00, 0x00, 0x00, 0x00, 0x00, 0x00, 0x00, 0x00, 0x00, 0x00, 0x00, 0x00, 0x00, 0x00
.byte 0x00, 0x00, 0x00, 0x00, 0x00, 0x00, 0x00, 0x00, 0x00, 0x00, 0x00, 0x00, 0x00, 0x00, 0x00, 0x00
.byte 0x00, 0x00, 0x00, 0x00, 0x00, 0x00, 0x00, 0x00, 0x00, 0x00, 0x00, 0x00, 0x00, 0x00, 0x00, 0x00
.byte 0x00, 0x00, 0x00, 0x00, 0x00, 0x00, 0x00, 0x00, 0x00, 0x00, 0x00, 0x00, 0x00, 0x00, 0x00, 0x00
.byte 0x00, 0x00, 0x00, 0x00, 0x00, 0x00, 0x00, 0x00, 0x00, 0x00, 0x00, 0x00, 0x00, 0x00, 0x00, 0x00
.byte 0x00, 0x00, 0x00, 0x00, 0x00, 0x00, 0x00, 0x00, 0x00, 0x00, 0x00, 0x00, 0x00, 0x00, 0x00, 0x00
.byte 0x00, 0x00, 0x00, 0x00, 0x00, 0x00, 0x00, 0x00, 0x00, 0x00, 0x00, 0x00, 0x00, 0x00, 0x00, 0x00
.byte 0x00, 0x00, 0x00, 0x00, 0x00, 0x00, 0x00, 0x00, 0x00, 0x00, 0x00, 0x00, 0x00, 0x00, 0x00, 0x00
.byte 0x00, 0x00, 0x00, 0x00, 0x00, 0x00, 0x00, 0x00, 0x00, 0x00, 0x00, 0x00, 0x00, 0x00, 0x00, 0x00
.byte 0x00, 0x00, 0x00, 0x00, 0x00, 0x00, 0x00, 0x00, 0x00, 0x00, 0x00, 0x00, 0x00, 0x00, 0x00, 0x00
.byte 0x00, 0x00, 0x00, 0x00, 0x00, 0x00, 0x00, 0x00, 0x00, 0x00, 0x00, 0x00, 0x00, 0x00, 0x00, 0x00
.byte 0x00, 0x00, 0x00, 0x00, 0x00, 0x00, 0x00, 0x00, 0x00, 0x00, 0x00, 0x00, 0x00, 0x00, 0x00, 0x00
.byte 0x00, 0x00, 0x00, 0x00, 0x00, 0x00, 0x00, 0x00, 0x00, 0x00, 0x00, 0x00, 0x00, 0x00, 0x00, 0x00
.byte 0x00, 0x00, 0x00, 0x00, 0x00, 0x00, 0x00, 0x00, 0x00, 0x00, 0x00, 0x00, 0x00, 0x00, 0x00, 0x00
.byte 0x00, 0x00, 0x00, 0x00, 0x00, 0x00, 0x00, 0x00, 0x00, 0x00, 0x5a, 0x6b, 0x99, 0x31, 0x99, 0x31
.byte 0x99, 0x31, 0x99, 0x31, 0x99, 0x31, 0x99, 0x31, 0x99, 0x31, 0x99, 0x31, 0x99, 0x31, 0x69, 0x4a
.byte 0x6d, 0x6b, 0xd3, 0x9c, 0xdb, 0xde, 0x9e, 0xf7, 0x00, 0x00, 0x00, 0x00, 0x00, 0x00, 0x00, 0x00
.byte 0x00, 0x00, 0x00, 0x00, 0x00, 0x00, 0x00, 0x00, 0x00, 0x00, 0x00, 0x00, 0x00, 0x00, 0x00, 0x00
.byte 0x9c, 0xb5, 0x99, 0x31, 0x99, 0x31, 0x99, 0x31, 0x99, 0x31, 0x99, 0x31, 0x99, 0x31, 0x99, 0x31
.byte 0x99, 0x31, 0x99, 0x31, 0x99, 0x31, 0x99, 0x31, 0x99, 0x31, 0x99, 0x31, 0x99, 0x31, 0x99, 0x31
.byte 0x99, 0x31, 0x99, 0x31, 0x99, 0x31, 0x99, 0x31, 0x99, 0x31, 0x99, 0x31, 0x99, 0x31, 0x5a, 0x6b
.byte 0xdb, 0xde, 0x9e, 0xf7, 0xdf, 0xff, 0x00, 0x00, 0x00, 0x00, 0x00, 0x00, 0x00, 0x00, 0x00, 0x00
.byte 0x00, 0x00, 0x00, 0x00, 0x00, 0x00, 0x00, 0x00, 0x00, 0x00, 0x00, 0x00, 0x00, 0x00, 0x00, 0x00
.byte 0x00, 0x00, 0x00, 0x00, 0x00, 0x00, 0x00, 0x00, 0x00, 0x00, 0x00, 0x00, 0x00, 0x00, 0x00, 0x00
.byte 0x00, 0x00, 0x00, 0x00, 0x00, 0x00, 0x00, 0x00, 0x00, 0x00, 0x00, 0x00, 0x00, 0x00, 0x00, 0x00
.byte 0x00, 0x00, 0x00, 0x00, 0x00, 0x00, 0x00, 0x00, 0x00, 0x00, 0x00, 0x00, 0x00, 0x00, 0x00, 0x00
.byte 0x00, 0x00, 0x00, 0x00, 0x00, 0x00, 0x00, 0x00, 0x00, 0x00, 0x00, 0x00, 0x00, 0x00, 0x00, 0x00
.byte 0x00, 0x00, 0x00, 0x00, 0x00, 0x00, 0x00, 0x00, 0x00, 0x00, 0x00, 0x00, 0x00, 0x00, 0x00, 0x00
.byte 0x00, 0x00, 0x00, 0x00, 0x00, 0x00, 0x00, 0x00, 0x00, 0x00, 0x00, 0x00, 0x00, 0x00, 0x00, 0x00
.byte 0x00, 0x00, 0x00, 0x00, 0x00, 0x00, 0x00, 0x00, 0x00, 0x00, 0x00, 0x00, 0x00, 0x00, 0x00, 0x00
.byte 0x00, 0x00, 0x00, 0x00, 0x00, 0x00, 0x00, 0x00, 0x00, 0x00, 0x00, 0x00, 0x00, 0x00, 0x00, 0x00
.byte 0x00, 0x00, 0x00, 0x00, 0x00, 0x00, 0x00, 0x00, 0x00, 0x00, 0x00, 0x00, 0x00, 0x00, 0x00, 0x00
.byte 0x00, 0x00, 0x00, 0x00, 0x00, 0x00, 0x00, 0x00, 0x00, 0x00, 0x00, 0x00, 0x00, 0x00, 0x00, 0x00
.byte 0x00, 0x00, 0x00, 0x00, 0x00, 0x00, 0x00, 0x00, 0x00, 0x00, 0x00, 0x00, 0x00, 0x00, 0x00, 0x00
.byte 0x00, 0x00, 0x00, 0x00, 0x00, 0x00, 0x00, 0x00, 0x00, 0x00, 0x00, 0x00, 0x00, 0x00, 0x00, 0x00
.byte 0x00, 0x00, 0x00, 0x00, 0x00, 0x00, 0x00, 0x00, 0x00, 0x00, 0x00, 0x00, 0x00, 0x00, 0x00, 0x00
.byte 0x00, 0x00, 0x00, 0x00, 0x00, 0x00, 0x00, 0x00, 0x00, 0x00, 0x00, 0x00, 0x00, 0x00, 0x00, 0x00
.byte 0x00, 0x00, 0x00, 0x00, 0x00, 0x00, 0x00, 0x00, 0x00, 0x00, 0x00, 0x00, 0x00, 0x00, 0x00, 0x00
.byte 0x00, 0x00, 0x00, 0x00, 0x00, 0x00, 0x00, 0x00, 0x00, 0x00, 0x00, 0x00, 0x00, 0x00, 0x00, 0x00
.byte 0x00, 0x00, 0x00, 0x00, 0x00, 0x00, 0x00, 0x00, 0x00, 0x00, 0x00, 0x00, 0x00, 0x00, 0x00, 0x00
.byte 0x00, 0x00, 0x00, 0x00, 0x00, 0x00, 0x00, 0x00, 0x00, 0x00, 0x00, 0x00, 0x00, 0x00, 0x00, 0x00
.byte 0x00, 0x00, 0x00, 0x00, 0x00, 0x00, 0x00, 0x00, 0x00, 0x00, 0x00, 0x00, 0x00, 0x00, 0x00, 0x00
.byte 0x00, 0x00, 0x00, 0x00, 0x00, 0x00, 0x00, 0x00, 0x00, 0x00, 0x00, 0x00, 0x00, 0x00, 0x00, 0x00
.byte 0x00, 0x00, 0x00, 0x00, 0x00, 0x00, 0x00, 0x00, 0x00, 0x00, 0x00, 0x00, 0x00, 0x00, 0x00, 0x00
.byte 0x00, 0x00, 0x00, 0x00, 0x00, 0x00, 0x00, 0x00, 0x00, 0x00, 0xfb, 0x7b, 0x99, 0x31, 0x99, 0x31
.byte 0x99, 0x31, 0x99, 0x31, 0x99, 0x31, 0x99, 0x31, 0x99, 0x31, 0x99, 0x31, 0x99, 0x31, 0xcd, 0x39
.byte 0xcb, 0x5a, 0x71, 0x8c, 0x38, 0xc6, 0x9e, 0xf7, 0x00, 0x00, 0x00, 0x00, 0x00, 0x00, 0x00, 0x00
.byte 0x00, 0x00, 0x00, 0x00, 0x00, 0x00, 0x00, 0x00, 0xdf, 0xff, 0x1e, 0xe7, 0x1e, 0xe7, 0xfb, 0x7b
.byte 0x99, 0x31, 0x99, 0x31, 0x99, 0x31, 0x99, 0x31, 0x99, 0x31, 0x99, 0x31, 0x99, 0x31, 0x99, 0x31
.byte 0x99, 0x31, 0x99, 0x31, 0x99, 0x31, 0x99, 0x31, 0x99, 0x31, 0x99, 0x31, 0x99, 0x31, 0x99, 0x31
.byte 0x99, 0x31, 0x99, 0x31, 0x99, 0x31, 0x99, 0x31, 0x99, 0x31, 0x99, 0x31, 0x99, 0x31, 0xd8, 0x39
.byte 0x35, 0xa5, 0xdb, 0xde, 0x9e, 0xf7, 0x00, 0x00, 0x00, 0x00, 0x00, 0x00, 0x00, 0x00, 0x00, 0x00
.byte 0x00, 0x00, 0x00, 0x00, 0x00, 0x00, 0x00, 0x00, 0x00, 0x00, 0x00, 0x00, 0x00, 0x00, 0x00, 0x00
.byte 0x00, 0x00, 0x00, 0x00, 0x00, 0x00, 0x00, 0x00, 0x00, 0x00, 0x00, 0x00, 0x00, 0x00, 0x00, 0x00
.byte 0x00, 0x00, 0x00, 0x00, 0x00, 0x00, 0x00, 0x00, 0x00, 0x00, 0x00, 0x00, 0x00, 0x00, 0x00, 0x00
.byte 0x00, 0x00, 0x00, 0x00, 0x00, 0x00, 0x00, 0x00, 0x00, 0x00, 0x00, 0x00, 0x00, 0x00, 0x00, 0x00
.byte 0x00, 0x00, 0x00, 0x00, 0x00, 0x00, 0x00, 0x00, 0x00, 0x00, 0x00, 0x00, 0x00, 0x00, 0x00, 0x00
.byte 0x00, 0x00, 0x00, 0x00, 0x00, 0x00, 0x00, 0x00, 0x00, 0x00, 0x00, 0x00, 0x00, 0x00, 0x00, 0x00
.byte 0x00, 0x00, 0x00, 0x00, 0x00, 0x00, 0x00, 0x00, 0x00, 0x00, 0x00, 0x00, 0x00, 0x00, 0x00, 0x00
.byte 0x00, 0x00, 0x00, 0x00, 0x00, 0x00, 0x00, 0x00, 0x00, 0x00, 0x00, 0x00, 0x00, 0x00, 0x00, 0x00
.byte 0x00, 0x00, 0x00, 0x00, 0x00, 0x00, 0x00, 0x00, 0x00, 0x00, 0x00, 0x00, 0x00, 0x00, 0x00, 0x00
.byte 0x00, 0x00, 0x00, 0x00, 0x00, 0x00, 0x00, 0x00, 0x00, 0x00, 0x00, 0x00, 0x00, 0x00, 0x00, 0x00
.byte 0x00, 0x00, 0x00, 0x00, 0x00, 0x00, 0x00, 0x00, 0x00, 0x00, 0x00, 0x00, 0x00, 0x00, 0x00, 0x00
.byte 0x00, 0x00, 0x00, 0x00, 0x00, 0x00, 0x00, 0x00, 0x00, 0x00, 0x00, 0x00, 0x00, 0x00, 0x00, 0x00
.byte 0x00, 0x00, 0x00, 0x00, 0x00, 0x00, 0x00, 0x00, 0x00, 0x00, 0x00, 0x00, 0x00, 0x00, 0x00, 0x00
.byte 0x00, 0x00, 0x00, 0x00, 0x00, 0x00, 0x00, 0x00, 0x00, 0x00, 0x00, 0x00, 0x00, 0x00, 0x00, 0x00
.byte 0x00, 0x00, 0x00, 0x00, 0x00, 0x00, 0x00, 0x00, 0x00, 0x00, 0x00, 0x00, 0x00, 0x00, 0x00, 0x00
.byte 0x00, 0x00, 0x00, 0x00, 0x00, 0x00, 0x00, 0x00, 0x00, 0x00, 0x00, 0x00, 0x00, 0x00, 0x00, 0x00
.byte 0x00, 0x00, 0x00, 0x00, 0x00, 0x00, 0x00, 0x00, 0x00, 0x00, 0x00, 0x00, 0x00, 0x00, 0x00, 0x00
.byte 0x00, 0x00, 0x00, 0x00, 0x00, 0x00, 0x00, 0x00, 0x00, 0x00, 0x00, 0x00, 0x00, 0x00, 0x00, 0x00
.byte 0x00, 0x00, 0x00, 0x00, 0x00, 0x00, 0x00, 0x00, 0x00, 0x00, 0x00, 0x00, 0x00, 0x00, 0x00, 0x00
.byte 0x00, 0x00, 0x00, 0x00, 0x00, 0x00, 0x00, 0x00, 0x00, 0x00, 0x00, 0x00, 0x00, 0x00, 0x00, 0x00
.byte 0x00, 0x00, 0x00, 0x00, 0x00, 0x00, 0x00, 0x00, 0x00, 0x00, 0x00, 0x00, 0x00, 0x00, 0x00, 0x00
.byte 0x00, 0x00, 0x00, 0x00, 0x00, 0x00, 0x00, 0x00, 0x00, 0x00, 0x00, 0x00, 0x00, 0x00, 0x00, 0x00
.byte 0x00, 0x00, 0x00, 0x00, 0x00, 0x00, 0x00, 0x00, 0x00, 0x00, 0x9c, 0x94, 0x99, 0x31, 0x99, 0x31
.byte 0x99, 0x31, 0x99, 0x31, 0x99, 0x31, 0x99, 0x31, 0x99, 0x31, 0x99, 0x31, 0x99, 0x31, 0xcd, 0x39
.byte 0xcb, 0x5a, 0x71, 0x8c, 0x38, 0xc6, 0x9e, 0xf7, 0x00, 0x00, 0x00, 0x00, 0x00, 0x00, 0x00, 0x00
.byte 0x00, 0x00, 0x00, 0x00, 0x00, 0x00, 0x3c, 0xe7, 0x5a, 0x6b, 0xd8, 0x39, 0xd8, 0x39, 0x99, 0x31
.byte 0x99, 0x31, 0x99, 0x31, 0x99, 0x31, 0x99, 0x31, 0x99, 0x31, 0x99, 0x31, 0x99, 0x31, 0x99, 0x31
.byte 0x99, 0x31, 0x99, 0x31, 0x99, 0x31, 0x99, 0x31, 0x99, 0x31, 0x99, 0x31, 0x99, 0x31, 0x99, 0x31
.byte 0x99, 0x31, 0x99, 0x31, 0x99, 0x31, 0x99, 0x31, 0x99, 0x31, 0x99, 0x31, 0x99, 0x31, 0x99, 0x31
.byte 0xf4, 0x5a, 0xb6, 0xb5, 0x3c, 0xe7, 0xdf, 0xff, 0x00, 0x00, 0x00, 0x00, 0x00, 0x00, 0x00, 0x00
.byte 0x00, 0x00, 0x00, 0x00, 0x00, 0x00, 0x00, 0x00, 0x00, 0x00, 0x00, 0x00, 0x00, 0x00, 0x00, 0x00
.byte 0x00, 0x00, 0x00, 0x00, 0x00, 0x00, 0x00, 0x00, 0x00, 0x00, 0x00, 0x00, 0x00, 0x00, 0x00, 0x00
.byte 0x00, 0x00, 0x00, 0x00, 0x00, 0x00, 0x00, 0x00, 0x00, 0x00, 0x00, 0x00, 0x00, 0x00, 0x00, 0x00
.byte 0x00, 0x00, 0x00, 0x00, 0x00, 0x00, 0x00, 0x00, 0x00, 0x00, 0x00, 0x00, 0x00, 0x00, 0x00, 0x00
.byte 0x00, 0x00, 0x00, 0x00, 0x00, 0x00, 0x00, 0x00, 0x00, 0x00, 0x00, 0x00, 0x00, 0x00, 0x00, 0x00
.byte 0x00, 0x00, 0x00, 0x00, 0x00, 0x00, 0x00, 0x00, 0x00, 0x00, 0x00, 0x00, 0x00, 0x00, 0x00, 0x00
.byte 0x00, 0x00, 0x00, 0x00, 0x00, 0x00, 0x00, 0x00, 0x00, 0x00, 0x00, 0x00, 0x00, 0x00, 0x00, 0x00
.byte 0x00, 0x00, 0x00, 0x00, 0x00, 0x00, 0x00, 0x00, 0x00, 0x00, 0x00, 0x00, 0x00, 0x00, 0x00, 0x00
.byte 0x00, 0x00, 0x00, 0x00, 0x00, 0x00, 0x00, 0x00, 0x00, 0x00, 0x00, 0x00, 0x00, 0x00, 0x00, 0x00
.byte 0x00, 0x00, 0x00, 0x00, 0x00, 0x00, 0x00, 0x00, 0x00, 0x00, 0x00, 0x00, 0x00, 0x00, 0x00, 0x00
.byte 0x00, 0x00, 0x00, 0x00, 0x00, 0x00, 0x00, 0x00, 0x00, 0x00, 0x00, 0x00, 0x00, 0x00, 0x00, 0x00
.byte 0x00, 0x00, 0x00, 0x00, 0x00, 0x00, 0x00, 0x00, 0x00, 0x00, 0x00, 0x00, 0x00, 0x00, 0x00, 0x00
.byte 0x00, 0x00, 0x00, 0x00, 0x00, 0x00, 0x00, 0x00, 0x00, 0x00, 0x00, 0x00, 0x00, 0x00, 0x00, 0x00
.byte 0x00, 0x00, 0x00, 0x00, 0x00, 0x00, 0x00, 0x00, 0x00, 0x00, 0x00, 0x00, 0x00, 0x00, 0x00, 0x00
.byte 0x00, 0x00, 0x00, 0x00, 0x00, 0x00, 0x00, 0x00, 0x00, 0x00, 0x00, 0x00, 0x00, 0x00, 0x00, 0x00
.byte 0x00, 0x00, 0x00, 0x00, 0x00, 0x00, 0x00, 0x00, 0x00, 0x00, 0x00, 0x00, 0x00, 0x00, 0x00, 0x00
.byte 0x00, 0x00, 0x00, 0x00, 0x00, 0x00, 0x00, 0x00, 0x00, 0x00, 0x00, 0x00, 0x00, 0x00, 0x00, 0x00
.byte 0x00, 0x00, 0x00, 0x00, 0x00, 0x00, 0x00, 0x00, 0x00, 0x00, 0x00, 0x00, 0x00, 0x00, 0x00, 0x00
.byte 0x00, 0x00, 0x00, 0x00, 0x00, 0x00, 0x00, 0x00, 0x00, 0x00, 0x00, 0x00, 0x00, 0x00, 0x00, 0x00
.byte 0x00, 0x00, 0x00, 0x00, 0x00, 0x00, 0x00, 0x00, 0x00, 0x00, 0x00, 0x00, 0x00, 0x00, 0x00, 0x00
.byte 0x00, 0x00, 0x00, 0x00, 0x00, 0x00, 0x00, 0x00, 0x00, 0x00, 0x00, 0x00, 0x00, 0x00, 0x00, 0x00
.byte 0x00, 0x00, 0x00, 0x00, 0x00, 0x00, 0x00, 0x00, 0x00, 0x00, 0x00, 0x00, 0x00, 0x00, 0x00, 0x00
.byte 0x00, 0x00, 0x00, 0x00, 0x00, 0x00, 0x00, 0x00, 0x00, 0x00, 0x9c, 0xb5, 0x99, 0x31, 0x99, 0x31
.byte 0x99, 0x31, 0x99, 0x31, 0x99, 0x31, 0x99, 0x31, 0x99, 0x31, 0x99, 0x31, 0x99, 0x31, 0xb3, 0x31
.byte 0xcb, 0x5a, 0xf0, 0x7b, 0x38, 0xc6, 0x3c, 0xe7, 0x00, 0x00, 0x00, 0x00, 0x00, 0x00, 0x00, 0x00
.byte 0x00, 0x00, 0x00, 0x00, 0x00, 0x00, 0x1b, 0xa5, 0x99, 0x31, 0x99, 0x31, 0x99, 0x31, 0x99, 0x31
.byte 0x99, 0x31, 0x99, 0x31, 0x99, 0x31, 0x99, 0x31, 0x99, 0x31, 0x99, 0x31, 0x99, 0x31, 0x99, 0x31
.byte 0x99, 0x31, 0x99, 0x31, 0x99, 0x31, 0x99, 0x31, 0x99, 0x31, 0x99, 0x31, 0x99, 0x31, 0x99, 0x31
.byte 0x99, 0x31, 0x99, 0x31, 0x99, 0x31, 0x99, 0x31, 0x99, 0x31, 0x99, 0x31, 0x99, 0x31, 0x99, 0x31
.byte 0x99, 0x31, 0x71, 0x8c, 0x38, 0xc6, 0x3c, 0xe7, 0xdf, 0xff, 0x00, 0x00, 0x00, 0x00, 0x00, 0x00
.byte 0x00, 0x00, 0x00, 0x00, 0x00, 0x00, 0x00, 0x00, 0x00, 0x00, 0x00, 0x00, 0x00, 0x00, 0x00, 0x00
.byte 0x00, 0x00, 0x00, 0x00, 0x00, 0x00, 0x00, 0x00, 0x00, 0x00, 0x00, 0x00, 0x00, 0x00, 0x00, 0x00
.byte 0x00, 0x00, 0x00, 0x00, 0x00, 0x00, 0x00, 0x00, 0x00, 0x00, 0x00, 0x00, 0x00, 0x00, 0x00, 0x00
.byte 0x00, 0x00, 0x00, 0x00, 0x00, 0x00, 0x00, 0x00, 0x00, 0x00, 0x00, 0x00, 0x00, 0x00, 0x00, 0x00
.byte 0x00, 0x00, 0x00, 0x00, 0x00, 0x00, 0x00, 0x00, 0x00, 0x00, 0x00, 0x00, 0x00, 0x00, 0x00, 0x00
.byte 0x00, 0x00, 0x00, 0x00, 0x00, 0x00, 0x00, 0x00, 0x00, 0x00, 0x00, 0x00, 0x00, 0x00, 0x00, 0x00
.byte 0x00, 0x00, 0x00, 0x00, 0x00, 0x00, 0x00, 0x00, 0x00, 0x00, 0x00, 0x00, 0x00, 0x00, 0x00, 0x00
.byte 0x00, 0x00, 0x00, 0x00, 0x00, 0x00, 0x00, 0x00, 0x00, 0x00, 0x00, 0x00, 0x00, 0x00, 0x00, 0x00
.byte 0x00, 0x00, 0x00, 0x00, 0x00, 0x00, 0x00, 0x00, 0x00, 0x00, 0x00, 0x00, 0x00, 0x00, 0x00, 0x00
.byte 0x00, 0x00, 0x00, 0x00, 0x00, 0x00, 0x00, 0x00, 0x00, 0x00, 0x00, 0x00, 0x00, 0x00, 0x00, 0x00
.byte 0x00, 0x00, 0x00, 0x00, 0x00, 0x00, 0x00, 0x00, 0x00, 0x00, 0x00, 0x00, 0x00, 0x00, 0x00, 0x00
.byte 0x00, 0x00, 0x00, 0x00, 0x00, 0x00, 0x00, 0x00, 0x00, 0x00, 0x00, 0x00, 0x00, 0x00, 0x00, 0x00
.byte 0x00, 0x00, 0x00, 0x00, 0x00, 0x00, 0x00, 0x00, 0x00, 0x00, 0x00, 0x00, 0x00, 0x00, 0x00, 0x00
.byte 0x00, 0x00, 0x00, 0x00, 0x00, 0x00, 0x00, 0x00, 0x00, 0x00, 0x00, 0x00, 0x00, 0x00, 0x00, 0x00
.byte 0x00, 0x00, 0x00, 0x00, 0x00, 0x00, 0x00, 0x00, 0x00, 0x00, 0x00, 0x00, 0x00, 0x00, 0x00, 0x00
.byte 0x00, 0x00, 0x00, 0x00, 0x00, 0x00, 0x00, 0x00, 0x00, 0x00, 0x00, 0x00, 0x00, 0x00, 0x00, 0x00
.byte 0x00, 0x00, 0x00, 0x00, 0x00, 0x00, 0x00, 0x00, 0x00, 0x00, 0x00, 0x00, 0x00, 0x00, 0x00, 0x00
.byte 0x00, 0x00, 0x00, 0x00, 0x00, 0x00, 0x00, 0x00, 0x00, 0x00, 0x00, 0x00, 0x00, 0x00, 0x00, 0x00
.byte 0x00, 0x00, 0x00, 0x00, 0x00, 0x00, 0x00, 0x00, 0x00, 0x00, 0x00, 0x00, 0x00, 0x00, 0x00, 0x00
.byte 0x00, 0x00, 0x00, 0x00, 0x00, 0x00, 0x00, 0x00, 0x00, 0x00, 0x00, 0x00, 0x00, 0x00, 0x00, 0x00
.byte 0x00, 0x00, 0x00, 0x00, 0x00, 0x00, 0x00, 0x00, 0x00, 0x00, 0x00, 0x00, 0x00, 0x00, 0x00, 0x00
.byte 0x00, 0x00, 0x00, 0x00, 0x00, 0x00, 0x00, 0x00, 0x00, 0x00, 0x00, 0x00, 0x00, 0x00, 0x00, 0x00
.byte 0x00, 0x00, 0x00, 0x00, 0x00, 0x00, 0x00, 0x00, 0x00, 0x00, 0x1d, 0xc6, 0x99, 0x31, 0x99, 0x31
.byte 0x99, 0x31, 0x99, 0x31, 0x99, 0x31, 0x99, 0x31, 0x99, 0x31, 0x99, 0x31, 0x99, 0x31, 0xb3, 0x31
.byte 0xcb, 0x5a, 0xf0, 0x7b, 0xb6, 0xb5, 0x3c, 0xe7, 0xdf, 0xff, 0x00, 0x00, 0x00, 0x00, 0x00, 0x00
.byte 0x00, 0x00, 0x00, 0x00, 0x00, 0x00, 0xfb, 0x7b, 0x99, 0x31, 0x99, 0x31, 0x99, 0x31, 0x99, 0x31
.byte 0x99, 0x31, 0x99, 0x31, 0x99, 0x31, 0x99, 0x31, 0x99, 0x31, 0x99, 0x31, 0x99, 0x31, 0x99, 0x31
.byte 0x99, 0x31, 0x99, 0x31, 0x99, 0x31, 0x99, 0x31, 0x99, 0x31, 0x99, 0x31, 0x99, 0x31, 0x99, 0x31
.byte 0x99, 0x31, 0x99, 0x31, 0x99, 0x31, 0x99, 0x31, 0x99, 0x31, 0x99, 0x31, 0x99, 0x31, 0x99, 0x31
.byte 0x99, 0x31, 0x99, 0x52, 0x35, 0xa5, 0xdb, 0xde, 0x9e, 0xf7, 0x00, 0x00, 0x00, 0x00, 0x00, 0x00
.byte 0x00, 0x00, 0x00, 0x00, 0x00, 0x00, 0x00, 0x00, 0x00, 0x00, 0x00, 0x00, 0x00, 0x00, 0x00, 0x00
.byte 0x00, 0x00, 0x00, 0x00, 0x00, 0x00, 0x00, 0x00, 0x00, 0x00, 0x00, 0x00, 0x00, 0x00, 0xdf, 0xff
.byte 0x1d, 0xc6, 0x1e, 0xe7, 0x00, 0x00, 0x00, 0x00, 0x00, 0x00, 0x00, 0x00, 0x00, 0x00, 0x00, 0x00
.byte 0x00, 0x00, 0x00, 0x00, 0x00, 0x00, 0x00, 0x00, 0x00, 0x00, 0x00, 0x00, 0x00, 0x00, 0x00, 0x00
.byte 0x00, 0x00, 0x00, 0x00, 0x00, 0x00, 0x00, 0x00, 0x00, 0x00, 0x00, 0x00, 0x00, 0x00, 0x00, 0x00
.byte 0x00, 0x00, 0x00, 0x00, 0x00, 0x00, 0x00, 0x00, 0x00, 0x00, 0x00, 0x00, 0x00, 0x00, 0x00, 0x00
.byte 0x00, 0x00, 0x00, 0x00, 0x00, 0x00, 0x00, 0x00, 0x00, 0x00, 0x00, 0x00, 0x00, 0x00, 0x00, 0x00
.byte 0x00, 0x00, 0x00, 0x00, 0x00, 0x00, 0x00, 0x00, 0x00, 0x00, 0x00, 0x00, 0x00, 0x00, 0x00, 0x00
.byte 0x00, 0x00, 0x00, 0x00, 0x00, 0x00, 0x00, 0x00, 0x00, 0x00, 0x00, 0x00, 0x00, 0x00, 0x00, 0x00
.byte 0x00, 0x00, 0x00, 0x00, 0x00, 0x00, 0x00, 0x00, 0x00, 0x00, 0x00, 0x00, 0x00, 0x00, 0x00, 0x00
.byte 0x00, 0x00, 0x00, 0x00, 0x00, 0x00, 0x00, 0x00, 0x00, 0x00, 0x00, 0x00, 0x00, 0x00, 0x00, 0x00
.byte 0x00, 0x00, 0x00, 0x00, 0x00, 0x00, 0x00, 0x00, 0x00, 0x00, 0x00, 0x00, 0x00, 0x00, 0x00, 0x00
.byte 0x00, 0x00, 0x00, 0x00, 0x00, 0x00, 0x00, 0x00, 0x00, 0x00, 0x00, 0x00, 0x00, 0x00, 0x00, 0x00
.byte 0x00, 0x00, 0x00, 0x00, 0x00, 0x00, 0x00, 0x00, 0x00, 0x00, 0x00, 0x00, 0x00, 0x00, 0x00, 0x00
.byte 0x00, 0x00, 0x00, 0x00, 0x00, 0x00, 0x00, 0x00, 0x00, 0x00, 0x00, 0x00, 0x00, 0x00, 0x00, 0x00
.byte 0x00, 0x00, 0x00, 0x00, 0x00, 0x00, 0x00, 0x00, 0x00, 0x00, 0x00, 0x00, 0x00, 0x00, 0x00, 0x00
.byte 0x00, 0x00, 0x00, 0x00, 0x00, 0x00, 0x00, 0x00, 0x00, 0x00, 0x00, 0x00, 0x00, 0x00, 0x00, 0x00
.byte 0x00, 0x00, 0x00, 0x00, 0x00, 0x00, 0x00, 0x00, 0x00, 0x00, 0x00, 0x00, 0x00, 0x00, 0x00, 0x00
.byte 0x00, 0x00, 0x00, 0x00, 0x00, 0x00, 0x00, 0x00, 0x00, 0x00, 0x00, 0x00, 0x00, 0x00, 0x00, 0x00
.byte 0x00, 0x00, 0x00, 0x00, 0x00, 0x00, 0x00, 0x00, 0x00, 0x00, 0x00, 0x00, 0x00, 0x00, 0x00, 0x00
.byte 0x00, 0x00, 0x00, 0x00, 0x00, 0x00, 0x00, 0x00, 0x00, 0x00, 0x00, 0x00, 0x00, 0x00, 0x00, 0x00
.byte 0x00, 0x00, 0x00, 0x00, 0x00, 0x00, 0x00, 0x00, 0x00, 0x00, 0x00, 0x00, 0x00, 0x00, 0x00, 0x00
.byte 0x00, 0x00, 0x00, 0x00, 0x00, 0x00, 0x00, 0x00, 0x00, 0x00, 0x1e, 0xe7, 0x99, 0x31, 0x99, 0x31
.byte 0x99, 0x31, 0x99, 0x31, 0x99, 0x31, 0x99, 0x31, 0x99, 0x31, 0x99, 0x31, 0x99, 0x31, 0xd8, 0x39
.byte 0x69, 0x4a, 0xf0, 0x7b, 0xb6, 0xb5, 0xdb, 0xde, 0xdf, 0xff, 0x00, 0x00, 0x00, 0x00, 0x00, 0x00
.byte 0x00, 0x00, 0x00, 0x00, 0x00, 0x00, 0x9c, 0x94, 0x99, 0x31, 0x99, 0x31, 0x99, 0x31, 0x99, 0x31
.byte 0x99, 0x31, 0x99, 0x31, 0x99, 0x31, 0x99, 0x31, 0x99, 0x31, 0x99, 0x31, 0x99, 0x31, 0x99, 0x31
.byte 0x99, 0x31, 0x99, 0x31, 0x99, 0x31, 0x99, 0x31, 0x99, 0x31, 0x99, 0x31, 0x99, 0x31, 0x99, 0x31
.byte 0x99, 0x31, 0x99, 0x31, 0x99, 0x31, 0x99, 0x31, 0x99, 0x31, 0x99, 0x31, 0x99, 0x31, 0x99, 0x31
.byte 0x99, 0x31, 0x99, 0x31, 0xf0, 0x7b, 0xb6, 0xb5, 0x3c, 0xe7, 0xdf, 0xff, 0x00, 0x00, 0x00, 0x00
.byte 0x00, 0x00, 0x00, 0x00, 0x00, 0x00, 0x00, 0x00, 0x00, 0x00, 0x00, 0x00, 0x00, 0x00, 0x00, 0x00
.byte 0x00, 0x00, 0x00, 0x00, 0x00, 0x00, 0x00, 0x00, 0x00, 0x00, 0x00, 0x00, 0x9f, 0xf7, 0x5a, 0x6b
.byte 0x99, 0x31, 0xd8, 0x39, 0x1d, 0xc6, 0x00, 0x00, 0x00, 0x00, 0x00, 0x00, 0x00, 0x00, 0x00, 0x00
.byte 0x00, 0x00, 0x00, 0x00, 0x00, 0x00, 0x00, 0x00, 0x00, 0x00, 0x00, 0x00, 0x00, 0x00, 0x00, 0x00
.byte 0x00, 0x00, 0x00, 0x00, 0x00, 0x00, 0x00, 0x00, 0x00, 0x00, 0x00, 0x00, 0x00, 0x00, 0x00, 0x00
.byte 0x00, 0x00, 0x00, 0x00, 0x00, 0x00, 0x00, 0x00, 0x00, 0x00, 0x00, 0x00, 0x00, 0x00, 0x00, 0x00
.byte 0x00, 0x00, 0x00, 0x00, 0x00, 0x00, 0x00, 0x00, 0x00, 0x00, 0x00, 0x00, 0x00, 0x00, 0x00, 0x00
.byte 0x00, 0x00, 0x00, 0x00, 0x00, 0x00, 0x00, 0x00, 0x00, 0x00, 0x00, 0x00, 0x00, 0x00, 0x00, 0x00
.byte 0x00, 0x00, 0x00, 0x00, 0x00, 0x00, 0x00, 0x00, 0x00, 0x00, 0x00, 0x00, 0x00, 0x00, 0x00, 0x00
.byte 0x00, 0x00, 0x00, 0x00, 0x00, 0x00, 0x00, 0x00, 0x00, 0x00, 0x00, 0x00, 0x00, 0x00, 0x00, 0x00
.byte 0x00, 0x00, 0x00, 0x00, 0x00, 0x00, 0x00, 0x00, 0x00, 0x00, 0x00, 0x00, 0x00, 0x00, 0x00, 0x00
.byte 0x00, 0x00, 0x00, 0x00, 0x00, 0x00, 0x00, 0x00, 0x00, 0x00, 0x00, 0x00, 0x00, 0x00, 0x00, 0x00
.byte 0x00, 0x00, 0x00, 0x00, 0x00, 0x00, 0x00, 0x00, 0x00, 0x00, 0x00, 0x00, 0x00, 0x00, 0x00, 0x00
.byte 0x00, 0x00, 0x00, 0x00, 0x00, 0x00, 0x00, 0x00, 0x00, 0x00, 0x00, 0x00, 0x00, 0x00, 0x00, 0x00
.byte 0x00, 0x00, 0x00, 0x00, 0x00, 0x00, 0x00, 0x00, 0x00, 0x00, 0x00, 0x00, 0x00, 0x00, 0x00, 0x00
.byte 0x00, 0x00, 0x00, 0x00, 0x00, 0x00, 0x00, 0x00, 0x00, 0x00, 0x00, 0x00, 0x00, 0x00, 0x00, 0x00
.byte 0x00, 0x00, 0x00, 0x00, 0x00, 0x00, 0x00, 0x00, 0x00, 0x00, 0x00, 0x00, 0x00, 0x00, 0x00, 0x00
.byte 0x00, 0x00, 0x00, 0x00, 0x00, 0x00, 0x00, 0x00, 0x00, 0x00, 0x00, 0x00, 0x00, 0x00, 0x00, 0x00
.byte 0x00, 0x00, 0x00, 0x00, 0x00, 0x00, 0x00, 0x00, 0x00, 0x00, 0x00, 0x00, 0x00, 0x00, 0x00, 0x00
.byte 0x00, 0x00, 0x00, 0x00, 0x00, 0x00, 0x00, 0x00, 0x00, 0x00, 0x00, 0x00, 0x00, 0x00, 0x00, 0x00
.byte 0x00, 0x00, 0x00, 0x00, 0x00, 0x00, 0x00, 0x00, 0x00, 0x00, 0x00, 0x00, 0x00, 0x00, 0x00, 0x00
.byte 0x00, 0x00, 0x00, 0x00, 0x00, 0x00, 0x00, 0x00, 0x00, 0x00, 0x00, 0x00, 0x00, 0x00, 0x00, 0x00
.byte 0x00, 0x00, 0x00, 0x00, 0x00, 0x00, 0x00, 0x00, 0x00, 0x00, 0x9f, 0xf7, 0xd8, 0x39, 0x99, 0x31
.byte 0x99, 0x31, 0x99, 0x31, 0x99, 0x31, 0x99, 0x31, 0x99, 0x31, 0x99, 0x31, 0x99, 0x31, 0x99, 0x31
.byte 0x69, 0x4a, 0x6d, 0x6b, 0x35, 0xa5, 0xdb, 0xde, 0xdf, 0xff, 0x00, 0x00, 0x00, 0x00, 0x00, 0x00
.byte 0x00, 0x00, 0x00, 0x00, 0x00, 0x00, 0x9e, 0xd6, 0x99, 0x31, 0x99, 0x31, 0x99, 0x31, 0x99, 0x31
.byte 0x99, 0x31, 0x99, 0x31, 0x99, 0x31, 0x99, 0x31, 0x99, 0x31, 0x99, 0x31, 0x99, 0x31, 0x99, 0x31
.byte 0x99, 0x31, 0x99, 0x31, 0x99, 0x31, 0x99, 0x31, 0x99, 0x31, 0x99, 0x31, 0x99, 0x31, 0x99, 0x31
.byte 0x99, 0x31, 0x99, 0x31, 0x99, 0x31, 0x99, 0x31, 0x99, 0x31, 0x99, 0x31, 0x99, 0x31, 0x99, 0x31
.byte 0x99, 0x31, 0x99, 0x31, 0x50, 0x4a, 0xd3, 0x9c, 0x38, 0xc6, 0x9e, 0xf7, 0xdf, 0xff, 0x00, 0x00
.byte 0x00, 0x00, 0x00, 0x00, 0x00, 0x00, 0x00, 0x00, 0x00, 0x00, 0x00, 0x00, 0x00, 0x00, 0x00, 0x00
.byte 0x00, 0x00, 0x00, 0x00, 0x00, 0x00, 0x00, 0x00, 0x00, 0x00, 0x00, 0x00, 0xfb, 0x7b, 0x99, 0x31
.byte 0x99, 0x31, 0x99, 0x31, 0x99, 0x31, 0x9e, 0xd6, 0xdf, 0xff, 0x00, 0x00, 0x00, 0x00, 0x00, 0x00
.byte 0x00, 0x00, 0x00, 0x00, 0x00, 0x00, 0x00, 0x00, 0x00, 0x00, 0x00, 0x00, 0x00, 0x00, 0x00, 0x00
.byte 0x00, 0x00, 0x00, 0x00, 0x00, 0x00, 0x00, 0x00, 0x00, 0x00, 0x00, 0x00, 0x00, 0x00, 0x00, 0x00
.byte 0x00, 0x00, 0x00, 0x00, 0x00, 0x00, 0x00, 0x00, 0x00, 0x00, 0x00, 0x00, 0x00, 0x00, 0x00, 0x00
.byte 0x00, 0x00, 0x00, 0x00, 0x00, 0x00, 0x00, 0x00, 0x00, 0x00, 0x00, 0x00, 0x00, 0x00, 0x00, 0x00
.byte 0x00, 0x00, 0x00, 0x00, 0x00, 0x00, 0x00, 0x00, 0x00, 0x00, 0x00, 0x00, 0x00, 0x00, 0x00, 0x00
.byte 0x00, 0x00, 0x00, 0x00, 0x00, 0x00, 0x00, 0x00, 0x00, 0x00, 0x00, 0x00, 0x00, 0x00, 0x00, 0x00
.byte 0x00, 0x00, 0x00, 0x00, 0x00, 0x00, 0x00, 0x00, 0x00, 0x00, 0x00, 0x00, 0x00, 0x00, 0x00, 0x00
.byte 0x00, 0x00, 0x00, 0x00, 0x00, 0x00, 0x00, 0x00, 0x00, 0x00, 0x00, 0x00, 0x00, 0x00, 0x00, 0x00
.byte 0x00, 0x00, 0x00, 0x00, 0x00, 0x00, 0x00, 0x00, 0x00, 0x00, 0x00, 0x00, 0x00, 0x00, 0x00, 0x00
.byte 0x00, 0x00, 0x00, 0x00, 0x00, 0x00, 0x00, 0x00, 0x00, 0x00, 0x00, 0x00, 0x00, 0x00, 0x00, 0x00
.byte 0x00, 0x00, 0x00, 0x00, 0x00, 0x00, 0x00, 0x00, 0x00, 0x00, 0x00, 0x00, 0x00, 0x00, 0x00, 0x00
.byte 0x00, 0x00, 0x00, 0x00, 0x00, 0x00, 0x00, 0x00, 0x00, 0x00, 0x00, 0x00, 0x00, 0x00, 0x00, 0x00
.byte 0x00, 0x00, 0x00, 0x00, 0x00, 0x00, 0x00, 0x00, 0x00, 0x00, 0x00, 0x00, 0x00, 0x00, 0x00, 0x00
.byte 0x00, 0x00, 0x00, 0x00, 0x00, 0x00, 0x00, 0x00, 0x00, 0x00, 0x00, 0x00, 0x00, 0x00, 0x00, 0x00
.byte 0x00, 0x00, 0x00, 0x00, 0x00, 0x00, 0x00, 0x00, 0x00, 0x00, 0x00, 0x00, 0x00, 0x00, 0x00, 0x00
.byte 0x00, 0x00, 0x00, 0x00, 0x00, 0x00, 0x00, 0x00, 0x00, 0x00, 0x00, 0x00, 0x00, 0x00, 0x00, 0x00
.byte 0x00, 0x00, 0x00, 0x00, 0x00, 0x00, 0x00, 0x00, 0x00, 0x00, 0x00, 0x00, 0x00, 0x00, 0x00, 0x00
.byte 0x00, 0x00, 0x00, 0x00, 0x00, 0x00, 0x00, 0x00, 0x00, 0x00, 0x00, 0x00, 0x00, 0x00, 0x00, 0x00
.byte 0x00, 0x00, 0x00, 0x00, 0x00, 0x00, 0x00, 0x00, 0x00, 0x00, 0x00, 0x00, 0x00, 0x00, 0x00, 0x00
.byte 0x00, 0x00, 0x00, 0x00, 0x00, 0x00, 0x00, 0x00, 0x00, 0x00, 0xdf, 0xff, 0x99, 0x52, 0x99, 0x31
.byte 0x99, 0x31, 0x99, 0x31, 0x99, 0x31, 0x99, 0x31, 0x99, 0x31, 0x99, 0x31, 0x99, 0x31, 0x99, 0x31
.byte 0x50, 0x4a, 0x6d, 0x6b, 0xd3, 0x9c, 0xdb, 0xde, 0x9e, 0xf7, 0x00, 0x00, 0x00, 0x00, 0x00, 0x00
.byte 0x00, 0x00, 0x00, 0x00, 0x00, 0x00, 0xdf, 0xff, 0x99, 0x52, 0x99, 0x31, 0x99, 0x31, 0x99, 0x31
.byte 0x99, 0x31, 0x99, 0x31, 0x99, 0x31, 0x99, 0x31, 0x99, 0x31, 0x99, 0x31, 0x99, 0x31, 0x99, 0x31
.byte 0x99, 0x31, 0x99, 0x31, 0x99, 0x31, 0x99, 0x31, 0x99, 0x31, 0x99, 0x31, 0x99, 0x31, 0x99, 0x31
.byte 0x99, 0x31, 0x99, 0x31, 0x99, 0x31, 0x99, 0x31, 0x99, 0x31, 0x99, 0x31, 0x99, 0x31, 0x99, 0x31
.byte 0x99, 0x31, 0x99, 0x31, 0xd8, 0x39, 0xf0, 0x7b, 0xb6, 0xb5, 0x3c, 0xe7, 0xdf, 0xff, 0x00, 0x00
.byte 0x00, 0x00, 0x00, 0x00, 0x00, 0x00, 0x00, 0x00, 0x00, 0x00, 0x00, 0x00, 0x00, 0x00, 0x00, 0x00
.byte 0x00, 0x00, 0x00, 0x00, 0x00, 0x00, 0x00, 0x00, 0x00, 0x00, 0x1d, 0xc6, 0x99, 0x31, 0x99, 0x31
.byte 0x99, 0x31, 0x99, 0x31, 0x99, 0x31, 0x99, 0x52, 0x3c, 0xe7, 0x9e, 0xf7, 0xdf, 0xff, 0x00, 0x00
.byte 0x00, 0x00, 0x00, 0x00, 0x00, 0x00, 0x00, 0x00, 0x00, 0x00, 0x00, 0x00, 0x00, 0x00, 0x00, 0x00
.byte 0x00, 0x00, 0x00, 0x00, 0x00, 0x00, 0x00, 0x00, 0x00, 0x00, 0x00, 0x00, 0x00, 0x00, 0x00, 0x00
.byte 0x00, 0x00, 0x00, 0x00, 0x00, 0x00, 0x00, 0x00, 0x00, 0x00, 0x00, 0x00, 0x00, 0x00, 0x00, 0x00
.byte 0x00, 0x00, 0x00, 0x00, 0x00, 0x00, 0x00, 0x00, 0x00, 0x00, 0x00, 0x00, 0x00, 0x00, 0x00, 0x00
.byte 0x00, 0x00, 0x00, 0x00, 0x00, 0x00, 0x00, 0x00, 0x00, 0x00, 0x00, 0x00, 0x00, 0x00, 0x00, 0x00
.byte 0x00, 0x00, 0x00, 0x00, 0x00, 0x00, 0x00, 0x00, 0x00, 0x00, 0x00, 0x00, 0x00, 0x00, 0x00, 0x00
.byte 0x00, 0x00, 0x00, 0x00, 0x00, 0x00, 0x00, 0x00, 0x00, 0x00, 0x00, 0x00, 0x00, 0x00, 0x00, 0x00
.byte 0x00, 0x00, 0x00, 0x00, 0x00, 0x00, 0x00, 0x00, 0x00, 0x00, 0x00, 0x00, 0x00, 0x00, 0x00, 0x00
.byte 0x00, 0x00, 0x00, 0x00, 0x00, 0x00, 0x00, 0x00, 0x00, 0x00, 0x00, 0x00, 0x00, 0x00, 0x00, 0x00
.byte 0x00, 0x00, 0x00, 0x00, 0x00, 0x00, 0x00, 0x00, 0x00, 0x00, 0x00, 0x00, 0x00, 0x00, 0x00, 0x00
.byte 0x00, 0x00, 0x00, 0x00, 0x00, 0x00, 0x00, 0x00, 0x00, 0x00, 0x00, 0x00, 0x00, 0x00, 0x00, 0x00
.byte 0x00, 0x00, 0x00, 0x00, 0x00, 0x00, 0x00, 0x00, 0x00, 0x00, 0x00, 0x00, 0x00, 0x00, 0x00, 0x00
.byte 0x00, 0x00, 0x00, 0x00, 0x00, 0x00, 0x00, 0x00, 0x00, 0x00, 0x00, 0x00, 0x00, 0x00, 0x00, 0x00
.byte 0x00, 0x00, 0x00, 0x00, 0x00, 0x00, 0x00, 0x00, 0x00, 0x00, 0x00, 0x00, 0x00, 0x00, 0x00, 0x00
.byte 0x00, 0x00, 0x00, 0x00, 0x00, 0x00, 0x00, 0x00, 0x00, 0x00, 0x00, 0x00, 0x00, 0x00, 0x00, 0x00
.byte 0x00, 0x00, 0x00, 0x00, 0x00, 0x00, 0x00, 0x00, 0x00, 0x00, 0x00, 0x00, 0x00, 0x00, 0x00, 0x00
.byte 0x00, 0x00, 0x00, 0x00, 0x00, 0x00, 0x00, 0x00, 0x00, 0x00, 0x00, 0x00, 0x00, 0x00, 0x00, 0x00
.byte 0x00, 0x00, 0x00, 0x00, 0x00, 0x00, 0x00, 0x00, 0x00, 0x00, 0x00, 0x00, 0x00, 0x00, 0x00, 0x00
.byte 0x00, 0x00, 0x00, 0x00, 0x00, 0x00, 0x00, 0x00, 0x00, 0x00, 0x00, 0x00, 0x00, 0x00, 0x00, 0x00
.byte 0x00, 0x00, 0x00, 0x00, 0x00, 0x00, 0x00, 0x00, 0x00, 0x00, 0x00, 0x00, 0x5a, 0x6b, 0x99, 0x31
.byte 0x99, 0x31, 0x99, 0x31, 0x99, 0x31, 0x99, 0x31, 0x99, 0x31, 0x99, 0x31, 0x99, 0x31, 0x99, 0x31
.byte 0xb3, 0x31, 0xcb, 0x5a, 0x71, 0x8c, 0x38, 0xc6, 0x9e, 0xf7, 0x00, 0x00, 0x00, 0x00, 0x00, 0x00
.byte 0x00, 0x00, 0x00, 0x00, 0x00, 0x00, 0x00, 0x00, 0x9c, 0xb5, 0x99, 0x31, 0x99, 0x31, 0x99, 0x31
.byte 0x99, 0x31, 0x99, 0x31, 0x99, 0x31, 0x99, 0x31, 0x99, 0x31, 0x99, 0x31, 0x99, 0x31, 0x99, 0x31
.byte 0x99, 0x31, 0x99, 0x31, 0x99, 0x31, 0x99, 0x31, 0x99, 0x31, 0x99, 0x31, 0x99, 0x31, 0x99, 0x31
.byte 0x99, 0x31, 0x99, 0x31, 0x99, 0x31, 0x99, 0x31, 0x99, 0x31, 0x99, 0x31, 0x99, 0x31, 0x99, 0x31
.byte 0x99, 0x31, 0x99, 0x31, 0xd8, 0x39, 0x6d, 0x6b, 0xd3, 0x9c, 0x38, 0xc6, 0x9e, 0xf7, 0x00, 0x00
.byte 0x00, 0x00, 0x00, 0x00, 0x00, 0x00, 0x00, 0x00, 0x00, 0x00, 0x00, 0x00, 0x00, 0x00, 0x00, 0x00
.byte 0x00, 0x00, 0x00, 0x00, 0x00, 0x00, 0x00, 0x00, 0x9f, 0xf7, 0x99, 0x52, 0x99, 0x31, 0x99, 0x31
.byte 0x99, 0x31, 0x99, 0x31, 0x99, 0x31, 0x99, 0x31, 0xfb, 0x7b, 0xdb, 0xde, 0x9e, 0xf7, 0xdf, 0xff
.byte 0x00, 0x00, 0x00, 0x00, 0x00, 0x00, 0x00, 0x00, 0x00, 0x00, 0x00, 0x00, 0x00, 0x00, 0x00, 0x00
.byte 0x00, 0x00, 0x00, 0x00, 0x00, 0x00, 0x00, 0x00, 0x00, 0x00, 0x00, 0x00, 0x00, 0x00, 0x00, 0x00
.byte 0x00, 0x00, 0x00, 0x00, 0x00, 0x00, 0x00, 0x00, 0x00, 0x00, 0x00, 0x00, 0x00, 0x00, 0x00, 0x00
.byte 0x00, 0x00, 0x00, 0x00, 0x00, 0x00, 0x00, 0x00, 0x00, 0x00, 0x00, 0x00, 0x00, 0x00, 0x00, 0x00
.byte 0x00, 0x00, 0x00, 0x00, 0x00, 0x00, 0x00, 0x00, 0x00, 0x00, 0x00, 0x00, 0x00, 0x00, 0x00, 0x00
.byte 0x00, 0x00, 0x00, 0x00, 0x00, 0x00, 0x00, 0x00, 0x00, 0x00, 0x00, 0x00, 0x00, 0x00, 0x00, 0x00
.byte 0x00, 0x00, 0x00, 0x00, 0x00, 0x00, 0x00, 0x00, 0x00, 0x00, 0x00, 0x00, 0x00, 0x00, 0x00, 0x00
.byte 0x00, 0x00, 0x00, 0x00, 0x00, 0x00, 0x00, 0x00, 0x00, 0x00, 0x00, 0x00, 0x00, 0x00, 0x00, 0x00
.byte 0x00, 0x00, 0x00, 0x00, 0x00, 0x00, 0x00, 0x00, 0x00, 0x00, 0x00, 0x00, 0x00, 0x00, 0x00, 0x00
.byte 0x00, 0x00, 0x00, 0x00, 0x00, 0x00, 0x00, 0x00, 0x00, 0x00, 0x00, 0x00, 0x00, 0x00, 0x00, 0x00
.byte 0x00, 0x00, 0x00, 0x00, 0x00, 0x00, 0x00, 0x00, 0x00, 0x00, 0x00, 0x00, 0x00, 0x00, 0x00, 0x00
.byte 0x00, 0x00, 0x00, 0x00, 0x00, 0x00, 0x00, 0x00, 0x00, 0x00, 0x00, 0x00, 0x00, 0x00, 0x00, 0x00
.byte 0x00, 0x00, 0x00, 0x00, 0x00, 0x00, 0x00, 0x00, 0x00, 0x00, 0x00, 0x00, 0x00, 0x00, 0x00, 0x00
.byte 0x00, 0x00, 0x00, 0x00, 0x00, 0x00, 0x00, 0x00, 0x00, 0x00, 0x00, 0x00, 0x00, 0x00, 0x00, 0x00
.byte 0x00, 0x00, 0x00, 0x00, 0x00, 0x00, 0x00, 0x00, 0x00, 0x00, 0x00, 0x00, 0x00, 0x00, 0x00, 0x00
.byte 0x00, 0x00, 0x00, 0x00, 0x00, 0x00, 0x00, 0x00, 0x00, 0x00, 0x00, 0x00, 0x00, 0x00, 0x00, 0x00
.byte 0x00, 0x00, 0x00, 0x00, 0x00, 0x00, 0x00, 0x00, 0x00, 0x00, 0x00, 0x00, 0x00, 0x00, 0x00, 0x00
.byte 0x00, 0x00, 0x00, 0x00, 0x00, 0x00, 0x00, 0x00, 0x00, 0x00, 0x00, 0x00, 0x00, 0x00, 0x00, 0x00
.byte 0x00, 0x00, 0x00, 0x00, 0x00, 0x00, 0x00, 0x00, 0x00, 0x00, 0x00, 0x00, 0x00, 0x00, 0x00, 0x00
.byte 0x00, 0x00, 0x00, 0x00, 0x00, 0x00, 0x00, 0x00, 0x00, 0x00, 0x00, 0x00, 0x9c, 0x94, 0x99, 0x31
.byte 0x99, 0x31, 0x99, 0x31, 0x99, 0x31, 0x99, 0x31, 0x99, 0x31, 0x99, 0x31, 0x99, 0x31, 0x99, 0x31
.byte 0xb3, 0x31, 0xcb, 0x5a, 0x71, 0x8c, 0x38, 0xc6, 0x3c, 0xe7, 0x00, 0x00, 0x00, 0x00, 0x00, 0x00
.byte 0x00, 0x00, 0x00, 0x00, 0x00, 0x00, 0x00, 0x00, 0x9f, 0xf7, 0x99, 0x52, 0x99, 0x31, 0x99, 0x31
.byte 0x99, 0x31, 0x99, 0x31, 0x99, 0x31, 0x99, 0x31, 0x99, 0x31, 0x99, 0x31, 0x99, 0x31, 0x99, 0x31
.byte 0x99, 0x31, 0x99, 0x31, 0x99, 0x31, 0x99, 0x31, 0x99, 0x31, 0x99, 0x31, 0x99, 0x31, 0x99, 0x31
.byte 0x99, 0x31, 0x99, 0x31, 0x99, 0x31, 0x99, 0x31, 0x99, 0x31, 0x99, 0x31, 0x99, 0x31, 0x99, 0x31
.byte 0x99, 0x31, 0x99, 0x31, 0xd8, 0x39, 0xcb, 0x5a, 0xf0, 0x7b, 0xb6, 0xb5, 0x3c, 0xe7, 0xdf, 0xff
.byte 0x00, 0x00, 0x00, 0x00, 0x00, 0x00, 0x00, 0x00, 0x00, 0x00, 0x00, 0x00, 0x00, 0x00, 0x00, 0x00
.byte 0x00, 0x00, 0x00, 0x00, 0x00, 0x00, 0x00, 0x00, 0x9c, 0x94, 0x99, 0x31, 0x99, 0x31, 0x99, 0x31
.byte 0x99, 0x31, 0x99, 0x31, 0x99, 0x31, 0x99, 0x31, 0xd8, 0x39, 0x35, 0xa5, 0xdb, 0xde, 0x9e, 0xf7
.byte 0xdf, 0xff, 0x00, 0x00, 0x00, 0x00, 0x00, 0x00, 0x00, 0x00, 0x00, 0x00, 0x00, 0x00, 0x00, 0x00
.byte 0x00, 0x00, 0x00, 0x00, 0x00, 0x00, 0x00, 0x00, 0x00, 0x00, 0x00, 0x00, 0x00, 0x00, 0x00, 0x00
.byte 0x00, 0x00, 0x00, 0x00, 0x00, 0x00, 0x00, 0x00, 0x00, 0x00, 0x00, 0x00, 0x00, 0x00, 0x00, 0x00
.byte 0x00, 0x00, 0x00, 0x00, 0x00, 0x00, 0x00, 0x00, 0x00, 0x00, 0x00, 0x00, 0x00, 0x00, 0x00, 0x00
.byte 0x00, 0x00, 0x00, 0x00, 0x00, 0x00, 0x00, 0x00, 0x00, 0x00, 0x00, 0x00, 0x00, 0x00, 0x00, 0x00
.byte 0x00, 0x00, 0x00, 0x00, 0x00, 0x00, 0x00, 0x00, 0x00, 0x00, 0x00, 0x00, 0x00, 0x00, 0x00, 0x00
.byte 0x00, 0x00, 0x00, 0x00, 0x00, 0x00, 0x00, 0x00, 0x00, 0x00, 0x00, 0x00, 0x00, 0x00, 0x00, 0x00
.byte 0x00, 0x00, 0x00, 0x00, 0x00, 0x00, 0x00, 0x00, 0x00, 0x00, 0x00, 0x00, 0x00, 0x00, 0x00, 0x00
.byte 0x00, 0x00, 0x00, 0x00, 0x00, 0x00, 0x00, 0x00, 0x00, 0x00, 0x00, 0x00, 0x00, 0x00, 0x00, 0x00
.byte 0x00, 0x00, 0x00, 0x00, 0x00, 0x00, 0x00, 0x00, 0x00, 0x00, 0x00, 0x00, 0x00, 0x00, 0x00, 0x00
.byte 0x00, 0x00, 0x00, 0x00, 0x00, 0x00, 0x00, 0x00, 0x00, 0x00, 0x00, 0x00, 0x00, 0x00, 0x00, 0x00
.byte 0x00, 0x00, 0x00, 0x00, 0x00, 0x00, 0x00, 0x00, 0x00, 0x00, 0x00, 0x00, 0x00, 0x00, 0x00, 0x00
.byte 0x00, 0x00, 0x00, 0x00, 0x00, 0x00, 0x00, 0x00, 0x00, 0x00, 0x00, 0x00, 0x00, 0x00, 0x00, 0x00
.byte 0x00, 0x00, 0x00, 0x00, 0x00, 0x00, 0x00, 0x00, 0x00, 0x00, 0x00, 0x00, 0x00, 0x00, 0x00, 0x00
.byte 0x00, 0x00, 0x00, 0x00, 0x00, 0x00, 0x00, 0x00, 0x00, 0x00, 0x00, 0x00, 0x00, 0x00, 0x00, 0x00
.byte 0x00, 0x00, 0x00, 0x00, 0x00, 0x00, 0x00, 0x00, 0x00, 0x00, 0x00, 0x00, 0x00, 0x00, 0x00, 0x00
.byte 0x00, 0x00, 0x00, 0x00, 0x00, 0x00, 0x00, 0x00, 0x00, 0x00, 0x00, 0x00, 0x00, 0x00, 0x00, 0x00
.byte 0x00, 0x00, 0x00, 0x00, 0x00, 0x00, 0x00, 0x00, 0x00, 0x00, 0x00, 0x00, 0x00, 0x00, 0x00, 0x00
.byte 0x00, 0x00, 0x00, 0x00, 0x00, 0x00, 0x00, 0x00, 0x00, 0x00, 0x00, 0x00, 0x00, 0x00, 0x00, 0x00
.byte 0x00, 0x00, 0x00, 0x00, 0x00, 0x00, 0x00, 0x00, 0x00, 0x00, 0x00, 0x00, 0x9c, 0xb5, 0x99, 0x31
.byte 0x99, 0x31, 0x99, 0x31, 0x99, 0x31, 0x99, 0x31, 0x99, 0x31, 0x99, 0x31, 0x99, 0x31, 0x99, 0x31
.byte 0x99, 0x31, 0x69, 0x4a, 0xf0, 0x7b, 0xb6, 0xb5, 0x3c, 0xe7, 0xdf, 0xff, 0x00, 0x00, 0x00, 0x00
.byte 0x00, 0x00, 0x00, 0x00, 0x00, 0x00, 0x00, 0x00, 0xdf, 0xff, 0x9c, 0x94, 0x99, 0x31, 0x99, 0x31
.byte 0x99, 0x31, 0x99, 0x31, 0x99, 0x31, 0x99, 0x31, 0x99, 0x31, 0x99, 0x31, 0x99, 0x31, 0x99, 0x31
.byte 0x99, 0x31, 0x99, 0x31, 0x99, 0x31, 0x99, 0x31, 0x99, 0x31, 0x99, 0x31, 0x99, 0x31, 0x99, 0x31
.byte 0x99, 0x31, 0x99, 0x31, 0x99, 0x31, 0x99, 0x31, 0x99, 0x31, 0x99, 0x31, 0x99, 0x31, 0x99, 0x31
.byte 0x99, 0x31, 0x99, 0x31, 0xd8, 0x39, 0x69, 0x4a, 0x6d, 0x6b, 0x35, 0xa5, 0xdb, 0xde, 0x9e, 0xf7
.byte 0x00, 0x00, 0x00, 0x00, 0x00, 0x00, 0x00, 0x00, 0x00, 0x00, 0x00, 0x00, 0x00, 0x00, 0x00, 0x00
.byte 0x00, 0x00, 0x00, 0x00, 0x00, 0x00, 0xdf, 0xff, 0x99, 0x52, 0x99, 0x31, 0x99, 0x31, 0x99, 0x31
.byte 0x99, 0x31, 0x99, 0x31, 0x99, 0x31, 0x99, 0x31, 0x99, 0x31, 0x99, 0x52, 0xb6, 0xb5, 0xdb, 0xde
.byte 0x9e, 0xf7, 0x00, 0x00, 0x00, 0x00, 0x00, 0x00, 0x00, 0x00, 0x00, 0x00, 0x00, 0x00, 0x00, 0x00
.byte 0x00, 0x00, 0x00, 0x00, 0x00, 0x00, 0x00, 0x00, 0x00, 0x00, 0x00, 0x00, 0x00, 0x00, 0x00, 0x00
.byte 0x00, 0x00, 0x00, 0x00, 0x00, 0x00, 0x00, 0x00, 0x00, 0x00, 0x00, 0x00, 0x00, 0x00, 0x00, 0x00
.byte 0x00, 0x00, 0x00, 0x00, 0x00, 0x00, 0x00, 0x00, 0x00, 0x00, 0x00, 0x00, 0x00, 0x00, 0x00, 0x00
.byte 0x00, 0x00, 0x00, 0x00, 0x00, 0x00, 0x00, 0x00, 0x00, 0x00, 0x00, 0x00, 0x00, 0x00, 0x00, 0x00
.byte 0x00, 0x00, 0x00, 0x00, 0x00, 0x00, 0x00, 0x00, 0x00, 0x00, 0x00, 0x00, 0x00, 0x00, 0x00, 0x00
.byte 0x00, 0x00, 0x00, 0x00, 0x00, 0x00, 0x00, 0x00, 0x00, 0x00, 0x00, 0x00, 0x00, 0x00, 0x00, 0x00
.byte 0x00, 0x00, 0x00, 0x00, 0x00, 0x00, 0x00, 0x00, 0x00, 0x00, 0x00, 0x00, 0x00, 0x00, 0x00, 0x00
.byte 0x00, 0x00, 0x00, 0x00, 0x00, 0x00, 0x00, 0x00, 0x00, 0x00, 0x00, 0x00, 0x00, 0x00, 0x00, 0x00
.byte 0x00, 0x00, 0x00, 0x00, 0x00, 0x00, 0x00, 0x00, 0x00, 0x00, 0x00, 0x00, 0x00, 0x00, 0x00, 0x00
.byte 0x00, 0x00, 0x00, 0x00, 0x00, 0x00, 0x00, 0x00, 0x00, 0x00, 0x00, 0x00, 0x00, 0x00, 0x00, 0x00
.byte 0x00, 0x00, 0x00, 0x00, 0x00, 0x00, 0x00, 0x00, 0x00, 0x00, 0x00, 0x00, 0x00, 0x00, 0x00, 0x00
.byte 0x00, 0x00, 0x00, 0x00, 0x00, 0x00, 0x00, 0x00, 0x00, 0x00, 0x00, 0x00, 0x00, 0x00, 0x00, 0x00
.byte 0x00, 0x00, 0x00, 0x00, 0x00, 0x00, 0x00, 0x00, 0x00, 0x00, 0x00, 0x00, 0x00, 0x00, 0x00, 0x00
.byte 0x00, 0x00, 0x00, 0x00, 0x00, 0x00, 0x00, 0x00, 0x00, 0x00, 0x00, 0x00, 0x00, 0x00, 0x00, 0x00
.byte 0x00, 0x00, 0x00, 0x00, 0x00, 0x00, 0x00, 0x00, 0x00, 0x00, 0x00, 0x00, 0x00, 0x00, 0x00, 0x00
.byte 0x00, 0x00, 0x00, 0x00, 0x00, 0x00, 0x00, 0x00, 0x00, 0x00, 0x00, 0x00, 0x00, 0x00, 0x00, 0x00
.byte 0x00, 0x00, 0x00, 0x00, 0x00, 0x00, 0x00, 0x00, 0x00, 0x00, 0x00, 0x00, 0x00, 0x00, 0x00, 0x00
.byte 0x00, 0x00, 0x00, 0x00, 0x00, 0x00, 0x00, 0x00, 0x00, 0x00, 0x00, 0x00, 0x00, 0x00, 0x00, 0x00
.byte 0x00, 0x00, 0x00, 0x00, 0x00, 0x00, 0x00, 0x00, 0x00, 0x00, 0x00, 0x00, 0x9e, 0xd6, 0x99, 0x31
.byte 0x99, 0x31, 0x99, 0x31, 0x99, 0x31, 0x99, 0x31, 0x99, 0x31, 0x99, 0x31, 0x99, 0x31, 0x99, 0x31
.byte 0x99, 0x31, 0x50, 0x4a, 0x6d, 0x6b, 0x35, 0xa5, 0xdb, 0xde, 0xdf, 0xff, 0x00, 0x00, 0x00, 0x00
.byte 0x00, 0x00, 0x00, 0x00, 0x00, 0x00, 0x00, 0x00, 0xdf, 0xff, 0x3c, 0xe7, 0x99, 0x52, 0x99, 0x31
.byte 0x99, 0x31, 0x99, 0x31, 0x99, 0x31, 0x99, 0x31, 0x99, 0x31, 0x99, 0x31, 0x99, 0x31, 0x99, 0x31
.byte 0x99, 0x31, 0x99, 0x31, 0x99, 0x31, 0x99, 0x31, 0x99, 0x31, 0x99, 0x31, 0x99, 0x31, 0x99, 0x31
.byte 0x99, 0x31, 0x99, 0x31, 0x99, 0x31, 0x99, 0x31, 0x99, 0x31, 0x99, 0x31, 0x99, 0x31, 0x99, 0x31
.byte 0x99, 0x31, 0x99, 0x31, 0xb3, 0x31, 0x69, 0x4a, 0x6d, 0x6b, 0xd3, 0x9c, 0x38, 0xc6, 0x9e, 0xf7
.byte 0x00, 0x00, 0x00, 0x00, 0x00, 0x00, 0x00, 0x00, 0x00, 0x00, 0x00, 0x00, 0x00, 0x00, 0x00, 0x00
.byte 0x00, 0x00, 0x00, 0x00, 0x00, 0x00, 0x9c, 0xb5, 0x99, 0x31, 0x99, 0x31, 0x99, 0x31, 0x99, 0x31
.byte 0x99, 0x31, 0x99, 0x31, 0x99, 0x31, 0x99, 0x31, 0x99, 0x31, 0x99, 0x31, 0xf0, 0x7b, 0x38, 0xc6
.byte 0x3c, 0xe7, 0xdf, 0xff, 0x00, 0x00, 0x00, 0x00, 0x00, 0x00, 0x00, 0x00, 0x00, 0x00, 0x00, 0x00
.byte 0x00, 0x00, 0x00, 0x00, 0x00, 0x00, 0x00, 0x00, 0x00, 0x00, 0x00, 0x00, 0x00, 0x00, 0x00, 0x00
.byte 0x00, 0x00, 0x00, 0x00, 0x00, 0x00, 0x00, 0x00, 0x00, 0x00, 0x00, 0x00, 0x00, 0x00, 0x00, 0x00
.byte 0x00, 0x00, 0x00, 0x00, 0x00, 0x00, 0x00, 0x00, 0x00, 0x00, 0x00, 0x00, 0x00, 0x00, 0x00, 0x00
.byte 0x00, 0x00, 0x00, 0x00, 0x00, 0x00, 0x00, 0x00, 0x00, 0x00, 0x00, 0x00, 0x00, 0x00, 0x00, 0x00
.byte 0x00, 0x00, 0x00, 0x00, 0x00, 0x00, 0x00, 0x00, 0x00, 0x00, 0x00, 0x00, 0x00, 0x00, 0x00, 0x00
.byte 0x00, 0x00, 0x00, 0x00, 0x00, 0x00, 0x00, 0x00, 0x00, 0x00, 0x00, 0x00, 0x00, 0x00, 0x00, 0x00
.byte 0x00, 0x00, 0x00, 0x00, 0x00, 0x00, 0x00, 0x00, 0x00, 0x00, 0x00, 0x00, 0x00, 0x00, 0x00, 0x00
.byte 0x00, 0x00, 0x00, 0x00, 0x00, 0x00, 0x00, 0x00, 0x00, 0x00, 0x00, 0x00, 0x00, 0x00, 0x00, 0x00
.byte 0x00, 0x00, 0x00, 0x00, 0x00, 0x00, 0x00, 0x00, 0x00, 0x00, 0x00, 0x00, 0x00, 0x00, 0x00, 0x00
.byte 0x00, 0x00, 0x00, 0x00, 0x00, 0x00, 0x00, 0x00, 0x00, 0x00, 0x00, 0x00, 0x00, 0x00, 0x00, 0x00
.byte 0x00, 0x00, 0x00, 0x00, 0x00, 0x00, 0x00, 0x00, 0x00, 0x00, 0x00, 0x00, 0x00, 0x00, 0x00, 0x00
.byte 0x00, 0x00, 0x00, 0x00, 0x00, 0x00, 0x00, 0x00, 0x00, 0x00, 0x00, 0x00, 0x00, 0x00, 0x00, 0x00
.byte 0x00, 0x00, 0x00, 0x00, 0x00, 0x00, 0x00, 0x00, 0x00, 0x00, 0x00, 0x00, 0x00, 0x00, 0x00, 0x00
.byte 0x00, 0x00, 0x00, 0x00, 0x00, 0x00, 0x00, 0x00, 0x00, 0x00, 0x00, 0x00, 0x00, 0x00, 0x00, 0x00
.byte 0x00, 0x00, 0x00, 0x00, 0x00, 0x00, 0x00, 0x00, 0x00, 0x00, 0x00, 0x00, 0x00, 0x00, 0x00, 0x00
.byte 0x00, 0x00, 0x00, 0x00, 0x00, 0x00, 0x00, 0x00, 0x00, 0x00, 0x00, 0x00, 0x00, 0x00, 0x00, 0x00
.byte 0x00, 0x00, 0x00, 0x00, 0x00, 0x00, 0x00, 0x00, 0x00, 0x00, 0x00, 0x00, 0x00, 0x00, 0x00, 0x00
.byte 0x00, 0x00, 0x00, 0x00, 0x00, 0x00, 0x00, 0x00, 0x00, 0x00, 0x00, 0x00, 0x00, 0x00, 0x00, 0x00
.byte 0x00, 0x00, 0x00, 0x00, 0x00, 0x00, 0x00, 0x00, 0x00, 0x00, 0x00, 0x00, 0x9f, 0xf7, 0x99, 0x52
.byte 0x99, 0x31, 0x99, 0x31, 0x99, 0x31, 0x99, 0x31, 0x99, 0x31, 0x99, 0x31, 0x99, 0x31, 0x99, 0x31
.byte 0x99, 0x31, 0xb3, 0x31, 0x6d, 0x6b, 0xd3, 0x9c, 0xdb, 0xde, 0x9e, 0xf7, 0x00, 0x00, 0x00, 0x00
.byte 0x00, 0x00, 0x00, 0x00, 0x00, 0x00, 0x00, 0x00, 0x00, 0x00, 0x9e, 0xf7, 0x9c, 0xb5, 0x99, 0x31
.byte 0x99, 0x31, 0x99, 0x31, 0x99, 0x31, 0x99, 0x31, 0x99, 0x31, 0x99, 0x31, 0x99, 0x31, 0x99, 0x31
.byte 0x99, 0x31, 0x99, 0x31, 0x99, 0x31, 0x99, 0x31, 0x99, 0x31, 0x99, 0x31, 0x99, 0x31, 0x99, 0x31
.byte 0x99, 0x31, 0x99, 0x31, 0x99, 0x31, 0x99, 0x31, 0x99, 0x31, 0x99, 0x31, 0x99, 0x31, 0x99, 0x31
.byte 0x99, 0x31, 0x99, 0x31, 0xcd, 0x39, 0x08, 0x42, 0xcb, 0x5a, 0x71, 0x8c, 0x38, 0xc6, 0x9e, 0xf7
.byte 0x00, 0x00, 0x00, 0x00, 0x00, 0x00, 0x00, 0x00, 0x00, 0x00, 0x00, 0x00, 0x00, 0x00, 0x00, 0x00
.byte 0x00, 0x00, 0x00, 0x00, 0xdf, 0xff, 0x5a, 0x6b, 0x99, 0x31, 0x99, 0x31, 0x99, 0x31, 0x99, 0x31
.byte 0x99, 0x31, 0x99, 0x31, 0x99, 0x31, 0x99, 0x31, 0x99, 0x31, 0x99, 0x31, 0x99, 0x52, 0x35, 0xa5
.byte 0xdb, 0xde, 0x9e, 0xf7, 0x00, 0x00, 0x00, 0x00, 0x00, 0x00, 0x00, 0x00, 0x00, 0x00, 0x00, 0x00
.byte 0x00, 0x00, 0x00, 0x00, 0x00, 0x00, 0x00, 0x00, 0x00, 0x00, 0x00, 0x00, 0x00, 0x00, 0x00, 0x00
.byte 0x00, 0x00, 0x00, 0x00, 0x00, 0x00, 0x00, 0x00, 0x00, 0x00, 0x00, 0x00, 0x00, 0x00, 0x00, 0x00
.byte 0x00, 0x00, 0x00, 0x00, 0x00, 0x00, 0x00, 0x00, 0x00, 0x00, 0x00, 0x00, 0x00, 0x00, 0x00, 0x00
.byte 0x00, 0x00, 0x00, 0x00, 0x00, 0x00, 0x00, 0x00, 0x00, 0x00, 0x00, 0x00, 0x00, 0x00, 0x00, 0x00
.byte 0x00, 0x00, 0x00, 0x00, 0x00, 0x00, 0x00, 0x00, 0x00, 0x00, 0x00, 0x00, 0x00, 0x00, 0x00, 0x00
.byte 0x00, 0x00, 0x00, 0x00, 0x00, 0x00, 0x00, 0x00, 0x00, 0x00, 0x00, 0x00, 0x00, 0x00, 0x00, 0x00
.byte 0x00, 0x00, 0x00, 0x00, 0x00, 0x00, 0x00, 0x00, 0x00, 0x00, 0x00, 0x00, 0x00, 0x00, 0x00, 0x00
.byte 0x00, 0x00, 0x00, 0x00, 0x00, 0x00, 0x00, 0x00, 0x00, 0x00, 0x00, 0x00, 0x00, 0x00, 0x00, 0x00
.byte 0x00, 0x00, 0x00, 0x00, 0x00, 0x00, 0x00, 0x00, 0x00, 0x00, 0x00, 0x00, 0x00, 0x00, 0x00, 0x00
.byte 0x00, 0x00, 0x00, 0x00, 0x00, 0x00, 0x00, 0x00, 0x00, 0x00, 0x00, 0x00, 0x00, 0x00, 0x00, 0x00
.byte 0x00, 0x00, 0x00, 0x00, 0x00, 0x00, 0x00, 0x00, 0x00, 0x00, 0x00, 0x00, 0x00, 0x00, 0x00, 0x00
.byte 0x00, 0x00, 0x00, 0x00, 0x00, 0x00, 0x00, 0x00, 0x00, 0x00, 0x00, 0x00, 0x00, 0x00, 0x00, 0x00
.byte 0x00, 0x00, 0x00, 0x00, 0x00, 0x00, 0x00, 0x00, 0x00, 0x00, 0x00, 0x00, 0x00, 0x00, 0x00, 0x00
.byte 0x00, 0x00, 0x00, 0x00, 0x00, 0x00, 0x00, 0x00, 0x00, 0x00, 0x00, 0x00, 0x00, 0x00, 0x00, 0x00
.byte 0x00, 0x00, 0x00, 0x00, 0x00, 0x00, 0x00, 0x00, 0x00, 0x00, 0x00, 0x00, 0x00, 0x00, 0x00, 0x00
.byte 0x00, 0x00, 0x00, 0x00, 0x00, 0x00, 0x00, 0x00, 0x00, 0x00, 0x00, 0x00, 0x00, 0x00, 0x00, 0x00
.byte 0x00, 0x00, 0x00, 0x00, 0x00, 0x00, 0x00, 0x00, 0x00, 0x00, 0x00, 0x00, 0x00, 0x00, 0x00, 0x00
.byte 0x00, 0x00, 0x00, 0x00, 0x00, 0x00, 0x00, 0x00, 0x00, 0x00, 0x00, 0x00, 0x00, 0x00, 0x00, 0x00
.byte 0x00, 0x00, 0x00, 0x00, 0x00, 0x00, 0x00, 0x00, 0x00, 0x00, 0x00, 0x00, 0x00, 0x00, 0x5a, 0x6b
.byte 0x99, 0x31, 0x99, 0x31, 0x99, 0x31, 0x99, 0x31, 0x99, 0x31, 0x99, 0x31, 0x99, 0x31, 0x99, 0x31
.byte 0x99, 0x31, 0xd8, 0x39, 0xcb, 0x5a, 0x71, 0x8c, 0x38, 0xc6, 0x3c, 0xe7, 0x00, 0x00, 0x00, 0x00
.byte 0x00, 0x00, 0x00, 0x00, 0x00, 0x00, 0x00, 0x00, 0x00, 0x00, 0xdf, 0xff, 0x3c, 0xe7, 0x5a, 0x6b
.byte 0x99, 0x31, 0x99, 0x31, 0x99, 0x31, 0x99, 0x31, 0x99, 0x31, 0x99, 0x31, 0x99, 0x31, 0x99, 0x31
.byte 0x99, 0x31, 0x99, 0x31, 0x99, 0x31, 0x99, 0x31, 0x99, 0x31, 0x99, 0x31, 0x99, 0x31, 0x99, 0x31
.byte 0x99, 0x31, 0x99, 0x31, 0x99, 0x31, 0x99, 0x31, 0x99, 0x31, 0x99, 0x31, 0x99, 0x31, 0x99, 0x31
.byte 0x99, 0x31, 0xb3, 0x31, 0x08, 0x42, 0x08, 0x42, 0xcb, 0x5a, 0x71, 0x8c, 0x38, 0xc6, 0x3c, 0xe7
.byte 0x00, 0x00, 0x00, 0x00, 0x00, 0x00, 0x00, 0x00, 0x00, 0x00, 0x00, 0x00, 0x00, 0x00, 0x00, 0x00
.byte 0x00, 0x00, 0x00, 0x00, 0x1d, 0xc6, 0x99, 0x31, 0x99, 0x31, 0x99, 0x31, 0x99, 0x31, 0x99, 0x31
.byte 0x99, 0x31, 0x99, 0x31, 0x99, 0x31, 0x99, 0x31, 0x99, 0x31, 0x99, 0x31, 0x99, 0x31, 0xf0, 0x7b
.byte 0xb6, 0xb5, 0x3c, 0xe7, 0xdf, 0xff, 0x00, 0x00, 0x00, 0x00, 0x00, 0x00, 0x00, 0x00, 0x00, 0x00
.byte 0x00, 0x00, 0x00, 0x00, 0x00, 0x00, 0x00, 0x00, 0x00, 0x00, 0x00, 0x00, 0x00, 0x00, 0x00, 0x00
.byte 0x00, 0x00, 0x00, 0x00, 0x00, 0x00, 0x00, 0x00, 0x00, 0x00, 0x00, 0x00, 0x00, 0x00, 0x00, 0x00
.byte 0x00, 0x00, 0x00, 0x00, 0x00, 0x00, 0x00, 0x00, 0x00, 0x00, 0x00, 0x00, 0x00, 0x00, 0x00, 0x00
.byte 0x00, 0x00, 0x00, 0x00, 0x00, 0x00, 0x00, 0x00, 0x00, 0x00, 0x00, 0x00, 0x00, 0x00, 0x00, 0x00
.byte 0x00, 0x00, 0x00, 0x00, 0x00, 0x00, 0x00, 0x00, 0x00, 0x00, 0x00, 0x00, 0x00, 0x00, 0x00, 0x00
.byte 0x00, 0x00, 0x00, 0x00, 0x00, 0x00, 0x00, 0x00, 0x00, 0x00, 0x00, 0x00, 0x00, 0x00, 0x00, 0x00
.byte 0x00, 0x00, 0x00, 0x00, 0x00, 0x00, 0x00, 0x00, 0x00, 0x00, 0x00, 0x00, 0x00, 0x00, 0x00, 0x00
.byte 0x00, 0x00, 0x00, 0x00, 0x00, 0x00, 0x00, 0x00, 0x00, 0x00, 0x00, 0x00, 0x00, 0x00, 0x00, 0x00
.byte 0x00, 0x00, 0x00, 0x00, 0x00, 0x00, 0x00, 0x00, 0x00, 0x00, 0x00, 0x00, 0x00, 0x00, 0x00, 0x00
.byte 0x00, 0x00, 0x00, 0x00, 0x00, 0x00, 0x00, 0x00, 0x00, 0x00, 0x00, 0x00, 0x00, 0x00, 0x00, 0x00
.byte 0x00, 0x00, 0x00, 0x00, 0x00, 0x00, 0x00, 0x00, 0x00, 0x00, 0x00, 0x00, 0x00, 0x00, 0x00, 0x00
.byte 0x00, 0x00, 0x00, 0x00, 0x00, 0x00, 0x00, 0x00, 0x00, 0x00, 0x00, 0x00, 0x00, 0x00, 0x00, 0x00
.byte 0x00, 0x00, 0x00, 0x00, 0x00, 0x00, 0x00, 0x00, 0x00, 0x00, 0x00, 0x00, 0x00, 0x00, 0x00, 0x00
.byte 0x00, 0x00, 0x00, 0x00, 0x00, 0x00, 0x00, 0x00, 0x00, 0x00, 0x00, 0x00, 0x00, 0x00, 0x00, 0x00
.byte 0x00, 0x00, 0x00, 0x00, 0x00, 0x00, 0x00, 0x00, 0x00, 0x00, 0x00, 0x00, 0x00, 0x00, 0x00, 0x00
.byte 0x00, 0x00, 0x00, 0x00, 0x00, 0x00, 0x00, 0x00, 0x00, 0x00, 0x00, 0x00, 0x00, 0x00, 0x00, 0x00
.byte 0x00, 0x00, 0x00, 0x00, 0x00, 0x00, 0x00, 0x00, 0x00, 0x00, 0x00, 0x00, 0x00, 0x00, 0x00, 0x00
.byte 0x00, 0x00, 0x00, 0x00, 0x00, 0x00, 0x00, 0x00, 0x00, 0x00, 0x00, 0x00, 0x00, 0x00, 0x00, 0x00
.byte 0x00, 0x00, 0x00, 0x00, 0x00, 0x00, 0x00, 0x00, 0x00, 0x00, 0x00, 0x00, 0x00, 0x00, 0x9c, 0x94
.byte 0x99, 0x31, 0x99, 0x31, 0x99, 0x31, 0x99, 0x31, 0x99, 0x31, 0x99, 0x31, 0x99, 0x31, 0x99, 0x31
.byte 0x99, 0x31, 0x99, 0x31, 0x50, 0x4a, 0xf0, 0x7b, 0xb6, 0xb5, 0x3c, 0xe7, 0xdf, 0xff, 0x00, 0x00
.byte 0x00, 0x00, 0x00, 0x00, 0x00, 0x00, 0x00, 0x00, 0x00, 0x00, 0x00, 0x00, 0x9e, 0xf7, 0x38, 0xc6
.byte 0xd8, 0x39, 0x99, 0x31, 0x99, 0x31, 0x99, 0x31, 0x99, 0x31, 0x99, 0x31, 0x99, 0x31, 0x99, 0x31
.byte 0x99, 0x31, 0x99, 0x31, 0x99, 0x31, 0x99, 0x31, 0x99, 0x31, 0x99, 0x31, 0x99, 0x31, 0x99, 0x31
.byte 0x99, 0x31, 0x99, 0x31, 0x99, 0x31, 0x99, 0x31, 0x99, 0x31, 0x99, 0x31, 0x99, 0x31, 0x99, 0x31
.byte 0xd8, 0x39, 0x08, 0x42, 0x08, 0x42, 0x08, 0x42, 0xcb, 0x5a, 0x71, 0x8c, 0x38, 0xc6, 0x3c, 0xe7
.byte 0x00, 0x00, 0x00, 0x00, 0x00, 0x00, 0x00, 0x00, 0x00, 0x00, 0x00, 0x00, 0x00, 0x00, 0x00, 0x00
.byte 0x00, 0x00, 0x00, 0x00, 0x5a, 0x6b, 0x99, 0x31, 0x99, 0x31, 0x99, 0x31, 0x99, 0x31, 0x99, 0x31
.byte 0x99, 0x31, 0x99, 0x31, 0x99, 0x31, 0x99, 0x31, 0x99, 0x31, 0x99, 0x31, 0x99, 0x31, 0xd8, 0x39
.byte 0xd3, 0x9c, 0x38, 0xc6, 0x9e, 0xf7, 0xdf, 0xff, 0x00, 0x00, 0x00, 0x00, 0x00, 0x00, 0x00, 0x00
.byte 0x00, 0x00, 0x00, 0x00, 0x00, 0x00, 0x00, 0x00, 0x00, 0x00, 0x00, 0x00, 0x00, 0x00, 0x00, 0x00
.byte 0x00, 0x00, 0x00, 0x00, 0x00, 0x00, 0x00, 0x00, 0x00, 0x00, 0x00, 0x00, 0x00, 0x00, 0x00, 0x00
.byte 0x00, 0x00, 0x00, 0x00, 0x00, 0x00, 0x00, 0x00, 0x00, 0x00, 0x00, 0x00, 0x00, 0x00, 0x00, 0x00
.byte 0x00, 0x00, 0x00, 0x00, 0x00, 0x00, 0x00, 0x00, 0x00, 0x00, 0x00, 0x00, 0x00, 0x00, 0x00, 0x00
.byte 0x00, 0x00, 0x00, 0x00, 0x00, 0x00, 0x00, 0x00, 0x00, 0x00, 0x00, 0x00, 0x00, 0x00, 0x00, 0x00
.byte 0x00, 0x00, 0x00, 0x00, 0x00, 0x00, 0x00, 0x00, 0x00, 0x00, 0x00, 0x00, 0x00, 0x00, 0x00, 0x00
.byte 0x00, 0x00, 0x00, 0x00, 0x00, 0x00, 0x00, 0x00, 0x00, 0x00, 0x00, 0x00, 0x00, 0x00, 0x00, 0x00
.byte 0x00, 0x00, 0x00, 0x00, 0x00, 0x00, 0x00, 0x00, 0x00, 0x00, 0x00, 0x00, 0x00, 0x00, 0x00, 0x00
.byte 0x00, 0x00, 0x00, 0x00, 0x00, 0x00, 0x00, 0x00, 0x00, 0x00, 0x00, 0x00, 0x00, 0x00, 0x00, 0x00
.byte 0x00, 0x00, 0x00, 0x00, 0x00, 0x00, 0x00, 0x00, 0x00, 0x00, 0x00, 0x00, 0x00, 0x00, 0x00, 0x00
.byte 0x00, 0x00, 0x00, 0x00, 0x00, 0x00, 0x00, 0x00, 0x00, 0x00, 0x00, 0x00, 0x00, 0x00, 0x00, 0x00
.byte 0x00, 0x00, 0x00, 0x00, 0x00, 0x00, 0x00, 0x00, 0x00, 0x00, 0x00, 0x00, 0x00, 0x00, 0x00, 0x00
.byte 0x00, 0x00, 0x00, 0x00, 0x00, 0x00, 0x00, 0x00, 0x00, 0x00, 0x00, 0x00, 0x00, 0x00, 0x00, 0x00
.byte 0x00, 0x00, 0x00, 0x00, 0x00, 0x00, 0x00, 0x00, 0x00, 0x00, 0x00, 0x00, 0x00, 0x00, 0x00, 0x00
.byte 0x00, 0x00, 0x00, 0x00, 0x00, 0x00, 0x00, 0x00, 0x00, 0x00, 0x00, 0x00, 0x00, 0x00, 0x00, 0x00
.byte 0x00, 0x00, 0x00, 0x00, 0x00, 0x00, 0x00, 0x00, 0x00, 0x00, 0x00, 0x00, 0x00, 0x00, 0x00, 0x00
.byte 0x00, 0x00, 0x00, 0x00, 0x00, 0x00, 0x00, 0x00, 0x00, 0x00, 0x00, 0x00, 0x00, 0x00, 0x00, 0x00
.byte 0x00, 0x00, 0x00, 0x00, 0x00, 0x00, 0x00, 0x00, 0x00, 0x00, 0x00, 0x00, 0x00, 0x00, 0x00, 0x00
.byte 0x00, 0x00, 0x00, 0x00, 0x00, 0x00, 0x00, 0x00, 0x00, 0x00, 0x00, 0x00, 0x00, 0x00, 0x9e, 0xd6
.byte 0x99, 0x31, 0x99, 0x31, 0x99, 0x31, 0x99, 0x31, 0x99, 0x31, 0x99, 0x31, 0x99, 0x31, 0x99, 0x31
.byte 0x99, 0x31, 0x99, 0x31, 0xb3, 0x31, 0x6d, 0x6b, 0x35, 0xa5, 0xdb, 0xde, 0xdf, 0xff, 0x00, 0x00
.byte 0x00, 0x00, 0x00, 0x00, 0x00, 0x00, 0x00, 0x00, 0x00, 0x00, 0x00, 0x00, 0xdf, 0xff, 0x3c, 0xe7
.byte 0x78, 0x8c, 0x99, 0x31, 0x99, 0x31, 0x99, 0x31, 0x99, 0x31, 0x99, 0x31, 0x99, 0x31, 0x99, 0x31
.byte 0x99, 0x31, 0x99, 0x31, 0x99, 0x31, 0x99, 0x31, 0x99, 0x31, 0x99, 0x31, 0x99, 0x31, 0x99, 0x31
.byte 0x99, 0x31, 0x99, 0x31, 0x99, 0x31, 0x99, 0x31, 0x99, 0x31, 0x99, 0x31, 0x99, 0x31, 0xb3, 0x31
.byte 0x08, 0x42, 0x08, 0x42, 0x08, 0x42, 0x69, 0x4a, 0x6d, 0x6b, 0xd3, 0x9c, 0x38, 0xc6, 0x9e, 0xf7
.byte 0x00, 0x00, 0x00, 0x00, 0x00, 0x00, 0x00, 0x00, 0x00, 0x00, 0x00, 0x00, 0x00, 0x00, 0x00, 0x00
.byte 0x00, 0x00, 0x9e, 0xd6, 0x99, 0x31, 0x99, 0x31, 0x99, 0x31, 0x99, 0x31, 0x99, 0x31, 0x99, 0x31
.byte 0x99, 0x31, 0x99, 0x31, 0x99, 0x31, 0x99, 0x31, 0x99, 0x31, 0x99, 0x31, 0x99, 0x31, 0x99, 0x31
.byte 0xf4, 0x5a, 0xb6, 0xb5, 0x3c, 0xe7, 0xdf, 0xff, 0x00, 0x00, 0x00, 0x00, 0x00, 0x00, 0x00, 0x00
.byte 0x00, 0x00, 0x00, 0x00, 0x00, 0x00, 0x00, 0x00, 0x00, 0x00, 0x00, 0x00, 0x00, 0x00, 0x00, 0x00
.byte 0x00, 0x00, 0x00, 0x00, 0x00, 0x00, 0x00, 0x00, 0x00, 0x00, 0x00, 0x00, 0x00, 0x00, 0x00, 0x00
.byte 0x00, 0x00, 0x00, 0x00, 0x00, 0x00, 0x00, 0x00, 0x00, 0x00, 0x00, 0x00, 0x00, 0x00, 0x00, 0x00
.byte 0x00, 0x00, 0x00, 0x00, 0x00, 0x00, 0x00, 0x00, 0x00, 0x00, 0x00, 0x00, 0x00, 0x00, 0x00, 0x00
.byte 0x00, 0x00, 0x00, 0x00, 0x00, 0x00, 0x00, 0x00, 0x00, 0x00, 0x00, 0x00, 0x00, 0x00, 0x00, 0x00
.byte 0x00, 0x00, 0x00, 0x00, 0x00, 0x00, 0x00, 0x00, 0x00, 0x00, 0x00, 0x00, 0x00, 0x00, 0x00, 0x00
.byte 0x00, 0x00, 0x00, 0x00, 0x00, 0x00, 0x00, 0x00, 0x00, 0x00, 0x00, 0x00, 0x00, 0x00, 0x00, 0x00
.byte 0x00, 0x00, 0x00, 0x00, 0x00, 0x00, 0x00, 0x00, 0x00, 0x00, 0x00, 0x00, 0x00, 0x00, 0x00, 0x00
.byte 0x00, 0x00, 0x00, 0x00, 0x00, 0x00, 0x00, 0x00, 0x00, 0x00, 0x00, 0x00, 0x00, 0x00, 0x00, 0x00
.byte 0x00, 0x00, 0x00, 0x00, 0x00, 0x00, 0x00, 0x00, 0x00, 0x00, 0x00, 0x00, 0x00, 0x00, 0x00, 0x00
.byte 0x00, 0x00, 0x00, 0x00, 0x00, 0x00, 0x00, 0x00, 0x00, 0x00, 0x00, 0x00, 0x00, 0x00, 0x00, 0x00
.byte 0x00, 0x00, 0x00, 0x00, 0x00, 0x00, 0x00, 0x00, 0x00, 0x00, 0x00, 0x00, 0x00, 0x00, 0x00, 0x00
.byte 0x00, 0x00, 0x00, 0x00, 0x00, 0x00, 0x00, 0x00, 0x00, 0x00, 0x00, 0x00, 0x00, 0x00, 0x00, 0x00
.byte 0x00, 0x00, 0x00, 0x00, 0x00, 0x00, 0x00, 0x00, 0x00, 0x00, 0x00, 0x00, 0x00, 0x00, 0x00, 0x00
.byte 0x00, 0x00, 0x00, 0x00, 0x00, 0x00, 0x00, 0x00, 0x00, 0x00, 0x00, 0x00, 0x00, 0x00, 0x00, 0x00
.byte 0x00, 0x00, 0x00, 0x00, 0x00, 0x00, 0x00, 0x00, 0x00, 0x00, 0x00, 0x00, 0x00, 0x00, 0x00, 0x00
.byte 0x00, 0x00, 0x00, 0x00, 0x00, 0x00, 0x00, 0x00, 0x00, 0x00, 0x00, 0x00, 0x00, 0x00, 0x00, 0x00
.byte 0x00, 0x00, 0x00, 0x00, 0x00, 0x00, 0x00, 0x00, 0x00, 0x00, 0x00, 0x00, 0x00, 0x00, 0x00, 0x00
.byte 0x00, 0x00, 0x00, 0x00, 0x00, 0x00, 0x00, 0x00, 0x00, 0x00, 0x00, 0x00, 0x00, 0x00, 0x9f, 0xf7
.byte 0xd8, 0x39, 0x99, 0x31, 0x99, 0x31, 0x99, 0x31, 0x99, 0x31, 0x99, 0x31, 0x99, 0x31, 0x99, 0x31
.byte 0x99, 0x31, 0x99, 0x31, 0xd8, 0x39, 0xcb, 0x5a, 0xd3, 0x9c, 0x38, 0xc6, 0x9e, 0xf7, 0x00, 0x00
.byte 0x00, 0x00, 0x00, 0x00, 0x00, 0x00, 0x00, 0x00, 0x00, 0x00, 0x00, 0x00, 0x00, 0x00, 0x9e, 0xf7
.byte 0xdb, 0xde, 0x5a, 0x6b, 0x99, 0x31, 0x99, 0x31, 0x99, 0x31, 0x99, 0x31, 0x99, 0x31, 0x99, 0x31
.byte 0x99, 0x31, 0x99, 0x31, 0x99, 0x31, 0x99, 0x31, 0x99, 0x31, 0x99, 0x31, 0x99, 0x31, 0x99, 0x31
.byte 0x99, 0x31, 0x99, 0x31, 0x99, 0x31, 0x99, 0x31, 0x99, 0x31, 0xd8, 0x39, 0xcd, 0x39, 0x08, 0x42
.byte 0x08, 0x42, 0x08, 0x42, 0x08, 0x42, 0xcb, 0x5a, 0xf0, 0x7b, 0x35, 0xa5, 0xdb, 0xde, 0xdf, 0xff
.byte 0x00, 0x00, 0x00, 0x00, 0x00, 0x00, 0x00, 0x00, 0x00, 0x00, 0x00, 0x00, 0x00, 0x00, 0x00, 0x00
.byte 0x00, 0x00, 0x5a, 0x6b, 0x99, 0x31, 0x99, 0x31, 0x99, 0x31, 0x99, 0x31, 0x99, 0x31, 0x99, 0x31
.byte 0x99, 0x31, 0x99, 0x31, 0x99, 0x31, 0x99, 0x31, 0x99, 0x31, 0x99, 0x31, 0x99, 0x31, 0x99, 0x31
.byte 0xd8, 0x39, 0xd3, 0x9c, 0x38, 0xc6, 0x9e, 0xf7, 0xdf, 0xff, 0x00, 0x00, 0x00, 0x00, 0x00, 0x00
.byte 0x00, 0x00, 0x00, 0x00, 0x00, 0x00, 0x00, 0x00, 0x00, 0x00, 0x00, 0x00, 0x00, 0x00, 0x00, 0x00
.byte 0x00, 0x00, 0x00, 0x00, 0x00, 0x00, 0x00, 0x00, 0x00, 0x00, 0x00, 0x00, 0x00, 0x00, 0x00, 0x00
.byte 0x00, 0x00, 0x00, 0x00, 0x00, 0x00, 0x00, 0x00, 0x00, 0x00, 0x00, 0x00, 0x00, 0x00, 0x00, 0x00
.byte 0x00, 0x00, 0x00, 0x00, 0x00, 0x00, 0x00, 0x00, 0x00, 0x00, 0x00, 0x00, 0x00, 0x00, 0x00, 0x00
.byte 0x00, 0x00, 0x00, 0x00, 0x00, 0x00, 0x00, 0x00, 0x00, 0x00, 0x00, 0x00, 0x00, 0x00, 0x00, 0x00
.byte 0x00, 0x00, 0x00, 0x00, 0x00, 0x00, 0x00, 0x00, 0x00, 0x00, 0x00, 0x00, 0x00, 0x00, 0x00, 0x00
.byte 0x00, 0x00, 0x00, 0x00, 0x00, 0x00, 0x00, 0x00, 0x00, 0x00, 0x00, 0x00, 0x00, 0x00, 0x00, 0x00
.byte 0x00, 0x00, 0x00, 0x00, 0x00, 0x00, 0x00, 0x00, 0x00, 0x00, 0x00, 0x00, 0x00, 0x00, 0x00, 0x00
.byte 0x00, 0x00, 0x00, 0x00, 0x00, 0x00, 0x00, 0x00, 0x00, 0x00, 0x00, 0x00, 0x00, 0x00, 0x00, 0x00
.byte 0x00, 0x00, 0x00, 0x00, 0x00, 0x00, 0x00, 0x00, 0x00, 0x00, 0x00, 0x00, 0x00, 0x00, 0x00, 0x00
.byte 0x00, 0x00, 0x00, 0x00, 0x00, 0x00, 0x00, 0x00, 0x00, 0x00, 0x00, 0x00, 0x00, 0x00, 0x00, 0x00
.byte 0x00, 0x00, 0x00, 0x00, 0x00, 0x00, 0x00, 0x00, 0x00, 0x00, 0x00, 0x00, 0x00, 0x00, 0x00, 0x00
.byte 0x00, 0x00, 0x00, 0x00, 0x00, 0x00, 0x00, 0x00, 0x00, 0x00, 0x00, 0x00, 0x00, 0x00, 0x00, 0x00
.byte 0x00, 0x00, 0x00, 0x00, 0x00, 0x00, 0x00, 0x00, 0x00, 0x00, 0x00, 0x00, 0x00, 0x00, 0x00, 0x00
.byte 0x00, 0x00, 0x00, 0x00, 0x00, 0x00, 0x00, 0x00, 0x00, 0x00, 0x00, 0x00, 0x00, 0x00, 0x00, 0x00
.byte 0x00, 0x00, 0x00, 0x00, 0x00, 0x00, 0x00, 0x00, 0x00, 0x00, 0x00, 0x00, 0x00, 0x00, 0x00, 0x00
.byte 0x00, 0x00, 0x00, 0x00, 0x00, 0x00, 0x00, 0x00, 0x00, 0x00, 0x00, 0x00, 0x00, 0x00, 0x00, 0x00
.byte 0x00, 0x00, 0x00, 0x00, 0x00, 0x00, 0x00, 0x00, 0x00, 0x00, 0x00, 0x00, 0x00, 0x00, 0x00, 0x00
.byte 0x00, 0x00, 0x00, 0x00, 0x00, 0x00, 0x00, 0x00, 0x00, 0x00, 0x00, 0x00, 0x00, 0x00, 0x00, 0x00
.byte 0x5a, 0x6b, 0x99, 0x31, 0x99, 0x31, 0x99, 0x31, 0x99, 0x31, 0x99, 0x31, 0x99, 0x31, 0x99, 0x31
.byte 0x99, 0x31, 0x99, 0x31, 0x99, 0x31, 0x50, 0x4a, 0x71, 0x8c, 0x38, 0xc6, 0x3c, 0xe7, 0xdf, 0xff
.byte 0x00, 0x00, 0x00, 0x00, 0x00, 0x00, 0x00, 0x00, 0x00, 0x00, 0x00, 0x00, 0x00, 0x00, 0xdf, 0xff
.byte 0x9e, 0xf7, 0x38, 0xc6, 0xd8, 0x39, 0x99, 0x31, 0x99, 0x31, 0x99, 0x31, 0x99, 0x31, 0x99, 0x31
.byte 0x99, 0x31, 0x99, 0x31, 0x99, 0x31, 0x99, 0x31, 0x99, 0x31, 0x99, 0x31, 0x99, 0x31, 0x99, 0x31
.byte 0x99, 0x31, 0x99, 0x31, 0x99, 0x31, 0x99, 0x31, 0xd8, 0x39, 0x08, 0x42, 0x08, 0x42, 0x08, 0x42
.byte 0x08, 0x42, 0x08, 0x42, 0x69, 0x4a, 0x6d, 0x6b, 0xd3, 0x9c, 0x38, 0xc6, 0x3c, 0xe7, 0xdf, 0xff
.byte 0x00, 0x00, 0x00, 0x00, 0x00, 0x00, 0x00, 0x00, 0x00, 0x00, 0x00, 0x00, 0x00, 0x00, 0x00, 0x00
.byte 0x9e, 0xd6, 0x99, 0x31, 0x99, 0x31, 0x99, 0x31, 0x99, 0x31, 0x99, 0x31, 0x99, 0x31, 0x99, 0x31
.byte 0x99, 0x31, 0x99, 0x31, 0x99, 0x31, 0x99, 0x31, 0x99, 0x31, 0x99, 0x31, 0x99, 0x31, 0x99, 0x31
.byte 0x99, 0x31, 0xf4, 0x5a, 0x35, 0xa5, 0xdb, 0xde, 0x9e, 0xf7, 0x00, 0x00, 0x00, 0x00, 0x00, 0x00
.byte 0x00, 0x00, 0x00, 0x00, 0x00, 0x00, 0x00, 0x00, 0x00, 0x00, 0x00, 0x00, 0x00, 0x00, 0x00, 0x00
.byte 0x00, 0x00, 0x00, 0x00, 0x00, 0x00, 0x00, 0x00, 0x00, 0x00, 0x00, 0x00, 0x00, 0x00, 0x00, 0x00
.byte 0x00, 0x00, 0x00, 0x00, 0x00, 0x00, 0x00, 0x00, 0x00, 0x00, 0x00, 0x00, 0x00, 0x00, 0x00, 0x00
.byte 0x00, 0x00, 0x00, 0x00, 0x00, 0x00, 0x00, 0x00, 0x00, 0x00, 0x00, 0x00, 0x00, 0x00, 0x00, 0x00
.byte 0x00, 0x00, 0x00, 0x00, 0x00, 0x00, 0x00, 0x00, 0x00, 0x00, 0x00, 0x00, 0x00, 0x00, 0x00, 0x00
.byte 0x00, 0x00, 0x00, 0x00, 0x00, 0x00, 0x00, 0x00, 0x00, 0x00, 0x00, 0x00, 0x00, 0x00, 0x00, 0x00
.byte 0x00, 0x00, 0x00, 0x00, 0x00, 0x00, 0x00, 0x00, 0x00, 0x00, 0x00, 0x00, 0x00, 0x00, 0x00, 0x00
.byte 0x00, 0x00, 0x00, 0x00, 0x00, 0x00, 0x00, 0x00, 0x00, 0x00, 0x00, 0x00, 0x00, 0x00, 0x00, 0x00
.byte 0x00, 0x00, 0x00, 0x00, 0x00, 0x00, 0x00, 0x00, 0x00, 0x00, 0x00, 0x00, 0x00, 0x00, 0x00, 0x00
.byte 0x00, 0x00, 0x00, 0x00, 0x00, 0x00, 0x00, 0x00, 0x00, 0x00, 0x00, 0x00, 0x00, 0x00, 0x00, 0x00
.byte 0x00, 0x00, 0x00, 0x00, 0x00, 0x00, 0x00, 0x00, 0x00, 0x00, 0x00, 0x00, 0x00, 0x00, 0x00, 0x00
.byte 0x00, 0x00, 0x00, 0x00, 0x00, 0x00, 0x00, 0x00, 0x00, 0x00, 0x00, 0x00, 0x00, 0x00, 0x00, 0x00
.byte 0x00, 0x00, 0x00, 0x00, 0x00, 0x00, 0x00, 0x00, 0x00, 0x00, 0x00, 0x00, 0x00, 0x00, 0x00, 0x00
.byte 0x00, 0x00, 0x00, 0x00, 0x00, 0x00, 0x00, 0x00, 0x00, 0x00, 0x00, 0x00, 0x00, 0x00, 0x00, 0x00
.byte 0x00, 0x00, 0x00, 0x00, 0x00, 0x00, 0x00, 0x00, 0x00, 0x00, 0x00, 0x00, 0x00, 0x00, 0x00, 0x00
.byte 0x00, 0x00, 0x00, 0x00, 0x00, 0x00, 0x00, 0x00, 0x00, 0x00, 0x00, 0x00, 0x00, 0x00, 0x00, 0x00
.byte 0x00, 0x00, 0x00, 0x00, 0x00, 0x00, 0x00, 0x00, 0x00, 0x00, 0x00, 0x00, 0x00, 0x00, 0x00, 0x00
.byte 0x00, 0x00, 0x00, 0x00, 0x00, 0x00, 0x00, 0x00, 0x00, 0x00, 0x00, 0x00, 0x00, 0x00, 0x00, 0x00
.byte 0x00, 0x00, 0x00, 0x00, 0x00, 0x00, 0x00, 0x00, 0x00, 0x00, 0x00, 0x00, 0x00, 0x00, 0x00, 0x00
.byte 0x1b, 0xa5, 0x99, 0x31, 0x99, 0x31, 0x99, 0x31, 0x99, 0x31, 0x99, 0x31, 0x99, 0x31, 0x99, 0x31
.byte 0x99, 0x31, 0x99, 0x31, 0x99, 0x31, 0xb3, 0x31, 0x6d, 0x6b, 0x35, 0xa5, 0xdb, 0xde, 0xdf, 0xff
.byte 0x00, 0x00, 0x00, 0x00, 0x00, 0x00, 0x00, 0x00, 0x00, 0x00, 0x00, 0x00, 0x00, 0x00, 0x00, 0x00
.byte 0xdf, 0xff, 0x3c, 0xe7, 0x78, 0x8c, 0x99, 0x31, 0x99, 0x31, 0x99, 0x31, 0x99, 0x31, 0x99, 0x31
.byte 0x99, 0x31, 0x99, 0x31, 0x99, 0x31, 0x99, 0x31, 0x99, 0x31, 0x99, 0x31, 0x99, 0x31, 0x99, 0x31
.byte 0x99, 0x31, 0x99, 0x31, 0x99, 0x31, 0xb3, 0x31, 0x08, 0x42, 0x08, 0x42, 0x08, 0x42, 0x08, 0x42
.byte 0x69, 0x4a, 0xcb, 0x5a, 0x6d, 0x6b, 0x71, 0x8c, 0xb6, 0xb5, 0x3c, 0xe7, 0xdf, 0xff, 0x00, 0x00
.byte 0x00, 0x00, 0x00, 0x00, 0x00, 0x00, 0x00, 0x00, 0x00, 0x00, 0x00, 0x00, 0x00, 0x00, 0x00, 0x00
.byte 0xfb, 0x7b, 0x99, 0x31, 0x99, 0x31, 0x99, 0x31, 0x99, 0x31, 0x99, 0x31, 0x99, 0x31, 0x99, 0x31
.byte 0x99, 0x31, 0x99, 0x31, 0x99, 0x31, 0x99, 0x31, 0x99, 0x31, 0x99, 0x31, 0x99, 0x31, 0x99, 0x31
.byte 0x99, 0x31, 0xb3, 0x31, 0x71, 0x8c, 0x38, 0xc6, 0x3c, 0xe7, 0xdf, 0xff, 0x00, 0x00, 0x00, 0x00
.byte 0x00, 0x00, 0x00, 0x00, 0x00, 0x00, 0x00, 0x00, 0x00, 0x00, 0x00, 0x00, 0x00, 0x00, 0x00, 0x00
.byte 0x00, 0x00, 0x00, 0x00, 0x00, 0x00, 0x00, 0x00, 0x00, 0x00, 0x00, 0x00, 0x00, 0x00, 0x00, 0x00
.byte 0x00, 0x00, 0x00, 0x00, 0x00, 0x00, 0x00, 0x00, 0x00, 0x00, 0x00, 0x00, 0x00, 0x00, 0x00, 0x00
.byte 0x00, 0x00, 0x00, 0x00, 0x00, 0x00, 0x00, 0x00, 0x00, 0x00, 0x00, 0x00, 0x00, 0x00, 0x00, 0x00
.byte 0x00, 0x00, 0x00, 0x00, 0x00, 0x00, 0x00, 0x00, 0x00, 0x00, 0x00, 0x00, 0x00, 0x00, 0x00, 0x00
.byte 0x00, 0x00, 0x00, 0x00, 0x00, 0x00, 0x00, 0x00, 0x00, 0x00, 0x00, 0x00, 0x00, 0x00, 0x00, 0x00
.byte 0x00, 0x00, 0x00, 0x00, 0x00, 0x00, 0x00, 0x00, 0x00, 0x00, 0x00, 0x00, 0x00, 0x00, 0x00, 0x00
.byte 0x00, 0x00, 0x00, 0x00, 0x00, 0x00, 0x00, 0x00, 0x00, 0x00, 0x00, 0x00, 0x00, 0x00, 0x00, 0x00
.byte 0x00, 0x00, 0x00, 0x00, 0x00, 0x00, 0x00, 0x00, 0x00, 0x00, 0x00, 0x00, 0x00, 0x00, 0x00, 0x00
.byte 0x00, 0x00, 0x00, 0x00, 0x00, 0x00, 0x00, 0x00, 0x00, 0x00, 0x00, 0x00, 0x00, 0x00, 0x00, 0x00
.byte 0x00, 0x00, 0x00, 0x00, 0x00, 0x00, 0x00, 0x00, 0x00, 0x00, 0x00, 0x00, 0x00, 0x00, 0x00, 0x00
.byte 0x00, 0x00, 0x00, 0x00, 0x00, 0x00, 0x00, 0x00, 0x00, 0x00, 0x00, 0x00, 0x00, 0x00, 0x00, 0x00
.byte 0x00, 0x00, 0x00, 0x00, 0x00, 0x00, 0x00, 0x00, 0x00, 0x00, 0x00, 0x00, 0x00, 0x00, 0x00, 0x00
.byte 0x00, 0x00, 0x00, 0x00, 0x00, 0x00, 0x00, 0x00, 0x00, 0x00, 0x00, 0x00, 0x00, 0x00, 0x00, 0x00
.byte 0x00, 0x00, 0x00, 0x00, 0x00, 0x00, 0x00, 0x00, 0x00, 0x00, 0x00, 0x00, 0x00, 0x00, 0x00, 0x00
.byte 0x00, 0x00, 0x00, 0x00, 0x00, 0x00, 0x00, 0x00, 0x00, 0x00, 0x00, 0x00, 0x00, 0x00, 0x00, 0x00
.byte 0x00, 0x00, 0x00, 0x00, 0x00, 0x00, 0x00, 0x00, 0x00, 0x00, 0x00, 0x00, 0x00, 0x00, 0x00, 0x00
.byte 0x00, 0x00, 0x00, 0x00, 0x00, 0x00, 0x00, 0x00, 0x00, 0x00, 0x00, 0x00, 0x00, 0x00, 0x00, 0x00
.byte 0x00, 0x00, 0x00, 0x00, 0x00, 0x00, 0x00, 0x00, 0x00, 0x00, 0x00, 0x00, 0x00, 0x00, 0x00, 0x00
.byte 0x9e, 0xd6, 0x99, 0x31, 0x99, 0x31, 0x99, 0x31, 0x99, 0x31, 0x99, 0x31, 0x99, 0x31, 0x99, 0x31
.byte 0x99, 0x31, 0x99, 0x31, 0x99, 0x31, 0x99, 0x31, 0x50, 0x4a, 0xd3, 0x9c, 0x38, 0xc6, 0x9e, 0xf7
.byte 0x00, 0x00, 0x00, 0x00, 0x00, 0x00, 0x00, 0x00, 0x00, 0x00, 0x00, 0x00, 0x00, 0x00, 0x00, 0x00
.byte 0x00, 0x00, 0x9e, 0xf7, 0xdb, 0xde, 0xf4, 0x5a, 0x99, 0x31, 0x99, 0x31, 0x99, 0x31, 0x99, 0x31
.byte 0x99, 0x31, 0x99, 0x31, 0x99, 0x31, 0x99, 0x31, 0x99, 0x31, 0x99, 0x31, 0x99, 0x31, 0x99, 0x31
.byte 0x99, 0x31, 0x99, 0x31, 0xd8, 0x39, 0x08, 0x42, 0x08, 0x42, 0x08, 0x42, 0x08, 0x42, 0x69, 0x4a
.byte 0xcb, 0x5a, 0xf0, 0x7b, 0xd3, 0x9c, 0x38, 0xc6, 0xdb, 0xde, 0x9e, 0xf7, 0xdf, 0xff, 0x00, 0x00
.byte 0x00, 0x00, 0x00, 0x00, 0x00, 0x00, 0x00, 0x00, 0x00, 0x00, 0x00, 0x00, 0x00, 0x00, 0x9e, 0xd6
.byte 0x99, 0x31, 0x99, 0x31, 0x99, 0x31, 0x99, 0x31, 0x99, 0x31, 0x99, 0x31, 0x99, 0x31, 0x99, 0x31
.byte 0x99, 0x31, 0x99, 0x31, 0x99, 0x31, 0x99, 0x31, 0x99, 0x31, 0x99, 0x31, 0x99, 0x31, 0x99, 0x31
.byte 0x99, 0x31, 0xd8, 0x39, 0x6d, 0x6b, 0x35, 0xa5, 0xdb, 0xde, 0x9e, 0xf7, 0x00, 0x00, 0x00, 0x00
.byte 0x00, 0x00, 0x00, 0x00, 0x00, 0x00, 0x00, 0x00, 0x00, 0x00, 0x00, 0x00, 0x00, 0x00, 0x00, 0x00
.byte 0x00, 0x00, 0x00, 0x00, 0x00, 0x00, 0x00, 0x00, 0x00, 0x00, 0x00, 0x00, 0x00, 0x00, 0x00, 0x00
.byte 0x00, 0x00, 0x00, 0x00, 0x00, 0x00, 0x00, 0x00, 0x00, 0x00, 0x00, 0x00, 0x00, 0x00, 0x00, 0x00
.byte 0x00, 0x00, 0x00, 0x00, 0x00, 0x00, 0x00, 0x00, 0x00, 0x00, 0x00, 0x00, 0x00, 0x00, 0x00, 0x00
.byte 0x00, 0x00, 0x00, 0x00, 0x00, 0x00, 0x00, 0x00, 0x00, 0x00, 0x00, 0x00, 0x00, 0x00, 0x00, 0x00
.byte 0x00, 0x00, 0x00, 0x00, 0x00, 0x00, 0x00, 0x00, 0x00, 0x00, 0x00, 0x00, 0x00, 0x00, 0x00, 0x00
.byte 0x00, 0x00, 0x00, 0x00, 0x00, 0x00, 0x00, 0x00, 0x00, 0x00, 0x00, 0x00, 0x00, 0x00, 0x00, 0x00
.byte 0x00, 0x00, 0x00, 0x00, 0x00, 0x00, 0x00, 0x00, 0x00, 0x00, 0x00, 0x00, 0x00, 0x00, 0x00, 0x00
.byte 0x00, 0x00, 0x00, 0x00, 0x00, 0x00, 0x00, 0x00, 0x00, 0x00, 0x00, 0x00, 0x00, 0x00, 0x00, 0x00
.byte 0x00, 0x00, 0x00, 0x00, 0x00, 0x00, 0x00, 0x00, 0x00, 0x00, 0x00, 0x00, 0x00, 0x00, 0x00, 0x00
.byte 0x00, 0x00, 0x00, 0x00, 0x00, 0x00, 0x00, 0x00, 0x00, 0x00, 0x00, 0x00, 0x00, 0x00, 0x00, 0x00
.byte 0x00, 0x00, 0x00, 0x00, 0x00, 0x00, 0x00, 0x00, 0x00, 0x00, 0x00, 0x00, 0x00, 0x00, 0x00, 0x00
.byte 0x00, 0x00, 0x00, 0x00, 0x00, 0x00, 0x00, 0x00, 0x00, 0x00, 0x00, 0x00, 0x00, 0x00, 0x00, 0x00
.byte 0x00, 0x00, 0x00, 0x00, 0x00, 0x00, 0x00, 0x00, 0x00, 0x00, 0x00, 0x00, 0x00, 0x00, 0x00, 0x00
.byte 0x00, 0x00, 0x00, 0x00, 0x00, 0x00, 0x00, 0x00, 0x00, 0x00, 0x00, 0x00, 0x00, 0x00, 0x00, 0x00
.byte 0x00, 0x00, 0x00, 0x00, 0x00, 0x00, 0x00, 0x00, 0x00, 0x00, 0x00, 0x00, 0x00, 0x00, 0x00, 0x00
.byte 0x00, 0x00, 0x00, 0x00, 0x00, 0x00, 0x00, 0x00, 0x00, 0x00, 0x00, 0x00, 0x00, 0x00, 0x00, 0x00
.byte 0x00, 0x00, 0x00, 0x00, 0x00, 0x00, 0x00, 0x00, 0x00, 0x00, 0x00, 0x00, 0x00, 0x00, 0x00, 0x00
.byte 0x00, 0x00, 0x00, 0x00, 0x00, 0x00, 0x00, 0x00, 0x00, 0x00, 0x00, 0x00, 0x00, 0x00, 0x00, 0x00
.byte 0x9f, 0xf7, 0x99, 0x52, 0x99, 0x31, 0x99, 0x31, 0x99, 0x31, 0x99, 0x31, 0x99, 0x31, 0x99, 0x31
.byte 0x99, 0x31, 0x99, 0x31, 0x99, 0x31, 0x99, 0x31, 0xd8, 0x39, 0xf0, 0x7b, 0xb6, 0xb5, 0x3c, 0xe7
.byte 0xdf, 0xff, 0x00, 0x00, 0x00, 0x00, 0x00, 0x00, 0x00, 0x00, 0x00, 0x00, 0x00, 0x00, 0x00, 0x00
.byte 0x00, 0x00, 0xdf, 0xff, 0x3c, 0xe7, 0x38, 0xc6, 0x99, 0x52, 0x99, 0x31, 0x99, 0x31, 0x99, 0x31
.byte 0x99, 0x31, 0x99, 0x31, 0x99, 0x31, 0x99, 0x31, 0x99, 0x31, 0x99, 0x31, 0x99, 0x31, 0x99, 0x31
.byte 0x99, 0x31, 0x99, 0x31, 0xcd, 0x39, 0x08, 0x42, 0x08, 0x42, 0x08, 0x42, 0x69, 0x4a, 0x6d, 0x6b
.byte 0x71, 0x8c, 0x35, 0xa5, 0x38, 0xc6, 0x3c, 0xe7, 0x9e, 0xf7, 0xdf, 0xff, 0x00, 0x00, 0x00, 0x00
.byte 0x00, 0x00, 0x00, 0x00, 0x00, 0x00, 0x00, 0x00, 0x00, 0x00, 0x00, 0x00, 0x9f, 0xf7, 0x99, 0x52
.byte 0x99, 0x31, 0x99, 0x31, 0x99, 0x31, 0x99, 0x31, 0x99, 0x31, 0x99, 0x31, 0x99, 0x31, 0x99, 0x31
.byte 0x99, 0x31, 0x99, 0x31, 0x99, 0x31, 0x99, 0x31, 0x99, 0x31, 0x99, 0x31, 0x99, 0x31, 0x99, 0x31
.byte 0x99, 0x31, 0x99, 0x31, 0xcb, 0x5a, 0x71, 0x8c, 0x38, 0xc6, 0x3c, 0xe7, 0xdf, 0xff, 0x00, 0x00
.byte 0x00, 0x00, 0x00, 0x00, 0x00, 0x00, 0x00, 0x00, 0x00, 0x00, 0x00, 0x00, 0x00, 0x00, 0x00, 0x00
.byte 0x00, 0x00, 0x00, 0x00, 0x00, 0x00, 0x00, 0x00, 0x00, 0x00, 0x00, 0x00, 0x00, 0x00, 0x00, 0x00
.byte 0x00, 0x00, 0x00, 0x00, 0x00, 0x00, 0x00, 0x00, 0x00, 0x00, 0x00, 0x00, 0x00, 0x00, 0x00, 0x00
.byte 0x00, 0x00, 0x00, 0x00, 0x00, 0x00, 0x00, 0x00, 0x00, 0x00, 0x00, 0x00, 0x00, 0x00, 0x00, 0x00
.byte 0x00, 0x00, 0x00, 0x00, 0x00, 0x00, 0x00, 0x00, 0x00, 0x00, 0x00, 0x00, 0x00, 0x00, 0x00, 0x00
.byte 0x00, 0x00, 0x00, 0x00, 0x00, 0x00, 0x00, 0x00, 0x00, 0x00, 0x00, 0x00, 0x00, 0x00, 0x00, 0x00
.byte 0x00, 0x00, 0x00, 0x00, 0x00, 0x00, 0x00, 0x00, 0x00, 0x00, 0x00, 0x00, 0x00, 0x00, 0x00, 0x00
.byte 0x00, 0x00, 0x00, 0x00, 0x00, 0x00, 0x00, 0x00, 0x00, 0x00, 0x00, 0x00, 0x00, 0x00, 0x00, 0x00
.byte 0x00, 0x00, 0x00, 0x00, 0x00, 0x00, 0x00, 0x00, 0x00, 0x00, 0x00, 0x00, 0x00, 0x00, 0x00, 0x00
.byte 0x00, 0x00, 0x00, 0x00, 0x00, 0x00, 0x00, 0x00, 0x00, 0x00, 0x00, 0x00, 0x00, 0x00, 0x00, 0x00
.byte 0x00, 0x00, 0x00, 0x00, 0x00, 0x00, 0x00, 0x00, 0x00, 0x00, 0x00, 0x00, 0x00, 0x00, 0x00, 0x00
.byte 0x00, 0x00, 0x00, 0x00, 0x00, 0x00, 0x00, 0x00, 0x00, 0x00, 0x00, 0x00, 0x00, 0x00, 0x00, 0x00
.byte 0x00, 0x00, 0x00, 0x00, 0x00, 0x00, 0x00, 0x00, 0x00, 0x00, 0x00, 0x00, 0x00, 0x00, 0x00, 0x00
.byte 0x00, 0x00, 0x00, 0x00, 0x00, 0x00, 0x00, 0x00, 0x00, 0x00, 0x00, 0x00, 0x00, 0x00, 0x00, 0x00
.byte 0x00, 0x00, 0x00, 0x00, 0x00, 0x00, 0x00, 0x00, 0x00, 0x00, 0x00, 0x00, 0x00, 0x00, 0x00, 0x00
.byte 0x00, 0x00, 0x00, 0x00, 0x00, 0x00, 0x00, 0x00, 0x00, 0x00, 0x00, 0x00, 0x00, 0x00, 0x00, 0x00
.byte 0x00, 0x00, 0x00, 0x00, 0x00, 0x00, 0x00, 0x00, 0x00, 0x00, 0x00, 0x00, 0x00, 0x00, 0x00, 0x00
.byte 0x00, 0x00, 0x00, 0x00, 0x00, 0x00, 0x00, 0x00, 0x00, 0x00, 0x00, 0x00, 0x00, 0x00, 0x00, 0x00
.byte 0x00, 0x00, 0x00, 0x00, 0x00, 0x00, 0x00, 0x00, 0x00, 0x00, 0x00, 0x00, 0x00, 0x00, 0x00, 0x00
.byte 0x00, 0x00, 0x5a, 0x6b, 0x99, 0x31, 0x99, 0x31, 0x99, 0x31, 0x99, 0x31, 0x99, 0x31, 0x99, 0x31
.byte 0x99, 0x31, 0x99, 0x31, 0x99, 0x31, 0x99, 0x31, 0x99, 0x31, 0xf4, 0x5a, 0x35, 0xa5, 0xdb, 0xde
.byte 0x9e, 0xf7, 0x00, 0x00, 0x00, 0x00, 0x00, 0x00, 0x00, 0x00, 0x00, 0x00, 0x00, 0x00, 0x00, 0x00
.byte 0x00, 0x00, 0x00, 0x00, 0xdf, 0xff, 0x3c, 0xe7, 0xb6, 0xb5, 0xd8, 0x39, 0x99, 0x31, 0x99, 0x31
.byte 0x99, 0x31, 0x99, 0x31, 0x99, 0x31, 0x99, 0x31, 0x99, 0x31, 0x99, 0x31, 0x99, 0x31, 0x99, 0x31
.byte 0x99, 0x31, 0xcd, 0x39, 0x08, 0x42, 0x08, 0x42, 0x08, 0x42, 0x69, 0x4a, 0x6d, 0x6b, 0x71, 0x8c
.byte 0xb6, 0xb5, 0xdb, 0xde, 0x3c, 0xe7, 0xdf, 0xff, 0x00, 0x00, 0x00, 0x00, 0x00, 0x00, 0x00, 0x00
.byte 0x00, 0x00, 0x00, 0x00, 0x00, 0x00, 0x00, 0x00, 0x00, 0x00, 0x00, 0x00, 0x9c, 0x94, 0x99, 0x31
.byte 0x99, 0x31, 0x99, 0x31, 0x99, 0x31, 0x99, 0x31, 0x99, 0x31, 0x99, 0x31, 0x99, 0x31, 0x99, 0x31
.byte 0x99, 0x31, 0x99, 0x31, 0x99, 0x31, 0x99, 0x31, 0x99, 0x31, 0x99, 0x31, 0x99, 0x31, 0x99, 0x31
.byte 0x99, 0x31, 0x99, 0x31, 0x50, 0x4a, 0xf0, 0x7b, 0x35, 0xa5, 0xdb, 0xde, 0xdf, 0xff, 0x00, 0x00
.byte 0x00, 0x00, 0x00, 0x00, 0x00, 0x00, 0x00, 0x00, 0x00, 0x00, 0x00, 0x00, 0x00, 0x00, 0x00, 0x00
.byte 0x00, 0x00, 0x00, 0x00, 0x00, 0x00, 0x00, 0x00, 0x00, 0x00, 0x00, 0x00, 0x00, 0x00, 0x00, 0x00
.byte 0x00, 0x00, 0x00, 0x00, 0x00, 0x00, 0x00, 0x00, 0x00, 0x00, 0x00, 0x00, 0x00, 0x00, 0x00, 0x00
.byte 0x00, 0x00, 0x00, 0x00, 0x00, 0x00, 0x00, 0x00, 0x00, 0x00, 0x00, 0x00, 0x00, 0x00, 0x00, 0x00
.byte 0x00, 0x00, 0x00, 0x00, 0x00, 0x00, 0x00, 0x00, 0x00, 0x00, 0x00, 0x00, 0x00, 0x00, 0x00, 0x00
.byte 0x00, 0x00, 0x00, 0x00, 0x00, 0x00, 0x00, 0x00, 0x00, 0x00, 0x00, 0x00, 0x00, 0x00, 0x00, 0x00
.byte 0x00, 0x00, 0x00, 0x00, 0x00, 0x00, 0x00, 0x00, 0x00, 0x00, 0x00, 0x00, 0x00, 0x00, 0x00, 0x00
.byte 0x00, 0x00, 0x00, 0x00, 0x00, 0x00, 0x00, 0x00, 0x00, 0x00, 0x00, 0x00, 0x00, 0x00, 0x00, 0x00
.byte 0x00, 0x00, 0x00, 0x00, 0x00, 0x00, 0x00, 0x00, 0x00, 0x00, 0x00, 0x00, 0x00, 0x00, 0x00, 0x00
.byte 0x00, 0x00, 0x00, 0x00, 0x00, 0x00, 0x00, 0x00, 0x00, 0x00, 0x00, 0x00, 0x00, 0x00, 0x00, 0x00
.byte 0x00, 0x00, 0x00, 0x00, 0x00, 0x00, 0x00, 0x00, 0x00, 0x00, 0x00, 0x00, 0x00, 0x00, 0x00, 0x00
.byte 0x00, 0x00, 0x00, 0x00, 0x00, 0x00, 0x00, 0x00, 0x00, 0x00, 0x00, 0x00, 0x00, 0x00, 0x00, 0x00
.byte 0x00, 0x00, 0x00, 0x00, 0x00, 0x00, 0x00, 0x00, 0x00, 0x00, 0x00, 0x00, 0x00, 0x00, 0x00, 0x00
.byte 0x00, 0x00, 0x00, 0x00, 0x00, 0x00, 0x00, 0x00, 0x00, 0x00, 0x00, 0x00, 0x00, 0x00, 0x00, 0x00
.byte 0x00, 0x00, 0x00, 0x00, 0x00, 0x00, 0x00, 0x00, 0x00, 0x00, 0x00, 0x00, 0x00, 0x00, 0x00, 0x00
.byte 0x00, 0x00, 0x00, 0x00, 0x00, 0x00, 0x00, 0x00, 0x00, 0x00, 0x00, 0x00, 0x00, 0x00, 0x00, 0x00
.byte 0x00, 0x00, 0x00, 0x00, 0x00, 0x00, 0x00, 0x00, 0x00, 0x00, 0x00, 0x00, 0x00, 0x00, 0x00, 0x00
.byte 0x00, 0x00, 0x00, 0x00, 0x00, 0x00, 0x00, 0x00, 0x00, 0x00, 0x00, 0x00, 0x00, 0x00, 0x00, 0x00
.byte 0x00, 0x00, 0x00, 0x00, 0x00, 0x00, 0x00, 0x00, 0x00, 0x00, 0x00, 0x00, 0x00, 0x00, 0x00, 0x00
.byte 0x00, 0x00, 0x9c, 0xb5, 0x99, 0x31, 0x99, 0x31, 0x99, 0x31, 0x99, 0x31, 0x99, 0x31, 0x99, 0x31
.byte 0x99, 0x31, 0x99, 0x31, 0x99, 0x31, 0x99, 0x31, 0x99, 0x31, 0xb3, 0x31, 0x71, 0x8c, 0x38, 0xc6
.byte 0x3c, 0xe7, 0xdf, 0xff, 0x00, 0x00, 0x00, 0x00, 0x00, 0x00, 0x00, 0x00, 0x00, 0x00, 0x00, 0x00
.byte 0x00, 0x00, 0x00, 0x00, 0x00, 0x00, 0x9e, 0xf7, 0xdb, 0xde, 0x35, 0xa5, 0xd8, 0x39, 0x99, 0x31
.byte 0x99, 0x31, 0x99, 0x31, 0x99, 0x31, 0x99, 0x31, 0x99, 0x31, 0x99, 0x31, 0x99, 0x31, 0x99, 0x31
.byte 0xb3, 0x31, 0x08, 0x42, 0x08, 0x42, 0x08, 0x42, 0x69, 0x4a, 0x6d, 0x6b, 0x71, 0x8c, 0xb6, 0xb5
.byte 0xdb, 0xde, 0x9e, 0xf7, 0xdf, 0xff, 0x00, 0x00, 0x00, 0x00, 0x00, 0x00, 0x00, 0x00, 0x00, 0x00
.byte 0x00, 0x00, 0x00, 0x00, 0x00, 0x00, 0x00, 0x00, 0x00, 0x00, 0x9e, 0xd6, 0xd8, 0x39, 0x99, 0x31
.byte 0x99, 0x31, 0x99, 0x31, 0x99, 0x31, 0x99, 0x31, 0x99, 0x31, 0x99, 0x31, 0x99, 0x31, 0x99, 0x31
.byte 0x99, 0x31, 0x99, 0x31, 0x99, 0x31, 0x99, 0x31, 0x99, 0x31, 0x99, 0x31, 0x99, 0x31, 0x99, 0x31
.byte 0x99, 0x31, 0x99, 0x31, 0x69, 0x4a, 0x6d, 0x6b, 0xd3, 0x9c, 0x38, 0xc6, 0x9e, 0xf7, 0x00, 0x00
.byte 0x00, 0x00, 0x00, 0x00, 0x00, 0x00, 0x00, 0x00, 0x00, 0x00, 0x00, 0x00, 0x00, 0x00, 0x00, 0x00
.byte 0x00, 0x00, 0x00, 0x00, 0x00, 0x00, 0x00, 0x00, 0x00, 0x00, 0x00, 0x00, 0x00, 0x00, 0x00, 0x00
.byte 0x00, 0x00, 0x00, 0x00, 0x00, 0x00, 0x00, 0x00, 0x00, 0x00, 0x00, 0x00, 0x00, 0x00, 0x00, 0x00
.byte 0x00, 0x00, 0x00, 0x00, 0x00, 0x00, 0x00, 0x00, 0x00, 0x00, 0x00, 0x00, 0x00, 0x00, 0x00, 0x00
.byte 0x00, 0x00, 0x00, 0x00, 0x00, 0x00, 0x00, 0x00, 0x00, 0x00, 0x00, 0x00, 0x00, 0x00, 0x00, 0x00
.byte 0x00, 0x00, 0x00, 0x00, 0x00, 0x00, 0x00, 0x00, 0x00, 0x00, 0x00, 0x00, 0x00, 0x00, 0x00, 0x00
.byte 0x00, 0x00, 0x00, 0x00, 0x00, 0x00, 0x00, 0x00, 0x00, 0x00, 0x00, 0x00, 0x00, 0x00, 0x00, 0x00
.byte 0x00, 0x00, 0x00, 0x00, 0x00, 0x00, 0x00, 0x00, 0x00, 0x00, 0x00, 0x00, 0x00, 0x00, 0x00, 0x00
.byte 0x00, 0x00, 0x00, 0x00, 0x00, 0x00, 0x00, 0x00, 0x00, 0x00, 0x00, 0x00, 0x00, 0x00, 0x00, 0x00
.byte 0x00, 0x00, 0x00, 0x00, 0x00, 0x00, 0x00, 0x00, 0x00, 0x00, 0x00, 0x00, 0x00, 0x00, 0x00, 0x00
.byte 0x00, 0x00, 0x00, 0x00, 0x00, 0x00, 0x00, 0x00, 0x00, 0x00, 0x00, 0x00, 0x00, 0x00, 0x00, 0x00
.byte 0x00, 0x00, 0x00, 0x00, 0x00, 0x00, 0x00, 0x00, 0x00, 0x00, 0x00, 0x00, 0x00, 0x00, 0x00, 0x00
.byte 0x00, 0x00, 0x00, 0x00, 0x00, 0x00, 0x00, 0x00, 0x00, 0x00, 0x00, 0x00, 0x00, 0x00, 0x00, 0x00
.byte 0x00, 0x00, 0x00, 0x00, 0x00, 0x00, 0x00, 0x00, 0x00, 0x00, 0x00, 0x00, 0x00, 0x00, 0x00, 0x00
.byte 0x00, 0x00, 0x00, 0x00, 0x00, 0x00, 0x00, 0x00, 0x00, 0x00, 0x00, 0x00, 0x00, 0x00, 0x00, 0x00
.byte 0x00, 0x00, 0x00, 0x00, 0x00, 0x00, 0x00, 0x00, 0x00, 0x00, 0x00, 0x00, 0x00, 0x00, 0x00, 0x00
.byte 0x00, 0x00, 0x00, 0x00, 0x00, 0x00, 0x00, 0x00, 0x00, 0x00, 0x00, 0x00, 0x00, 0x00, 0x00, 0x00
.byte 0x00, 0x00, 0x00, 0x00, 0x00, 0x00, 0x00, 0x00, 0x00, 0x00, 0x00, 0x00, 0x00, 0x00, 0x00, 0x00
.byte 0x00, 0x00, 0x00, 0x00, 0x00, 0x00, 0x00, 0x00, 0x00, 0x00, 0x00, 0x00, 0x00, 0x00, 0x00, 0x00
.byte 0x00, 0x00, 0x1e, 0xe7, 0xd8, 0x39, 0x99, 0x31, 0x99, 0x31, 0x99, 0x31, 0x99, 0x31, 0x99, 0x31
.byte 0x99, 0x31, 0x99, 0x31, 0x99, 0x31, 0x99, 0x31, 0x99, 0x31, 0x99, 0x31, 0xf4, 0x5a, 0x35, 0xa5
.byte 0xdb, 0xde, 0x9e, 0xf7, 0x00, 0x00, 0x00, 0x00, 0x00, 0x00, 0x00, 0x00, 0x00, 0x00, 0x00, 0x00
.byte 0x00, 0x00, 0x00, 0x00, 0x00, 0x00, 0xdf, 0xff, 0x9e, 0xf7, 0x38, 0xc6, 0x71, 0x8c, 0xb3, 0x31
.byte 0x99, 0x31, 0x99, 0x31, 0x99, 0x31, 0x99, 0x31, 0x99, 0x31, 0x99, 0x31, 0x99, 0x31, 0xb3, 0x31
.byte 0x08, 0x42, 0x08, 0x42, 0x08, 0x42, 0x69, 0x4a, 0xcb, 0x5a, 0x71, 0x8c, 0xb6, 0xb5, 0xdb, 0xde
.byte 0x9e, 0xf7, 0xdf, 0xff, 0x00, 0x00, 0x00, 0x00, 0x00, 0x00, 0x00, 0x00, 0x00, 0x00, 0x00, 0x00
.byte 0x00, 0x00, 0x00, 0x00, 0x00, 0x00, 0x00, 0x00, 0xdf, 0xff, 0x5a, 0x6b, 0x99, 0x31, 0x99, 0x31
.byte 0x99, 0x31, 0x99, 0x31, 0x99, 0x31, 0x99, 0x31, 0x99, 0x31, 0x99, 0x31, 0x99, 0x31, 0x99, 0x31
.byte 0x99, 0x31, 0x99, 0x31, 0x99, 0x31, 0x99, 0x31, 0x99, 0x31, 0x99, 0x31, 0x99, 0x31, 0x99, 0x31
.byte 0x99, 0x31, 0x99, 0x31, 0x08, 0x42, 0xcb, 0x5a, 0x71, 0x8c, 0x38, 0xc6, 0x3c, 0xe7, 0x00, 0x00
.byte 0x00, 0x00, 0x00, 0x00, 0x00, 0x00, 0x00, 0x00, 0x00, 0x00, 0x00, 0x00, 0x00, 0x00, 0x00, 0x00
.byte 0x00, 0x00, 0x00, 0x00, 0x00, 0x00, 0x00, 0x00, 0x00, 0x00, 0x00, 0x00, 0x00, 0x00, 0x00, 0x00
.byte 0x00, 0x00, 0x00, 0x00, 0x00, 0x00, 0x00, 0x00, 0x00, 0x00, 0x00, 0x00, 0x00, 0x00, 0x00, 0x00
.byte 0x00, 0x00, 0x00, 0x00, 0x00, 0x00, 0x00, 0x00, 0x00, 0x00, 0x00, 0x00, 0x00, 0x00, 0x00, 0x00
.byte 0x00, 0x00, 0x00, 0x00, 0x00, 0x00, 0x00, 0x00, 0x00, 0x00, 0x00, 0x00, 0x00, 0x00, 0x00, 0x00
.byte 0x00, 0x00, 0x00, 0x00, 0x00, 0x00, 0x00, 0x00, 0x00, 0x00, 0x00, 0x00, 0x00, 0x00, 0x00, 0x00
.byte 0x00, 0x00, 0x00, 0x00, 0x00, 0x00, 0x00, 0x00, 0x00, 0x00, 0x00, 0x00, 0x00, 0x00, 0x00, 0x00
.byte 0x00, 0x00, 0x00, 0x00, 0x00, 0x00, 0x00, 0x00, 0x00, 0x00, 0x00, 0x00, 0x00, 0x00, 0x00, 0x00
.byte 0x00, 0x00, 0x00, 0x00, 0x00, 0x00, 0x00, 0x00, 0x00, 0x00, 0x00, 0x00, 0x00, 0x00, 0x00, 0x00
.byte 0x00, 0x00, 0x00, 0x00, 0x00, 0x00, 0x00, 0x00, 0x00, 0x00, 0x00, 0x00, 0x00, 0x00, 0x00, 0x00
.byte 0x00, 0x00, 0x00, 0x00, 0x00, 0x00, 0x00, 0x00, 0x00, 0x00, 0x00, 0x00, 0x00, 0x00, 0x00, 0x00
.byte 0x00, 0x00, 0x00, 0x00, 0x00, 0x00, 0x00, 0x00, 0x00, 0x00, 0x00, 0x00, 0x00, 0x00, 0x00, 0x00
.byte 0x00, 0x00, 0x00, 0x00, 0x00, 0x00, 0x00, 0x00, 0x00, 0x00, 0x00, 0x00, 0x00, 0x00, 0x00, 0x00
.byte 0x00, 0x00, 0x00, 0x00, 0x00, 0x00, 0x00, 0x00, 0x00, 0x00, 0x00, 0x00, 0x00, 0x00, 0x00, 0x00
.byte 0x00, 0x00, 0x00, 0x00, 0x00, 0x00, 0x00, 0x00, 0x00, 0x00, 0x00, 0x00, 0x00, 0x00, 0x00, 0x00
.byte 0x00, 0x00, 0x00, 0x00, 0x00, 0x00, 0x00, 0x00, 0x00, 0x00, 0x00, 0x00, 0x00, 0x00, 0x00, 0x00
.byte 0x00, 0x00, 0x00, 0x00, 0x00, 0x00, 0x00, 0x00, 0x00, 0x00, 0x00, 0x00, 0x00, 0x00, 0x00, 0x00
.byte 0x00, 0x00, 0x00, 0x00, 0x00, 0x00, 0x00, 0x00, 0x00, 0x00, 0x00, 0x00, 0x00, 0x00, 0x00, 0x00
.byte 0x00, 0x00, 0x00, 0x00, 0x00, 0x00, 0x00, 0x00, 0x00, 0x00, 0x00, 0x00, 0x00, 0x00, 0x00, 0x00
.byte 0x00, 0x00, 0xdf, 0xff, 0x5a, 0x6b, 0x99, 0x31, 0x99, 0x31, 0x99, 0x31, 0x99, 0x31, 0x99, 0x31
.byte 0x99, 0x31, 0x99, 0x31, 0x99, 0x31, 0x99, 0x31, 0x99, 0x31, 0x99, 0x31, 0xd8, 0x39, 0xf0, 0x7b
.byte 0x38, 0xc6, 0x3c, 0xe7, 0xdf, 0xff, 0x00, 0x00, 0x00, 0x00, 0x00, 0x00, 0x00, 0x00, 0x00, 0x00
.byte 0x00, 0x00, 0x00, 0x00, 0x00, 0x00, 0x00, 0x00, 0xdf, 0xff, 0x3c, 0xe7, 0x38, 0xc6, 0x71, 0x8c
.byte 0xb3, 0x31, 0x99, 0x31, 0x99, 0x31, 0x99, 0x31, 0x99, 0x31, 0x99, 0x31, 0xb3, 0x31, 0x08, 0x42
.byte 0x08, 0x42, 0x08, 0x42, 0x69, 0x4a, 0xcb, 0x5a, 0xf0, 0x7b, 0x35, 0xa5, 0xdb, 0xde, 0x9e, 0xf7
.byte 0xdf, 0xff, 0x00, 0x00, 0x00, 0x00, 0x00, 0x00, 0x00, 0x00, 0x00, 0x00, 0x00, 0x00, 0x00, 0x00
.byte 0x00, 0x00, 0x00, 0x00, 0x00, 0x00, 0x00, 0x00, 0x9c, 0x94, 0x99, 0x31, 0x99, 0x31, 0x99, 0x31
.byte 0x99, 0x31, 0x99, 0x31, 0x99, 0x31, 0x99, 0x31, 0x99, 0x31, 0x99, 0x31, 0x99, 0x31, 0x99, 0x31
.byte 0x99, 0x31, 0x99, 0x31, 0x99, 0x31, 0x99, 0x31, 0x99, 0x31, 0x99, 0x31, 0x99, 0x31, 0x99, 0x31
.byte 0x99, 0x31, 0xd8, 0x39, 0x08, 0x42, 0xcb, 0x5a, 0xf0, 0x7b, 0xb6, 0xb5, 0x3c, 0xe7, 0x00, 0x00
.byte 0x00, 0x00, 0x00, 0x00, 0x00, 0x00, 0x00, 0x00, 0x00, 0x00, 0x00, 0x00, 0x00, 0x00, 0x00, 0x00
.byte 0x00, 0x00, 0x00, 0x00, 0x00, 0x00, 0x00, 0x00, 0x00, 0x00, 0x00, 0x00, 0x00, 0x00, 0x00, 0x00
.byte 0x00, 0x00, 0x00, 0x00, 0x00, 0x00, 0x00, 0x00, 0x00, 0x00, 0x00, 0x00, 0x00, 0x00, 0x00, 0x00
.byte 0x00, 0x00, 0x00, 0x00, 0x00, 0x00, 0x00, 0x00, 0x00, 0x00, 0x00, 0x00, 0x00, 0x00, 0x00, 0x00
.byte 0x00, 0x00, 0x00, 0x00, 0x00, 0x00, 0x00, 0x00, 0x00, 0x00, 0x00, 0x00, 0x00, 0x00, 0x00, 0x00
.byte 0x00, 0x00, 0x00, 0x00, 0x00, 0x00, 0x00, 0x00, 0x00, 0x00, 0x00, 0x00, 0x00, 0x00, 0x00, 0x00
.byte 0x00, 0x00, 0x00, 0x00, 0x00, 0x00, 0x00, 0x00, 0x00, 0x00, 0x00, 0x00, 0x00, 0x00, 0x00, 0x00
.byte 0x00, 0x00, 0x00, 0x00, 0x00, 0x00, 0x00, 0x00, 0x00, 0x00, 0x00, 0x00, 0x00, 0x00, 0x00, 0x00
.byte 0x00, 0x00, 0x00, 0x00, 0x00, 0x00, 0x00, 0x00, 0x00, 0x00, 0x00, 0x00, 0x00, 0x00, 0x00, 0x00
.byte 0x00, 0x00, 0x00, 0x00, 0x00, 0x00, 0x00, 0x00, 0x00, 0x00, 0x00, 0x00, 0x00, 0x00, 0x00, 0x00
.byte 0x00, 0x00, 0x00, 0x00, 0x00, 0x00, 0x00, 0x00, 0x00, 0x00, 0x00, 0x00, 0x00, 0x00, 0x00, 0x00
.byte 0x00, 0x00, 0x00, 0x00, 0x00, 0x00, 0x00, 0x00, 0x00, 0x00, 0x00, 0x00, 0x00, 0x00, 0x00, 0x00
.byte 0x00, 0x00, 0x00, 0x00, 0x00, 0x00, 0x00, 0x00, 0x00, 0x00, 0x00, 0x00, 0x00, 0x00, 0x00, 0x00
.byte 0x00, 0x00, 0x00, 0x00, 0x00, 0x00, 0x00, 0x00, 0x00, 0x00, 0x00, 0x00, 0x00, 0x00, 0x00, 0x00
.byte 0x00, 0x00, 0x00, 0x00, 0x00, 0x00, 0x00, 0x00, 0x00, 0x00, 0x00, 0x00, 0x00, 0x00, 0x00, 0x00
.byte 0x00, 0x00, 0x00, 0x00, 0x00, 0x00, 0x00, 0x00, 0x00, 0x00, 0x00, 0x00, 0x00, 0x00, 0x00, 0x00
.byte 0x00, 0x00, 0x00, 0x00, 0x00, 0x00, 0x00, 0x00, 0x00, 0x00, 0x00, 0x00, 0x00, 0x00, 0x00, 0x00
.byte 0x00, 0x00, 0x00, 0x00, 0x00, 0x00, 0x00, 0x00, 0x00, 0x00, 0x00, 0x00, 0x00, 0x00, 0x00, 0x00
.byte 0x00, 0x00, 0x00, 0x00, 0x00, 0x00, 0x00, 0x00, 0x00, 0x00, 0x00, 0x00, 0x00, 0x00, 0x00, 0x00
.byte 0x00, 0x00, 0x00, 0x00, 0x1b, 0xa5, 0x99, 0x31, 0x99, 0x31, 0x99, 0x31, 0x99, 0x31, 0x99, 0x31
.byte 0x99, 0x31, 0x99, 0x31, 0x99, 0x31, 0x99, 0x31, 0x99, 0x31, 0x99, 0x31, 0x99, 0x31, 0xd8, 0x39
.byte 0xd3, 0x9c, 0xdb, 0xde, 0x9e, 0xf7, 0x00, 0x00, 0x00, 0x00, 0x00, 0x00, 0x00, 0x00, 0x00, 0x00
.byte 0x00, 0x00, 0x00, 0x00, 0x00, 0x00, 0x00, 0x00, 0x00, 0x00, 0x9e, 0xf7, 0x3c, 0xe7, 0xb6, 0xb5
.byte 0xd3, 0x9c, 0x50, 0x4a, 0xb3, 0x31, 0xd8, 0x39, 0xd8, 0x39, 0xcd, 0x39, 0x08, 0x42, 0x08, 0x42
.byte 0x08, 0x42, 0x08, 0x42, 0xcb, 0x5a, 0xf0, 0x7b, 0x35, 0xa5, 0xdb, 0xde, 0x9e, 0xf7, 0xdf, 0xff
.byte 0x00, 0x00, 0x00, 0x00, 0x00, 0x00, 0x00, 0x00, 0x00, 0x00, 0x00, 0x00, 0x00, 0x00, 0x00, 0x00
.byte 0x00, 0x00, 0x00, 0x00, 0x00, 0x00, 0x9c, 0xb5, 0x99, 0x31, 0x99, 0x31, 0x99, 0x31, 0x99, 0x31
.byte 0x99, 0x31, 0x99, 0x31, 0x99, 0x31, 0x99, 0x31, 0x99, 0x31, 0x99, 0x31, 0x99, 0x31, 0x99, 0x31
.byte 0x99, 0x31, 0x99, 0x31, 0x99, 0x31, 0x99, 0x31, 0x99, 0x31, 0x99, 0x31, 0x99, 0x31, 0x99, 0x31
.byte 0x99, 0x31, 0xd8, 0x39, 0x08, 0x42, 0xcb, 0x5a, 0xf0, 0x7b, 0xb6, 0xb5, 0x3c, 0xe7, 0xdf, 0xff
.byte 0x00, 0x00, 0x00, 0x00, 0x00, 0x00, 0x00, 0x00, 0x00, 0x00, 0x00, 0x00, 0x00, 0x00, 0x00, 0x00
.byte 0x00, 0x00, 0x00, 0x00, 0x00, 0x00, 0x00, 0x00, 0x00, 0x00, 0x00, 0x00, 0x00, 0x00, 0x00, 0x00
.byte 0x00, 0x00, 0x00, 0x00, 0x00, 0x00, 0x00, 0x00, 0x00, 0x00, 0x00, 0x00, 0x00, 0x00, 0x00, 0x00
.byte 0x00, 0x00, 0x00, 0x00, 0x00, 0x00, 0x00, 0x00, 0x00, 0x00, 0x00, 0x00, 0x00, 0x00, 0x00, 0x00
.byte 0x00, 0x00, 0x00, 0x00, 0x00, 0x00, 0x00, 0x00, 0x00, 0x00, 0x00, 0x00, 0x00, 0x00, 0x00, 0x00
.byte 0x00, 0x00, 0x00, 0x00, 0x00, 0x00, 0x00, 0x00, 0x00, 0x00, 0x00, 0x00, 0x00, 0x00, 0x00, 0x00
.byte 0x00, 0x00, 0x00, 0x00, 0x00, 0x00, 0x00, 0x00, 0x00, 0x00, 0x00, 0x00, 0x00, 0x00, 0x00, 0x00
.byte 0x00, 0x00, 0x00, 0x00, 0x00, 0x00, 0x00, 0x00, 0x00, 0x00, 0x00, 0x00, 0x00, 0x00, 0x00, 0x00
.byte 0x00, 0x00, 0x00, 0x00, 0x00, 0x00, 0x00, 0x00, 0x00, 0x00, 0x00, 0x00, 0x00, 0x00, 0x00, 0x00
.byte 0x00, 0x00, 0x00, 0x00, 0x00, 0x00, 0x00, 0x00, 0x00, 0x00, 0x00, 0x00, 0x00, 0x00, 0x00, 0x00
.byte 0x00, 0x00, 0x00, 0x00, 0x00, 0x00, 0x00, 0x00, 0x00, 0x00, 0x00, 0x00, 0x00, 0x00, 0x00, 0x00
.byte 0x00, 0x00, 0x00, 0x00, 0x00, 0x00, 0x00, 0x00, 0x00, 0x00, 0x00, 0x00, 0x00, 0x00, 0x00, 0x00
.byte 0x00, 0x00, 0x00, 0x00, 0x00, 0x00, 0x00, 0x00, 0x00, 0x00, 0x00, 0x00, 0x00, 0x00, 0x00, 0x00
.byte 0x00, 0x00, 0x00, 0x00, 0x00, 0x00, 0x00, 0x00, 0x00, 0x00, 0x00, 0x00, 0x00, 0x00, 0x00, 0x00
.byte 0x00, 0x00, 0x00, 0x00, 0x00, 0x00, 0x00, 0x00, 0x00, 0x00, 0x00, 0x00, 0x00, 0x00, 0x00, 0x00
.byte 0x00, 0x00, 0x00, 0x00, 0x00, 0x00, 0x00, 0x00, 0x00, 0x00, 0x00, 0x00, 0x00, 0x00, 0x00, 0x00
.byte 0x00, 0x00, 0x00, 0x00, 0x00, 0x00, 0x00, 0x00, 0x00, 0x00, 0x00, 0x00, 0x00, 0x00, 0x00, 0x00
.byte 0x00, 0x00, 0x00, 0x00, 0x00, 0x00, 0x00, 0x00, 0x00, 0x00, 0x00, 0x00, 0x00, 0x00, 0x00, 0x00
.byte 0x00, 0x00, 0x00, 0x00, 0x00, 0x00, 0x00, 0x00, 0x00, 0x00, 0x00, 0x00, 0x00, 0x00, 0x00, 0x00
.byte 0x00, 0x00, 0x00, 0x00, 0x1e, 0xe7, 0x99, 0x31, 0x99, 0x31, 0x99, 0x31, 0x99, 0x31, 0x99, 0x31
.byte 0x99, 0x31, 0x99, 0x31, 0x99, 0x31, 0x99, 0x31, 0x99, 0x31, 0x99, 0x31, 0x99, 0x31, 0x99, 0x31
.byte 0x99, 0x52, 0xb6, 0xb5, 0x3c, 0xe7, 0xdf, 0xff, 0x00, 0x00, 0x00, 0x00, 0x00, 0x00, 0x00, 0x00
.byte 0x00, 0x00, 0x00, 0x00, 0x00, 0x00, 0x00, 0x00, 0x00, 0x00, 0x00, 0x00, 0x9e, 0xf7, 0xdb, 0xde
.byte 0xb6, 0xb5, 0x71, 0x8c, 0x6d, 0x6b, 0x69, 0x4a, 0x08, 0x42, 0x08, 0x42, 0x08, 0x42, 0x08, 0x42
.byte 0x08, 0x42, 0xcb, 0x5a, 0x6d, 0x6b, 0xd3, 0x9c, 0x38, 0xc6, 0x3c, 0xe7, 0xdf, 0xff, 0x00, 0x00
.byte 0x00, 0x00, 0x00, 0x00, 0x00, 0x00, 0x00, 0x00, 0x00, 0x00, 0x00, 0x00, 0x00, 0x00, 0x00, 0x00
.byte 0x00, 0x00, 0x00, 0x00, 0x9e, 0xd6, 0xd8, 0x39, 0x99, 0x31, 0x99, 0x31, 0x99, 0x31, 0x99, 0x31
.byte 0x99, 0x31, 0x99, 0x31, 0x99, 0x31, 0x99, 0x31, 0x99, 0x31, 0x99, 0x31, 0x99, 0x31, 0x99, 0x31
.byte 0x99, 0x31, 0x99, 0x31, 0x99, 0x31, 0x99, 0x31, 0x99, 0x31, 0x99, 0x31, 0x99, 0x31, 0x99, 0x31
.byte 0x99, 0x31, 0xb3, 0x31, 0x08, 0x42, 0x69, 0x4a, 0xf0, 0x7b, 0xb6, 0xb5, 0x3c, 0xe7, 0xdf, 0xff
.byte 0x00, 0x00, 0x00, 0x00, 0x00, 0x00, 0x00, 0x00, 0x00, 0x00, 0x00, 0x00, 0x00, 0x00, 0x00, 0x00
.byte 0x00, 0x00, 0x00, 0x00, 0x00, 0x00, 0x00, 0x00, 0x00, 0x00, 0x00, 0x00, 0x00, 0x00, 0x00, 0x00
.byte 0x00, 0x00, 0x00, 0x00, 0x00, 0x00, 0x00, 0x00, 0x00, 0x00, 0x00, 0x00, 0x00, 0x00, 0x00, 0x00
.byte 0x00, 0x00, 0x00, 0x00, 0x00, 0x00, 0x00, 0x00, 0x00, 0x00, 0x00, 0x00, 0x00, 0x00, 0x00, 0x00
.byte 0x00, 0x00, 0x00, 0x00, 0x00, 0x00, 0x00, 0x00, 0x00, 0x00, 0x00, 0x00, 0x00, 0x00, 0x00, 0x00
.byte 0x00, 0x00, 0x00, 0x00, 0x00, 0x00, 0x00, 0x00, 0x00, 0x00, 0x00, 0x00, 0x00, 0x00, 0x00, 0x00
.byte 0x00, 0x00, 0x00, 0x00, 0x00, 0x00, 0x00, 0x00, 0x00, 0x00, 0x00, 0x00, 0x00, 0x00, 0x00, 0x00
.byte 0x00, 0x00, 0x00, 0x00, 0x00, 0x00, 0x00, 0x00, 0x00, 0x00, 0x00, 0x00, 0x00, 0x00, 0x00, 0x00
.byte 0x00, 0x00, 0x00, 0x00, 0x00, 0x00, 0x00, 0x00, 0x00, 0x00, 0x00, 0x00, 0x00, 0x00, 0x00, 0x00
.byte 0x00, 0x00, 0x00, 0x00, 0x00, 0x00, 0x00, 0x00, 0x00, 0x00, 0x00, 0x00, 0x00, 0x00, 0x00, 0x00
.byte 0x00, 0x00, 0x00, 0x00, 0x00, 0x00, 0x00, 0x00, 0x00, 0x00, 0x00, 0x00, 0x00, 0x00, 0x00, 0x00
.byte 0x00, 0x00, 0x00, 0x00, 0x00, 0x00, 0x00, 0x00, 0x00, 0x00, 0x00, 0x00, 0x00, 0x00, 0x00, 0x00
.byte 0x00, 0x00, 0x00, 0x00, 0x00, 0x00, 0x00, 0x00, 0x00, 0x00, 0x00, 0x00, 0x00, 0x00, 0x00, 0x00
.byte 0x00, 0x00, 0x00, 0x00, 0x00, 0x00, 0x00, 0x00, 0x00, 0x00, 0x00, 0x00, 0x00, 0x00, 0x00, 0x00
.byte 0x00, 0x00, 0x00, 0x00, 0x00, 0x00, 0x00, 0x00, 0x00, 0x00, 0x00, 0x00, 0x00, 0x00, 0x00, 0x00
.byte 0x00, 0x00, 0x00, 0x00, 0x00, 0x00, 0x00, 0x00, 0x00, 0x00, 0x00, 0x00, 0x00, 0x00, 0x00, 0x00
.byte 0x00, 0x00, 0x00, 0x00, 0x00, 0x00, 0x00, 0x00, 0x00, 0x00, 0x00, 0x00, 0x00, 0x00, 0x00, 0x00
.byte 0x00, 0x00, 0x00, 0x00, 0x00, 0x00, 0x00, 0x00, 0x00, 0x00, 0x00, 0x00, 0x00, 0x00, 0x00, 0x00
.byte 0x00, 0x00, 0x00, 0x00, 0x00, 0x00, 0x00, 0x00, 0x00, 0x00, 0x00, 0x00, 0x00, 0x00, 0x00, 0x00
.byte 0x00, 0x00, 0x00, 0x00, 0xdf, 0xff, 0x5a, 0x6b, 0x99, 0x31, 0x99, 0x31, 0x99, 0x31, 0x99, 0x31
.byte 0x99, 0x31, 0x99, 0x31, 0x99, 0x31, 0x99, 0x31, 0x99, 0x31, 0x99, 0x31, 0x99, 0x31, 0x99, 0x31
.byte 0x99, 0x31, 0xf4, 0x5a, 0x38, 0xc6, 0x9e, 0xf7, 0xdf, 0xff, 0x00, 0x00, 0x00, 0x00, 0x00, 0x00
.byte 0x00, 0x00, 0x00, 0x00, 0x00, 0x00, 0x00, 0x00, 0x00, 0x00, 0x00, 0x00, 0xdf, 0xff, 0x9e, 0xf7
.byte 0xdb, 0xde, 0xb6, 0xb5, 0x71, 0x8c, 0x6d, 0x6b, 0xcb, 0x5a, 0x69, 0x4a, 0x69, 0x4a, 0x69, 0x4a
.byte 0xcb, 0x5a, 0x6d, 0x6b, 0xd3, 0x9c, 0x38, 0xc6, 0x3c, 0xe7, 0xdf, 0xff, 0x00, 0x00, 0x00, 0x00
.byte 0x00, 0x00, 0x00, 0x00, 0x00, 0x00, 0x00, 0x00, 0x00, 0x00, 0x00, 0x00, 0x00, 0x00, 0x00, 0x00
.byte 0x00, 0x00, 0x9e, 0xd6, 0x99, 0x52, 0x99, 0x31, 0x99, 0x31, 0x99, 0x31, 0x99, 0x31, 0x99, 0x31
.byte 0x99, 0x31, 0x99, 0x31, 0x99, 0x31, 0x99, 0x31, 0x99, 0x31, 0x99, 0x31, 0x99, 0x31, 0x99, 0x31
.byte 0x99, 0x31, 0x99, 0x31, 0x99, 0x31, 0x99, 0x31, 0x99, 0x31, 0x99, 0x31, 0x99, 0x31, 0x99, 0x31
.byte 0x99, 0x31, 0xb3, 0x31, 0x08, 0x42, 0xcb, 0x5a, 0xf0, 0x7b, 0xb6, 0xb5, 0x3c, 0xe7, 0xdf, 0xff
.byte 0x00, 0x00, 0x00, 0x00, 0x00, 0x00, 0x00, 0x00, 0x00, 0x00, 0x00, 0x00, 0x00, 0x00, 0x00, 0x00
.byte 0x00, 0x00, 0x00, 0x00, 0x00, 0x00, 0x00, 0x00, 0x00, 0x00, 0x00, 0x00, 0x00, 0x00, 0x00, 0x00
.byte 0x00, 0x00, 0x00, 0x00, 0x00, 0x00, 0x00, 0x00, 0x00, 0x00, 0x00, 0x00, 0x00, 0x00, 0x00, 0x00
.byte 0x00, 0x00, 0x00, 0x00, 0x00, 0x00, 0x00, 0x00, 0x00, 0x00, 0x00, 0x00, 0x00, 0x00, 0x00, 0x00
.byte 0x00, 0x00, 0x00, 0x00, 0x00, 0x00, 0x00, 0x00, 0x00, 0x00, 0x00, 0x00, 0x00, 0x00, 0x00, 0x00
.byte 0x00, 0x00, 0x00, 0x00, 0x00, 0x00, 0x00, 0x00, 0x00, 0x00, 0x00, 0x00, 0x00, 0x00, 0x00, 0x00
.byte 0x00, 0x00, 0x00, 0x00, 0x00, 0x00, 0x00, 0x00, 0x00, 0x00, 0x00, 0x00, 0x00, 0x00, 0x00, 0x00
.byte 0x00, 0x00, 0x00, 0x00, 0x00, 0x00, 0x00, 0x00, 0x00, 0x00, 0x00, 0x00, 0x00, 0x00, 0x00, 0x00
.byte 0x00, 0x00, 0x00, 0x00, 0x00, 0x00, 0x00, 0x00, 0x00, 0x00, 0x00, 0x00, 0x00, 0x00, 0x00, 0x00
.byte 0x00, 0x00, 0x00, 0x00, 0x00, 0x00, 0x00, 0x00, 0x00, 0x00, 0x00, 0x00, 0x00, 0x00, 0x00, 0x00
.byte 0x00, 0x00, 0x00, 0x00, 0x00, 0x00, 0x00, 0x00, 0x00, 0x00, 0x00, 0x00, 0x00, 0x00, 0x00, 0x00
.byte 0x00, 0x00, 0x00, 0x00, 0x00, 0x00, 0x00, 0x00, 0x00, 0x00, 0x00, 0x00, 0x00, 0x00, 0x00, 0x00
.byte 0x00, 0x00, 0x00, 0x00, 0x00, 0x00, 0x00, 0x00, 0x00, 0x00, 0x00, 0x00, 0x00, 0x00, 0x00, 0x00
.byte 0x00, 0x00, 0x00, 0x00, 0x00, 0x00, 0x00, 0x00, 0x00, 0x00, 0x00, 0x00, 0x00, 0x00, 0x00, 0x00
.byte 0x00, 0x00, 0x00, 0x00, 0x00, 0x00, 0x00, 0x00, 0x00, 0x00, 0x00, 0x00, 0x00, 0x00, 0x00, 0x00
.byte 0x00, 0x00, 0x00, 0x00, 0x00, 0x00, 0x00, 0x00, 0x00, 0x00, 0x00, 0x00, 0x00, 0x00, 0x00, 0x00
.byte 0x00, 0x00, 0x00, 0x00, 0x00, 0x00, 0x00, 0x00, 0x00, 0x00, 0x00, 0x00, 0x00, 0x00, 0x00, 0x00
.byte 0x00, 0x00, 0x00, 0x00, 0x00, 0x00, 0x00, 0x00, 0x00, 0x00, 0x00, 0x00, 0x00, 0x00, 0x00, 0x00
.byte 0x00, 0x00, 0x00, 0x00, 0x00, 0x00, 0x00, 0x00, 0x00, 0x00, 0x00, 0x00, 0x00, 0x00, 0x00, 0x00
.byte 0x00, 0x00, 0x00, 0x00, 0x00, 0x00, 0x1b, 0xa5, 0x99, 0x31, 0x99, 0x31, 0x99, 0x31, 0x99, 0x31
.byte 0x99, 0x31, 0x99, 0x31, 0x99, 0x31, 0x99, 0x31, 0x99, 0x31, 0x99, 0x31, 0x99, 0x31, 0x99, 0x31
.byte 0x99, 0x31, 0x99, 0x31, 0x5a, 0x6b, 0xdb, 0xde, 0x9e, 0xf7, 0xdf, 0xff, 0x00, 0x00, 0x00, 0x00
.byte 0x00, 0x00, 0x00, 0x00, 0x00, 0x00, 0x00, 0x00, 0x00, 0x00, 0x00, 0x00, 0x00, 0x00, 0xdf, 0xff
.byte 0x9e, 0xf7, 0xdb, 0xde, 0x38, 0xc6, 0xd3, 0x9c, 0xf0, 0x7b, 0x6d, 0x6b, 0xcb, 0x5a, 0x6d, 0x6b
.byte 0xf0, 0x7b, 0xd3, 0x9c, 0x38, 0xc6, 0x3c, 0xe7, 0x9e, 0xf7, 0x00, 0x00, 0x00, 0x00, 0x00, 0x00
.byte 0x00, 0x00, 0x00, 0x00, 0x00, 0x00, 0x00, 0x00, 0x00, 0x00, 0x00, 0x00, 0x00, 0x00, 0x00, 0x00
.byte 0x9e, 0xd6, 0x99, 0x52, 0x99, 0x31, 0x99, 0x31, 0x99, 0x31, 0x99, 0x31, 0x99, 0x31, 0x99, 0x31
.byte 0x99, 0x31, 0x99, 0x31, 0x99, 0x31, 0x99, 0x31, 0x99, 0x31, 0x99, 0x31, 0x99, 0x31, 0x99, 0x31
.byte 0x99, 0x31, 0x99, 0x31, 0x99, 0x31, 0x99, 0x31, 0x99, 0x31, 0x99, 0x31, 0x99, 0x31, 0x99, 0x31
.byte 0x99, 0x31, 0xcd, 0x39, 0x08, 0x42, 0xcb, 0x5a, 0xf0, 0x7b, 0x38, 0xc6, 0x3c, 0xe7, 0x00, 0x00
.byte 0x00, 0x00, 0x00, 0x00, 0x00, 0x00, 0x00, 0x00, 0x00, 0x00, 0x00, 0x00, 0x00, 0x00, 0x00, 0x00
.byte 0x00, 0x00, 0x00, 0x00, 0x00, 0x00, 0x00, 0x00, 0x00, 0x00, 0x00, 0x00, 0x00, 0x00, 0x00, 0x00
.byte 0x00, 0x00, 0x00, 0x00, 0x00, 0x00, 0x00, 0x00, 0x00, 0x00, 0x00, 0x00, 0x00, 0x00, 0x00, 0x00
.byte 0x00, 0x00, 0x00, 0x00, 0x00, 0x00, 0x00, 0x00, 0x00, 0x00, 0x00, 0x00, 0x00, 0x00, 0x00, 0x00
.byte 0x00, 0x00, 0x00, 0x00, 0x00, 0x00, 0x00, 0x00, 0x00, 0x00, 0x00, 0x00, 0x00, 0x00, 0x00, 0x00
.byte 0x00, 0x00, 0x00, 0x00, 0x00, 0x00, 0x00, 0x00, 0x00, 0x00, 0x00, 0x00, 0x00, 0x00, 0x00, 0x00
.byte 0x00, 0x00, 0x00, 0x00, 0x00, 0x00, 0x00, 0x00, 0x00, 0x00, 0x00, 0x00, 0x00, 0x00, 0x00, 0x00
.byte 0x00, 0x00, 0x00, 0x00, 0x00, 0x00, 0x00, 0x00, 0x00, 0x00, 0x00, 0x00, 0x00, 0x00, 0x00, 0x00
.byte 0x00, 0x00, 0x00, 0x00, 0x00, 0x00, 0x00, 0x00, 0x00, 0x00, 0x00, 0x00, 0x00, 0x00, 0x00, 0x00
.byte 0x00, 0x00, 0x00, 0x00, 0x00, 0x00, 0x00, 0x00, 0x00, 0x00, 0x00, 0x00, 0x00, 0x00, 0x00, 0x00
.byte 0x00, 0x00, 0x00, 0x00, 0x00, 0x00, 0x00, 0x00, 0x00, 0x00, 0x00, 0x00, 0x00, 0x00, 0x00, 0x00
.byte 0x00, 0x00, 0x00, 0x00, 0x00, 0x00, 0x00, 0x00, 0x00, 0x00, 0x00, 0x00, 0x00, 0x00, 0x00, 0x00
.byte 0x00, 0x00, 0x00, 0x00, 0x00, 0x00, 0x00, 0x00, 0x00, 0x00, 0x00, 0x00, 0x00, 0x00, 0x00, 0x00
.byte 0x00, 0x00, 0x00, 0x00, 0x00, 0x00, 0x00, 0x00, 0x00, 0x00, 0x00, 0x00, 0x00, 0x00, 0x00, 0x00
.byte 0x00, 0x00, 0x00, 0x00, 0x00, 0x00, 0x00, 0x00, 0x00, 0x00, 0x00, 0x00, 0x00, 0x00, 0x00, 0x00
.byte 0x00, 0x00, 0x00, 0x00, 0x00, 0x00, 0x00, 0x00, 0x00, 0x00, 0x00, 0x00, 0x00, 0x00, 0x00, 0x00
.byte 0x00, 0x00, 0x00, 0x00, 0x00, 0x00, 0x00, 0x00, 0x00, 0x00, 0x00, 0x00, 0x00, 0x00, 0x00, 0x00
.byte 0x00, 0x00, 0x00, 0x00, 0x00, 0x00, 0x00, 0x00, 0x00, 0x00, 0x00, 0x00, 0x00, 0x00, 0x00, 0x00
.byte 0x00, 0x00, 0x00, 0x00, 0x00, 0x00, 0x00, 0x00, 0x00, 0x00, 0x00, 0x00, 0x00, 0x00, 0x00, 0x00
.byte 0x00, 0x00, 0x00, 0x00, 0x00, 0x00, 0x1e, 0xe7, 0xd8, 0x39, 0x99, 0x31, 0x99, 0x31, 0x99, 0x31
.byte 0x99, 0x31, 0x99, 0x31, 0x99, 0x31, 0x99, 0x31, 0x99, 0x31, 0x99, 0x31, 0x99, 0x31, 0x99, 0x31
.byte 0x99, 0x31, 0x99, 0x31, 0x99, 0x31, 0x5a, 0x6b, 0xdb, 0xde, 0x9e, 0xf7, 0x00, 0x00, 0x00, 0x00
.byte 0x00, 0x00, 0x00, 0x00, 0x00, 0x00, 0x00, 0x00, 0x00, 0x00, 0x00, 0x00, 0x00, 0x00, 0x00, 0x00
.byte 0xdf, 0xff, 0x9e, 0xf7, 0x3c, 0xe7, 0x38, 0xc6, 0xb6, 0xb5, 0xd3, 0x9c, 0x71, 0x8c, 0xd3, 0x9c
.byte 0x35, 0xa5, 0x38, 0xc6, 0x3c, 0xe7, 0x9e, 0xf7, 0x00, 0x00, 0x00, 0x00, 0x00, 0x00, 0x00, 0x00
.byte 0x00, 0x00, 0x00, 0x00, 0x00, 0x00, 0x00, 0x00, 0x00, 0x00, 0x00, 0x00, 0x00, 0x00, 0x1d, 0xc6
.byte 0xd8, 0x39, 0x99, 0x31, 0x99, 0x31, 0x99, 0x31, 0x99, 0x31, 0x99, 0x31, 0x99, 0x31, 0x99, 0x31
.byte 0x99, 0x31, 0x99, 0x31, 0x99, 0x31, 0x99, 0x31, 0x99, 0x31, 0x99, 0x31, 0x99, 0x31, 0x99, 0x31
.byte 0x99, 0x31, 0x99, 0x31, 0x99, 0x31, 0x99, 0x31, 0x99, 0x31, 0x99, 0x31, 0x99, 0x31, 0x99, 0x31
.byte 0xd8, 0x39, 0x08, 0x42, 0x08, 0x42, 0xcb, 0x5a, 0x71, 0x8c, 0x38, 0xc6, 0x3c, 0xe7, 0x00, 0x00
.byte 0x00, 0x00, 0x00, 0x00, 0x00, 0x00, 0x00, 0x00, 0x00, 0x00, 0x00, 0x00, 0x00, 0x00, 0x00, 0x00
.byte 0x00, 0x00, 0x00, 0x00, 0x00, 0x00, 0x00, 0x00, 0x00, 0x00, 0x00, 0x00, 0x00, 0x00, 0x00, 0x00
.byte 0x00, 0x00, 0x00, 0x00, 0x00, 0x00, 0x00, 0x00, 0x00, 0x00, 0x00, 0x00, 0x00, 0x00, 0x00, 0x00
.byte 0x00, 0x00, 0x00, 0x00, 0x00, 0x00, 0x00, 0x00, 0x00, 0x00, 0x00, 0x00, 0x00, 0x00, 0x00, 0x00
.byte 0x00, 0x00, 0x00, 0x00, 0x00, 0x00, 0x00, 0x00, 0x00, 0x00, 0x00, 0x00, 0x00, 0x00, 0x00, 0x00
.byte 0x00, 0x00, 0x00, 0x00, 0x00, 0x00, 0x00, 0x00, 0x00, 0x00, 0x00, 0x00, 0x00, 0x00, 0x00, 0x00
.byte 0x00, 0x00, 0x00, 0x00, 0x00, 0x00, 0x00, 0x00, 0x00, 0x00, 0x00, 0x00, 0x00, 0x00, 0x00, 0x00
.byte 0x00, 0x00, 0x00, 0x00, 0x00, 0x00, 0x00, 0x00, 0x00, 0x00, 0x00, 0x00, 0x00, 0x00, 0x00, 0x00
.byte 0x00, 0x00, 0x00, 0x00, 0x00, 0x00, 0x00, 0x00, 0x00, 0x00, 0x00, 0x00, 0x00, 0x00, 0x00, 0x00
.byte 0x00, 0x00, 0x00, 0x00, 0x00, 0x00, 0x00, 0x00, 0x00, 0x00, 0x00, 0x00, 0x00, 0x00, 0x00, 0x00
.byte 0x00, 0x00, 0x00, 0x00, 0x00, 0x00, 0x00, 0x00, 0x00, 0x00, 0x00, 0x00, 0x00, 0x00, 0x00, 0x00
.byte 0x00, 0x00, 0x00, 0x00, 0x00, 0x00, 0x00, 0x00, 0x00, 0x00, 0x00, 0x00, 0x00, 0x00, 0x00, 0x00
.byte 0x00, 0x00, 0x00, 0x00, 0x00, 0x00, 0x00, 0x00, 0x00, 0x00, 0x00, 0x00, 0x00, 0x00, 0x00, 0x00
.byte 0x00, 0x00, 0x00, 0x00, 0x00, 0x00, 0x00, 0x00, 0x00, 0x00, 0x00, 0x00, 0x00, 0x00, 0x00, 0x00
.byte 0x00, 0x00, 0x00, 0x00, 0x00, 0x00, 0x00, 0x00, 0x00, 0x00, 0x00, 0x00, 0x00, 0x00, 0x00, 0x00
.byte 0x00, 0x00, 0x00, 0x00, 0x00, 0x00, 0x00, 0x00, 0x00, 0x00, 0x00, 0x00, 0x00, 0x00, 0x00, 0x00
.byte 0x00, 0x00, 0x00, 0x00, 0x00, 0x00, 0x00, 0x00, 0x00, 0x00, 0x00, 0x00, 0x00, 0x00, 0x00, 0x00
.byte 0x00, 0x00, 0x00, 0x00, 0x00, 0x00, 0x00, 0x00, 0x00, 0x00, 0x00, 0x00, 0x00, 0x00, 0x00, 0x00
.byte 0x00, 0x00, 0x00, 0x00, 0x00, 0x00, 0x00, 0x00, 0x00, 0x00, 0x00, 0x00, 0x00, 0x00, 0x00, 0x00
.byte 0x00, 0x00, 0x00, 0x00, 0x00, 0x00, 0xdf, 0xff, 0x5a, 0x6b, 0x99, 0x31, 0x99, 0x31, 0x99, 0x31
.byte 0x99, 0x31, 0x99, 0x31, 0x99, 0x31, 0x99, 0x31, 0x99, 0x31, 0x99, 0x31, 0x99, 0x31, 0x99, 0x31
.byte 0x99, 0x31, 0x99, 0x31, 0x99, 0x31, 0x99, 0x31, 0x99, 0x52, 0x1d, 0xc6, 0xdf, 0xff, 0x00, 0x00
.byte 0x00, 0x00, 0x00, 0x00, 0x00, 0x00, 0x00, 0x00, 0x00, 0x00, 0x00, 0x00, 0x00, 0x00, 0x00, 0x00
.byte 0x00, 0x00, 0x00, 0x00, 0xdf, 0xff, 0x9e, 0xf7, 0xdb, 0xde, 0xdb, 0xde, 0x38, 0xc6, 0xdb, 0xde
.byte 0xdb, 0xde, 0x3c, 0xe7, 0xdf, 0xff, 0x00, 0x00, 0x00, 0x00, 0x00, 0x00, 0x00, 0x00, 0x00, 0x00
.byte 0x00, 0x00, 0x00, 0x00, 0x00, 0x00, 0x00, 0x00, 0x00, 0x00, 0xdf, 0xff, 0x9c, 0x94, 0x99, 0x31
.byte 0x99, 0x31, 0x99, 0x31, 0x99, 0x31, 0x99, 0x31, 0x99, 0x31, 0x99, 0x31, 0x99, 0x31, 0x99, 0x31
.byte 0x99, 0x31, 0x99, 0x31, 0x99, 0x31, 0x99, 0x31, 0x99, 0x31, 0x99, 0x31, 0x99, 0x31, 0x99, 0x31
.byte 0x99, 0x31, 0x99, 0x31, 0x99, 0x31, 0x99, 0x31, 0x99, 0x31, 0x99, 0x31, 0x99, 0x31, 0x99, 0x31
.byte 0xb3, 0x31, 0x08, 0x42, 0x69, 0x4a, 0xcb, 0x5a, 0xd3, 0x9c, 0x38, 0xc6, 0x9e, 0xf7, 0x00, 0x00
.byte 0x00, 0x00, 0x00, 0x00, 0x00, 0x00, 0x00, 0x00, 0x00, 0x00, 0x00, 0x00, 0x00, 0x00, 0x00, 0x00
.byte 0x00, 0x00, 0x00, 0x00, 0x00, 0x00, 0x00, 0x00, 0x00, 0x00, 0x00, 0x00, 0x00, 0x00, 0x00, 0x00
.byte 0x00, 0x00, 0x00, 0x00, 0x00, 0x00, 0x00, 0x00, 0x00, 0x00, 0x00, 0x00, 0x00, 0x00, 0x00, 0x00
.byte 0x00, 0x00, 0x00, 0x00, 0x00, 0x00, 0x00, 0x00, 0x00, 0x00, 0x00, 0x00, 0x00, 0x00, 0x00, 0x00
.byte 0x00, 0x00, 0x00, 0x00, 0x00, 0x00, 0x00, 0x00, 0x00, 0x00, 0x00, 0x00, 0x00, 0x00, 0x00, 0x00
.byte 0x00, 0x00, 0x00, 0x00, 0x00, 0x00, 0x00, 0x00, 0x00, 0x00, 0x00, 0x00, 0x00, 0x00, 0x00, 0x00
.byte 0x00, 0x00, 0x00, 0x00, 0x00, 0x00, 0x00, 0x00, 0x00, 0x00, 0x00, 0x00, 0x00, 0x00, 0x00, 0x00
.byte 0x00, 0x00, 0x00, 0x00, 0x00, 0x00, 0x00, 0x00, 0x00, 0x00, 0x00, 0x00, 0x00, 0x00, 0x00, 0x00
.byte 0x00, 0x00, 0x00, 0x00, 0x00, 0x00, 0x00, 0x00, 0x00, 0x00, 0x00, 0x00, 0x00, 0x00, 0x00, 0x00
.byte 0x00, 0x00, 0x00, 0x00, 0x00, 0x00, 0x00, 0x00, 0x00, 0x00, 0x00, 0x00, 0x00, 0x00, 0x00, 0x00
.byte 0x00, 0x00, 0x00, 0x00, 0x00, 0x00, 0x00, 0x00, 0x00, 0x00, 0x00, 0x00, 0x00, 0x00, 0x00, 0x00
.byte 0x00, 0x00, 0x00, 0x00, 0x00, 0x00, 0x00, 0x00, 0x00, 0x00, 0x00, 0x00, 0x00, 0x00, 0x00, 0x00
.byte 0x00, 0x00, 0x00, 0x00, 0x00, 0x00, 0x00, 0x00, 0x00, 0x00, 0x00, 0x00, 0x00, 0x00, 0x00, 0x00
.byte 0x00, 0x00, 0x00, 0x00, 0x00, 0x00, 0x00, 0x00, 0x00, 0x00, 0x00, 0x00, 0x00, 0x00, 0x00, 0x00
.byte 0x00, 0x00, 0x00, 0x00, 0x00, 0x00, 0x00, 0x00, 0x00, 0x00, 0x00, 0x00, 0x00, 0x00, 0x00, 0x00
.byte 0x00, 0x00, 0x00, 0x00, 0x00, 0x00, 0x00, 0x00, 0x00, 0x00, 0x00, 0x00, 0x00, 0x00, 0x00, 0x00
.byte 0x00, 0x00, 0x00, 0x00, 0x00, 0x00, 0x00, 0x00, 0x00, 0x00, 0x00, 0x00, 0x00, 0x00, 0x00, 0x00
.byte 0x00, 0x00, 0x00, 0x00, 0x00, 0x00, 0x00, 0x00, 0x00, 0x00, 0x00, 0x00, 0x00, 0x00, 0x00, 0x00
.byte 0x00, 0x00, 0x00, 0x00, 0x00, 0x00, 0x00, 0x00, 0x00, 0x00, 0x00, 0x00, 0x00, 0x00, 0x00, 0x00
.byte 0x00, 0x00, 0x00, 0x00, 0x00, 0x00, 0x00, 0x00, 0x1d, 0xc6, 0x99, 0x31, 0x99, 0x31, 0x99, 0x31
.byte 0x99, 0x31, 0x99, 0x31, 0x99, 0x31, 0x99, 0x31, 0x99, 0x31, 0x99, 0x31, 0x99, 0x31, 0x99, 0x31
.byte 0x99, 0x31, 0x99, 0x31, 0x99, 0x31, 0x99, 0x31, 0x99, 0x31, 0xd8, 0x39, 0x9c, 0x94, 0x9e, 0xf7
.byte 0x00, 0x00, 0x00, 0x00, 0x00, 0x00, 0x00, 0x00, 0x00, 0x00, 0x00, 0x00, 0x00, 0x00, 0x00, 0x00
.byte 0x00, 0x00, 0x00, 0x00, 0x00, 0x00, 0xdf, 0xff, 0xdf, 0xff, 0x9e, 0xf7, 0x9e, 0xf7, 0x9e, 0xf7
.byte 0x9e, 0xf7, 0xdf, 0xff, 0x00, 0x00, 0x00, 0x00, 0x00, 0x00, 0x00, 0x00, 0x00, 0x00, 0x00, 0x00
.byte 0x00, 0x00, 0x00, 0x00, 0x00, 0x00, 0x00, 0x00, 0x9e, 0xd6, 0x5a, 0x6b, 0x99, 0x31, 0x99, 0x31
.byte 0x99, 0x31, 0x99, 0x31, 0x99, 0x31, 0x99, 0x31, 0x99, 0x31, 0x99, 0x31, 0x99, 0x31, 0x99, 0x31
.byte 0x99, 0x31, 0x99, 0x31, 0x99, 0x31, 0x99, 0x31, 0x99, 0x31, 0x99, 0x31, 0x99, 0x31, 0x99, 0x31
.byte 0x99, 0x31, 0x99, 0x31, 0x99, 0x31, 0x99, 0x31, 0x99, 0x31, 0x99, 0x31, 0x99, 0x31, 0x99, 0x31
.byte 0xcd, 0x39, 0x08, 0x42, 0x69, 0x4a, 0x6d, 0x6b, 0x35, 0xa5, 0xdb, 0xde, 0x9e, 0xf7, 0x00, 0x00
.byte 0x00, 0x00, 0x00, 0x00, 0x00, 0x00, 0x00, 0x00, 0x00, 0x00, 0x00, 0x00, 0x00, 0x00, 0x00, 0x00
.byte 0x00, 0x00, 0x00, 0x00, 0x00, 0x00, 0x00, 0x00, 0x00, 0x00, 0x00, 0x00, 0x00, 0x00, 0x00, 0x00
.byte 0x00, 0x00, 0x00, 0x00, 0x00, 0x00, 0x00, 0x00, 0x00, 0x00, 0x00, 0x00, 0x00, 0x00, 0x00, 0x00
.byte 0x00, 0x00, 0x00, 0x00, 0x00, 0x00, 0x00, 0x00, 0x00, 0x00, 0x00, 0x00, 0x00, 0x00, 0x00, 0x00
.byte 0x00, 0x00, 0x00, 0x00, 0x00, 0x00, 0x00, 0x00, 0x00, 0x00, 0x00, 0x00, 0x00, 0x00, 0x00, 0x00
.byte 0x00, 0x00, 0x00, 0x00, 0x00, 0x00, 0x00, 0x00, 0x00, 0x00, 0x00, 0x00, 0x00, 0x00, 0x00, 0x00
.byte 0x00, 0x00, 0x00, 0x00, 0x00, 0x00, 0x00, 0x00, 0x00, 0x00, 0x00, 0x00, 0x00, 0x00, 0x00, 0x00
.byte 0x00, 0x00, 0x00, 0x00, 0x00, 0x00, 0x00, 0x00, 0x00, 0x00, 0x00, 0x00, 0x00, 0x00, 0x00, 0x00
.byte 0x00, 0x00, 0x00, 0x00, 0x00, 0x00, 0x00, 0x00, 0x00, 0x00, 0x00, 0x00, 0x00, 0x00, 0x00, 0x00
.byte 0x00, 0x00, 0x00, 0x00, 0x00, 0x00, 0x00, 0x00, 0x00, 0x00, 0x00, 0x00, 0x00, 0x00, 0x00, 0x00
.byte 0x00, 0x00, 0x00, 0x00, 0x00, 0x00, 0x00, 0x00, 0x00, 0x00, 0x00, 0x00, 0x00, 0x00, 0x00, 0x00
.byte 0x00, 0x00, 0x00, 0x00, 0x00, 0x00, 0x00, 0x00, 0x00, 0x00, 0x00, 0x00, 0x00, 0x00, 0x00, 0x00
.byte 0x00, 0x00, 0x00, 0x00, 0x00, 0x00, 0x00, 0x00, 0x00, 0x00, 0x00, 0x00, 0x00, 0x00, 0x00, 0x00
.byte 0x00, 0x00, 0x00, 0x00, 0x00, 0x00, 0x00, 0x00, 0x00, 0x00, 0x00, 0x00, 0x00, 0x00, 0x00, 0x00
.byte 0x00, 0x00, 0x00, 0x00, 0x00, 0x00, 0x00, 0x00, 0x00, 0x00, 0x00, 0x00, 0x00, 0x00, 0x00, 0x00
.byte 0x00, 0x00, 0x00, 0x00, 0x00, 0x00, 0x00, 0x00, 0x00, 0x00, 0x00, 0x00, 0x00, 0x00, 0x00, 0x00
.byte 0x00, 0x00, 0x00, 0x00, 0x00, 0x00, 0x00, 0x00, 0x00, 0x00, 0x00, 0x00, 0x00, 0x00, 0x00, 0x00
.byte 0x00, 0x00, 0x00, 0x00, 0x00, 0x00, 0x00, 0x00, 0x00, 0x00, 0x00, 0x00, 0x00, 0x00, 0x00, 0x00
.byte 0x00, 0x00, 0x00, 0x00, 0x00, 0x00, 0x00, 0x00, 0x00, 0x00, 0x00, 0x00, 0x00, 0x00, 0x00, 0x00
.byte 0x00, 0x00, 0x00, 0x00, 0x00, 0x00, 0x00, 0x00, 0x9e, 0xf7, 0x99, 0x52, 0x99, 0x31, 0x99, 0x31
.byte 0x99, 0x31, 0x99, 0x31, 0x99, 0x31, 0x99, 0x31, 0x99, 0x31, 0x99, 0x31, 0x99, 0x31, 0x99, 0x31
.byte 0x99, 0x31, 0x99, 0x31, 0x99, 0x31, 0x99, 0x31, 0x99, 0x31, 0x99, 0x31, 0x99, 0x31, 0x99, 0x52
.byte 0x9c, 0xb5, 0xdf, 0xff, 0x00, 0x00, 0x00, 0x00, 0x00, 0x00, 0x00, 0x00, 0x00, 0x00, 0x00, 0x00
.byte 0x00, 0x00, 0x00, 0x00, 0x00, 0x00, 0x00, 0x00, 0x00, 0x00, 0x00, 0x00, 0x00, 0x00, 0x00, 0x00
.byte 0x00, 0x00, 0x00, 0x00, 0x00, 0x00, 0x00, 0x00, 0x00, 0x00, 0x00, 0x00, 0x00, 0x00, 0x00, 0x00
.byte 0x00, 0x00, 0x00, 0x00, 0x1e, 0xe7, 0xfb, 0x7b, 0xd8, 0x39, 0x99, 0x31, 0x99, 0x31, 0x99, 0x31
.byte 0x99, 0x31, 0x99, 0x31, 0x99, 0x31, 0x99, 0x31, 0x99, 0x31, 0x99, 0x31, 0x99, 0x31, 0x99, 0x31
.byte 0x99, 0x31, 0x99, 0x31, 0x99, 0x31, 0x99, 0x31, 0x99, 0x31, 0x99, 0x31, 0x99, 0x31, 0x99, 0x31
.byte 0x99, 0x31, 0x99, 0x31, 0x99, 0x31, 0x99, 0x31, 0x99, 0x31, 0x99, 0x31, 0x99, 0x31, 0x99, 0x31
.byte 0x08, 0x42, 0x08, 0x42, 0x69, 0x4a, 0xf0, 0x7b, 0x35, 0xa5, 0xdb, 0xde, 0xdf, 0xff, 0x00, 0x00
.byte 0x00, 0x00, 0x00, 0x00, 0x00, 0x00, 0x00, 0x00, 0x00, 0x00, 0x00, 0x00, 0x00, 0x00, 0x00, 0x00
.byte 0x00, 0x00, 0x00, 0x00, 0x00, 0x00, 0x00, 0x00, 0x00, 0x00, 0x00, 0x00, 0x00, 0x00, 0x00, 0x00
.byte 0x00, 0x00, 0x00, 0x00, 0x00, 0x00, 0x00, 0x00, 0x00, 0x00, 0x00, 0x00, 0x00, 0x00, 0x00, 0x00
.byte 0x00, 0x00, 0x00, 0x00, 0x00, 0x00, 0x00, 0x00, 0x00, 0x00, 0x00, 0x00, 0x00, 0x00, 0x00, 0x00
.byte 0x00, 0x00, 0x00, 0x00, 0x00, 0x00, 0x00, 0x00, 0x00, 0x00, 0x00, 0x00, 0x00, 0x00, 0x00, 0x00
.byte 0x00, 0x00, 0x00, 0x00, 0x00, 0x00, 0x00, 0x00, 0x00, 0x00, 0x00, 0x00, 0x00, 0x00, 0x00, 0x00
.byte 0x00, 0x00, 0x00, 0x00, 0x00, 0x00, 0x00, 0x00, 0x00, 0x00, 0x00, 0x00, 0x00, 0x00, 0x00, 0x00
.byte 0x00, 0x00, 0x00, 0x00, 0x00, 0x00, 0x00, 0x00, 0x00, 0x00, 0x00, 0x00, 0x00, 0x00, 0x00, 0x00
.byte 0x00, 0x00, 0x00, 0x00, 0x00, 0x00, 0x00, 0x00, 0x00, 0x00, 0x00, 0x00, 0x00, 0x00, 0x00, 0x00
.byte 0x00, 0x00, 0x00, 0x00, 0x00, 0x00, 0x00, 0x00, 0x00, 0x00, 0x00, 0x00, 0x00, 0x00, 0x00, 0x00
.byte 0x00, 0x00, 0x00, 0x00, 0x00, 0x00, 0x00, 0x00, 0x00, 0x00, 0x00, 0x00, 0x00, 0x00, 0x00, 0x00
.byte 0x00, 0x00, 0x00, 0x00, 0x00, 0x00, 0x00, 0x00, 0x00, 0x00, 0x00, 0x00, 0x00, 0x00, 0x00, 0x00
.byte 0x00, 0x00, 0x00, 0x00, 0x00, 0x00, 0x00, 0x00, 0x00, 0x00, 0x00, 0x00, 0x00, 0x00, 0x00, 0x00
.byte 0x00, 0x00, 0x00, 0x00, 0x00, 0x00, 0x00, 0x00, 0x00, 0x00, 0x00, 0x00, 0x00, 0x00, 0x00, 0x00
.byte 0x00, 0x00, 0x00, 0x00, 0x00, 0x00, 0x00, 0x00, 0x00, 0x00, 0x00, 0x00, 0x00, 0x00, 0x00, 0x00
.byte 0x00, 0x00, 0x00, 0x00, 0x00, 0x00, 0x00, 0x00, 0x00, 0x00, 0x00, 0x00, 0x00, 0x00, 0x00, 0x00
.byte 0x00, 0x00, 0x00, 0x00, 0x00, 0x00, 0x00, 0x00, 0x00, 0x00, 0x00, 0x00, 0x00, 0x00, 0x00, 0x00
.byte 0x00, 0x00, 0x00, 0x00, 0x00, 0x00, 0x00, 0x00, 0x00, 0x00, 0x00, 0x00, 0x00, 0x00, 0x00, 0x00
.byte 0x00, 0x00, 0x00, 0x00, 0x00, 0x00, 0x00, 0x00, 0x00, 0x00, 0x00, 0x00, 0x00, 0x00, 0x00, 0x00
.byte 0x00, 0x00, 0x00, 0x00, 0x00, 0x00, 0x00, 0x00, 0xdf, 0xff, 0x9c, 0x94, 0x99, 0x31, 0x99, 0x31
.byte 0x99, 0x31, 0x99, 0x31, 0x99, 0x31, 0x99, 0x31, 0x99, 0x31, 0x99, 0x31, 0x99, 0x31, 0x99, 0x31
.byte 0x99, 0x31, 0x99, 0x31, 0x99, 0x31, 0x99, 0x31, 0x99, 0x31, 0x99, 0x31, 0x99, 0x31, 0x99, 0x31
.byte 0x99, 0x31, 0x99, 0x52, 0x1b, 0xa5, 0x1e, 0xe7, 0x00, 0x00, 0x00, 0x00, 0x00, 0x00, 0x00, 0x00
.byte 0x00, 0x00, 0x00, 0x00, 0x00, 0x00, 0x00, 0x00, 0x00, 0x00, 0x00, 0x00, 0x00, 0x00, 0x00, 0x00
.byte 0x00, 0x00, 0x00, 0x00, 0x00, 0x00, 0x00, 0x00, 0x00, 0x00, 0x00, 0x00, 0x00, 0x00, 0xdf, 0xff
.byte 0x9e, 0xd6, 0xfb, 0x7b, 0xd8, 0x39, 0x99, 0x31, 0x99, 0x31, 0x99, 0x31, 0x99, 0x31, 0x99, 0x31
.byte 0x99, 0x31, 0x99, 0x31, 0x99, 0x31, 0x99, 0x31, 0x99, 0x31, 0x99, 0x31, 0x99, 0x31, 0x99, 0x31
.byte 0x99, 0x31, 0x99, 0x31, 0x99, 0x31, 0x99, 0x31, 0x99, 0x31, 0x99, 0x31, 0x99, 0x31, 0x99, 0x31
.byte 0x99, 0x31, 0x99, 0x31, 0x99, 0x31, 0x99, 0x31, 0x99, 0x31, 0x99, 0x31, 0x99, 0x31, 0xb3, 0x31
.byte 0x08, 0x42, 0x08, 0x42, 0xcb, 0x5a, 0xf0, 0x7b, 0x38, 0xc6, 0x3c, 0xe7, 0xdf, 0xff, 0x00, 0x00
.byte 0x00, 0x00, 0x00, 0x00, 0x00, 0x00, 0x00, 0x00, 0x00, 0x00, 0x00, 0x00, 0x00, 0x00, 0x00, 0x00
.byte 0x00, 0x00, 0x00, 0x00, 0x00, 0x00, 0x00, 0x00, 0x00, 0x00, 0x00, 0x00, 0x00, 0x00, 0x00, 0x00
.byte 0x00, 0x00, 0x00, 0x00, 0x00, 0x00, 0x00, 0x00, 0x00, 0x00, 0x00, 0x00, 0x00, 0x00, 0x00, 0x00
.byte 0x00, 0x00, 0x00, 0x00, 0x00, 0x00, 0x00, 0x00, 0x00, 0x00, 0x00, 0x00, 0x00, 0x00, 0x00, 0x00
.byte 0x00, 0x00, 0x00, 0x00, 0x00, 0x00, 0x00, 0x00, 0x00, 0x00, 0x00, 0x00, 0x00, 0x00, 0x00, 0x00
.byte 0x00, 0x00, 0x00, 0x00, 0x00, 0x00, 0x00, 0x00, 0x00, 0x00, 0x00, 0x00, 0x00, 0x00, 0x00, 0x00
.byte 0x00, 0x00, 0x00, 0x00, 0x00, 0x00, 0x00, 0x00, 0x00, 0x00, 0x00, 0x00, 0x00, 0x00, 0x00, 0x00
.byte 0x00, 0x00, 0x00, 0x00, 0x00, 0x00, 0x00, 0x00, 0x00, 0x00, 0x00, 0x00, 0x00, 0x00, 0x00, 0x00
.byte 0x00, 0x00, 0x00, 0x00, 0x00, 0x00, 0x00, 0x00, 0x00, 0x00, 0x00, 0x00, 0x00, 0x00, 0x00, 0x00
.byte 0x00, 0x00, 0x00, 0x00, 0x00, 0x00, 0x00, 0x00, 0x00, 0x00, 0x00, 0x00, 0x00, 0x00, 0x00, 0x00
.byte 0x00, 0x00, 0x00, 0x00, 0x00, 0x00, 0x00, 0x00, 0x00, 0x00, 0x00, 0x00, 0x00, 0x00, 0x00, 0x00
.byte 0x00, 0x00, 0x00, 0x00, 0x00, 0x00, 0x00, 0x00, 0x00, 0x00, 0x00, 0x00, 0x00, 0x00, 0x00, 0x00
.byte 0x00, 0x00, 0x00, 0x00, 0x00, 0x00, 0x00, 0x00, 0x00, 0x00, 0x00, 0x00, 0x00, 0x00, 0x00, 0x00
.byte 0x00, 0x00, 0x00, 0x00, 0x00, 0x00, 0x00, 0x00, 0x00, 0x00, 0x00, 0x00, 0x00, 0x00, 0x00, 0x00
.byte 0x00, 0x00, 0x00, 0x00, 0x00, 0x00, 0x00, 0x00, 0x00, 0x00, 0x00, 0x00, 0x00, 0x00, 0x00, 0x00
.byte 0x00, 0x00, 0x00, 0x00, 0x00, 0x00, 0x00, 0x00, 0x00, 0x00, 0x00, 0x00, 0x00, 0x00, 0x00, 0x00
.byte 0x00, 0x00, 0x00, 0x00, 0x00, 0x00, 0x00, 0x00, 0x00, 0x00, 0x00, 0x00, 0x00, 0x00, 0x00, 0x00
.byte 0x00, 0x00, 0x00, 0x00, 0x00, 0x00, 0x00, 0x00, 0x00, 0x00, 0x00, 0x00, 0x00, 0x00, 0x00, 0x00
.byte 0x00, 0x00, 0x00, 0x00, 0x00, 0x00, 0x00, 0x00, 0x00, 0x00, 0x00, 0x00, 0x00, 0x00, 0x00, 0x00
.byte 0x00, 0x00, 0x00, 0x00, 0x00, 0x00, 0x00, 0x00, 0x00, 0x00, 0x9e, 0xd6, 0xd8, 0x39, 0x99, 0x31
.byte 0x99, 0x31, 0x99, 0x31, 0x99, 0x31, 0x99, 0x31, 0x99, 0x31, 0x99, 0x31, 0x99, 0x31, 0x99, 0x31
.byte 0x99, 0x31, 0x99, 0x31, 0x99, 0x31, 0x99, 0x31, 0x99, 0x31, 0x99, 0x31, 0x99, 0x31, 0x99, 0x31
.byte 0x99, 0x31, 0x99, 0x31, 0x99, 0x31, 0xd8, 0x39, 0xfb, 0x7b, 0x1d, 0xc6, 0x1e, 0xe7, 0xdf, 0xff
.byte 0x00, 0x00, 0x00, 0x00, 0x00, 0x00, 0x00, 0x00, 0x00, 0x00, 0x00, 0x00, 0x00, 0x00, 0x00, 0x00
.byte 0x00, 0x00, 0x00, 0x00, 0x00, 0x00, 0x00, 0x00, 0x9f, 0xf7, 0xdb, 0xde, 0x1b, 0xa5, 0x99, 0x52
.byte 0x99, 0x31, 0x99, 0x31, 0x99, 0x31, 0x99, 0x31, 0x99, 0x31, 0x99, 0x31, 0x99, 0x31, 0x99, 0x31
.byte 0x99, 0x31, 0x99, 0x31, 0x99, 0x31, 0x99, 0x31, 0x99, 0x31, 0x99, 0x31, 0x99, 0x31, 0x99, 0x31
.byte 0x99, 0x31, 0x99, 0x31, 0x99, 0x31, 0x99, 0x31, 0x99, 0x31, 0x99, 0x31, 0x99, 0x31, 0x99, 0x31
.byte 0x99, 0x31, 0x99, 0x31, 0x99, 0x31, 0x99, 0x31, 0x99, 0x31, 0x99, 0x31, 0x99, 0x31, 0xcd, 0x39
.byte 0x08, 0x42, 0x69, 0x4a, 0x6d, 0x6b, 0xd3, 0x9c, 0x38, 0xc6, 0x9e, 0xf7, 0x00, 0x00, 0x00, 0x00
.byte 0x00, 0x00, 0x00, 0x00, 0x00, 0x00, 0x00, 0x00, 0x00, 0x00, 0x00, 0x00, 0x00, 0x00, 0x00, 0x00
.byte 0x00, 0x00, 0x00, 0x00, 0x00, 0x00, 0x00, 0x00, 0x00, 0x00, 0x00, 0x00, 0x00, 0x00, 0x00, 0x00
.byte 0x00, 0x00, 0x00, 0x00, 0x00, 0x00, 0x00, 0x00, 0x00, 0x00, 0x00, 0x00, 0x00, 0x00, 0x00, 0x00
.byte 0x00, 0x00, 0x00, 0x00, 0x00, 0x00, 0x00, 0x00, 0x00, 0x00, 0x00, 0x00, 0x00, 0x00, 0x00, 0x00
.byte 0x00, 0x00, 0x00, 0x00, 0x00, 0x00, 0x00, 0x00, 0x00, 0x00, 0x00, 0x00, 0x00, 0x00, 0x00, 0x00
.byte 0x00, 0x00, 0x00, 0x00, 0x00, 0x00, 0x00, 0x00, 0x00, 0x00, 0x00, 0x00, 0x00, 0x00, 0x00, 0x00
.byte 0x00, 0x00, 0x00, 0x00, 0x00, 0x00, 0x00, 0x00, 0x00, 0x00, 0x00, 0x00, 0x00, 0x00, 0x00, 0x00
.byte 0x00, 0x00, 0x00, 0x00, 0x00, 0x00, 0x00, 0x00, 0x00, 0x00, 0x00, 0x00, 0x00, 0x00, 0x00, 0x00
.byte 0x00, 0x00, 0x00, 0x00, 0x00, 0x00, 0x00, 0x00, 0x00, 0x00, 0x00, 0x00, 0x00, 0x00, 0x00, 0x00
.byte 0x00, 0x00, 0x00, 0x00, 0x00, 0x00, 0x00, 0x00, 0x00, 0x00, 0x00, 0x00, 0x00, 0x00, 0x00, 0x00
.byte 0x00, 0x00, 0x00, 0x00, 0x00, 0x00, 0x00, 0x00, 0x00, 0x00, 0x00, 0x00, 0x00, 0x00, 0x00, 0x00
.byte 0x00, 0x00, 0x00, 0x00, 0x00, 0x00, 0x00, 0x00, 0x00, 0x00, 0x00, 0x00, 0x00, 0x00, 0x00, 0x00
.byte 0x00, 0x00, 0x00, 0x00, 0x00, 0x00, 0x00, 0x00, 0x00, 0x00, 0x00, 0x00, 0x00, 0x00, 0x00, 0x00
.byte 0x00, 0x00, 0x00, 0x00, 0x00, 0x00, 0x00, 0x00, 0x00, 0x00, 0x00, 0x00, 0x00, 0x00, 0x00, 0x00
.byte 0x00, 0x00, 0x00, 0x00, 0x00, 0x00, 0x00, 0x00, 0x00, 0x00, 0x00, 0x00, 0x00, 0x00, 0x00, 0x00
.byte 0x00, 0x00, 0x00, 0x00, 0x00, 0x00, 0x00, 0x00, 0x00, 0x00, 0x00, 0x00, 0x00, 0x00, 0x00, 0x00
.byte 0x00, 0x00, 0x00, 0x00, 0x00, 0x00, 0x00, 0x00, 0x00, 0x00, 0x00, 0x00, 0x00, 0x00, 0x00, 0x00
.byte 0x00, 0x00, 0x00, 0x00, 0x00, 0x00, 0x00, 0x00, 0x00, 0x00, 0x00, 0x00, 0x00, 0x00, 0x00, 0x00
.byte 0x00, 0x00, 0x00, 0x00, 0x00, 0x00, 0x00, 0x00, 0x00, 0x00, 0x00, 0x00, 0x00, 0x00, 0x00, 0x00
.byte 0x00, 0x00, 0x00, 0x00, 0x00, 0x00, 0x00, 0x00, 0x00, 0x00, 0xdf, 0xff, 0x5a, 0x6b, 0x99, 0x31
.byte 0x99, 0x31, 0x99, 0x31, 0x99, 0x31, 0x99, 0x31, 0x99, 0x31, 0x99, 0x31, 0x99, 0x31, 0x99, 0x31
.byte 0x99, 0x31, 0x99, 0x31, 0x99, 0x31, 0x99, 0x31, 0x99, 0x31, 0x99, 0x31, 0x99, 0x31, 0x99, 0x31
.byte 0x99, 0x31, 0x99, 0x31, 0x99, 0x31, 0x99, 0x31, 0x99, 0x31, 0x99, 0x31, 0xd8, 0x39, 0x99, 0x52
.byte 0xfb, 0x7b, 0x9c, 0x94, 0x1b, 0xa5, 0x9c, 0xb5, 0x1d, 0xc6, 0x1d, 0xc6, 0x1d, 0xc6, 0x1d, 0xc6
.byte 0x9c, 0xb5, 0x1b, 0xa5, 0x9c, 0x94, 0x5a, 0x6b, 0x99, 0x52, 0x99, 0x31, 0x99, 0x31, 0x99, 0x31
.byte 0x99, 0x31, 0x99, 0x31, 0x99, 0x31, 0x99, 0x31, 0x99, 0x31, 0x99, 0x31, 0x99, 0x31, 0x99, 0x31
.byte 0x99, 0x31, 0x99, 0x31, 0x99, 0x31, 0x99, 0x31, 0x99, 0x31, 0x99, 0x31, 0x99, 0x31, 0x99, 0x31
.byte 0x99, 0x31, 0x99, 0x31, 0x99, 0x31, 0x99, 0x31, 0x99, 0x31, 0x99, 0x31, 0x99, 0x31, 0x99, 0x31
.byte 0x99, 0x31, 0x99, 0x31, 0x99, 0x31, 0x99, 0x31, 0x99, 0x31, 0x99, 0x31, 0xb3, 0x31, 0x08, 0x42
.byte 0x08, 0x42, 0x69, 0x4a, 0x6d, 0x6b, 0x35, 0xa5, 0xdb, 0xde, 0x9e, 0xf7, 0x00, 0x00, 0x00, 0x00
.byte 0x00, 0x00, 0x00, 0x00, 0x00, 0x00, 0x00, 0x00, 0x00, 0x00, 0x00, 0x00, 0x00, 0x00, 0x00, 0x00
.byte 0x00, 0x00, 0x00, 0x00, 0x00, 0x00, 0x00, 0x00, 0x00, 0x00, 0x00, 0x00, 0x00, 0x00, 0x00, 0x00
.byte 0x00, 0x00, 0x00, 0x00, 0x00, 0x00, 0x00, 0x00, 0x00, 0x00, 0x00, 0x00, 0x00, 0x00, 0x00, 0x00
.byte 0x00, 0x00, 0x00, 0x00, 0x00, 0x00, 0x00, 0x00, 0x00, 0x00, 0x00, 0x00, 0x00, 0x00, 0x00, 0x00
.byte 0x00, 0x00, 0x00, 0x00, 0x00, 0x00, 0x00, 0x00, 0x00, 0x00, 0x00, 0x00, 0x00, 0x00, 0x00, 0x00
.byte 0x00, 0x00, 0x00, 0x00, 0x00, 0x00, 0x00, 0x00, 0x00, 0x00, 0x00, 0x00, 0x00, 0x00, 0x00, 0x00
.byte 0x00, 0x00, 0x00, 0x00, 0x00, 0x00, 0x00, 0x00, 0x00, 0x00, 0x00, 0x00, 0x00, 0x00, 0x00, 0x00
.byte 0x00, 0x00, 0x00, 0x00, 0x00, 0x00, 0x00, 0x00, 0x00, 0x00, 0x00, 0x00, 0x00, 0x00, 0x00, 0x00
.byte 0x00, 0x00, 0x00, 0x00, 0x00, 0x00, 0x00, 0x00, 0x00, 0x00, 0x00, 0x00, 0x00, 0x00, 0x00, 0x00
.byte 0x00, 0x00, 0x00, 0x00, 0x00, 0x00, 0x00, 0x00, 0x00, 0x00, 0x00, 0x00, 0x00, 0x00, 0x00, 0x00
.byte 0x00, 0x00, 0x00, 0x00, 0x00, 0x00, 0x00, 0x00, 0x00, 0x00, 0x00, 0x00, 0x00, 0x00, 0x00, 0x00
.byte 0x00, 0x00, 0x00, 0x00, 0x00, 0x00, 0x00, 0x00, 0x00, 0x00, 0x00, 0x00, 0x00, 0x00, 0x00, 0x00
.byte 0x00, 0x00, 0x00, 0x00, 0x00, 0x00, 0x00, 0x00, 0x00, 0x00, 0x00, 0x00, 0x00, 0x00, 0x00, 0x00
.byte 0x00, 0x00, 0x00, 0x00, 0x00, 0x00, 0x00, 0x00, 0x00, 0x00, 0x00, 0x00, 0x00, 0x00, 0x00, 0x00
.byte 0x00, 0x00, 0x00, 0x00, 0x00, 0x00, 0x00, 0x00, 0x00, 0x00, 0x00, 0x00, 0x00, 0x00, 0x00, 0x00
.byte 0x00, 0x00, 0x00, 0x00, 0x00, 0x00, 0x00, 0x00, 0x00, 0x00, 0x00, 0x00, 0x00, 0x00, 0x00, 0x00
.byte 0x00, 0x00, 0x00, 0x00, 0x00, 0x00, 0x00, 0x00, 0x00, 0x00, 0x00, 0x00, 0x00, 0x00, 0x00, 0x00
.byte 0x00, 0x00, 0x00, 0x00, 0x00, 0x00, 0x00, 0x00, 0x00, 0x00, 0x00, 0x00, 0x00, 0x00, 0x00, 0x00
.byte 0x00, 0x00, 0x00, 0x00, 0x00, 0x00, 0x00, 0x00, 0x00, 0x00, 0x00, 0x00, 0x00, 0x00, 0x00, 0x00
.byte 0x00, 0x00, 0x00, 0x00, 0x00, 0x00, 0x00, 0x00, 0x00, 0x00, 0xdf, 0xff, 0x1d, 0xc6, 0x99, 0x31
.byte 0x99, 0x31, 0x99, 0x31, 0x99, 0x31, 0x99, 0x31, 0x99, 0x31, 0x99, 0x31, 0x99, 0x31, 0x99, 0x31
.byte 0x99, 0x31, 0x99, 0x31, 0x99, 0x31, 0x99, 0x31, 0x99, 0x31, 0x99, 0x31, 0x99, 0x31, 0x99, 0x31
.byte 0x99, 0x31, 0x99, 0x31, 0x99, 0x31, 0x99, 0x31, 0x99, 0x31, 0x99, 0x31, 0x99, 0x31, 0x99, 0x31
.byte 0x99, 0x31, 0x99, 0x31, 0x99, 0x31, 0x99, 0x31, 0x99, 0x31, 0x99, 0x31, 0x99, 0x31, 0x99, 0x31
.byte 0x99, 0x31, 0x99, 0x31, 0x99, 0x31, 0x99, 0x31, 0x99, 0x31, 0x99, 0x31, 0x99, 0x31, 0x99, 0x31
.byte 0x99, 0x31, 0x99, 0x31, 0x99, 0x31, 0x99, 0x31, 0x99, 0x31, 0x99, 0x31, 0x99, 0x31, 0x99, 0x31
.byte 0x99, 0x31, 0x99, 0x31, 0x99, 0x31, 0x99, 0x31, 0x99, 0x31, 0x99, 0x31, 0x99, 0x31, 0x99, 0x31
.byte 0x99, 0x31, 0x99, 0x31, 0x99, 0x31, 0x99, 0x31, 0x99, 0x31, 0x99, 0x31, 0x99, 0x31, 0x99, 0x31
.byte 0x99, 0x31, 0x99, 0x31, 0x99, 0x31, 0x99, 0x31, 0x99, 0x31, 0x99, 0x31, 0xcd, 0x39, 0x08, 0x42
.byte 0x08, 0x42, 0xcb, 0x5a, 0xf0, 0x7b, 0xb6, 0xb5, 0x3c, 0xe7, 0xdf, 0xff, 0x00, 0x00, 0x00, 0x00
.byte 0x00, 0x00, 0x00, 0x00, 0x00, 0x00, 0x00, 0x00, 0x00, 0x00, 0x00, 0x00, 0x00, 0x00, 0x00, 0x00
.byte 0x00, 0x00, 0x00, 0x00, 0x00, 0x00, 0x00, 0x00, 0x00, 0x00, 0x00, 0x00, 0x00, 0x00, 0x00, 0x00
.byte 0x00, 0x00, 0x00, 0x00, 0x00, 0x00, 0x00, 0x00, 0x00, 0x00, 0x00, 0x00, 0x00, 0x00, 0x00, 0x00
.byte 0x00, 0x00, 0x00, 0x00, 0x00, 0x00, 0x00, 0x00, 0x00, 0x00, 0x00, 0x00, 0x00, 0x00, 0x00, 0x00
.byte 0x00, 0x00, 0x00, 0x00, 0x00, 0x00, 0x00, 0x00, 0x00, 0x00, 0x00, 0x00, 0x00, 0x00, 0x00, 0x00
.byte 0x00, 0x00, 0x00, 0x00, 0x00, 0x00, 0x00, 0x00, 0x00, 0x00, 0x00, 0x00, 0x00, 0x00, 0x00, 0x00
.byte 0x00, 0x00, 0x00, 0x00, 0x00, 0x00, 0x00, 0x00, 0x00, 0x00, 0x00, 0x00, 0x00, 0x00, 0x00, 0x00
.byte 0x00, 0x00, 0x00, 0x00, 0x00, 0x00, 0x00, 0x00, 0x00, 0x00, 0x00, 0x00, 0x00, 0x00, 0x00, 0x00
.byte 0x00, 0x00, 0x00, 0x00, 0x00, 0x00, 0x00, 0x00, 0x00, 0x00, 0x00, 0x00, 0x00, 0x00, 0x00, 0x00
.byte 0x00, 0x00, 0x00, 0x00, 0x00, 0x00, 0x00, 0x00, 0x00, 0x00, 0x00, 0x00, 0x00, 0x00, 0x00, 0x00
.byte 0x00, 0x00, 0x00, 0x00, 0x00, 0x00, 0x00, 0x00, 0x00, 0x00, 0x00, 0x00, 0x00, 0x00, 0x00, 0x00
.byte 0x00, 0x00, 0x00, 0x00, 0x00, 0x00, 0x00, 0x00, 0x00, 0x00, 0x00, 0x00, 0x00, 0x00, 0x00, 0x00
.byte 0x00, 0x00, 0x00, 0x00, 0x00, 0x00, 0x00, 0x00, 0x00, 0x00, 0x00, 0x00, 0x00, 0x00, 0x00, 0x00
.byte 0x00, 0x00, 0x00, 0x00, 0x00, 0x00, 0x00, 0x00, 0x00, 0x00, 0x00, 0x00, 0x00, 0x00, 0x00, 0x00
.byte 0x00, 0x00, 0x00, 0x00, 0x00, 0x00, 0x00, 0x00, 0x00, 0x00, 0x00, 0x00, 0x00, 0x00, 0x00, 0x00
.byte 0x00, 0x00, 0x00, 0x00, 0x00, 0x00, 0x00, 0x00, 0x00, 0x00, 0x00, 0x00, 0x00, 0x00, 0x00, 0x00
.byte 0x00, 0x00, 0x00, 0x00, 0x00, 0x00, 0x00, 0x00, 0x00, 0x00, 0x00, 0x00, 0x00, 0x00, 0x00, 0x00
.byte 0x00, 0x00, 0x00, 0x00, 0x00, 0x00, 0x00, 0x00, 0x00, 0x00, 0x00, 0x00, 0x00, 0x00, 0x00, 0x00
.byte 0x00, 0x00, 0x00, 0x00, 0x00, 0x00, 0x00, 0x00, 0x00, 0x00, 0x00, 0x00, 0x00, 0x00, 0x00, 0x00
.byte 0x00, 0x00, 0x00, 0x00, 0x00, 0x00, 0x00, 0x00, 0x00, 0x00, 0x00, 0x00, 0x9e, 0xf7, 0x5a, 0x6b
.byte 0x99, 0x31, 0x99, 0x31, 0x99, 0x31, 0x99, 0x31, 0x99, 0x31, 0x99, 0x31, 0x99, 0x31, 0x99, 0x31
.byte 0x99, 0x31, 0x99, 0x31, 0x99, 0x31, 0x99, 0x31, 0x99, 0x31, 0x99, 0x31, 0x99, 0x31, 0x99, 0x31
.byte 0x99, 0x31, 0x99, 0x31, 0x99, 0x31, 0x99, 0x31, 0x99, 0x31, 0x99, 0x31, 0x99, 0x31, 0x99, 0x31
.byte 0x99, 0x31, 0x99, 0x31, 0x99, 0x31, 0x99, 0x31, 0x99, 0x31, 0x99, 0x31, 0x99, 0x31, 0x99, 0x31
.byte 0x99, 0x31, 0x99, 0x31, 0x99, 0x31, 0x99, 0x31, 0x99, 0x31, 0x99, 0x31, 0x99, 0x31, 0x99, 0x31
.byte 0x99, 0x31, 0x99, 0x31, 0x99, 0x31, 0x99, 0x31, 0x99, 0x31, 0x99, 0x31, 0x99, 0x31, 0x99, 0x31
.byte 0x99, 0x31, 0x99, 0x31, 0x99, 0x31, 0x99, 0x31, 0x99, 0x31, 0x99, 0x31, 0x99, 0x31, 0x99, 0x31
.byte 0x99, 0x31, 0x99, 0x31, 0x99, 0x31, 0x99, 0x31, 0x99, 0x31, 0x99, 0x31, 0x99, 0x31, 0x99, 0x31
.byte 0x99, 0x31, 0x99, 0x31, 0x99, 0x31, 0x99, 0x31, 0x99, 0x31, 0xd8, 0x39, 0x08, 0x42, 0x08, 0x42
.byte 0x69, 0x4a, 0x6d, 0x6b, 0xd3, 0x9c, 0x38, 0xc6, 0x9e, 0xf7, 0x00, 0x00, 0x00, 0x00, 0x00, 0x00
.byte 0x00, 0x00, 0x00, 0x00, 0x00, 0x00, 0x00, 0x00, 0x00, 0x00, 0x00, 0x00, 0x00, 0x00, 0x00, 0x00
.byte 0x00, 0x00, 0x00, 0x00, 0x00, 0x00, 0x00, 0x00, 0x00, 0x00, 0x00, 0x00, 0x00, 0x00, 0x00, 0x00
.byte 0x00, 0x00, 0x00, 0x00, 0x00, 0x00, 0x00, 0x00, 0x00, 0x00, 0x00, 0x00, 0x00, 0x00, 0x00, 0x00
.byte 0x00, 0x00, 0x00, 0x00, 0x00, 0x00, 0x00, 0x00, 0x00, 0x00, 0x00, 0x00, 0x00, 0x00, 0x00, 0x00
.byte 0x00, 0x00, 0x00, 0x00, 0x00, 0x00, 0x00, 0x00, 0x00, 0x00, 0x00, 0x00, 0x00, 0x00, 0x00, 0x00
.byte 0x00, 0x00, 0x00, 0x00, 0x00, 0x00, 0x00, 0x00, 0x00, 0x00, 0x00, 0x00, 0x00, 0x00, 0x00, 0x00
.byte 0x00, 0x00, 0x00, 0x00, 0x00, 0x00, 0x00, 0x00, 0x00, 0x00, 0x00, 0x00, 0x00, 0x00, 0x00, 0x00
.byte 0x00, 0x00, 0x00, 0x00, 0x00, 0x00, 0x00, 0x00, 0x00, 0x00, 0x00, 0x00, 0x00, 0x00, 0x00, 0x00
.byte 0x00, 0x00, 0x00, 0x00, 0x00, 0x00, 0x00, 0x00, 0x00, 0x00, 0x00, 0x00, 0x00, 0x00, 0x00, 0x00
.byte 0x00, 0x00, 0x00, 0x00, 0x00, 0x00, 0x00, 0x00, 0x00, 0x00, 0x00, 0x00, 0x00, 0x00, 0x00, 0x00
.byte 0x00, 0x00, 0x00, 0x00, 0x00, 0x00, 0x00, 0x00, 0x00, 0x00, 0x00, 0x00, 0x00, 0x00, 0x00, 0x00
.byte 0x00, 0x00, 0x00, 0x00, 0x00, 0x00, 0x00, 0x00, 0x00, 0x00, 0x00, 0x00, 0x00, 0x00, 0x00, 0x00
.byte 0x00, 0x00, 0x00, 0x00, 0x00, 0x00, 0x00, 0x00, 0x00, 0x00, 0x00, 0x00, 0x00, 0x00, 0x00, 0x00
.byte 0x00, 0x00, 0x00, 0x00, 0x00, 0x00, 0x00, 0x00, 0x00, 0x00, 0x00, 0x00, 0x00, 0x00, 0x00, 0x00
.byte 0x00, 0x00, 0x00, 0x00, 0x00, 0x00, 0x00, 0x00, 0x00, 0x00, 0x00, 0x00, 0x00, 0x00, 0x00, 0x00
.byte 0x00, 0x00, 0x00, 0x00, 0x00, 0x00, 0x00, 0x00, 0x00, 0x00, 0x00, 0x00, 0x00, 0x00, 0x00, 0x00
.byte 0x00, 0x00, 0x00, 0x00, 0x00, 0x00, 0x00, 0x00, 0x00, 0x00, 0x00, 0x00, 0x00, 0x00, 0x00, 0x00
.byte 0x00, 0x00, 0x00, 0x00, 0x00, 0x00, 0x00, 0x00, 0x00, 0x00, 0x00, 0x00, 0x00, 0x00, 0x00, 0x00
.byte 0x00, 0x00, 0x00, 0x00, 0x00, 0x00, 0x00, 0x00, 0x00, 0x00, 0x00, 0x00, 0x00, 0x00, 0x00, 0x00
.byte 0x00, 0x00, 0x00, 0x00, 0x00, 0x00, 0x00, 0x00, 0x00, 0x00, 0x00, 0x00, 0xdf, 0xff, 0x9c, 0xb5
.byte 0x99, 0x31, 0x99, 0x31, 0x99, 0x31, 0x99, 0x31, 0x99, 0x31, 0x99, 0x31, 0x99, 0x31, 0x99, 0x31
.byte 0x99, 0x31, 0x99, 0x31, 0x99, 0x31, 0x99, 0x31, 0x99, 0x31, 0x99, 0x31, 0x99, 0x31, 0x99, 0x31
.byte 0x99, 0x31, 0x99, 0x31, 0x99, 0x31, 0x99, 0x31, 0x99, 0x31, 0x99, 0x31, 0x99, 0x31, 0x99, 0x31
.byte 0x99, 0x31, 0x99, 0x31, 0x99, 0x31, 0x99, 0x31, 0x99, 0x31, 0x99, 0x31, 0x99, 0x31, 0x99, 0x31
.byte 0x99, 0x31, 0x99, 0x31, 0x99, 0x31, 0x99, 0x31, 0x99, 0x31, 0x99, 0x31, 0x99, 0x31, 0x99, 0x31
.byte 0x99, 0x31, 0x99, 0x31, 0x99, 0x31, 0x99, 0x31, 0x99, 0x31, 0x99, 0x31, 0x99, 0x31, 0x99, 0x31
.byte 0x99, 0x31, 0x99, 0x31, 0x99, 0x31, 0x99, 0x31, 0x99, 0x31, 0x99, 0x31, 0x99, 0x31, 0x99, 0x31
.byte 0x99, 0x31, 0x99, 0x31, 0x99, 0x31, 0x99, 0x31, 0x99, 0x31, 0x99, 0x31, 0x99, 0x31, 0x99, 0x31
.byte 0x99, 0x31, 0x99, 0x31, 0x99, 0x31, 0x99, 0x31, 0x99, 0x31, 0xcd, 0x39, 0x08, 0x42, 0x08, 0x42
.byte 0x69, 0x4a, 0xf0, 0x7b, 0x35, 0xa5, 0xdb, 0xde, 0xdf, 0xff, 0x00, 0x00, 0x00, 0x00, 0x00, 0x00
.byte 0x00, 0x00, 0x00, 0x00, 0x00, 0x00, 0x00, 0x00, 0x00, 0x00, 0x00, 0x00, 0x00, 0x00, 0x00, 0x00
.byte 0x00, 0x00, 0x00, 0x00, 0x00, 0x00, 0x00, 0x00, 0x00, 0x00, 0x00, 0x00, 0x00, 0x00, 0x00, 0x00
.byte 0x00, 0x00, 0x00, 0x00, 0x00, 0x00, 0x00, 0x00, 0x00, 0x00, 0x00, 0x00, 0x00, 0x00, 0x00, 0x00
.byte 0x00, 0x00, 0x00, 0x00, 0x00, 0x00, 0x00, 0x00, 0x00, 0x00, 0x00, 0x00, 0x00, 0x00, 0x00, 0x00
.byte 0x00, 0x00, 0x00, 0x00, 0x00, 0x00, 0x00, 0x00, 0x00, 0x00, 0x00, 0x00, 0x00, 0x00, 0x00, 0x00
.byte 0x00, 0x00, 0x00, 0x00, 0x00, 0x00, 0x00, 0x00, 0x00, 0x00, 0x00, 0x00, 0x00, 0x00, 0x00, 0x00
.byte 0x00, 0x00, 0x00, 0x00, 0x00, 0x00, 0x00, 0x00, 0x00, 0x00, 0x00, 0x00, 0x00, 0x00, 0x00, 0x00
.byte 0x00, 0x00, 0x00, 0x00, 0x00, 0x00, 0x00, 0x00, 0x00, 0x00, 0x00, 0x00, 0x00, 0x00, 0x00, 0x00
.byte 0x00, 0x00, 0x00, 0x00, 0x00, 0x00, 0x00, 0x00, 0x00, 0x00, 0x00, 0x00, 0x00, 0x00, 0x00, 0x00
.byte 0x00, 0x00, 0x00, 0x00, 0x00, 0x00, 0x00, 0x00, 0x00, 0x00, 0x00, 0x00, 0x00, 0x00, 0x00, 0x00
.byte 0x00, 0x00, 0x00, 0x00, 0x00, 0x00, 0x00, 0x00, 0x00, 0x00, 0x00, 0x00, 0x00, 0x00, 0x00, 0x00
.byte 0x00, 0x00, 0x00, 0x00, 0x00, 0x00, 0x00, 0x00, 0x00, 0x00, 0x00, 0x00, 0x00, 0x00, 0x00, 0x00
.byte 0x00, 0x00, 0x00, 0x00, 0x00, 0x00, 0x00, 0x00, 0x00, 0x00, 0x00, 0x00, 0x00, 0x00, 0x00, 0x00
.byte 0x00, 0x00, 0x00, 0x00, 0x00, 0x00, 0x00, 0x00, 0x00, 0x00, 0x00, 0x00, 0x00, 0x00, 0x00, 0x00
.byte 0x00, 0x00, 0x00, 0x00, 0x00, 0x00, 0x00, 0x00, 0x00, 0x00, 0x00, 0x00, 0x00, 0x00, 0x00, 0x00
.byte 0x00, 0x00, 0x00, 0x00, 0x00, 0x00, 0x00, 0x00, 0x00, 0x00, 0x00, 0x00, 0x00, 0x00, 0x00, 0x00
.byte 0x00, 0x00, 0x00, 0x00, 0x00, 0x00, 0x00, 0x00, 0x00, 0x00, 0x00, 0x00, 0x00, 0x00, 0x00, 0x00
.byte 0x00, 0x00, 0x00, 0x00, 0x00, 0x00, 0x00, 0x00, 0x00, 0x00, 0x00, 0x00, 0x00, 0x00, 0x00, 0x00
.byte 0x00, 0x00, 0x00, 0x00, 0x00, 0x00, 0x00, 0x00, 0x00, 0x00, 0x00, 0x00, 0x00, 0x00, 0x00, 0x00
.byte 0x00, 0x00, 0x00, 0x00, 0x00, 0x00, 0x00, 0x00, 0x00, 0x00, 0x00, 0x00, 0x00, 0x00, 0x9e, 0xf7
.byte 0x99, 0x52, 0x99, 0x31, 0x99, 0x31, 0x99, 0x31, 0x99, 0x31, 0x99, 0x31, 0x99, 0x31, 0x99, 0x31
.byte 0x99, 0x31, 0x99, 0x31, 0x99, 0x31, 0x99, 0x31, 0x99, 0x31, 0x99, 0x31, 0x99, 0x31, 0x99, 0x31
.byte 0x99, 0x31, 0x99, 0x31, 0x99, 0x31, 0x99, 0x31, 0x99, 0x31, 0x99, 0x31, 0x99, 0x31, 0x99, 0x31
.byte 0x99, 0x31, 0x99, 0x31, 0x99, 0x31, 0x99, 0x31, 0x99, 0x31, 0x99, 0x31, 0x99, 0x31, 0x99, 0x31
.byte 0x99, 0x31, 0x99, 0x31, 0x99, 0x31, 0x99, 0x31, 0x99, 0x31, 0x99, 0x31, 0x99, 0x31, 0x99, 0x31
.byte 0x99, 0x31, 0x99, 0x31, 0x99, 0x31, 0x99, 0x31, 0x99, 0x31, 0x99, 0x31, 0x99, 0x31, 0x99, 0x31
.byte 0x99, 0x31, 0x99, 0x31, 0x99, 0x31, 0x99, 0x31, 0x99, 0x31, 0x99, 0x31, 0x99, 0x31, 0x99, 0x31
.byte 0x99, 0x31, 0x99, 0x31, 0x99, 0x31, 0x99, 0x31, 0x99, 0x31, 0x99, 0x31, 0x99, 0x31, 0x99, 0x31
.byte 0x99, 0x31, 0x99, 0x31, 0x99, 0x31, 0x99, 0x31, 0xd8, 0x39, 0x08, 0x42, 0x08, 0x42, 0x69, 0x4a
.byte 0xcb, 0x5a, 0x71, 0x8c, 0x38, 0xc6, 0x3c, 0xe7, 0xdf, 0xff, 0x00, 0x00, 0x00, 0x00, 0x00, 0x00
.byte 0x00, 0x00, 0x00, 0x00, 0x00, 0x00, 0x00, 0x00, 0x00, 0x00, 0x00, 0x00, 0x00, 0x00, 0x00, 0x00
.byte 0x00, 0x00, 0x00, 0x00, 0x00, 0x00, 0x00, 0x00, 0x00, 0x00, 0x00, 0x00, 0x00, 0x00, 0x00, 0x00
.byte 0x00, 0x00, 0x00, 0x00, 0x00, 0x00, 0x00, 0x00, 0x00, 0x00, 0x00, 0x00, 0x00, 0x00, 0x00, 0x00
.byte 0x00, 0x00, 0x00, 0x00, 0x00, 0x00, 0x00, 0x00, 0x00, 0x00, 0x00, 0x00, 0x00, 0x00, 0x00, 0x00
.byte 0x00, 0x00, 0x00, 0x00, 0x00, 0x00, 0x00, 0x00, 0x00, 0x00, 0x00, 0x00, 0x00, 0x00, 0x00, 0x00
.byte 0x00, 0x00, 0x00, 0x00, 0x00, 0x00, 0x00, 0x00, 0x00, 0x00, 0x00, 0x00, 0x00, 0x00, 0x00, 0x00
.byte 0x00, 0x00, 0x00, 0x00, 0x00, 0x00, 0x00, 0x00, 0x00, 0x00, 0x00, 0x00, 0x00, 0x00, 0x00, 0x00
.byte 0x00, 0x00, 0x00, 0x00, 0x00, 0x00, 0x00, 0x00, 0x00, 0x00, 0x00, 0x00, 0x00, 0x00, 0x00, 0x00
.byte 0x00, 0x00, 0x00, 0x00, 0x00, 0x00, 0x00, 0x00, 0x00, 0x00, 0x00, 0x00, 0x00, 0x00, 0x00, 0x00
.byte 0x00, 0x00, 0x00, 0x00, 0x00, 0x00, 0x00, 0x00, 0x00, 0x00, 0x00, 0x00, 0x00, 0x00, 0x00, 0x00
.byte 0x00, 0x00, 0x00, 0x00, 0x00, 0x00, 0x00, 0x00, 0x00, 0x00, 0x00, 0x00, 0x00, 0x00, 0x00, 0x00
.byte 0x00, 0x00, 0x00, 0x00, 0x00, 0x00, 0x00, 0x00, 0x00, 0x00, 0x00, 0x00, 0x00, 0x00, 0x00, 0x00
.byte 0x00, 0x00, 0x00, 0x00, 0x00, 0x00, 0x00, 0x00, 0x00, 0x00, 0x00, 0x00, 0x00, 0x00, 0x00, 0x00
.byte 0x00, 0x00, 0x00, 0x00, 0x00, 0x00, 0x00, 0x00, 0x00, 0x00, 0x00, 0x00, 0x00, 0x00, 0x00, 0x00
.byte 0x00, 0x00, 0x00, 0x00, 0x00, 0x00, 0x00, 0x00, 0x00, 0x00, 0x00, 0x00, 0x00, 0x00, 0x00, 0x00
.byte 0x00, 0x00, 0x00, 0x00, 0x00, 0x00, 0x00, 0x00, 0x00, 0x00, 0x00, 0x00, 0x00, 0x00, 0x00, 0x00
.byte 0x00, 0x00, 0x00, 0x00, 0x00, 0x00, 0x00, 0x00, 0x00, 0x00, 0x00, 0x00, 0x00, 0x00, 0x00, 0x00
.byte 0x00, 0x00, 0x00, 0x00, 0x00, 0x00, 0x00, 0x00, 0x00, 0x00, 0x00, 0x00, 0x00, 0x00, 0x00, 0x00
.byte 0x00, 0x00, 0x00, 0x00, 0x00, 0x00, 0x00, 0x00, 0x00, 0x00, 0x00, 0x00, 0x00, 0x00, 0x00, 0x00
.byte 0x00, 0x00, 0x00, 0x00, 0x00, 0x00, 0x00, 0x00, 0x00, 0x00, 0x00, 0x00, 0x00, 0x00, 0xdf, 0xff
.byte 0x9c, 0xb5, 0x99, 0x31, 0x99, 0x31, 0x99, 0x31, 0x99, 0x31, 0x99, 0x31, 0x99, 0x31, 0x99, 0x31
.byte 0x99, 0x31, 0x99, 0x31, 0x99, 0x31, 0x99, 0x31, 0x99, 0x31, 0x99, 0x31, 0x99, 0x31, 0x99, 0x31
.byte 0x99, 0x31, 0x99, 0x31, 0x99, 0x31, 0x99, 0x31, 0x99, 0x31, 0x99, 0x31, 0x99, 0x31, 0x99, 0x31
.byte 0x99, 0x31, 0x99, 0x31, 0x99, 0x31, 0x99, 0x31, 0x99, 0x31, 0x99, 0x31, 0x99, 0x31, 0x99, 0x31
.byte 0x99, 0x31, 0x99, 0x31, 0x99, 0x31, 0x99, 0x31, 0x99, 0x31, 0x99, 0x31, 0x99, 0x31, 0x99, 0x31
.byte 0x99, 0x31, 0x99, 0x31, 0x99, 0x31, 0x99, 0x31, 0x99, 0x31, 0x99, 0x31, 0x99, 0x31, 0x99, 0x31
.byte 0x99, 0x31, 0x99, 0x31, 0x99, 0x31, 0x99, 0x31, 0x99, 0x31, 0x99, 0x31, 0x99, 0x31, 0x99, 0x31
.byte 0x99, 0x31, 0x99, 0x31, 0x99, 0x31, 0x99, 0x31, 0x99, 0x31, 0x99, 0x31, 0x99, 0x31, 0x99, 0x31
.byte 0x99, 0x31, 0x99, 0x31, 0x99, 0x31, 0x99, 0x31, 0xcd, 0x39, 0x08, 0x42, 0x08, 0x42, 0x69, 0x4a
.byte 0x6d, 0x6b, 0x35, 0xa5, 0xdb, 0xde, 0x9e, 0xf7, 0x00, 0x00, 0x00, 0x00, 0x00, 0x00, 0x00, 0x00
.byte 0x00, 0x00, 0x00, 0x00, 0x00, 0x00, 0x00, 0x00, 0x00, 0x00, 0x00, 0x00, 0x00, 0x00, 0x00, 0x00
.byte 0x00, 0x00, 0x00, 0x00, 0x00, 0x00, 0x00, 0x00, 0x00, 0x00, 0x00, 0x00, 0x00, 0x00, 0x00, 0x00
.byte 0x00, 0x00, 0x00, 0x00, 0x00, 0x00, 0x00, 0x00, 0x00, 0x00, 0x00, 0x00, 0x00, 0x00, 0x00, 0x00
.byte 0x00, 0x00, 0x00, 0x00, 0x00, 0x00, 0x00, 0x00, 0x00, 0x00, 0x00, 0x00, 0x00, 0x00, 0x00, 0x00
.byte 0x00, 0x00, 0x00, 0x00, 0x00, 0x00, 0x00, 0x00, 0x00, 0x00, 0x00, 0x00, 0x00, 0x00, 0x00, 0x00
.byte 0x00, 0x00, 0x00, 0x00, 0x00, 0x00, 0x00, 0x00, 0x00, 0x00, 0x00, 0x00, 0x00, 0x00, 0x00, 0x00
.byte 0x00, 0x00, 0x00, 0x00, 0x00, 0x00, 0x00, 0x00, 0x00, 0x00, 0x00, 0x00, 0x00, 0x00, 0x00, 0x00
.byte 0x00, 0x00, 0x00, 0x00, 0x00, 0x00, 0x00, 0x00, 0x00, 0x00, 0x00, 0x00, 0x00, 0x00, 0x00, 0x00
.byte 0x00, 0x00, 0x00, 0x00, 0x00, 0x00, 0x00, 0x00, 0x00, 0x00, 0x00, 0x00, 0x00, 0x00, 0x00, 0x00
.byte 0x00, 0x00, 0x00, 0x00, 0x00, 0x00, 0x00, 0x00, 0x00, 0x00, 0x00, 0x00, 0x00, 0x00, 0x00, 0x00
.byte 0x00, 0x00, 0x00, 0x00, 0x00, 0x00, 0x00, 0x00, 0x00, 0x00, 0x00, 0x00, 0x00, 0x00, 0x00, 0x00
.byte 0x00, 0x00, 0x00, 0x00, 0x00, 0x00, 0x00, 0x00, 0x00, 0x00, 0x00, 0x00, 0x00, 0x00, 0x00, 0x00
.byte 0x00, 0x00, 0x00, 0x00, 0x00, 0x00, 0x00, 0x00, 0x00, 0x00, 0x00, 0x00, 0x00, 0x00, 0x00, 0x00
.byte 0x00, 0x00, 0x00, 0x00, 0x00, 0x00, 0x00, 0x00, 0x00, 0x00, 0x00, 0x00, 0x00, 0x00, 0x00, 0x00
.byte 0x00, 0x00, 0x00, 0x00, 0x00, 0x00, 0x00, 0x00, 0x00, 0x00, 0x00, 0x00, 0x00, 0x00, 0x00, 0x00
.byte 0x00, 0x00, 0x00, 0x00, 0x00, 0x00, 0x00, 0x00, 0x00, 0x00, 0x00, 0x00, 0x00, 0x00, 0x00, 0x00
.byte 0x00, 0x00, 0x00, 0x00, 0x00, 0x00, 0x00, 0x00, 0x00, 0x00, 0x00, 0x00, 0x00, 0x00, 0x00, 0x00
.byte 0x00, 0x00, 0x00, 0x00, 0x00, 0x00, 0x00, 0x00, 0x00, 0x00, 0x00, 0x00, 0x00, 0x00, 0x00, 0x00
.byte 0x00, 0x00, 0x00, 0x00, 0x00, 0x00, 0x00, 0x00, 0x00, 0x00, 0x00, 0x00, 0x00, 0x00, 0x00, 0x00
.byte 0x00, 0x00, 0x00, 0x00, 0x00, 0x00, 0x00, 0x00, 0x00, 0x00, 0x00, 0x00, 0x00, 0x00, 0xdf, 0xff
.byte 0x3c, 0xe7, 0x5a, 0x6b, 0x99, 0x31, 0x99, 0x31, 0x99, 0x31, 0x99, 0x31, 0x99, 0x31, 0x99, 0x31
.byte 0x99, 0x31, 0x99, 0x31, 0x99, 0x31, 0x99, 0x31, 0x99, 0x31, 0x99, 0x31, 0x99, 0x31, 0x99, 0x31
.byte 0x99, 0x31, 0x99, 0x31, 0x99, 0x31, 0x99, 0x31, 0x99, 0x31, 0x99, 0x31, 0x99, 0x31, 0x99, 0x31
.byte 0x99, 0x31, 0x99, 0x31, 0x99, 0x31, 0x99, 0x31, 0x99, 0x31, 0x99, 0x31, 0x99, 0x31, 0x99, 0x31
.byte 0x99, 0x31, 0x99, 0x31, 0x99, 0x31, 0x99, 0x31, 0x99, 0x31, 0x99, 0x31, 0x99, 0x31, 0x99, 0x31
.byte 0x99, 0x31, 0x99, 0x31, 0x99, 0x31, 0x99, 0x31, 0x99, 0x31, 0x99, 0x31, 0x99, 0x31, 0x99, 0x31
.byte 0x99, 0x31, 0x99, 0x31, 0x99, 0x31, 0x99, 0x31, 0x99, 0x31, 0x99, 0x31, 0x99, 0x31, 0x99, 0x31
.byte 0x99, 0x31, 0x99, 0x31, 0x99, 0x31, 0x99, 0x31, 0x99, 0x31, 0x99, 0x31, 0x99, 0x31, 0x99, 0x31
.byte 0x99, 0x31, 0x99, 0x31, 0x99, 0x31, 0xd8, 0x39, 0x08, 0x42, 0x08, 0x42, 0x69, 0x4a, 0xcb, 0x5a
.byte 0x71, 0x8c, 0x38, 0xc6, 0x3c, 0xe7, 0xdf, 0xff, 0x00, 0x00, 0x00, 0x00, 0x00, 0x00, 0x00, 0x00
.byte 0x00, 0x00, 0x00, 0x00, 0x00, 0x00, 0x00, 0x00, 0x00, 0x00, 0x00, 0x00, 0x00, 0x00, 0x00, 0x00
.byte 0x00, 0x00, 0x00, 0x00, 0x00, 0x00, 0x00, 0x00, 0x00, 0x00, 0x00, 0x00, 0x00, 0x00, 0x00, 0x00
.byte 0x00, 0x00, 0x00, 0x00, 0x00, 0x00, 0x00, 0x00, 0x00, 0x00, 0x00, 0x00, 0x00, 0x00, 0x00, 0x00
.byte 0x00, 0x00, 0x00, 0x00, 0x00, 0x00, 0x00, 0x00, 0x00, 0x00, 0x00, 0x00, 0x00, 0x00, 0x00, 0x00
.byte 0x00, 0x00, 0x00, 0x00, 0x00, 0x00, 0x00, 0x00, 0x00, 0x00, 0x00, 0x00, 0x00, 0x00, 0x00, 0x00
.byte 0x00, 0x00, 0x00, 0x00, 0x00, 0x00, 0x00, 0x00, 0x00, 0x00, 0x00, 0x00, 0x00, 0x00, 0x00, 0x00
.byte 0x00, 0x00, 0x00, 0x00, 0x00, 0x00, 0x00, 0x00, 0x00, 0x00, 0x00, 0x00, 0x00, 0x00, 0x00, 0x00
.byte 0x00, 0x00, 0x00, 0x00, 0x00, 0x00, 0x00, 0x00, 0x00, 0x00, 0x00, 0x00, 0x00, 0x00, 0x00, 0x00
.byte 0x00, 0x00, 0x00, 0x00, 0x00, 0x00, 0x00, 0x00, 0x00, 0x00, 0x00, 0x00, 0x00, 0x00, 0x00, 0x00
.byte 0x00, 0x00, 0x00, 0x00, 0x00, 0x00, 0x00, 0x00, 0x00, 0x00, 0x00, 0x00, 0x00, 0x00, 0x00, 0x00
.byte 0x00, 0x00, 0x00, 0x00, 0x00, 0x00, 0x00, 0x00, 0x00, 0x00, 0x00, 0x00, 0x00, 0x00, 0x00, 0x00
.byte 0x00, 0x00, 0x00, 0x00, 0x00, 0x00, 0x00, 0x00, 0x00, 0x00, 0x00, 0x00, 0x00, 0x00, 0x00, 0x00
.byte 0x00, 0x00, 0x00, 0x00, 0x00, 0x00, 0x00, 0x00, 0x00, 0x00, 0x00, 0x00, 0x00, 0x00, 0x00, 0x00
.byte 0x00, 0x00, 0x00, 0x00, 0x00, 0x00, 0x00, 0x00, 0x00, 0x00, 0x00, 0x00, 0x00, 0x00, 0x00, 0x00
.byte 0x00, 0x00, 0x00, 0x00, 0x00, 0x00, 0x00, 0x00, 0x00, 0x00, 0x00, 0x00, 0x00, 0x00, 0x00, 0x00
.byte 0x00, 0x00, 0x00, 0x00, 0x00, 0x00, 0x00, 0x00, 0x00, 0x00, 0x00, 0x00, 0x00, 0x00, 0x00, 0x00
.byte 0x00, 0x00, 0x00, 0x00, 0x00, 0x00, 0x00, 0x00, 0x00, 0x00, 0x00, 0x00, 0x00, 0x00, 0x00, 0x00
.byte 0x00, 0x00, 0x00, 0x00, 0x00, 0x00, 0x00, 0x00, 0x00, 0x00, 0x00, 0x00, 0x00, 0x00, 0x00, 0x00
.byte 0x00, 0x00, 0x00, 0x00, 0x00, 0x00, 0x00, 0x00, 0x00, 0x00, 0x00, 0x00, 0x00, 0x00, 0x00, 0x00
.byte 0x00, 0x00, 0x00, 0x00, 0x00, 0x00, 0x00, 0x00, 0x00, 0x00, 0x00, 0x00, 0x00, 0x00, 0x00, 0x00
.byte 0xdf, 0xff, 0x9c, 0xb5, 0x99, 0x31, 0x99, 0x31, 0x99, 0x31, 0x99, 0x31, 0x99, 0x31, 0x99, 0x31
.byte 0x99, 0x31, 0x99, 0x31, 0x99, 0x31, 0x99, 0x31, 0x99, 0x31, 0x99, 0x31, 0x99, 0x31, 0x99, 0x31
.byte 0x99, 0x31, 0x99, 0x31, 0x99, 0x31, 0x99, 0x31, 0x99, 0x31, 0x99, 0x31, 0x99, 0x31, 0x99, 0x31
.byte 0x99, 0x31, 0x99, 0x31, 0x99, 0x31, 0x99, 0x31, 0x99, 0x31, 0x99, 0x31, 0x99, 0x31, 0x99, 0x31
.byte 0x99, 0x31, 0x99, 0x31, 0x99, 0x31, 0x99, 0x31, 0x99, 0x31, 0x99, 0x31, 0x99, 0x31, 0x99, 0x31
.byte 0x99, 0x31, 0x99, 0x31, 0x99, 0x31, 0x99, 0x31, 0x99, 0x31, 0x99, 0x31, 0x99, 0x31, 0x99, 0x31
.byte 0x99, 0x31, 0x99, 0x31, 0x99, 0x31, 0x99, 0x31, 0x99, 0x31, 0x99, 0x31, 0x99, 0x31, 0x99, 0x31
.byte 0x99, 0x31, 0x99, 0x31, 0x99, 0x31, 0x99, 0x31, 0x99, 0x31, 0x99, 0x31, 0x99, 0x31, 0x99, 0x31
.byte 0x99, 0x31, 0x99, 0x31, 0x99, 0x31, 0xcd, 0x39, 0x08, 0x42, 0x08, 0x42, 0x69, 0x4a, 0x6d, 0x6b
.byte 0x35, 0xa5, 0xdb, 0xde, 0x9e, 0xf7, 0x00, 0x00, 0x00, 0x00, 0x00, 0x00, 0x00, 0x00, 0x00, 0x00
.byte 0x00, 0x00, 0x00, 0x00, 0x00, 0x00, 0x00, 0x00, 0x00, 0x00, 0x00, 0x00, 0x00, 0x00, 0x00, 0x00
.byte 0x00, 0x00, 0x00, 0x00, 0x00, 0x00, 0x00, 0x00, 0x00, 0x00, 0x00, 0x00, 0x00, 0x00, 0x00, 0x00
.byte 0x00, 0x00, 0x00, 0x00, 0x00, 0x00, 0x00, 0x00, 0x00, 0x00, 0x00, 0x00, 0x00, 0x00, 0x00, 0x00
.byte 0x00, 0x00, 0x00, 0x00, 0x00, 0x00, 0x00, 0x00, 0x00, 0x00, 0x00, 0x00, 0x00, 0x00, 0x00, 0x00
.byte 0x00, 0x00, 0x00, 0x00, 0x00, 0x00, 0x00, 0x00, 0x00, 0x00, 0x00, 0x00, 0x00, 0x00, 0x00, 0x00
.byte 0x00, 0x00, 0x00, 0x00, 0x00, 0x00, 0x00, 0x00, 0x00, 0x00, 0x00, 0x00, 0x00, 0x00, 0x00, 0x00
.byte 0x00, 0x00, 0x00, 0x00, 0x00, 0x00, 0x00, 0x00, 0x00, 0x00, 0x00, 0x00, 0x00, 0x00, 0x00, 0x00
.byte 0x00, 0x00, 0xdf, 0xff, 0x9f, 0xf7, 0x1e, 0xe7, 0xdb, 0xde, 0x9e, 0xd6, 0x9e, 0xd6, 0x1d, 0xc6
.byte 0x1d, 0xc6, 0x1d, 0xc6, 0x1b, 0xa5, 0x1b, 0xa5, 0x1b, 0xa5, 0x1b, 0xa5, 0x9c, 0x94, 0x9c, 0x94
.byte 0x1b, 0xa5, 0x9c, 0x94, 0x9c, 0x94, 0x9c, 0x94, 0x9c, 0x94, 0x9c, 0x94, 0x1b, 0xa5, 0x9c, 0xb5
.byte 0x1b, 0xa5, 0x9c, 0xb5, 0x1b, 0xa5, 0xb6, 0xb5, 0x1d, 0xc6, 0x1d, 0xc6, 0x9e, 0xd6, 0x1e, 0xe7
.byte 0x1e, 0xe7, 0x1e, 0xe7, 0x9f, 0xf7, 0x9f, 0xf7, 0xdf, 0xff, 0x00, 0x00, 0x00, 0x00, 0x00, 0x00
.byte 0x00, 0x00, 0x00, 0x00, 0x00, 0x00, 0x00, 0x00, 0x00, 0x00, 0x00, 0x00, 0x00, 0x00, 0x00, 0x00
.byte 0x00, 0x00, 0x00, 0x00, 0x00, 0x00, 0x00, 0x00, 0x00, 0x00, 0x00, 0x00, 0x00, 0x00, 0x00, 0x00
.byte 0x00, 0x00, 0x00, 0x00, 0x00, 0x00, 0x00, 0x00, 0x00, 0x00, 0x00, 0x00, 0x00, 0x00, 0x00, 0x00
.byte 0x00, 0x00, 0x00, 0x00, 0x00, 0x00, 0x00, 0x00, 0x00, 0x00, 0x00, 0x00, 0x00, 0x00, 0x00, 0x00
.byte 0x00, 0x00, 0x00, 0x00, 0x00, 0x00, 0x00, 0x00, 0x00, 0x00, 0x00, 0x00, 0x00, 0x00, 0x00, 0x00
.byte 0x00, 0x00, 0x00, 0x00, 0x00, 0x00, 0x00, 0x00, 0x00, 0x00, 0x00, 0x00, 0x00, 0x00, 0x00, 0x00
.byte 0x00, 0x00, 0x00, 0x00, 0x00, 0x00, 0x00, 0x00, 0x00, 0x00, 0x00, 0x00, 0x00, 0x00, 0x00, 0x00
.byte 0x00, 0x00, 0x00, 0x00, 0x00, 0x00, 0x00, 0x00, 0x00, 0x00, 0x00, 0x00, 0x00, 0x00, 0x00, 0x00
.byte 0xdf, 0xff, 0x3c, 0xe7, 0x5a, 0x6b, 0x99, 0x31, 0x99, 0x31, 0x99, 0x31, 0x99, 0x31, 0x99, 0x31
.byte 0x99, 0x31, 0x99, 0x31, 0x99, 0x31, 0x99, 0x31, 0x99, 0x31, 0x99, 0x31, 0x99, 0x31, 0x99, 0x31
.byte 0x99, 0x31, 0x99, 0x31, 0x99, 0x31, 0x99, 0x31, 0x99, 0x31, 0x99, 0x31, 0x99, 0x31, 0x99, 0x31
.byte 0x99, 0x31, 0x99, 0x31, 0x99, 0x31, 0x99, 0x31, 0x99, 0x31, 0x99, 0x31, 0x99, 0x31, 0x99, 0x31
.byte 0x99, 0x31, 0x99, 0x31, 0x99, 0x31, 0x99, 0x31, 0x99, 0x31, 0x99, 0x31, 0x99, 0x31, 0x99, 0x31
.byte 0x99, 0x31, 0x99, 0x31, 0x99, 0x31, 0x99, 0x31, 0x99, 0x31, 0x99, 0x31, 0x99, 0x31, 0x99, 0x31
.byte 0x99, 0x31, 0x99, 0x31, 0x99, 0x31, 0x99, 0x31, 0x99, 0x31, 0x99, 0x31, 0x99, 0x31, 0x99, 0x31
.byte 0x99, 0x31, 0x99, 0x31, 0x99, 0x31, 0x99, 0x31, 0x99, 0x31, 0x99, 0x31, 0x99, 0x31, 0x99, 0x31
.byte 0x99, 0x31, 0x99, 0x31, 0xb3, 0x31, 0x08, 0x42, 0x08, 0x42, 0x69, 0x4a, 0xcb, 0x5a, 0x71, 0x8c
.byte 0x38, 0xc6, 0x3c, 0xe7, 0xdf, 0xff, 0x00, 0x00, 0x00, 0x00, 0x00, 0x00, 0x00, 0x00, 0x00, 0x00
.byte 0x00, 0x00, 0x00, 0x00, 0x00, 0x00, 0x00, 0x00, 0x00, 0x00, 0x00, 0x00, 0x00, 0x00, 0x00, 0x00
.byte 0x00, 0x00, 0x00, 0x00, 0x00, 0x00, 0x00, 0x00, 0x00, 0x00, 0x00, 0x00, 0x00, 0x00, 0x00, 0x00
.byte 0x00, 0x00, 0x00, 0x00, 0x00, 0x00, 0x00, 0x00, 0x00, 0x00, 0x00, 0x00, 0x00, 0x00, 0x00, 0x00
.byte 0x00, 0x00, 0x00, 0x00, 0x00, 0x00, 0x00, 0x00, 0x00, 0x00, 0x00, 0x00, 0x00, 0x00, 0x00, 0x00
.byte 0x00, 0x00, 0x00, 0x00, 0x00, 0x00, 0x00, 0x00, 0x00, 0x00, 0x00, 0x00, 0x00, 0x00, 0x00, 0x00
.byte 0x00, 0x00, 0x00, 0x00, 0x00, 0x00, 0x00, 0x00, 0x00, 0x00, 0x00, 0x00, 0x00, 0x00, 0x00, 0x00
.byte 0x00, 0x00, 0x9f, 0xf7, 0x9e, 0xd6, 0x1d, 0xc6, 0x1b, 0xa5, 0x9c, 0x94, 0xfb, 0x7b, 0x5a, 0x6b
.byte 0x5a, 0x6b, 0x99, 0x52, 0x99, 0x52, 0xd8, 0x39, 0x99, 0x31, 0x99, 0x31, 0x99, 0x31, 0x99, 0x31
.byte 0x99, 0x31, 0x99, 0x31, 0x99, 0x31, 0x99, 0x31, 0x99, 0x31, 0x99, 0x31, 0x99, 0x31, 0x99, 0x31
.byte 0x99, 0x31, 0x99, 0x31, 0x99, 0x31, 0x99, 0x31, 0x99, 0x31, 0x99, 0x31, 0x99, 0x31, 0x99, 0x31
.byte 0x99, 0x31, 0x99, 0x31, 0x99, 0x31, 0x99, 0x31, 0x99, 0x31, 0x99, 0x31, 0x99, 0x31, 0x99, 0x31
.byte 0x99, 0x31, 0xd8, 0x39, 0xd8, 0x39, 0x99, 0x52, 0x99, 0x52, 0x99, 0x52, 0xfb, 0x7b, 0xfb, 0x7b
.byte 0x9c, 0x94, 0x9c, 0xb5, 0x9c, 0xb5, 0x1d, 0xc6, 0x1e, 0xe7, 0x9f, 0xf7, 0xdf, 0xff, 0x00, 0x00
.byte 0x00, 0x00, 0x00, 0x00, 0x00, 0x00, 0x00, 0x00, 0x00, 0x00, 0x00, 0x00, 0x00, 0x00, 0x00, 0x00
.byte 0x00, 0x00, 0x00, 0x00, 0x00, 0x00, 0x00, 0x00, 0x00, 0x00, 0x00, 0x00, 0x00, 0x00, 0x00, 0x00
.byte 0x00, 0x00, 0x00, 0x00, 0x00, 0x00, 0x00, 0x00, 0x00, 0x00, 0x00, 0x00, 0x00, 0x00, 0x00, 0x00
.byte 0x00, 0x00, 0x00, 0x00, 0x00, 0x00, 0x00, 0x00, 0x00, 0x00, 0x00, 0x00, 0x00, 0x00, 0x00, 0x00
.byte 0x00, 0x00, 0x00, 0x00, 0x00, 0x00, 0x00, 0x00, 0x00, 0x00, 0x00, 0x00, 0x00, 0x00, 0x00, 0x00
.byte 0x00, 0x00, 0x00, 0x00, 0x00, 0x00, 0x00, 0x00, 0x00, 0x00, 0x00, 0x00, 0x00, 0x00, 0x00, 0x00
.byte 0x00, 0x00, 0x00, 0x00, 0x00, 0x00, 0x00, 0x00, 0x00, 0x00, 0x00, 0x00, 0x00, 0x00, 0x00, 0x00
.byte 0x00, 0x00, 0xdf, 0xff, 0x38, 0xc6, 0xd8, 0x39, 0x99, 0x31, 0x99, 0x31, 0x99, 0x31, 0x99, 0x31
.byte 0x99, 0x31, 0x99, 0x31, 0x99, 0x31, 0x99, 0x31, 0x99, 0x31, 0x99, 0x31, 0x99, 0x31, 0x99, 0x31
.byte 0x99, 0x31, 0x99, 0x31, 0x99, 0x31, 0x99, 0x31, 0x99, 0x31, 0x99, 0x31, 0x99, 0x31, 0x99, 0x31
.byte 0x99, 0x31, 0x99, 0x31, 0x99, 0x31, 0x99, 0x31, 0x99, 0x31, 0x99, 0x31, 0x99, 0x31, 0x99, 0x31
.byte 0x99, 0x31, 0x99, 0x31, 0x99, 0x31, 0x99, 0x31, 0x99, 0x31, 0x99, 0x31, 0x99, 0x31, 0x99, 0x31
.byte 0x99, 0x31, 0x99, 0x31, 0x99, 0x31, 0x99, 0x31, 0x99, 0x31, 0x99, 0x31, 0x99, 0x31, 0x99, 0x31
.byte 0x99, 0x31, 0x99, 0x31, 0x99, 0x31, 0x99, 0x31, 0x99, 0x31, 0x99, 0x31, 0x99, 0x31, 0x99, 0x31
.byte 0x99, 0x31, 0x99, 0x31, 0x99, 0x31, 0x99, 0x31, 0x99, 0x31, 0x99, 0x31, 0x99, 0x31, 0x99, 0x31
.byte 0x99, 0x31, 0x99, 0x31, 0xcd, 0x39, 0x08, 0x42, 0x08, 0x42, 0x69, 0x4a, 0x6d, 0x6b, 0x35, 0xa5
.byte 0xdb, 0xde, 0x9e, 0xf7, 0x00, 0x00, 0x00, 0x00, 0x00, 0x00, 0x00, 0x00, 0x00, 0x00, 0x00, 0x00
.byte 0x00, 0x00, 0x00, 0x00, 0x00, 0x00, 0x00, 0x00, 0x00, 0x00, 0x00, 0x00, 0x00, 0x00, 0x00, 0x00
.byte 0x00, 0x00, 0x00, 0x00, 0x00, 0x00, 0x00, 0x00, 0x00, 0x00, 0x00, 0x00, 0x00, 0x00, 0x00, 0x00
.byte 0x00, 0x00, 0x00, 0x00, 0x00, 0x00, 0x00, 0x00, 0x00, 0x00, 0x00, 0x00, 0x00, 0x00, 0x00, 0x00
.byte 0x00, 0x00, 0x00, 0x00, 0x00, 0x00, 0x00, 0x00, 0x00, 0x00, 0x00, 0x00, 0x00, 0x00, 0x00, 0x00
.byte 0x00, 0x00, 0x00, 0x00, 0x00, 0x00, 0x00, 0x00, 0x00, 0x00, 0x00, 0x00, 0x00, 0x00, 0x00, 0x00
.byte 0x00, 0x00, 0x00, 0x00, 0x00, 0x00, 0x00, 0x00, 0x9f, 0xf7, 0x9e, 0xd6, 0x1b, 0xa5, 0xfb, 0x7b
.byte 0x99, 0x52, 0x99, 0x52, 0x99, 0x31, 0x99, 0x31, 0x99, 0x31, 0x99, 0x31, 0x99, 0x31, 0x99, 0x31
.byte 0x99, 0x31, 0x99, 0x31, 0x99, 0x31, 0x99, 0x31, 0x99, 0x31, 0x99, 0x31, 0x99, 0x31, 0x99, 0x31
.byte 0x99, 0x31, 0x99, 0x31, 0x99, 0x31, 0x99, 0x31, 0x99, 0x31, 0x99, 0x31, 0x99, 0x31, 0x99, 0x31
.byte 0x99, 0x31, 0x99, 0x31, 0x99, 0x31, 0x99, 0x31, 0x99, 0x31, 0x99, 0x31, 0x99, 0x31, 0x99, 0x31
.byte 0x99, 0x31, 0x99, 0x31, 0x99, 0x31, 0x99, 0x31, 0x99, 0x31, 0x99, 0x31, 0x99, 0x31, 0x99, 0x31
.byte 0x99, 0x31, 0x99, 0x31, 0x99, 0x31, 0x99, 0x31, 0x99, 0x31, 0x99, 0x31, 0x99, 0x31, 0x99, 0x31
.byte 0x99, 0x31, 0x99, 0x31, 0x99, 0x31, 0x99, 0x31, 0x99, 0x31, 0x99, 0x52, 0x99, 0x52, 0x99, 0x52
.byte 0x5a, 0x6b, 0x78, 0x8c, 0x1d, 0xc6, 0xdb, 0xde, 0x9f, 0xf7, 0x00, 0x00, 0x00, 0x00, 0x00, 0x00
.byte 0x00, 0x00, 0x00, 0x00, 0x00, 0x00, 0x00, 0x00, 0x00, 0x00, 0x00, 0x00, 0x00, 0x00, 0x00, 0x00
.byte 0x00, 0x00, 0x00, 0x00, 0x00, 0x00, 0x00, 0x00, 0x00, 0x00, 0x00, 0x00, 0x00, 0x00, 0x00, 0x00
.byte 0x00, 0x00, 0x00, 0x00, 0x00, 0x00, 0x00, 0x00, 0x00, 0x00, 0x00, 0x00, 0x00, 0x00, 0x00, 0x00
.byte 0x00, 0x00, 0x00, 0x00, 0x00, 0x00, 0x00, 0x00, 0x00, 0x00, 0x00, 0x00, 0x00, 0x00, 0x00, 0x00
.byte 0x00, 0x00, 0x00, 0x00, 0x00, 0x00, 0x00, 0x00, 0x00, 0x00, 0x00, 0x00, 0x00, 0x00, 0x00, 0x00
.byte 0x00, 0x00, 0x00, 0x00, 0x00, 0x00, 0x00, 0x00, 0x00, 0x00, 0x00, 0x00, 0x00, 0x00, 0x00, 0x00
.byte 0x00, 0x00, 0xdf, 0xff, 0x3c, 0xe7, 0xfb, 0x7b, 0x99, 0x31, 0x99, 0x31, 0x99, 0x31, 0x99, 0x31
.byte 0x99, 0x31, 0x99, 0x31, 0x99, 0x31, 0x99, 0x31, 0x99, 0x31, 0x99, 0x31, 0x99, 0x31, 0x99, 0x31
.byte 0x99, 0x31, 0x99, 0x31, 0x99, 0x31, 0x99, 0x31, 0x99, 0x31, 0x99, 0x31, 0x99, 0x31, 0x99, 0x31
.byte 0x99, 0x31, 0x99, 0x31, 0x99, 0x31, 0x99, 0x31, 0x99, 0x31, 0x99, 0x31, 0x99, 0x31, 0x99, 0x31
.byte 0x99, 0x31, 0x99, 0x31, 0x99, 0x31, 0x99, 0x31, 0x99, 0x31, 0x99, 0x31, 0x99, 0x31, 0x99, 0x31
.byte 0x99, 0x31, 0x99, 0x31, 0x99, 0x31, 0x99, 0x31, 0x99, 0x31, 0x99, 0x31, 0x99, 0x31, 0x99, 0x31
.byte 0x99, 0x31, 0x99, 0x31, 0x99, 0x31, 0x99, 0x31, 0x99, 0x31, 0x99, 0x31, 0x99, 0x31, 0x99, 0x31
.byte 0x99, 0x31, 0x99, 0x31, 0x99, 0x31, 0x99, 0x31, 0x99, 0x31, 0x99, 0x31, 0x99, 0x31, 0x99, 0x31
.byte 0x99, 0x31, 0xcd, 0x39, 0x08, 0x42, 0x08, 0x42, 0x69, 0x4a, 0xcb, 0x5a, 0x71, 0x8c, 0x38, 0xc6
.byte 0x3c, 0xe7, 0xdf, 0xff, 0x00, 0x00, 0x00, 0x00, 0x00, 0x00, 0x00, 0x00, 0x00, 0x00, 0x00, 0x00
.byte 0x00, 0x00, 0x00, 0x00, 0x00, 0x00, 0x00, 0x00, 0x00, 0x00, 0x00, 0x00, 0x00, 0x00, 0x00, 0x00
.byte 0x00, 0x00, 0x00, 0x00, 0x00, 0x00, 0x00, 0x00, 0x00, 0x00, 0x00, 0x00, 0x00, 0x00, 0x00, 0x00
.byte 0x00, 0x00, 0x00, 0x00, 0x00, 0x00, 0x00, 0x00, 0x00, 0x00, 0x00, 0x00, 0x00, 0x00, 0x00, 0x00
.byte 0x00, 0x00, 0x00, 0x00, 0x00, 0x00, 0x00, 0x00, 0x00, 0x00, 0x00, 0x00, 0x00, 0x00, 0x00, 0x00
.byte 0x00, 0x00, 0x00, 0x00, 0x00, 0x00, 0x00, 0x00, 0x00, 0x00, 0x00, 0x00, 0x00, 0x00, 0x00, 0x00
.byte 0x00, 0x00, 0x00, 0x00, 0x1d, 0xc6, 0x5a, 0x6b, 0x99, 0x52, 0x99, 0x31, 0x99, 0x31, 0x99, 0x31
.byte 0x99, 0x31, 0x99, 0x31, 0x99, 0x31, 0x99, 0x31, 0x99, 0x31, 0x99, 0x31, 0x99, 0x31, 0x99, 0x31
.byte 0x99, 0x31, 0x99, 0x31, 0x99, 0x31, 0x99, 0x31, 0x99, 0x31, 0x99, 0x31, 0x99, 0x31, 0x99, 0x31
.byte 0x99, 0x31, 0x99, 0x31, 0x99, 0x31, 0x99, 0x31, 0x99, 0x31, 0x99, 0x31, 0x99, 0x31, 0x99, 0x31
.byte 0x99, 0x31, 0x99, 0x31, 0x99, 0x31, 0x99, 0x31, 0x99, 0x31, 0x99, 0x31, 0x99, 0x31, 0x99, 0x31
.byte 0x99, 0x31, 0x99, 0x31, 0x99, 0x31, 0x99, 0x31, 0x99, 0x31, 0x99, 0x31, 0x99, 0x31, 0x99, 0x31
.byte 0x99, 0x31, 0x99, 0x31, 0x99, 0x31, 0x99, 0x31, 0x99, 0x31, 0x99, 0x31, 0x99, 0x31, 0x99, 0x31
.byte 0x99, 0x31, 0x99, 0x31, 0x99, 0x31, 0x99, 0x31, 0x99, 0x31, 0x99, 0x31, 0x99, 0x31, 0x99, 0x31
.byte 0x99, 0x31, 0x99, 0x31, 0x99, 0x31, 0x99, 0x31, 0x99, 0x52, 0x5a, 0x6b, 0x9c, 0x94, 0x9c, 0xb5
.byte 0x1e, 0xe7, 0x00, 0x00, 0x00, 0x00, 0x00, 0x00, 0x00, 0x00, 0x00, 0x00, 0x00, 0x00, 0x00, 0x00
.byte 0x00, 0x00, 0x00, 0x00, 0x00, 0x00, 0x00, 0x00, 0x00, 0x00, 0x00, 0x00, 0x00, 0x00, 0x00, 0x00
.byte 0x00, 0x00, 0x00, 0x00, 0x00, 0x00, 0x00, 0x00, 0x00, 0x00, 0x00, 0x00, 0x00, 0x00, 0x00, 0x00
.byte 0x00, 0x00, 0x00, 0x00, 0x00, 0x00, 0x00, 0x00, 0x00, 0x00, 0x00, 0x00, 0x00, 0x00, 0x00, 0x00
.byte 0x00, 0x00, 0x00, 0x00, 0x00, 0x00, 0x00, 0x00, 0x00, 0x00, 0x00, 0x00, 0x00, 0x00, 0x00, 0x00
.byte 0x00, 0x00, 0x00, 0x00, 0x00, 0x00, 0x00, 0x00, 0x00, 0x00, 0x00, 0x00, 0x00, 0x00, 0x00, 0x00
.byte 0x00, 0x00, 0x00, 0x00, 0xdf, 0xff, 0xdb, 0xde, 0x99, 0x52, 0x99, 0x31, 0x99, 0x31, 0x99, 0x31
.byte 0x99, 0x31, 0x99, 0x31, 0x99, 0x31, 0x99, 0x31, 0x99, 0x31, 0x99, 0x31, 0x99, 0x31, 0x99, 0x31
.byte 0x99, 0x31, 0x99, 0x31, 0x99, 0x31, 0x99, 0x31, 0x99, 0x31, 0x99, 0x31, 0x99, 0x31, 0x99, 0x31
.byte 0x99, 0x31, 0x99, 0x31, 0x99, 0x31, 0x99, 0x31, 0x99, 0x31, 0x99, 0x31, 0x99, 0x31, 0x99, 0x31
.byte 0x99, 0x31, 0x99, 0x31, 0x99, 0x31, 0x99, 0x31, 0x99, 0x31, 0x99, 0x31, 0x99, 0x31, 0x99, 0x31
.byte 0x99, 0x31, 0x99, 0x31, 0x99, 0x31, 0x99, 0x31, 0x99, 0x31, 0x99, 0x31, 0x99, 0x31, 0x99, 0x31
.byte 0x99, 0x31, 0x99, 0x31, 0x99, 0x31, 0x99, 0x31, 0x99, 0x31, 0x99, 0x31, 0x99, 0x31, 0x99, 0x31
.byte 0x99, 0x31, 0x99, 0x31, 0x99, 0x31, 0x99, 0x31, 0x99, 0x31, 0x99, 0x31, 0x99, 0x31, 0x99, 0x31
.byte 0xb3, 0x31, 0x08, 0x42, 0x08, 0x42, 0x08, 0x42, 0xcb, 0x5a, 0xf0, 0x7b, 0x35, 0xa5, 0xdb, 0xde
.byte 0x9e, 0xf7, 0x00, 0x00, 0x00, 0x00, 0x00, 0x00, 0x00, 0x00, 0x00, 0x00, 0x00, 0x00, 0x00, 0x00
.byte 0x00, 0x00, 0x00, 0x00, 0x00, 0x00, 0x00, 0x00, 0x00, 0x00, 0x00, 0x00, 0x00, 0x00, 0x00, 0x00
.byte 0x00, 0x00, 0x00, 0x00, 0x00, 0x00, 0x00, 0x00, 0x00, 0x00, 0x00, 0x00, 0x00, 0x00, 0x00, 0x00
.byte 0x00, 0x00, 0x00, 0x00, 0x00, 0x00, 0x00, 0x00, 0x00, 0x00, 0x00, 0x00, 0x00, 0x00, 0x00, 0x00
.byte 0x00, 0x00, 0x00, 0x00, 0x00, 0x00, 0x00, 0x00, 0x00, 0x00, 0x00, 0x00, 0x00, 0x00, 0x00, 0x00
.byte 0x00, 0x00, 0x00, 0x00, 0x00, 0x00, 0x00, 0x00, 0x00, 0x00, 0x00, 0x00, 0x00, 0x00, 0x00, 0x00
.byte 0x1e, 0xe7, 0x5a, 0x6b, 0x99, 0x31, 0x99, 0x31, 0x99, 0x31, 0x99, 0x31, 0x99, 0x31, 0x99, 0x31
.byte 0x99, 0x31, 0x99, 0x31, 0x99, 0x31, 0x99, 0x31, 0x99, 0x31, 0x99, 0x31, 0x99, 0x31, 0x99, 0x31
.byte 0x99, 0x31, 0x99, 0x31, 0x99, 0x31, 0x99, 0x31, 0x99, 0x31, 0x99, 0x31, 0x99, 0x31, 0x99, 0x31
.byte 0x99, 0x31, 0x99, 0x31, 0x99, 0x31, 0x99, 0x31, 0x99, 0x31, 0x99, 0x31, 0x99, 0x31, 0x99, 0x31
.byte 0x99, 0x31, 0x99, 0x31, 0x99, 0x31, 0x99, 0x31, 0x99, 0x31, 0x99, 0x31, 0x99, 0x31, 0x99, 0x31
.byte 0x99, 0x31, 0x99, 0x31, 0x99, 0x31, 0x99, 0x31, 0x99, 0x31, 0x99, 0x31, 0x99, 0x31, 0x99, 0x31
.byte 0x99, 0x31, 0x99, 0x31, 0x99, 0x31, 0x99, 0x31, 0x99, 0x31, 0x99, 0x31, 0x99, 0x31, 0x99, 0x31
.byte 0x99, 0x31, 0x99, 0x31, 0x99, 0x31, 0x99, 0x31, 0x99, 0x31, 0x99, 0x31, 0x99, 0x31, 0x99, 0x31
.byte 0x99, 0x31, 0x99, 0x31, 0x99, 0x31, 0x99, 0x31, 0x99, 0x31, 0x99, 0x31, 0x99, 0x31, 0x99, 0x31
.byte 0xd8, 0x39, 0x5a, 0x6b, 0x9c, 0x94, 0x38, 0xc6, 0xdf, 0xff, 0x00, 0x00, 0x00, 0x00, 0x00, 0x00
.byte 0x00, 0x00, 0x00, 0x00, 0x00, 0x00, 0x00, 0x00, 0x00, 0x00, 0x00, 0x00, 0x00, 0x00, 0x00, 0x00
.byte 0x00, 0x00, 0x00, 0x00, 0x00, 0x00, 0x00, 0x00, 0x00, 0x00, 0x00, 0x00, 0x00, 0x00, 0x00, 0x00
.byte 0x00, 0x00, 0x00, 0x00, 0x00, 0x00, 0x00, 0x00, 0x00, 0x00, 0x00, 0x00, 0x00, 0x00, 0x00, 0x00
.byte 0x00, 0x00, 0x00, 0x00, 0x00, 0x00, 0x00, 0x00, 0x00, 0x00, 0x00, 0x00, 0x00, 0x00, 0x00, 0x00
.byte 0x00, 0x00, 0x00, 0x00, 0x00, 0x00, 0x00, 0x00, 0x00, 0x00, 0x00, 0x00, 0x00, 0x00, 0x00, 0x00
.byte 0x00, 0x00, 0x00, 0x00, 0xdf, 0xff, 0x9e, 0xf7, 0x1b, 0xa5, 0x99, 0x31, 0x99, 0x31, 0x99, 0x31
.byte 0x99, 0x31, 0x99, 0x31, 0x99, 0x31, 0x99, 0x31, 0x99, 0x31, 0x99, 0x31, 0x99, 0x31, 0x99, 0x31
.byte 0x99, 0x31, 0x99, 0x31, 0x99, 0x31, 0x99, 0x31, 0x99, 0x31, 0x99, 0x31, 0x99, 0x31, 0x99, 0x31
.byte 0x99, 0x31, 0x99, 0x31, 0x99, 0x31, 0x99, 0x31, 0x99, 0x31, 0x99, 0x31, 0x99, 0x31, 0x99, 0x31
.byte 0x99, 0x31, 0x99, 0x31, 0x99, 0x31, 0x99, 0x31, 0x99, 0x31, 0x99, 0x31, 0x99, 0x31, 0x99, 0x31
.byte 0x99, 0x31, 0x99, 0x31, 0x99, 0x31, 0x99, 0x31, 0x99, 0x31, 0x99, 0x31, 0x99, 0x31, 0x99, 0x31
.byte 0x99, 0x31, 0x99, 0x31, 0x99, 0x31, 0x99, 0x31, 0x99, 0x31, 0x99, 0x31, 0x99, 0x31, 0x99, 0x31
.byte 0x99, 0x31, 0x99, 0x31, 0x99, 0x31, 0x99, 0x31, 0x99, 0x31, 0x99, 0x31, 0x99, 0x31, 0x99, 0x31
.byte 0xcd, 0x39, 0x08, 0x42, 0x08, 0x42, 0x69, 0x4a, 0x6d, 0x6b, 0xd3, 0x9c, 0x38, 0xc6, 0x3c, 0xe7
.byte 0xdf, 0xff, 0x00, 0x00, 0x00, 0x00, 0x00, 0x00, 0x00, 0x00, 0x00, 0x00, 0x00, 0x00, 0x00, 0x00
.byte 0x00, 0x00, 0x00, 0x00, 0x00, 0x00, 0x00, 0x00, 0x00, 0x00, 0x00, 0x00, 0x00, 0x00, 0x00, 0x00
.byte 0x00, 0x00, 0x00, 0x00, 0x00, 0x00, 0x00, 0x00, 0x00, 0x00, 0x00, 0x00, 0x00, 0x00, 0x00, 0x00
.byte 0x00, 0x00, 0x00, 0x00, 0x00, 0x00, 0x00, 0x00, 0x00, 0x00, 0x00, 0x00, 0x00, 0x00, 0x00, 0x00
.byte 0x00, 0x00, 0x00, 0x00, 0x00, 0x00, 0x00, 0x00, 0x00, 0x00, 0x00, 0x00, 0x00, 0x00, 0x00, 0x00
.byte 0x00, 0x00, 0x00, 0x00, 0x00, 0x00, 0x00, 0x00, 0x00, 0x00, 0x00, 0x00, 0x00, 0x00, 0xdf, 0xff
.byte 0x5a, 0x6b, 0x99, 0x31, 0x99, 0x31, 0x99, 0x31, 0x99, 0x31, 0x99, 0x31, 0x99, 0x31, 0x99, 0x31
.byte 0x99, 0x31, 0x99, 0x31, 0x99, 0x31, 0x99, 0x31, 0x99, 0x31, 0x99, 0x31, 0x99, 0x31, 0x99, 0x31
.byte 0x99, 0x31, 0x99, 0x31, 0x99, 0x31, 0x99, 0x31, 0x99, 0x31, 0x99, 0x31, 0x99, 0x31, 0x99, 0x31
.byte 0x99, 0x31, 0x99, 0x31, 0x99, 0x31, 0x99, 0x31, 0x99, 0x31, 0x99, 0x31, 0x99, 0x31, 0x99, 0x31
.byte 0x99, 0x31, 0x99, 0x31, 0x99, 0x31, 0x99, 0x31, 0x99, 0x31, 0x99, 0x31, 0x99, 0x31, 0x99, 0x31
.byte 0x99, 0x31, 0x99, 0x31, 0x99, 0x31, 0x99, 0x31, 0x99, 0x31, 0x99, 0x31, 0x99, 0x31, 0x99, 0x31
.byte 0x99, 0x31, 0x99, 0x31, 0x99, 0x31, 0x99, 0x31, 0x99, 0x31, 0x99, 0x31, 0x99, 0x31, 0x99, 0x31
.byte 0x99, 0x31, 0x99, 0x31, 0x99, 0x31, 0x99, 0x31, 0x99, 0x31, 0x99, 0x31, 0x99, 0x31, 0x99, 0x31
.byte 0x99, 0x31, 0x99, 0x31, 0x99, 0x31, 0x99, 0x31, 0x99, 0x31, 0x99, 0x31, 0x99, 0x31, 0x99, 0x31
.byte 0x99, 0x31, 0x99, 0x31, 0x99, 0x31, 0x99, 0x31, 0x99, 0x52, 0x78, 0x8c, 0x9e, 0xd6, 0x00, 0x00
.byte 0x00, 0x00, 0x00, 0x00, 0x00, 0x00, 0x00, 0x00, 0x00, 0x00, 0x00, 0x00, 0x00, 0x00, 0x00, 0x00
.byte 0x00, 0x00, 0x00, 0x00, 0x00, 0x00, 0x00, 0x00, 0x00, 0x00, 0x00, 0x00, 0x00, 0x00, 0x00, 0x00
.byte 0x00, 0x00, 0x00, 0x00, 0x00, 0x00, 0x00, 0x00, 0x00, 0x00, 0x00, 0x00, 0x00, 0x00, 0x00, 0x00
.byte 0x00, 0x00, 0x00, 0x00, 0x00, 0x00, 0x00, 0x00, 0x00, 0x00, 0x00, 0x00, 0x00, 0x00, 0x00, 0x00
.byte 0x00, 0x00, 0x00, 0x00, 0x00, 0x00, 0x00, 0x00, 0x00, 0x00, 0x00, 0x00, 0x00, 0x00, 0x00, 0x00
.byte 0x00, 0x00, 0x00, 0x00, 0x00, 0x00, 0xdf, 0xff, 0x3c, 0xe7, 0x5a, 0x6b, 0x99, 0x31, 0x99, 0x31
.byte 0x99, 0x31, 0x99, 0x31, 0x99, 0x31, 0x99, 0x31, 0x99, 0x31, 0x99, 0x31, 0x99, 0x31, 0x99, 0x31
.byte 0x99, 0x31, 0x99, 0x31, 0x99, 0x31, 0x99, 0x31, 0x99, 0x31, 0x99, 0x31, 0x99, 0x31, 0x99, 0x31
.byte 0x99, 0x31, 0x99, 0x31, 0x99, 0x31, 0x99, 0x31, 0x99, 0x31, 0x99, 0x31, 0x99, 0x31, 0x99, 0x31
.byte 0x99, 0x31, 0x99, 0x31, 0x99, 0x31, 0x99, 0x31, 0x99, 0x31, 0x99, 0x31, 0x99, 0x31, 0x99, 0x31
.byte 0x99, 0x31, 0x99, 0x31, 0x99, 0x31, 0x99, 0x31, 0x99, 0x31, 0x99, 0x31, 0x99, 0x31, 0x99, 0x31
.byte 0x99, 0x31, 0x99, 0x31, 0x99, 0x31, 0x99, 0x31, 0x99, 0x31, 0x99, 0x31, 0x99, 0x31, 0x99, 0x31
.byte 0x99, 0x31, 0x99, 0x31, 0x99, 0x31, 0x99, 0x31, 0x99, 0x31, 0x99, 0x31, 0x99, 0x31, 0xcd, 0x39
.byte 0x08, 0x42, 0x08, 0x42, 0x69, 0x4a, 0xcb, 0x5a, 0xf0, 0x7b, 0xb6, 0xb5, 0x3c, 0xe7, 0xdf, 0xff
.byte 0x00, 0x00, 0x00, 0x00, 0x00, 0x00, 0x00, 0x00, 0x00, 0x00, 0x00, 0x00, 0x00, 0x00, 0x00, 0x00
.byte 0x00, 0x00, 0x00, 0x00, 0x00, 0x00, 0x00, 0x00, 0x00, 0x00, 0x00, 0x00, 0x00, 0x00, 0x00, 0x00
.byte 0x00, 0x00, 0x00, 0x00, 0x00, 0x00, 0x00, 0x00, 0x00, 0x00, 0x00, 0x00, 0x00, 0x00, 0x00, 0x00
.byte 0x00, 0x00, 0x00, 0x00, 0x00, 0x00, 0x00, 0x00, 0x00, 0x00, 0x00, 0x00, 0x00, 0x00, 0x00, 0x00
.byte 0x00, 0x00, 0x00, 0x00, 0x00, 0x00, 0x00, 0x00, 0x00, 0x00, 0x00, 0x00, 0x00, 0x00, 0x00, 0x00
.byte 0x00, 0x00, 0x00, 0x00, 0x00, 0x00, 0x00, 0x00, 0x00, 0x00, 0x00, 0x00, 0x00, 0x00, 0x9e, 0xd6
.byte 0x99, 0x31, 0x99, 0x31, 0x99, 0x31, 0x99, 0x31, 0x99, 0x31, 0x99, 0x31, 0x99, 0x31, 0x99, 0x31
.byte 0x99, 0x31, 0x99, 0x31, 0x99, 0x31, 0x99, 0x31, 0x99, 0x31, 0x99, 0x31, 0x99, 0x31, 0x99, 0x31
.byte 0x99, 0x31, 0x99, 0x31, 0x99, 0x31, 0x99, 0x31, 0x99, 0x31, 0x99, 0x31, 0x99, 0x31, 0x99, 0x31
.byte 0x99, 0x31, 0x99, 0x31, 0x99, 0x31, 0x99, 0x31, 0x99, 0x31, 0x99, 0x31, 0x99, 0x31, 0x99, 0x31
.byte 0x99, 0x31, 0x99, 0x31, 0x99, 0x31, 0x99, 0x31, 0x99, 0x31, 0x99, 0x31, 0x99, 0x31, 0x99, 0x31
.byte 0x99, 0x31, 0x99, 0x31, 0x99, 0x31, 0x99, 0x31, 0x99, 0x31, 0x99, 0x31, 0x99, 0x31, 0x99, 0x31
.byte 0x99, 0x31, 0x99, 0x31, 0x99, 0x31, 0x99, 0x31, 0x99, 0x31, 0x99, 0x31, 0x99, 0x31, 0x99, 0x31
.byte 0x99, 0x31, 0x99, 0x31, 0x99, 0x31, 0x99, 0x31, 0x99, 0x31, 0x99, 0x31, 0x99, 0x31, 0x99, 0x31
.byte 0x99, 0x31, 0x99, 0x31, 0x99, 0x31, 0x99, 0x31, 0x99, 0x31, 0x99, 0x31, 0x99, 0x31, 0x99, 0x31
.byte 0x99, 0x31, 0x99, 0x31, 0x99, 0x31, 0x99, 0x31, 0x99, 0x31, 0x99, 0x31, 0x99, 0x31, 0xfb, 0x7b
.byte 0x9e, 0xd6, 0x00, 0x00, 0x00, 0x00, 0x00, 0x00, 0x00, 0x00, 0x00, 0x00, 0x00, 0x00, 0x00, 0x00
.byte 0x00, 0x00, 0x00, 0x00, 0x00, 0x00, 0x00, 0x00, 0x00, 0x00, 0x00, 0x00, 0x00, 0x00, 0x00, 0x00
.byte 0x00, 0x00, 0x00, 0x00, 0x00, 0x00, 0x00, 0x00, 0x00, 0x00, 0x00, 0x00, 0x00, 0x00, 0x00, 0x00
.byte 0x00, 0x00, 0x00, 0x00, 0x00, 0x00, 0x00, 0x00, 0x00, 0x00, 0x00, 0x00, 0x00, 0x00, 0x00, 0x00
.byte 0x00, 0x00, 0x00, 0x00, 0x00, 0x00, 0x00, 0x00, 0x00, 0x00, 0x00, 0x00, 0x00, 0x00, 0x00, 0x00
.byte 0x00, 0x00, 0x00, 0x00, 0x00, 0x00, 0x00, 0x00, 0x9e, 0xf7, 0x38, 0xc6, 0x99, 0x52, 0x99, 0x31
.byte 0x99, 0x31, 0x99, 0x31, 0x99, 0x31, 0x99, 0x31, 0x99, 0x31, 0x99, 0x31, 0x99, 0x31, 0x99, 0x31
.byte 0x99, 0x31, 0x99, 0x31, 0x99, 0x31, 0x99, 0x31, 0x99, 0x31, 0x99, 0x31, 0x99, 0x31, 0x99, 0x31
.byte 0x99, 0x31, 0x99, 0x31, 0x99, 0x31, 0x99, 0x31, 0x99, 0x31, 0x99, 0x31, 0x99, 0x31, 0x99, 0x31
.byte 0x99, 0x31, 0x99, 0x31, 0x99, 0x31, 0x99, 0x31, 0x99, 0x31, 0x99, 0x31, 0x99, 0x31, 0x99, 0x31
.byte 0x99, 0x31, 0x99, 0x31, 0x99, 0x31, 0x99, 0x31, 0x99, 0x31, 0x99, 0x31, 0x99, 0x31, 0x99, 0x31
.byte 0x99, 0x31, 0x99, 0x31, 0x99, 0x31, 0x99, 0x31, 0x99, 0x31, 0x99, 0x31, 0x99, 0x31, 0x99, 0x31
.byte 0x99, 0x31, 0x99, 0x31, 0x99, 0x31, 0x99, 0x31, 0x99, 0x31, 0x99, 0x31, 0xb3, 0x31, 0x08, 0x42
.byte 0x08, 0x42, 0x08, 0x42, 0x69, 0x4a, 0x6d, 0x6b, 0x35, 0xa5, 0xdb, 0xde, 0x9e, 0xf7, 0xdf, 0xff
.byte 0x00, 0x00, 0x00, 0x00, 0x00, 0x00, 0x00, 0x00, 0x00, 0x00, 0x00, 0x00, 0x00, 0x00, 0x00, 0x00
.byte 0x00, 0x00, 0x00, 0x00, 0x00, 0x00, 0x00, 0x00, 0x00, 0x00, 0x00, 0x00, 0x00, 0x00, 0x00, 0x00
.byte 0x00, 0x00, 0x00, 0x00, 0x00, 0x00, 0x00, 0x00, 0x00, 0x00, 0x00, 0x00, 0x00, 0x00, 0x00, 0x00
.byte 0x00, 0x00, 0x00, 0x00, 0x00, 0x00, 0x00, 0x00, 0x00, 0x00, 0x00, 0x00, 0x00, 0x00, 0x00, 0x00
.byte 0x00, 0x00, 0x00, 0x00, 0x00, 0x00, 0x00, 0x00, 0x00, 0x00, 0x00, 0x00, 0x00, 0x00, 0x00, 0x00
.byte 0x00, 0x00, 0x00, 0x00, 0x00, 0x00, 0x00, 0x00, 0x00, 0x00, 0x00, 0x00, 0x00, 0x00, 0x1b, 0xa5
.byte 0x99, 0x31, 0x99, 0x31, 0x99, 0x31, 0x99, 0x31, 0x99, 0x31, 0x99, 0x31, 0x99, 0x31, 0x99, 0x31
.byte 0x99, 0x31, 0x99, 0x31, 0x99, 0x31, 0x99, 0x31, 0x99, 0x31, 0x99, 0x31, 0x99, 0x31, 0x99, 0x31
.byte 0x99, 0x31, 0x99, 0x31, 0x99, 0x31, 0x99, 0x31, 0x99, 0x31, 0x99, 0x31, 0x99, 0x31, 0x99, 0x31
.byte 0x99, 0x31, 0x99, 0x31, 0x99, 0x31, 0x99, 0x31, 0x99, 0x31, 0x99, 0x31, 0x99, 0x31, 0x99, 0x31
.byte 0x99, 0x31, 0x99, 0x31, 0x99, 0x31, 0x99, 0x31, 0x99, 0x31, 0x99, 0x31, 0x99, 0x31, 0x99, 0x31
.byte 0x99, 0x31, 0x99, 0x31, 0x99, 0x31, 0x99, 0x31, 0x99, 0x31, 0x99, 0x31, 0x99, 0x31, 0x99, 0x31
.byte 0x99, 0x31, 0x99, 0x31, 0x99, 0x31, 0x99, 0x31, 0x99, 0x31, 0x99, 0x31, 0x99, 0x31, 0x99, 0x31
.byte 0x99, 0x31, 0x99, 0x31, 0x99, 0x31, 0x99, 0x31, 0x99, 0x31, 0x99, 0x31, 0x99, 0x31, 0x99, 0x31
.byte 0x99, 0x31, 0x99, 0x31, 0x99, 0x31, 0x99, 0x31, 0x99, 0x31, 0x99, 0x31, 0x99, 0x31, 0x99, 0x31
.byte 0x99, 0x31, 0x99, 0x31, 0x99, 0x31, 0x99, 0x31, 0x99, 0x31, 0x99, 0x31, 0x99, 0x31, 0x99, 0x31
.byte 0xd8, 0x39, 0x1b, 0xa5, 0x00, 0x00, 0x00, 0x00, 0x00, 0x00, 0x00, 0x00, 0x00, 0x00, 0x00, 0x00
.byte 0x00, 0x00, 0x00, 0x00, 0x00, 0x00, 0x00, 0x00, 0x00, 0x00, 0x00, 0x00, 0x00, 0x00, 0x00, 0x00
.byte 0x00, 0x00, 0x00, 0x00, 0x00, 0x00, 0x00, 0x00, 0x00, 0x00, 0x00, 0x00, 0x00, 0x00, 0x00, 0x00
.byte 0x00, 0x00, 0x00, 0x00, 0x00, 0x00, 0x00, 0x00, 0x00, 0x00, 0x00, 0x00, 0x00, 0x00, 0x00, 0x00
.byte 0x00, 0x00, 0x00, 0x00, 0x00, 0x00, 0x00, 0x00, 0x00, 0x00, 0x00, 0x00, 0x00, 0x00, 0x00, 0x00
.byte 0x00, 0x00, 0x00, 0x00, 0x00, 0x00, 0x00, 0x00, 0xdf, 0xff, 0x3c, 0xe7, 0x1b, 0xa5, 0x99, 0x31
.byte 0x99, 0x31, 0x99, 0x31, 0x99, 0x31, 0x99, 0x31, 0x99, 0x31, 0x99, 0x31, 0x99, 0x31, 0x99, 0x31
.byte 0x99, 0x31, 0x99, 0x31, 0x99, 0x31, 0x99, 0x31, 0x99, 0x31, 0x99, 0x31, 0x99, 0x31, 0x99, 0x31
.byte 0x99, 0x31, 0x99, 0x31, 0x99, 0x31, 0x99, 0x31, 0x99, 0x31, 0x99, 0x31, 0x99, 0x31, 0x99, 0x31
.byte 0x99, 0x31, 0x99, 0x31, 0x99, 0x31, 0x99, 0x31, 0x99, 0x31, 0x99, 0x31, 0x99, 0x31, 0x99, 0x31
.byte 0x99, 0x31, 0x99, 0x31, 0x99, 0x31, 0x99, 0x31, 0x99, 0x31, 0x99, 0x31, 0x99, 0x31, 0x99, 0x31
.byte 0x99, 0x31, 0x99, 0x31, 0x99, 0x31, 0x99, 0x31, 0x99, 0x31, 0x99, 0x31, 0x99, 0x31, 0x99, 0x31
.byte 0x99, 0x31, 0x99, 0x31, 0x99, 0x31, 0x99, 0x31, 0x99, 0x31, 0xd8, 0x39, 0x08, 0x42, 0x08, 0x42
.byte 0x08, 0x42, 0x69, 0x4a, 0x6d, 0x6b, 0x71, 0x8c, 0x38, 0xc6, 0x3c, 0xe7, 0xdf, 0xff, 0x00, 0x00
.byte 0x00, 0x00, 0x00, 0x00, 0x00, 0x00, 0x00, 0x00, 0x00, 0x00, 0x00, 0x00, 0x00, 0x00, 0x00, 0x00
.byte 0x00, 0x00, 0x00, 0x00, 0x00, 0x00, 0x00, 0x00, 0x00, 0x00, 0x00, 0x00, 0x00, 0x00, 0x00, 0x00
.byte 0x00, 0x00, 0x00, 0x00, 0x00, 0x00, 0x00, 0x00, 0x00, 0x00, 0x00, 0x00, 0x00, 0x00, 0x00, 0x00
.byte 0x00, 0x00, 0x00, 0x00, 0x00, 0x00, 0x00, 0x00, 0x00, 0x00, 0x00, 0x00, 0x00, 0x00, 0x00, 0x00
.byte 0x00, 0x00, 0x00, 0x00, 0x00, 0x00, 0x00, 0x00, 0x00, 0x00, 0x00, 0x00, 0x00, 0x00, 0x00, 0x00
.byte 0x00, 0x00, 0x00, 0x00, 0x00, 0x00, 0x00, 0x00, 0x00, 0x00, 0x00, 0x00, 0x00, 0x00, 0x1b, 0xa5
.byte 0x99, 0x31, 0x99, 0x31, 0x99, 0x31, 0x99, 0x31, 0x99, 0x31, 0x99, 0x31, 0x99, 0x31, 0x99, 0x31
.byte 0x99, 0x31, 0x99, 0x31, 0x99, 0x31, 0x99, 0x31, 0x99, 0x31, 0x99, 0x31, 0x99, 0x31, 0x99, 0x31
.byte 0x99, 0x31, 0x99, 0x31, 0x99, 0x31, 0x99, 0x31, 0x99, 0x31, 0x99, 0x31, 0x99, 0x31, 0x99, 0x31
.byte 0x99, 0x31, 0x99, 0x31, 0x99, 0x31, 0x99, 0x31, 0x99, 0x31, 0x99, 0x31, 0x99, 0x31, 0x99, 0x31
.byte 0x99, 0x31, 0x99, 0x31, 0x99, 0x31, 0x99, 0x31, 0x99, 0x31, 0x99, 0x31, 0x99, 0x31, 0x99, 0x31
.byte 0x99, 0x31, 0x99, 0x31, 0x99, 0x31, 0x99, 0x31, 0x99, 0x31, 0x99, 0x31, 0x99, 0x31, 0x99, 0x31
.byte 0x99, 0x31, 0x99, 0x31, 0x99, 0x31, 0x99, 0x31, 0x99, 0x31, 0x99, 0x31, 0x99, 0x31, 0x99, 0x31
.byte 0x99, 0x31, 0x99, 0x31, 0x99, 0x31, 0x99, 0x31, 0x99, 0x31, 0x99, 0x31, 0x99, 0x31, 0x99, 0x31
.byte 0x99, 0x31, 0x99, 0x31, 0x99, 0x31, 0x99, 0x31, 0x99, 0x31, 0x99, 0x31, 0x99, 0x31, 0x99, 0x31
.byte 0x99, 0x31, 0x99, 0x31, 0x99, 0x31, 0x99, 0x31, 0x99, 0x31, 0x99, 0x31, 0x99, 0x31, 0x99, 0x31
.byte 0x99, 0x31, 0x99, 0x31, 0xfb, 0x7b, 0xdf, 0xff, 0xdf, 0xff, 0x00, 0x00, 0x00, 0x00, 0x00, 0x00
.byte 0x00, 0x00, 0x00, 0x00, 0x00, 0x00, 0x00, 0x00, 0x00, 0x00, 0x00, 0x00, 0x00, 0x00, 0x00, 0x00
.byte 0x00, 0x00, 0x00, 0x00, 0x00, 0x00, 0x00, 0x00, 0x00, 0x00, 0x00, 0x00, 0x00, 0x00, 0x00, 0x00
.byte 0x00, 0x00, 0x00, 0x00, 0x00, 0x00, 0x00, 0x00, 0x00, 0x00, 0x00, 0x00, 0x00, 0x00, 0x00, 0x00
.byte 0x00, 0x00, 0x00, 0x00, 0x00, 0x00, 0x00, 0x00, 0x00, 0x00, 0x00, 0x00, 0x00, 0x00, 0x00, 0x00
.byte 0x00, 0x00, 0x00, 0x00, 0x00, 0x00, 0x00, 0x00, 0x00, 0x00, 0x9e, 0xf7, 0xdb, 0xde, 0x5a, 0x6b
.byte 0x99, 0x31, 0x99, 0x31, 0x99, 0x31, 0x99, 0x31, 0x99, 0x31, 0x99, 0x31, 0x99, 0x31, 0x99, 0x31
.byte 0x99, 0x31, 0x99, 0x31, 0x99, 0x31, 0x99, 0x31, 0x99, 0x31, 0x99, 0x31, 0x99, 0x31, 0x99, 0x31
.byte 0x99, 0x31, 0x99, 0x31, 0x99, 0x31, 0x99, 0x31, 0x99, 0x31, 0x99, 0x31, 0x99, 0x31, 0x99, 0x31
.byte 0x99, 0x31, 0x99, 0x31, 0x99, 0x31, 0x99, 0x31, 0x99, 0x31, 0x99, 0x31, 0x99, 0x31, 0x99, 0x31
.byte 0x99, 0x31, 0x99, 0x31, 0x99, 0x31, 0x99, 0x31, 0x99, 0x31, 0x99, 0x31, 0x99, 0x31, 0x99, 0x31
.byte 0x99, 0x31, 0x99, 0x31, 0x99, 0x31, 0x99, 0x31, 0x99, 0x31, 0x99, 0x31, 0x99, 0x31, 0x99, 0x31
.byte 0x99, 0x31, 0x99, 0x31, 0x99, 0x31, 0x99, 0x31, 0x99, 0x31, 0xcd, 0x39, 0x08, 0x42, 0x08, 0x42
.byte 0x69, 0x4a, 0xcb, 0x5a, 0xf0, 0x7b, 0xb6, 0xb5, 0xdb, 0xde, 0x9e, 0xf7, 0x00, 0x00, 0x00, 0x00
.byte 0x00, 0x00, 0x00, 0x00, 0x00, 0x00, 0x00, 0x00, 0x00, 0x00, 0x00, 0x00, 0x00, 0x00, 0x00, 0x00
.byte 0x00, 0x00, 0x00, 0x00, 0x00, 0x00, 0x00, 0x00, 0x00, 0x00, 0x00, 0x00, 0x00, 0x00, 0x00, 0x00
.byte 0x00, 0x00, 0x00, 0x00, 0x00, 0x00, 0x00, 0x00, 0x00, 0x00, 0x00, 0x00, 0x00, 0x00, 0x00, 0x00
.byte 0x00, 0x00, 0x00, 0x00, 0x00, 0x00, 0x00, 0x00, 0x00, 0x00, 0x00, 0x00, 0x00, 0x00, 0x00, 0x00
.byte 0x00, 0x00, 0x00, 0x00, 0x00, 0x00, 0x00, 0x00, 0x00, 0x00, 0x00, 0x00, 0x00, 0x00, 0x00, 0x00
.byte 0x00, 0x00, 0x00, 0x00, 0x00, 0x00, 0x00, 0x00, 0x00, 0x00, 0x00, 0x00, 0x00, 0x00, 0x1d, 0xc6
.byte 0x99, 0x31, 0x99, 0x31, 0x99, 0x31, 0x99, 0x31, 0x99, 0x31, 0x99, 0x31, 0x99, 0x31, 0x99, 0x31
.byte 0x99, 0x31, 0x99, 0x31, 0x99, 0x31, 0x99, 0x31, 0x99, 0x31, 0x99, 0x31, 0x99, 0x31, 0x99, 0x31
.byte 0x99, 0x31, 0x99, 0x31, 0x99, 0x31, 0x99, 0x31, 0x99, 0x31, 0x99, 0x31, 0x99, 0x31, 0x99, 0x31
.byte 0x99, 0x31, 0x99, 0x31, 0x99, 0x31, 0x99, 0x31, 0x99, 0x31, 0x99, 0x31, 0x99, 0x31, 0x99, 0x31
.byte 0x99, 0x31, 0x99, 0x31, 0x99, 0x31, 0x99, 0x31, 0x99, 0x31, 0x99, 0x31, 0x99, 0x31, 0x99, 0x31
.byte 0x99, 0x31, 0x99, 0x31, 0x99, 0x31, 0x99, 0x31, 0x99, 0x31, 0x99, 0x31, 0x99, 0x31, 0x99, 0x31
.byte 0x99, 0x31, 0x99, 0x31, 0x99, 0x31, 0x99, 0x31, 0x99, 0x31, 0x99, 0x31, 0x99, 0x31, 0x99, 0x31
.byte 0x99, 0x31, 0x99, 0x31, 0x99, 0x31, 0x99, 0x31, 0x99, 0x31, 0x99, 0x31, 0x99, 0x31, 0x99, 0x31
.byte 0x99, 0x31, 0x99, 0x31, 0x99, 0x31, 0x99, 0x31, 0x99, 0x31, 0x99, 0x31, 0x99, 0x31, 0x99, 0x31
.byte 0x99, 0x31, 0x99, 0x31, 0x99, 0x31, 0x99, 0x31, 0x99, 0x31, 0x99, 0x31, 0x99, 0x31, 0x99, 0x31
.byte 0x99, 0x31, 0x99, 0x31, 0x99, 0x31, 0x5a, 0x6b, 0xdb, 0xde, 0xdf, 0xff, 0x00, 0x00, 0x00, 0x00
.byte 0x00, 0x00, 0x00, 0x00, 0x00, 0x00, 0x00, 0x00, 0x00, 0x00, 0x00, 0x00, 0x00, 0x00, 0x00, 0x00
.byte 0x00, 0x00, 0x00, 0x00, 0x00, 0x00, 0x00, 0x00, 0x00, 0x00, 0x00, 0x00, 0x00, 0x00, 0x00, 0x00
.byte 0x00, 0x00, 0x00, 0x00, 0x00, 0x00, 0x00, 0x00, 0x00, 0x00, 0x00, 0x00, 0x00, 0x00, 0x00, 0x00
.byte 0x00, 0x00, 0x00, 0x00, 0x00, 0x00, 0x00, 0x00, 0x00, 0x00, 0x00, 0x00, 0x00, 0x00, 0x00, 0x00
.byte 0x00, 0x00, 0x00, 0x00, 0x00, 0x00, 0x00, 0x00, 0x00, 0x00, 0xdf, 0xff, 0x9e, 0xf7, 0x38, 0xc6
.byte 0xf4, 0x5a, 0x99, 0x31, 0x99, 0x31, 0x99, 0x31, 0x99, 0x31, 0x99, 0x31, 0x99, 0x31, 0x99, 0x31
.byte 0x99, 0x31, 0x99, 0x31, 0x99, 0x31, 0x99, 0x31, 0x99, 0x31, 0x99, 0x31, 0x99, 0x31, 0x99, 0x31
.byte 0x99, 0x31, 0x99, 0x31, 0x99, 0x31, 0x99, 0x31, 0x99, 0x31, 0x99, 0x31, 0x99, 0x31, 0x99, 0x31
.byte 0x99, 0x31, 0x99, 0x31, 0x99, 0x31, 0x99, 0x31, 0x99, 0x31, 0x99, 0x31, 0x99, 0x31, 0x99, 0x31
.byte 0x99, 0x31, 0x99, 0x31, 0x99, 0x31, 0x99, 0x31, 0x99, 0x31, 0x99, 0x31, 0x99, 0x31, 0x99, 0x31
.byte 0x99, 0x31, 0x99, 0x31, 0x99, 0x31, 0x99, 0x31, 0x99, 0x31, 0x99, 0x31, 0x99, 0x31, 0x99, 0x31
.byte 0x99, 0x31, 0x99, 0x31, 0x99, 0x31, 0x99, 0x31, 0xcd, 0x39, 0x08, 0x42, 0x08, 0x42, 0x08, 0x42
.byte 0xcb, 0x5a, 0x6d, 0x6b, 0x35, 0xa5, 0xdb, 0xde, 0x9e, 0xf7, 0xdf, 0xff, 0x00, 0x00, 0x00, 0x00
.byte 0x00, 0x00, 0x00, 0x00, 0x00, 0x00, 0x00, 0x00, 0x00, 0x00, 0x00, 0x00, 0x00, 0x00, 0x00, 0x00
.byte 0x00, 0x00, 0x00, 0x00, 0x00, 0x00, 0x00, 0x00, 0x00, 0x00, 0x00, 0x00, 0x00, 0x00, 0x00, 0x00
.byte 0x00, 0x00, 0x00, 0x00, 0x00, 0x00, 0x00, 0x00, 0x00, 0x00, 0x00, 0x00, 0x00, 0x00, 0x00, 0x00
.byte 0x00, 0x00, 0x00, 0x00, 0x00, 0x00, 0x00, 0x00, 0x00, 0x00, 0x00, 0x00, 0x00, 0x00, 0x00, 0x00
.byte 0x00, 0x00, 0x00, 0x00, 0x00, 0x00, 0x00, 0x00, 0x00, 0x00, 0x00, 0x00, 0x00, 0x00, 0x00, 0x00
.byte 0x00, 0x00, 0x00, 0x00, 0x00, 0x00, 0x00, 0x00, 0x00, 0x00, 0x00, 0x00, 0x00, 0x00, 0x9e, 0xd6
.byte 0x99, 0x31, 0x99, 0x31, 0x99, 0x31, 0x99, 0x31, 0x99, 0x31, 0x99, 0x31, 0x99, 0x31, 0x99, 0x31
.byte 0x99, 0x31, 0x99, 0x31, 0x99, 0x31, 0x99, 0x31, 0x99, 0x31, 0x99, 0x31, 0x99, 0x31, 0x99, 0x31
.byte 0x99, 0x31, 0x99, 0x31, 0x99, 0x31, 0x99, 0x31, 0x99, 0x31, 0x99, 0x31, 0x99, 0x31, 0x99, 0x31
.byte 0x99, 0x31, 0x99, 0x31, 0x99, 0x31, 0x99, 0x31, 0x99, 0x31, 0x99, 0x31, 0x99, 0x31, 0x99, 0x31
.byte 0x99, 0x31, 0x99, 0x31, 0x99, 0x31, 0x99, 0x31, 0x99, 0x31, 0x99, 0x31, 0x99, 0x31, 0x99, 0x31
.byte 0x99, 0x31, 0x99, 0x31, 0x99, 0x31, 0x99, 0x31, 0x99, 0x31, 0x99, 0x31, 0x99, 0x31, 0x99, 0x31
.byte 0x99, 0x31, 0x99, 0x31, 0x99, 0x31, 0x99, 0x31, 0x99, 0x31, 0x99, 0x31, 0x99, 0x31, 0x99, 0x31
.byte 0x99, 0x31, 0x99, 0x31, 0x99, 0x31, 0x99, 0x31, 0x99, 0x31, 0x99, 0x31, 0x99, 0x31, 0x99, 0x31
.byte 0x99, 0x31, 0x99, 0x31, 0x99, 0x31, 0x99, 0x31, 0x99, 0x31, 0x99, 0x31, 0x99, 0x31, 0x99, 0x31
.byte 0x99, 0x31, 0x99, 0x31, 0x99, 0x31, 0x99, 0x31, 0x99, 0x31, 0x99, 0x31, 0x99, 0x31, 0x99, 0x31
.byte 0x99, 0x31, 0x99, 0x31, 0x99, 0x31, 0x99, 0x31, 0x99, 0x52, 0xdb, 0xde, 0xdf, 0xff, 0x00, 0x00
.byte 0x00, 0x00, 0x00, 0x00, 0x00, 0x00, 0x00, 0x00, 0x00, 0x00, 0x00, 0x00, 0x00, 0x00, 0x00, 0x00
.byte 0x00, 0x00, 0x00, 0x00, 0x00, 0x00, 0x00, 0x00, 0x00, 0x00, 0x00, 0x00, 0x00, 0x00, 0x00, 0x00
.byte 0x00, 0x00, 0x00, 0x00, 0x00, 0x00, 0x00, 0x00, 0x00, 0x00, 0x00, 0x00, 0x00, 0x00, 0x00, 0x00
.byte 0x00, 0x00, 0x00, 0x00, 0x00, 0x00, 0x00, 0x00, 0x00, 0x00, 0x00, 0x00, 0x00, 0x00, 0x00, 0x00
.byte 0x00, 0x00, 0x00, 0x00, 0x00, 0x00, 0x00, 0x00, 0x00, 0x00, 0x00, 0x00, 0xdf, 0xff, 0x3c, 0xe7
.byte 0xb6, 0xb5, 0x99, 0x52, 0x99, 0x31, 0x99, 0x31, 0x99, 0x31, 0x99, 0x31, 0x99, 0x31, 0x99, 0x31
.byte 0x99, 0x31, 0x99, 0x31, 0x99, 0x31, 0x99, 0x31, 0x99, 0x31, 0x99, 0x31, 0x99, 0x31, 0x99, 0x31
.byte 0x99, 0x31, 0x99, 0x31, 0x99, 0x31, 0x99, 0x31, 0x99, 0x31, 0x99, 0x31, 0x99, 0x31, 0x99, 0x31
.byte 0x99, 0x31, 0x99, 0x31, 0x99, 0x31, 0x99, 0x31, 0x99, 0x31, 0x99, 0x31, 0x99, 0x31, 0x99, 0x31
.byte 0x99, 0x31, 0x99, 0x31, 0x99, 0x31, 0x99, 0x31, 0x99, 0x31, 0x99, 0x31, 0x99, 0x31, 0x99, 0x31
.byte 0x99, 0x31, 0x99, 0x31, 0x99, 0x31, 0x99, 0x31, 0x99, 0x31, 0x99, 0x31, 0x99, 0x31, 0x99, 0x31
.byte 0x99, 0x31, 0x99, 0x31, 0x99, 0x31, 0xb3, 0x31, 0x08, 0x42, 0x08, 0x42, 0x08, 0x42, 0x69, 0x4a
.byte 0x6d, 0x6b, 0xd3, 0x9c, 0x38, 0xc6, 0x3c, 0xe7, 0xdf, 0xff, 0x00, 0x00, 0x00, 0x00, 0x00, 0x00
.byte 0x00, 0x00, 0x00, 0x00, 0x00, 0x00, 0x00, 0x00, 0x00, 0x00, 0x00, 0x00, 0x00, 0x00, 0x00, 0x00
.byte 0x00, 0x00, 0x00, 0x00, 0x00, 0x00, 0x00, 0x00, 0x00, 0x00, 0x00, 0x00, 0x00, 0x00, 0x00, 0x00
.byte 0x00, 0x00, 0x00, 0x00, 0x00, 0x00, 0x00, 0x00, 0x00, 0x00, 0x00, 0x00, 0x00, 0x00, 0x00, 0x00
.byte 0x00, 0x00, 0x00, 0x00, 0x00, 0x00, 0x00, 0x00, 0x00, 0x00, 0x00, 0x00, 0x00, 0x00, 0x00, 0x00
.byte 0x00, 0x00, 0x00, 0x00, 0x00, 0x00, 0x00, 0x00, 0x00, 0x00, 0x00, 0x00, 0x00, 0x00, 0x00, 0x00
.byte 0x00, 0x00, 0x00, 0x00, 0x00, 0x00, 0x00, 0x00, 0x00, 0x00, 0x00, 0x00, 0x00, 0x00, 0x9f, 0xf7
.byte 0x99, 0x52, 0x99, 0x31, 0x99, 0x31, 0x99, 0x31, 0x99, 0x31, 0x99, 0x31, 0x99, 0x31, 0x99, 0x31
.byte 0x99, 0x31, 0x99, 0x31, 0x99, 0x31, 0x99, 0x31, 0x99, 0x31, 0x99, 0x31, 0x99, 0x31, 0x99, 0x31
.byte 0x99, 0x31, 0x99, 0x31, 0x99, 0x31, 0x99, 0x31, 0x99, 0x31, 0x99, 0x31, 0x99, 0x31, 0x99, 0x31
.byte 0x99, 0x31, 0x99, 0x31, 0x99, 0x31, 0x99, 0x31, 0x99, 0x31, 0x99, 0x31, 0x99, 0x31, 0x99, 0x31
.byte 0x99, 0x31, 0x99, 0x31, 0x99, 0x31, 0x99, 0x31, 0x99, 0x31, 0x99, 0x31, 0x99, 0x31, 0x99, 0x31
.byte 0x99, 0x31, 0x99, 0x31, 0x99, 0x31, 0x99, 0x31, 0x99, 0x31, 0x99, 0x31, 0x99, 0x31, 0x99, 0x31
.byte 0x99, 0x31, 0x99, 0x31, 0x99, 0x31, 0x99, 0x31, 0x99, 0x31, 0x99, 0x31, 0x99, 0x31, 0x99, 0x31
.byte 0x99, 0x31, 0x99, 0x31, 0x99, 0x31, 0x99, 0x31, 0x99, 0x31, 0x99, 0x31, 0x99, 0x31, 0x99, 0x31
.byte 0x99, 0x31, 0x99, 0x31, 0x99, 0x31, 0x99, 0x31, 0x99, 0x31, 0x99, 0x31, 0x99, 0x31, 0x99, 0x31
.byte 0x99, 0x31, 0x99, 0x31, 0x99, 0x31, 0x99, 0x31, 0x99, 0x31, 0x99, 0x31, 0x99, 0x31, 0x99, 0x31
.byte 0x99, 0x31, 0x99, 0x31, 0x99, 0x31, 0x99, 0x31, 0x99, 0x31, 0x99, 0x52, 0x9c, 0xb5, 0xdf, 0xff
.byte 0x00, 0x00, 0x00, 0x00, 0x00, 0x00, 0x00, 0x00, 0x00, 0x00, 0x00, 0x00, 0x00, 0x00, 0x00, 0x00
.byte 0x00, 0x00, 0x00, 0x00, 0x00, 0x00, 0x00, 0x00, 0x00, 0x00, 0x00, 0x00, 0x00, 0x00, 0x00, 0x00
.byte 0x00, 0x00, 0x00, 0x00, 0x00, 0x00, 0x00, 0x00, 0x00, 0x00, 0x00, 0x00, 0x00, 0x00, 0x00, 0x00
.byte 0x00, 0x00, 0x00, 0x00, 0x00, 0x00, 0x00, 0x00, 0x00, 0x00, 0x00, 0x00, 0x00, 0x00, 0x00, 0x00
.byte 0x00, 0x00, 0x00, 0x00, 0x00, 0x00, 0x00, 0x00, 0x00, 0x00, 0x00, 0x00, 0x00, 0x00, 0x9e, 0xf7
.byte 0xdb, 0xde, 0x35, 0xa5, 0xd8, 0x39, 0x99, 0x31, 0x99, 0x31, 0x99, 0x31, 0x99, 0x31, 0x99, 0x31
.byte 0x99, 0x31, 0x99, 0x31, 0x99, 0x31, 0x99, 0x31, 0x99, 0x31, 0x99, 0x31, 0x99, 0x31, 0x99, 0x31
.byte 0x99, 0x31, 0x99, 0x31, 0x99, 0x31, 0x99, 0x31, 0x99, 0x31, 0x99, 0x31, 0x99, 0x31, 0x99, 0x31
.byte 0x99, 0x31, 0x99, 0x31, 0x99, 0x31, 0x99, 0x31, 0x99, 0x31, 0x99, 0x31, 0x99, 0x31, 0x99, 0x31
.byte 0x99, 0x31, 0x99, 0x31, 0x99, 0x31, 0x99, 0x31, 0x99, 0x31, 0x99, 0x31, 0x99, 0x31, 0x99, 0x31
.byte 0x99, 0x31, 0x99, 0x31, 0x99, 0x31, 0x99, 0x31, 0x99, 0x31, 0x99, 0x31, 0x99, 0x31, 0x99, 0x31
.byte 0x99, 0x31, 0x99, 0x31, 0xb3, 0x31, 0x08, 0x42, 0x08, 0x42, 0x08, 0x42, 0x69, 0x4a, 0xcb, 0x5a
.byte 0x71, 0x8c, 0xb6, 0xb5, 0x3c, 0xe7, 0xdf, 0xff, 0x00, 0x00, 0x00, 0x00, 0x00, 0x00, 0x00, 0x00
.byte 0x00, 0x00, 0x00, 0x00, 0x00, 0x00, 0x00, 0x00, 0x00, 0x00, 0x00, 0x00, 0x00, 0x00, 0x00, 0x00
.byte 0x00, 0x00, 0x00, 0x00, 0x00, 0x00, 0x00, 0x00, 0x00, 0x00, 0x00, 0x00, 0x00, 0x00, 0x00, 0x00
.byte 0x00, 0x00, 0x00, 0x00, 0x00, 0x00, 0x00, 0x00, 0x00, 0x00, 0x00, 0x00, 0x00, 0x00, 0x00, 0x00
.byte 0x00, 0x00, 0x00, 0x00, 0x00, 0x00, 0x00, 0x00, 0x00, 0x00, 0x00, 0x00, 0x00, 0x00, 0x00, 0x00
.byte 0x00, 0x00, 0x00, 0x00, 0x00, 0x00, 0x00, 0x00, 0x00, 0x00, 0x00, 0x00, 0x00, 0x00, 0x00, 0x00
.byte 0x00, 0x00, 0x00, 0x00, 0x00, 0x00, 0x00, 0x00, 0x00, 0x00, 0x00, 0x00, 0x00, 0x00, 0x00, 0x00
.byte 0xfb, 0x7b, 0x99, 0x31, 0x99, 0x31, 0x99, 0x31, 0x99, 0x31, 0x99, 0x31, 0x99, 0x31, 0x99, 0x31
.byte 0x99, 0x31, 0x99, 0x31, 0x99, 0x31, 0x99, 0x31, 0x99, 0x31, 0x99, 0x31, 0x99, 0x31, 0x99, 0x31
.byte 0x99, 0x31, 0x99, 0x31, 0x99, 0x31, 0x99, 0x31, 0x99, 0x31, 0x99, 0x31, 0x99, 0x31, 0x99, 0x31
.byte 0x99, 0x31, 0x99, 0x31, 0x99, 0x31, 0x99, 0x31, 0x99, 0x31, 0x99, 0x31, 0x99, 0x31, 0x99, 0x31
.byte 0x99, 0x31, 0x99, 0x31, 0x99, 0x31, 0x99, 0x31, 0x99, 0x31, 0x99, 0x31, 0x99, 0x31, 0x99, 0x31
.byte 0x99, 0x31, 0x99, 0x31, 0x99, 0x31, 0x99, 0x31, 0x99, 0x31, 0x99, 0x31, 0x99, 0x31, 0x99, 0x31
.byte 0x99, 0x31, 0x99, 0x31, 0x99, 0x31, 0x99, 0x31, 0x99, 0x31, 0x99, 0x31, 0x99, 0x31, 0x99, 0x31
.byte 0x99, 0x31, 0x99, 0x31, 0x99, 0x31, 0x99, 0x31, 0x99, 0x31, 0x99, 0x31, 0x99, 0x31, 0x99, 0x31
.byte 0x99, 0x31, 0x99, 0x31, 0x99, 0x31, 0x99, 0x31, 0x99, 0x31, 0x99, 0x31, 0x99, 0x31, 0x99, 0x31
.byte 0x99, 0x31, 0x99, 0x31, 0x99, 0x31, 0x99, 0x31, 0x99, 0x31, 0x99, 0x31, 0x99, 0x31, 0x99, 0x31
.byte 0x99, 0x31, 0x99, 0x31, 0x99, 0x31, 0x99, 0x31, 0x99, 0x31, 0x99, 0x31, 0xd8, 0x39, 0x1b, 0xa5
.byte 0x9e, 0xf7, 0xdf, 0xff, 0x00, 0x00, 0x00, 0x00, 0x00, 0x00, 0x00, 0x00, 0x00, 0x00, 0x00, 0x00
.byte 0x00, 0x00, 0x00, 0x00, 0x00, 0x00, 0x00, 0x00, 0x00, 0x00, 0x00, 0x00, 0x00, 0x00, 0x00, 0x00
.byte 0x00, 0x00, 0x00, 0x00, 0x00, 0x00, 0x00, 0x00, 0x00, 0x00, 0x00, 0x00, 0x00, 0x00, 0x00, 0x00
.byte 0x00, 0x00, 0x00, 0x00, 0x00, 0x00, 0x00, 0x00, 0x00, 0x00, 0x00, 0x00, 0x00, 0x00, 0x00, 0x00
.byte 0x00, 0x00, 0x00, 0x00, 0x00, 0x00, 0x00, 0x00, 0x00, 0x00, 0x00, 0x00, 0x00, 0x00, 0xdf, 0xff
.byte 0x9e, 0xf7, 0xdb, 0xde, 0x71, 0x8c, 0xd8, 0x39, 0x99, 0x31, 0x99, 0x31, 0x99, 0x31, 0x99, 0x31
.byte 0x99, 0x31, 0x99, 0x31, 0x99, 0x31, 0x99, 0x31, 0x99, 0x31, 0x99, 0x31, 0x99, 0x31, 0x99, 0x31
.byte 0x99, 0x31, 0x99, 0x31, 0x99, 0x31, 0x99, 0x31, 0x99, 0x31, 0x99, 0x31, 0x99, 0x31, 0x99, 0x31
.byte 0x99, 0x31, 0x99, 0x31, 0x99, 0x31, 0x99, 0x31, 0x99, 0x31, 0x99, 0x31, 0x99, 0x31, 0x99, 0x31
.byte 0x99, 0x31, 0x99, 0x31, 0x99, 0x31, 0x99, 0x31, 0x99, 0x31, 0x99, 0x31, 0x99, 0x31, 0x99, 0x31
.byte 0x99, 0x31, 0x99, 0x31, 0x99, 0x31, 0x99, 0x31, 0x99, 0x31, 0x99, 0x31, 0x99, 0x31, 0x99, 0x31
.byte 0x99, 0x31, 0xb3, 0x31, 0x08, 0x42, 0x08, 0x42, 0x08, 0x42, 0x69, 0x4a, 0xcb, 0x5a, 0xf0, 0x7b
.byte 0x35, 0xa5, 0xdb, 0xde, 0x9e, 0xf7, 0x00, 0x00, 0x00, 0x00, 0x00, 0x00, 0x00, 0x00, 0x00, 0x00
.byte 0x00, 0x00, 0x00, 0x00, 0x00, 0x00, 0x00, 0x00, 0x00, 0x00, 0x00, 0x00, 0x00, 0x00, 0x00, 0x00
.byte 0x00, 0x00, 0x00, 0x00, 0x00, 0x00, 0x00, 0x00, 0x00, 0x00, 0x00, 0x00, 0x00, 0x00, 0x00, 0x00
.byte 0x00, 0x00, 0x00, 0x00, 0x00, 0x00, 0x00, 0x00, 0x00, 0x00, 0x00, 0x00, 0x00, 0x00, 0x00, 0x00
.byte 0x00, 0x00, 0x00, 0x00, 0x00, 0x00, 0x00, 0x00, 0x00, 0x00, 0x00, 0x00, 0x00, 0x00, 0x00, 0x00
.byte 0x00, 0x00, 0x00, 0x00, 0x00, 0x00, 0x00, 0x00, 0x00, 0x00, 0x00, 0x00, 0x00, 0x00, 0x00, 0x00
.byte 0x00, 0x00, 0x00, 0x00, 0x00, 0x00, 0x00, 0x00, 0x00, 0x00, 0x00, 0x00, 0x00, 0x00, 0x00, 0x00
.byte 0x1d, 0xc6, 0x99, 0x31, 0x99, 0x31, 0x99, 0x31, 0x99, 0x31, 0x99, 0x31, 0x99, 0x31, 0x99, 0x31
.byte 0x99, 0x31, 0x99, 0x31, 0x99, 0x31, 0x99, 0x31, 0x99, 0x31, 0x99, 0x31, 0x99, 0x31, 0x99, 0x31
.byte 0x99, 0x31, 0x99, 0x31, 0x99, 0x31, 0x99, 0x31, 0x99, 0x31, 0x99, 0x31, 0x99, 0x31, 0x99, 0x31
.byte 0x99, 0x31, 0x99, 0x31, 0x99, 0x31, 0x99, 0x31, 0x99, 0x31, 0x99, 0x31, 0x99, 0x31, 0x99, 0x31
.byte 0x99, 0x31, 0x99, 0x31, 0x99, 0x31, 0x99, 0x31, 0x99, 0x31, 0x99, 0x31, 0x99, 0x31, 0x99, 0x31
.byte 0x99, 0x31, 0x99, 0x31, 0x99, 0x31, 0x99, 0x31, 0x99, 0x31, 0x99, 0x31, 0x99, 0x31, 0x99, 0x31
.byte 0x99, 0x31, 0x99, 0x31, 0x99, 0x31, 0x99, 0x31, 0x99, 0x31, 0x99, 0x31, 0x99, 0x31, 0x99, 0x31
.byte 0x99, 0x31, 0x99, 0x31, 0x99, 0x31, 0x99, 0x31, 0x99, 0x31, 0x99, 0x31, 0x99, 0x31, 0x99, 0x31
.byte 0x99, 0x31, 0x99, 0x31, 0x99, 0x31, 0x99, 0x31, 0x99, 0x31, 0x99, 0x31, 0x99, 0x31, 0x99, 0x31
.byte 0x99, 0x31, 0x99, 0x31, 0x99, 0x31, 0x99, 0x31, 0x99, 0x31, 0x99, 0x31, 0x99, 0x31, 0x99, 0x31
.byte 0x99, 0x31, 0x99, 0x31, 0x99, 0x31, 0x99, 0x31, 0x99, 0x31, 0x99, 0x31, 0x99, 0x31, 0x99, 0x31
.byte 0x9c, 0x94, 0x9e, 0xf7, 0xdf, 0xff, 0x00, 0x00, 0x00, 0x00, 0x00, 0x00, 0x00, 0x00, 0x00, 0x00
.byte 0x00, 0x00, 0x00, 0x00, 0x00, 0x00, 0x00, 0x00, 0x00, 0x00, 0x00, 0x00, 0x00, 0x00, 0x00, 0x00
.byte 0x00, 0x00, 0x00, 0x00, 0x00, 0x00, 0x00, 0x00, 0x00, 0x00, 0x00, 0x00, 0x00, 0x00, 0x00, 0x00
.byte 0x00, 0x00, 0x00, 0x00, 0x00, 0x00, 0x00, 0x00, 0x00, 0x00, 0x00, 0x00, 0x00, 0x00, 0x00, 0x00
.byte 0x00, 0x00, 0x00, 0x00, 0x00, 0x00, 0x00, 0x00, 0x00, 0x00, 0x00, 0x00, 0x00, 0x00, 0x00, 0x00
.byte 0xdf, 0xff, 0x3c, 0xe7, 0x38, 0xc6, 0x71, 0x8c, 0x99, 0x31, 0x99, 0x31, 0x99, 0x31, 0x99, 0x31
.byte 0x99, 0x31, 0x99, 0x31, 0x99, 0x31, 0x99, 0x31, 0x99, 0x31, 0x99, 0x31, 0x99, 0x31, 0x99, 0x31
.byte 0x99, 0x31, 0x99, 0x31, 0x99, 0x31, 0x99, 0x31, 0x99, 0x31, 0x99, 0x31, 0x99, 0x31, 0x99, 0x31
.byte 0x99, 0x31, 0x99, 0x31, 0x99, 0x31, 0x99, 0x31, 0x99, 0x31, 0x99, 0x31, 0x99, 0x31, 0x99, 0x31
.byte 0x99, 0x31, 0x99, 0x31, 0x99, 0x31, 0x99, 0x31, 0x99, 0x31, 0x99, 0x31, 0x99, 0x31, 0x99, 0x31
.byte 0x99, 0x31, 0x99, 0x31, 0x99, 0x31, 0x99, 0x31, 0x99, 0x31, 0x99, 0x31, 0x99, 0x31, 0x99, 0x31
.byte 0xb3, 0x31, 0x08, 0x42, 0x08, 0x42, 0x08, 0x42, 0x69, 0x4a, 0xcb, 0x5a, 0xf0, 0x7b, 0x35, 0xa5
.byte 0xdb, 0xde, 0x9e, 0xf7, 0xdf, 0xff, 0x00, 0x00, 0x00, 0x00, 0x00, 0x00, 0x00, 0x00, 0x00, 0x00
.byte 0x00, 0x00, 0x00, 0x00, 0x00, 0x00, 0x00, 0x00, 0x00, 0x00, 0x00, 0x00, 0x00, 0x00, 0x00, 0x00
.byte 0x00, 0x00, 0x00, 0x00, 0x00, 0x00, 0x00, 0x00, 0x00, 0x00, 0x00, 0x00, 0x00, 0x00, 0x00, 0x00
.byte 0x00, 0x00, 0x00, 0x00, 0x00, 0x00, 0x00, 0x00, 0x00, 0x00, 0x00, 0x00, 0x00, 0x00, 0x00, 0x00
.byte 0x00, 0x00, 0x00, 0x00, 0x00, 0x00, 0x00, 0x00, 0x00, 0x00, 0x00, 0x00, 0x00, 0x00, 0x00, 0x00
.byte 0x00, 0x00, 0x00, 0x00, 0x00, 0x00, 0x00, 0x00, 0x00, 0x00, 0x00, 0x00, 0x00, 0x00, 0x00, 0x00
.byte 0x00, 0x00, 0x00, 0x00, 0x00, 0x00, 0x00, 0x00, 0x00, 0x00, 0x00, 0x00, 0x00, 0x00, 0x00, 0x00
.byte 0x9f, 0xf7, 0x99, 0x52, 0x99, 0x31, 0x99, 0x31, 0x99, 0x31, 0x99, 0x31, 0x99, 0x31, 0x99, 0x31
.byte 0x99, 0x31, 0x99, 0x31, 0x99, 0x31, 0x99, 0x31, 0x99, 0x31, 0x99, 0x31, 0x99, 0x31, 0x99, 0x31
.byte 0x99, 0x31, 0x99, 0x31, 0x99, 0x31, 0x99, 0x31, 0x99, 0x31, 0x99, 0x31, 0x99, 0x31, 0x99, 0x31
.byte 0x99, 0x31, 0x99, 0x31, 0x99, 0x31, 0x99, 0x31, 0x99, 0x31, 0x99, 0x31, 0x99, 0x31, 0x99, 0x31
.byte 0x99, 0x31, 0x99, 0x31, 0x99, 0x31, 0x99, 0x31, 0x99, 0x31, 0x99, 0x31, 0x99, 0x31, 0x99, 0x31
.byte 0x99, 0x31, 0x99, 0x31, 0x99, 0x31, 0x99, 0x31, 0x99, 0x31, 0x99, 0x31, 0x99, 0x31, 0x99, 0x31
.byte 0x99, 0x31, 0x99, 0x31, 0x99, 0x31, 0x99, 0x31, 0x99, 0x31, 0x99, 0x31, 0x99, 0x31, 0x99, 0x31
.byte 0x99, 0x31, 0x99, 0x31, 0x99, 0x31, 0x99, 0x31, 0x99, 0x31, 0x99, 0x31, 0x99, 0x31, 0x99, 0x31
.byte 0x99, 0x31, 0x99, 0x31, 0x99, 0x31, 0x99, 0x31, 0x99, 0x31, 0x99, 0x31, 0x99, 0x31, 0x99, 0x31
.byte 0x99, 0x31, 0x99, 0x31, 0x99, 0x31, 0x99, 0x31, 0x99, 0x31, 0x99, 0x31, 0x99, 0x31, 0x99, 0x31
.byte 0x99, 0x31, 0x99, 0x31, 0x99, 0x31, 0x99, 0x31, 0x99, 0x31, 0x99, 0x31, 0x99, 0x31, 0x99, 0x31
.byte 0x99, 0x31, 0xfb, 0x7b, 0x9e, 0xf7, 0xdf, 0xff, 0x00, 0x00, 0x00, 0x00, 0x00, 0x00, 0x00, 0x00
.byte 0x00, 0x00, 0x00, 0x00, 0x00, 0x00, 0x00, 0x00, 0x00, 0x00, 0x00, 0x00, 0x00, 0x00, 0x00, 0x00
.byte 0x00, 0x00, 0x00, 0x00, 0x00, 0x00, 0x00, 0x00, 0x00, 0x00, 0x00, 0x00, 0x00, 0x00, 0x00, 0x00
.byte 0x00, 0x00, 0x00, 0x00, 0x00, 0x00, 0x00, 0x00, 0x00, 0x00, 0x00, 0x00, 0x00, 0x00, 0x00, 0x00
.byte 0x00, 0x00, 0x00, 0x00, 0x00, 0x00, 0x00, 0x00, 0x00, 0x00, 0x00, 0x00, 0x00, 0x00, 0x00, 0x00
.byte 0x00, 0x00, 0xdf, 0xff, 0x3c, 0xe7, 0x38, 0xc6, 0xf0, 0x7b, 0xd8, 0x39, 0x99, 0x31, 0x99, 0x31
.byte 0x99, 0x31, 0x99, 0x31, 0x99, 0x31, 0x99, 0x31, 0x99, 0x31, 0x99, 0x31, 0x99, 0x31, 0x99, 0x31
.byte 0x99, 0x31, 0x99, 0x31, 0x99, 0x31, 0x99, 0x31, 0x99, 0x31, 0x99, 0x31, 0x99, 0x31, 0x99, 0x31
.byte 0x99, 0x31, 0x99, 0x31, 0x99, 0x31, 0x99, 0x31, 0x99, 0x31, 0x99, 0x31, 0x99, 0x31, 0x99, 0x31
.byte 0x99, 0x31, 0x99, 0x31, 0x99, 0x31, 0x99, 0x31, 0x99, 0x31, 0x99, 0x31, 0x99, 0x31, 0x99, 0x31
.byte 0x99, 0x31, 0x99, 0x31, 0x99, 0x31, 0x99, 0x31, 0x99, 0x31, 0x99, 0x31, 0x99, 0x31, 0xb3, 0x31
.byte 0x08, 0x42, 0x08, 0x42, 0x08, 0x42, 0x08, 0x42, 0xcb, 0x5a, 0x6d, 0x6b, 0xd3, 0x9c, 0x38, 0xc6
.byte 0x3c, 0xe7, 0xdf, 0xff, 0x00, 0x00, 0x00, 0x00, 0x00, 0x00, 0x00, 0x00, 0x00, 0x00, 0x00, 0x00
.byte 0x00, 0x00, 0x00, 0x00, 0x00, 0x00, 0x00, 0x00, 0x00, 0x00, 0x00, 0x00, 0x00, 0x00, 0x00, 0x00
.byte 0x00, 0x00, 0x00, 0x00, 0x00, 0x00, 0x00, 0x00, 0x00, 0x00, 0x00, 0x00, 0x00, 0x00, 0x00, 0x00
.byte 0x00, 0x00, 0x00, 0x00, 0x00, 0x00, 0x00, 0x00, 0x00, 0x00, 0x00, 0x00, 0x00, 0x00, 0x00, 0x00
.byte 0x00, 0x00, 0x00, 0x00, 0x00, 0x00, 0x00, 0x00, 0x00, 0x00, 0x00, 0x00, 0x00, 0x00, 0x00, 0x00
.byte 0x00, 0x00, 0x00, 0x00, 0x00, 0x00, 0x00, 0x00, 0x00, 0x00, 0x00, 0x00, 0x00, 0x00, 0x00, 0x00
.byte 0x00, 0x00, 0x00, 0x00, 0x00, 0x00, 0x00, 0x00, 0x00, 0x00, 0x00, 0x00, 0x00, 0x00, 0x00, 0x00
.byte 0xdf, 0xff, 0x9c, 0x94, 0x99, 0x31, 0x99, 0x31, 0x99, 0x31, 0x99, 0x31, 0x99, 0x31, 0x99, 0x31
.byte 0x99, 0x31, 0x99, 0x31, 0x99, 0x31, 0x99, 0x31, 0x99, 0x31, 0x99, 0x31, 0x99, 0x31, 0x99, 0x31
.byte 0x99, 0x31, 0x99, 0x31, 0x99, 0x31, 0x99, 0x31, 0x99, 0x31, 0x99, 0x31, 0x99, 0x31, 0x99, 0x31
.byte 0x99, 0x31, 0x99, 0x31, 0x99, 0x31, 0x99, 0x31, 0x99, 0x31, 0x99, 0x31, 0x99, 0x31, 0x99, 0x31
.byte 0x99, 0x31, 0x99, 0x31, 0x99, 0x31, 0x99, 0x31, 0x99, 0x31, 0x99, 0x31, 0x99, 0x31, 0x99, 0x31
.byte 0x99, 0x31, 0x99, 0x31, 0x99, 0x31, 0x99, 0x31, 0x99, 0x31, 0x99, 0x31, 0x99, 0x31, 0x99, 0x31
.byte 0x99, 0x31, 0x99, 0x31, 0x99, 0x31, 0x99, 0x31, 0x99, 0x31, 0x99, 0x31, 0x99, 0x31, 0x99, 0x31
.byte 0x99, 0x31, 0x99, 0x31, 0x99, 0x31, 0x99, 0x31, 0x99, 0x31, 0x99, 0x31, 0x99, 0x31, 0x99, 0x31
.byte 0x99, 0x31, 0x99, 0x31, 0x99, 0x31, 0x99, 0x31, 0x99, 0x31, 0x99, 0x31, 0x99, 0x31, 0x99, 0x31
.byte 0x99, 0x31, 0x99, 0x31, 0x99, 0x31, 0x99, 0x31, 0x99, 0x31, 0x99, 0x31, 0x99, 0x31, 0x99, 0x31
.byte 0x99, 0x31, 0x99, 0x31, 0x99, 0x31, 0x99, 0x31, 0x99, 0x31, 0x99, 0x31, 0x99, 0x31, 0x99, 0x31
.byte 0x99, 0x31, 0x99, 0x31, 0x5a, 0x6b, 0x3c, 0xe7, 0xdf, 0xff, 0x00, 0x00, 0x00, 0x00, 0x00, 0x00
.byte 0x00, 0x00, 0x00, 0x00, 0x00, 0x00, 0x00, 0x00, 0x00, 0x00, 0x00, 0x00, 0x00, 0x00, 0x00, 0x00
.byte 0x00, 0x00, 0x00, 0x00, 0x00, 0x00, 0x00, 0x00, 0x00, 0x00, 0x00, 0x00, 0x00, 0x00, 0x00, 0x00
.byte 0x00, 0x00, 0x00, 0x00, 0x00, 0x00, 0x00, 0x00, 0x00, 0x00, 0x00, 0x00, 0x00, 0x00, 0x00, 0x00
.byte 0x00, 0x00, 0x00, 0x00, 0x00, 0x00, 0x00, 0x00, 0x00, 0x00, 0x00, 0x00, 0x00, 0x00, 0x00, 0x00
.byte 0x00, 0x00, 0x00, 0x00, 0x9e, 0xf7, 0xdb, 0xde, 0xb6, 0xb5, 0xf0, 0x7b, 0xd8, 0x39, 0x99, 0x31
.byte 0x99, 0x31, 0x99, 0x31, 0x99, 0x31, 0x99, 0x31, 0x99, 0x31, 0x99, 0x31, 0x99, 0x31, 0x99, 0x31
.byte 0x99, 0x31, 0x99, 0x31, 0x99, 0x31, 0x99, 0x31, 0x99, 0x31, 0x99, 0x31, 0x99, 0x31, 0x99, 0x31
.byte 0x99, 0x31, 0x99, 0x31, 0x99, 0x31, 0x99, 0x31, 0x99, 0x31, 0x99, 0x31, 0x99, 0x31, 0x99, 0x31
.byte 0x99, 0x31, 0x99, 0x31, 0x99, 0x31, 0x99, 0x31, 0x99, 0x31, 0x99, 0x31, 0x99, 0x31, 0x99, 0x31
.byte 0x99, 0x31, 0x99, 0x31, 0x99, 0x31, 0x99, 0x31, 0x99, 0x31, 0x99, 0x31, 0xcd, 0x39, 0x08, 0x42
.byte 0x08, 0x42, 0x08, 0x42, 0x08, 0x42, 0xcb, 0x5a, 0x6d, 0x6b, 0xd3, 0x9c, 0x38, 0xc6, 0x3c, 0xe7
.byte 0xdf, 0xff, 0x00, 0x00, 0x00, 0x00, 0x00, 0x00, 0x00, 0x00, 0x00, 0x00, 0x00, 0x00, 0x00, 0x00
.byte 0x00, 0x00, 0x00, 0x00, 0x00, 0x00, 0x00, 0x00, 0x00, 0x00, 0x00, 0x00, 0x00, 0x00, 0x00, 0x00
.byte 0x00, 0x00, 0x00, 0x00, 0x00, 0x00, 0x00, 0x00, 0x00, 0x00, 0x00, 0x00, 0x00, 0x00, 0x00, 0x00
.byte 0x00, 0x00, 0x00, 0x00, 0x00, 0x00, 0x00, 0x00, 0x00, 0x00, 0x00, 0x00, 0x00, 0x00, 0x00, 0x00
.byte 0x00, 0x00, 0x00, 0x00, 0x00, 0x00, 0x00, 0x00, 0x00, 0x00, 0x00, 0x00, 0x00, 0x00, 0x00, 0x00
.byte 0x00, 0x00, 0x00, 0x00, 0x00, 0x00, 0x00, 0x00, 0x00, 0x00, 0x00, 0x00, 0x00, 0x00, 0x00, 0x00
.byte 0x00, 0x00, 0x00, 0x00, 0x00, 0x00, 0x00, 0x00, 0x00, 0x00, 0x00, 0x00, 0x00, 0x00, 0x00, 0x00
.byte 0x00, 0x00, 0x9e, 0xd6, 0xd8, 0x39, 0x99, 0x31, 0x99, 0x31, 0x99, 0x31, 0x99, 0x31, 0x99, 0x31
.byte 0x99, 0x31, 0x99, 0x31, 0x99, 0x31, 0x99, 0x31, 0x99, 0x31, 0x99, 0x31, 0x99, 0x31, 0x99, 0x31
.byte 0x99, 0x31, 0x99, 0x31, 0x99, 0x31, 0x99, 0x31, 0x99, 0x31, 0x99, 0x31, 0x99, 0x31, 0x99, 0x31
.byte 0x99, 0x31, 0x99, 0x31, 0x99, 0x31, 0x99, 0x31, 0x99, 0x31, 0x99, 0x31, 0x99, 0x31, 0x99, 0x31
.byte 0x99, 0x31, 0x99, 0x31, 0x99, 0x31, 0x99, 0x31, 0x99, 0x31, 0x99, 0x31, 0x99, 0x31, 0x99, 0x31
.byte 0x99, 0x31, 0x99, 0x31, 0x99, 0x31, 0x99, 0x31, 0x99, 0x31, 0x99, 0x31, 0x99, 0x31, 0x99, 0x31
.byte 0x99, 0x31, 0x99, 0x31, 0x99, 0x31, 0x99, 0x31, 0x99, 0x31, 0x99, 0x31, 0x99, 0x31, 0x99, 0x31
.byte 0x99, 0x31, 0x99, 0x31, 0x99, 0x31, 0x99, 0x31, 0x99, 0x31, 0x99, 0x31, 0x99, 0x31, 0x99, 0x31
.byte 0x99, 0x31, 0x99, 0x31, 0x99, 0x31, 0x99, 0x31, 0x99, 0x31, 0x99, 0x31, 0x99, 0x31, 0x99, 0x31
.byte 0x99, 0x31, 0x99, 0x31, 0x99, 0x31, 0x99, 0x31, 0x99, 0x31, 0x99, 0x31, 0x99, 0x31, 0x99, 0x31
.byte 0x99, 0x31, 0x99, 0x31, 0x99, 0x31, 0x99, 0x31, 0x99, 0x31, 0x99, 0x31, 0x99, 0x31, 0x99, 0x31
.byte 0x99, 0x31, 0x99, 0x31, 0x99, 0x31, 0x5a, 0x6b, 0x3c, 0xe7, 0xdf, 0xff, 0x00, 0x00, 0x00, 0x00
.byte 0x00, 0x00, 0x00, 0x00, 0x00, 0x00, 0x00, 0x00, 0x00, 0x00, 0x00, 0x00, 0x00, 0x00, 0x00, 0x00
.byte 0x00, 0x00, 0x00, 0x00, 0x00, 0x00, 0x00, 0x00, 0x00, 0x00, 0x00, 0x00, 0x00, 0x00, 0x00, 0x00
.byte 0x00, 0x00, 0x00, 0x00, 0x00, 0x00, 0x00, 0x00, 0x00, 0x00, 0x00, 0x00, 0x00, 0x00, 0x00, 0x00
.byte 0x00, 0x00, 0x00, 0x00, 0x00, 0x00, 0x00, 0x00, 0x00, 0x00, 0x00, 0x00, 0x00, 0x00, 0x00, 0x00
.byte 0x00, 0x00, 0x00, 0x00, 0xdf, 0xff, 0x9e, 0xf7, 0xdb, 0xde, 0xb6, 0xb5, 0xf0, 0x7b, 0xd8, 0x39
.byte 0x99, 0x31, 0x99, 0x31, 0x99, 0x31, 0x99, 0x31, 0x99, 0x31, 0x99, 0x31, 0x99, 0x31, 0x99, 0x31
.byte 0x99, 0x31, 0x99, 0x31, 0x99, 0x31, 0x99, 0x31, 0x99, 0x31, 0x99, 0x31, 0x99, 0x31, 0x99, 0x31
.byte 0x99, 0x31, 0x99, 0x31, 0x99, 0x31, 0x99, 0x31, 0x99, 0x31, 0x99, 0x31, 0x99, 0x31, 0x99, 0x31
.byte 0x99, 0x31, 0x99, 0x31, 0x99, 0x31, 0x99, 0x31, 0x99, 0x31, 0x99, 0x31, 0x99, 0x31, 0x99, 0x31
.byte 0x99, 0x31, 0x99, 0x31, 0x99, 0x31, 0x99, 0x31, 0x99, 0x31, 0xcd, 0x39, 0x08, 0x42, 0x08, 0x42
.byte 0x08, 0x42, 0x08, 0x42, 0xcb, 0x5a, 0x6d, 0x6b, 0xd3, 0x9c, 0x38, 0xc6, 0x3c, 0xe7, 0xdf, 0xff
.byte 0x00, 0x00, 0x00, 0x00, 0x00, 0x00, 0x00, 0x00, 0x00, 0x00, 0x00, 0x00, 0x00, 0x00, 0x00, 0x00
.byte 0x00, 0x00, 0x00, 0x00, 0x00, 0x00, 0x00, 0x00, 0x00, 0x00, 0x00, 0x00, 0x00, 0x00, 0x00, 0x00
.byte 0x00, 0x00, 0x00, 0x00, 0x00, 0x00, 0x00, 0x00, 0x00, 0x00, 0x00, 0x00, 0x00, 0x00, 0x00, 0x00
.byte 0x00, 0x00, 0x00, 0x00, 0x00, 0x00, 0x00, 0x00, 0x00, 0x00, 0x00, 0x00, 0x00, 0x00, 0x00, 0x00
.byte 0x00, 0x00, 0x00, 0x00, 0x00, 0x00, 0x00, 0x00, 0x00, 0x00, 0x00, 0x00, 0x00, 0x00, 0x00, 0x00
.byte 0x00, 0x00, 0x00, 0x00, 0x00, 0x00, 0x00, 0x00, 0x00, 0x00, 0x00, 0x00, 0x00, 0x00, 0x00, 0x00
.byte 0x00, 0x00, 0x00, 0x00, 0x00, 0x00, 0x00, 0x00, 0x00, 0x00, 0x00, 0x00, 0x00, 0x00, 0x00, 0x00
.byte 0x00, 0x00, 0xdf, 0xff, 0xfb, 0x7b, 0x99, 0x31, 0x99, 0x31, 0x99, 0x31, 0x99, 0x31, 0x99, 0x31
.byte 0x99, 0x31, 0x99, 0x31, 0x99, 0x31, 0x99, 0x31, 0x99, 0x31, 0x99, 0x31, 0x99, 0x31, 0x99, 0x31
.byte 0x99, 0x31, 0x99, 0x31, 0x99, 0x31, 0x99, 0x31, 0x99, 0x31, 0x99, 0x31, 0x99, 0x31, 0x99, 0x31
.byte 0x99, 0x31, 0x99, 0x31, 0x99, 0x31, 0x99, 0x31, 0x99, 0x31, 0x99, 0x31, 0x99, 0x31, 0x99, 0x31
.byte 0x99, 0x31, 0x99, 0x31, 0x99, 0x31, 0x99, 0x31, 0x99, 0x31, 0x99, 0x31, 0x99, 0x31, 0x99, 0x31
.byte 0x99, 0x31, 0x99, 0x31, 0x99, 0x31, 0x99, 0x31, 0x99, 0x31, 0x99, 0x31, 0x99, 0x31, 0x99, 0x31
.byte 0x99, 0x31, 0x99, 0x31, 0x99, 0x31, 0x99, 0x31, 0x99, 0x31, 0x99, 0x31, 0x99, 0x31, 0x99, 0x31
.byte 0x99, 0x31, 0x99, 0x31, 0x99, 0x31, 0x99, 0x31, 0x99, 0x31, 0x99, 0x31, 0x99, 0x31, 0x99, 0x31
.byte 0x99, 0x31, 0x99, 0x31, 0x99, 0x31, 0x99, 0x31, 0x99, 0x31, 0x99, 0x31, 0x99, 0x31, 0x99, 0x31
.byte 0x99, 0x31, 0x99, 0x31, 0x99, 0x31, 0x99, 0x31, 0x99, 0x31, 0x99, 0x31, 0x99, 0x31, 0x99, 0x31
.byte 0x99, 0x31, 0x99, 0x31, 0x99, 0x31, 0x99, 0x31, 0x99, 0x31, 0x99, 0x31, 0x99, 0x31, 0x99, 0x31
.byte 0x99, 0x31, 0x99, 0x31, 0x99, 0x31, 0x99, 0x31, 0x5a, 0x6b, 0x3c, 0xe7, 0xdf, 0xff, 0x00, 0x00
.byte 0x00, 0x00, 0x00, 0x00, 0x00, 0x00, 0x00, 0x00, 0x00, 0x00, 0x00, 0x00, 0x00, 0x00, 0x00, 0x00
.byte 0x00, 0x00, 0x00, 0x00, 0x00, 0x00, 0x00, 0x00, 0x00, 0x00, 0x00, 0x00, 0x00, 0x00, 0x00, 0x00
.byte 0x00, 0x00, 0x00, 0x00, 0x00, 0x00, 0x00, 0x00, 0x00, 0x00, 0x00, 0x00, 0x00, 0x00, 0x00, 0x00
.byte 0x00, 0x00, 0x00, 0x00, 0x00, 0x00, 0x00, 0x00, 0x00, 0x00, 0x00, 0x00, 0x00, 0x00, 0x00, 0x00
.byte 0x00, 0x00, 0x00, 0x00, 0x00, 0x00, 0xdf, 0xff, 0x9e, 0xf7, 0xdb, 0xde, 0xb6, 0xb5, 0xf0, 0x7b
.byte 0xb3, 0x31, 0x99, 0x31, 0x99, 0x31, 0x99, 0x31, 0x99, 0x31, 0x99, 0x31, 0x99, 0x31, 0x99, 0x31
.byte 0x99, 0x31, 0x99, 0x31, 0x99, 0x31, 0x99, 0x31, 0x99, 0x31, 0x99, 0x31, 0x99, 0x31, 0x99, 0x31
.byte 0x99, 0x31, 0x99, 0x31, 0x99, 0x31, 0x99, 0x31, 0x99, 0x31, 0x99, 0x31, 0x99, 0x31, 0x99, 0x31
.byte 0x99, 0x31, 0x99, 0x31, 0x99, 0x31, 0x99, 0x31, 0x99, 0x31, 0x99, 0x31, 0x99, 0x31, 0x99, 0x31
.byte 0x99, 0x31, 0x99, 0x31, 0x99, 0x31, 0xd8, 0x39, 0x08, 0x42, 0x08, 0x42, 0x08, 0x42, 0x08, 0x42
.byte 0x69, 0x4a, 0xcb, 0x5a, 0x6d, 0x6b, 0xd3, 0x9c, 0x38, 0xc6, 0x3c, 0xe7, 0xdf, 0xff, 0x00, 0x00
.byte 0x00, 0x00, 0x00, 0x00, 0x00, 0x00, 0x00, 0x00, 0x00, 0x00, 0x00, 0x00, 0x00, 0x00, 0x00, 0x00
.byte 0x00, 0x00, 0x00, 0x00, 0x00, 0x00, 0x00, 0x00, 0x00, 0x00, 0x00, 0x00, 0x00, 0x00, 0x00, 0x00
.byte 0x00, 0x00, 0x00, 0x00, 0x00, 0x00, 0x00, 0x00, 0x00, 0x00, 0x00, 0x00, 0x00, 0x00, 0x00, 0x00
.byte 0x00, 0x00, 0x00, 0x00, 0x00, 0x00, 0x00, 0x00, 0x00, 0x00, 0x00, 0x00, 0x00, 0x00, 0x00, 0x00
.byte 0x00, 0x00, 0x00, 0x00, 0x00, 0x00, 0x00, 0x00, 0x00, 0x00, 0x00, 0x00, 0x00, 0x00, 0x00, 0x00
.byte 0x00, 0x00, 0x00, 0x00, 0x00, 0x00, 0x00, 0x00, 0x00, 0x00, 0x00, 0x00, 0x00, 0x00, 0x00, 0x00
.byte 0x00, 0x00, 0x00, 0x00, 0x00, 0x00, 0x00, 0x00, 0x00, 0x00, 0x00, 0x00, 0x00, 0x00, 0x00, 0x00
.byte 0x00, 0x00, 0xdf, 0xff, 0x1e, 0xe7, 0xd8, 0x39, 0x99, 0x31, 0x99, 0x31, 0x99, 0x31, 0x99, 0x31
.byte 0x99, 0x31, 0x99, 0x31, 0x99, 0x31, 0x99, 0x31, 0x99, 0x31, 0x99, 0x31, 0x99, 0x31, 0x99, 0x31
.byte 0x99, 0x31, 0x99, 0x31, 0x99, 0x31, 0x99, 0x31, 0x99, 0x31, 0x99, 0x31, 0x99, 0x31, 0x99, 0x31
.byte 0x99, 0x31, 0x99, 0x31, 0x99, 0x31, 0x99, 0x31, 0x99, 0x31, 0x99, 0x31, 0x99, 0x31, 0x99, 0x31
.byte 0x99, 0x31, 0x99, 0x31, 0x99, 0x31, 0x99, 0x31, 0x99, 0x31, 0x99, 0x31, 0x99, 0x31, 0x99, 0x31
.byte 0x99, 0x31, 0x99, 0x31, 0x99, 0x31, 0x99, 0x31, 0x99, 0x31, 0x99, 0x31, 0x99, 0x31, 0x99, 0x31
.byte 0x99, 0x31, 0x99, 0x31, 0x99, 0x31, 0x99, 0x31, 0x99, 0x31, 0x99, 0x31, 0x99, 0x31, 0x99, 0x31
.byte 0x99, 0x31, 0x99, 0x31, 0x99, 0x31, 0x99, 0x31, 0x99, 0x31, 0x99, 0x31, 0x99, 0x31, 0x99, 0x31
.byte 0x99, 0x31, 0x99, 0x31, 0x99, 0x31, 0x99, 0x31, 0x99, 0x31, 0x99, 0x31, 0x99, 0x31, 0x99, 0x31
.byte 0x99, 0x31, 0x99, 0x31, 0x99, 0x31, 0x99, 0x31, 0x99, 0x31, 0x99, 0x31, 0x99, 0x31, 0x99, 0x31
.byte 0x99, 0x31, 0x99, 0x31, 0x99, 0x31, 0x99, 0x31, 0x99, 0x31, 0x99, 0x31, 0x99, 0x31, 0x99, 0x31
.byte 0x99, 0x31, 0x99, 0x31, 0x99, 0x31, 0x99, 0x31, 0x99, 0x31, 0x5a, 0x6b, 0xdb, 0xde, 0xdf, 0xff
.byte 0x00, 0x00, 0x00, 0x00, 0x00, 0x00, 0x00, 0x00, 0x00, 0x00, 0x00, 0x00, 0x00, 0x00, 0x00, 0x00
.byte 0x00, 0x00, 0x00, 0x00, 0x00, 0x00, 0x00, 0x00, 0x00, 0x00, 0x00, 0x00, 0x00, 0x00, 0x00, 0x00
.byte 0x00, 0x00, 0x00, 0x00, 0x00, 0x00, 0x00, 0x00, 0x00, 0x00, 0x00, 0x00, 0x00, 0x00, 0x00, 0x00
.byte 0x00, 0x00, 0x00, 0x00, 0x00, 0x00, 0x00, 0x00, 0x00, 0x00, 0x00, 0x00, 0x00, 0x00, 0x00, 0x00
.byte 0x00, 0x00, 0x00, 0x00, 0x00, 0x00, 0x00, 0x00, 0xdf, 0xff, 0x9e, 0xf7, 0xdb, 0xde, 0xb6, 0xb5
.byte 0xf0, 0x7b, 0x50, 0x4a, 0x99, 0x31, 0x99, 0x31, 0x99, 0x31, 0x99, 0x31, 0x99, 0x31, 0x99, 0x31
.byte 0x99, 0x31, 0x99, 0x31, 0x99, 0x31, 0x99, 0x31, 0x99, 0x31, 0x99, 0x31, 0x99, 0x31, 0x99, 0x31
.byte 0x99, 0x31, 0x99, 0x31, 0x99, 0x31, 0x99, 0x31, 0x99, 0x31, 0x99, 0x31, 0x99, 0x31, 0x99, 0x31
.byte 0x99, 0x31, 0x99, 0x31, 0x99, 0x31, 0x99, 0x31, 0x99, 0x31, 0x99, 0x31, 0x99, 0x31, 0x99, 0x31
.byte 0x99, 0x31, 0x99, 0x31, 0xb3, 0x31, 0x08, 0x42, 0x08, 0x42, 0x08, 0x42, 0x08, 0x42, 0x69, 0x4a
.byte 0xcb, 0x5a, 0xf0, 0x7b, 0xd3, 0x9c, 0x38, 0xc6, 0x3c, 0xe7, 0x9e, 0xf7, 0x00, 0x00, 0x00, 0x00
.byte 0x00, 0x00, 0x00, 0x00, 0x00, 0x00, 0x00, 0x00, 0x00, 0x00, 0x00, 0x00, 0x00, 0x00, 0x00, 0x00
.byte 0x00, 0x00, 0x00, 0x00, 0x00, 0x00, 0x00, 0x00, 0x00, 0x00, 0x00, 0x00, 0x00, 0x00, 0x00, 0x00
.byte 0x00, 0x00, 0x00, 0x00, 0x00, 0x00, 0x00, 0x00, 0x00, 0x00, 0x00, 0x00, 0x00, 0x00, 0x00, 0x00
.byte 0x00, 0x00, 0x00, 0x00, 0x00, 0x00, 0x00, 0x00, 0x00, 0x00, 0x00, 0x00, 0x00, 0x00, 0x00, 0x00
.byte 0x00, 0x00, 0x00, 0x00, 0x00, 0x00, 0x00, 0x00, 0x00, 0x00, 0x00, 0x00, 0x00, 0x00, 0x00, 0x00
.byte 0x00, 0x00, 0x00, 0x00, 0x00, 0x00, 0x00, 0x00, 0x00, 0x00, 0x00, 0x00, 0x00, 0x00, 0x00, 0x00
.byte 0x00, 0x00, 0x00, 0x00, 0x00, 0x00, 0x00, 0x00, 0x00, 0x00, 0x00, 0x00, 0x00, 0x00, 0x00, 0x00
.byte 0x00, 0x00, 0x00, 0x00, 0x9e, 0xf7, 0xfb, 0x7b, 0x99, 0x31, 0x99, 0x31, 0x99, 0x31, 0x99, 0x31
.byte 0x99, 0x31, 0x99, 0x31, 0x99, 0x31, 0x99, 0x31, 0x99, 0x31, 0x99, 0x31, 0x99, 0x31, 0x99, 0x31
.byte 0x99, 0x31, 0x99, 0x31, 0x99, 0x31, 0x99, 0x31, 0x99, 0x31, 0x99, 0x31, 0x99, 0x31, 0x99, 0x31
.byte 0x99, 0x31, 0x99, 0x31, 0x99, 0x31, 0x99, 0x31, 0x99, 0x31, 0x99, 0x31, 0x99, 0x31, 0x99, 0x31
.byte 0x99, 0x31, 0x99, 0x31, 0x99, 0x31, 0x99, 0x31, 0x99, 0x31, 0x99, 0x31, 0x99, 0x31, 0x99, 0x31
.byte 0x99, 0x31, 0x99, 0x31, 0x99, 0x31, 0x99, 0x31, 0x99, 0x31, 0x99, 0x31, 0x99, 0x31, 0x99, 0x31
.byte 0x99, 0x31, 0x99, 0x31, 0x99, 0x31, 0x99, 0x31, 0x99, 0x31, 0x99, 0x31, 0x99, 0x31, 0x99, 0x31
.byte 0x99, 0x31, 0x99, 0x31, 0x99, 0x31, 0x99, 0x31, 0x99, 0x31, 0x99, 0x31, 0x99, 0x31, 0x99, 0x31
.byte 0x99, 0x31, 0x99, 0x31, 0x99, 0x31, 0x99, 0x31, 0x99, 0x31, 0x99, 0x31, 0x99, 0x31, 0x99, 0x31
.byte 0x99, 0x31, 0x99, 0x31, 0x99, 0x31, 0x99, 0x31, 0x99, 0x31, 0x99, 0x31, 0x99, 0x31, 0x99, 0x31
.byte 0x99, 0x31, 0x99, 0x31, 0x99, 0x31, 0x99, 0x31, 0x99, 0x31, 0x99, 0x31, 0x99, 0x31, 0x99, 0x31
.byte 0x99, 0x31, 0x99, 0x31, 0x99, 0x31, 0x99, 0x31, 0x99, 0x31, 0x99, 0x31, 0x5a, 0x6b, 0xdb, 0xde
.byte 0xdf, 0xff, 0x00, 0x00, 0x00, 0x00, 0x00, 0x00, 0x00, 0x00, 0x00, 0x00, 0x00, 0x00, 0x00, 0x00
.byte 0x00, 0x00, 0x00, 0x00, 0x00, 0x00, 0x00, 0x00, 0x00, 0x00, 0x00, 0x00, 0x00, 0x00, 0x00, 0x00
.byte 0x00, 0x00, 0x00, 0x00, 0x00, 0x00, 0x00, 0x00, 0x00, 0x00, 0x00, 0x00, 0x00, 0x00, 0x00, 0x00
.byte 0x00, 0x00, 0x00, 0x00, 0x00, 0x00, 0x00, 0x00, 0x00, 0x00, 0x00, 0x00, 0x00, 0x00, 0x00, 0x00
.byte 0x00, 0x00, 0x00, 0x00, 0x00, 0x00, 0x00, 0x00, 0x00, 0x00, 0xdf, 0xff, 0x9e, 0xf7, 0xdb, 0xde
.byte 0xb6, 0xb5, 0x71, 0x8c, 0x50, 0x4a, 0xd8, 0x39, 0x99, 0x31, 0x99, 0x31, 0x99, 0x31, 0x99, 0x31
.byte 0x99, 0x31, 0x99, 0x31, 0x99, 0x31, 0x99, 0x31, 0x99, 0x31, 0x99, 0x31, 0x99, 0x31, 0x99, 0x31
.byte 0x99, 0x31, 0x99, 0x31, 0x99, 0x31, 0x99, 0x31, 0x99, 0x31, 0x99, 0x31, 0x99, 0x31, 0x99, 0x31
.byte 0x99, 0x31, 0x99, 0x31, 0x99, 0x31, 0x99, 0x31, 0x99, 0x31, 0x99, 0x31, 0x99, 0x31, 0x99, 0x31
.byte 0xd8, 0x39, 0xcd, 0x39, 0x08, 0x42, 0x08, 0x42, 0x08, 0x42, 0x08, 0x42, 0x69, 0x4a, 0xcb, 0x5a
.byte 0xf0, 0x7b, 0x35, 0xa5, 0x38, 0xc6, 0x3c, 0xe7, 0xdf, 0xff, 0x00, 0x00, 0x00, 0x00, 0x00, 0x00
.byte 0x00, 0x00, 0x00, 0x00, 0x00, 0x00, 0x00, 0x00, 0x00, 0x00, 0x00, 0x00, 0x00, 0x00, 0x00, 0x00
.byte 0x00, 0x00, 0x00, 0x00, 0x00, 0x00, 0x00, 0x00, 0x00, 0x00, 0x00, 0x00, 0x00, 0x00, 0x00, 0x00
.byte 0x00, 0x00, 0x00, 0x00, 0x00, 0x00, 0x00, 0x00, 0x00, 0x00, 0x00, 0x00, 0x00, 0x00, 0x00, 0x00
.byte 0x00, 0x00, 0x00, 0x00, 0x00, 0x00, 0x00, 0x00, 0x00, 0x00, 0x00, 0x00, 0x00, 0x00, 0x00, 0x00
.byte 0x00, 0x00, 0x00, 0x00, 0x00, 0x00, 0x00, 0x00, 0x00, 0x00, 0x00, 0x00, 0x00, 0x00, 0x00, 0x00
.byte 0x00, 0x00, 0x00, 0x00, 0x00, 0x00, 0x00, 0x00, 0x00, 0x00, 0x00, 0x00, 0x00, 0x00, 0x00, 0x00
.byte 0x00, 0x00, 0x00, 0x00, 0x00, 0x00, 0x00, 0x00, 0x00, 0x00, 0x00, 0x00, 0x00, 0x00, 0x00, 0x00
.byte 0x00, 0x00, 0x00, 0x00, 0xdf, 0xff, 0xdb, 0xde, 0xd8, 0x39, 0x99, 0x31, 0x99, 0x31, 0x99, 0x31
.byte 0x99, 0x31, 0x99, 0x31, 0x99, 0x31, 0x99, 0x31, 0x99, 0x31, 0x99, 0x31, 0x99, 0x31, 0x99, 0x31
.byte 0x99, 0x31, 0x99, 0x31, 0x99, 0x31, 0x99, 0x31, 0x99, 0x31, 0x99, 0x31, 0x99, 0x31, 0x99, 0x31
.byte 0x99, 0x31, 0x99, 0x31, 0x99, 0x31, 0x99, 0x31, 0x99, 0x31, 0x99, 0x31, 0x99, 0x31, 0x99, 0x31
.byte 0x99, 0x31, 0x99, 0x31, 0x99, 0x31, 0x99, 0x31, 0x99, 0x31, 0x99, 0x31, 0x99, 0x31, 0x99, 0x31
.byte 0x99, 0x31, 0x99, 0x31, 0x99, 0x31, 0x99, 0x31, 0x99, 0x31, 0x99, 0x31, 0x99, 0x31, 0x99, 0x31
.byte 0x99, 0x31, 0x99, 0x31, 0x99, 0x31, 0x99, 0x31, 0x99, 0x31, 0x99, 0x31, 0x99, 0x31, 0x99, 0x31
.byte 0x99, 0x31, 0x99, 0x31, 0x99, 0x31, 0x99, 0x31, 0x99, 0x31, 0x99, 0x31, 0x99, 0x31, 0x99, 0x31
.byte 0x99, 0x31, 0x99, 0x31, 0x99, 0x31, 0x99, 0x31, 0x99, 0x31, 0x99, 0x31, 0x99, 0x31, 0x99, 0x31
.byte 0x99, 0x31, 0x99, 0x31, 0x99, 0x31, 0x99, 0x31, 0x99, 0x31, 0x99, 0x31, 0x99, 0x31, 0x99, 0x31
.byte 0x99, 0x31, 0x99, 0x31, 0x99, 0x31, 0x99, 0x31, 0x99, 0x31, 0x99, 0x31, 0x99, 0x31, 0x99, 0x31
.byte 0x99, 0x31, 0x99, 0x31, 0x99, 0x31, 0x99, 0x31, 0x99, 0x31, 0x99, 0x31, 0x99, 0x31, 0x99, 0x52
.byte 0x9e, 0xd6, 0x9e, 0xf7, 0x00, 0x00, 0x00, 0x00, 0x00, 0x00, 0x00, 0x00, 0x00, 0x00, 0x00, 0x00
.byte 0x00, 0x00, 0x00, 0x00, 0x00, 0x00, 0x00, 0x00, 0x00, 0x00, 0x00, 0x00, 0x00, 0x00, 0x00, 0x00
.byte 0x00, 0x00, 0x00, 0x00, 0x00, 0x00, 0x00, 0x00, 0x00, 0x00, 0x00, 0x00, 0x00, 0x00, 0x00, 0x00
.byte 0x00, 0x00, 0x00, 0x00, 0x00, 0x00, 0x00, 0x00, 0x00, 0x00, 0x00, 0x00, 0x00, 0x00, 0x00, 0x00
.byte 0x00, 0x00, 0x00, 0x00, 0x00, 0x00, 0x00, 0x00, 0x00, 0x00, 0x00, 0x00, 0xdf, 0xff, 0x9e, 0xf7
.byte 0xdb, 0xde, 0xb6, 0xb5, 0x71, 0x8c, 0x6d, 0x6b, 0xcd, 0x39, 0x99, 0x31, 0x99, 0x31, 0x99, 0x31
.byte 0x99, 0x31, 0x99, 0x31, 0x99, 0x31, 0x99, 0x31, 0x99, 0x31, 0x99, 0x31, 0x99, 0x31, 0x99, 0x31
.byte 0x99, 0x31, 0x99, 0x31, 0x99, 0x31, 0x99, 0x31, 0x99, 0x31, 0x99, 0x31, 0x99, 0x31, 0x99, 0x31
.byte 0x99, 0x31, 0x99, 0x31, 0x99, 0x31, 0x99, 0x31, 0x99, 0x31, 0x99, 0x31, 0x99, 0x31, 0xb3, 0x31
.byte 0x08, 0x42, 0x08, 0x42, 0x08, 0x42, 0x08, 0x42, 0x08, 0x42, 0x69, 0x4a, 0x6d, 0x6b, 0xf0, 0x7b
.byte 0x35, 0xa5, 0x38, 0xc6, 0x3c, 0xe7, 0xdf, 0xff, 0x00, 0x00, 0x00, 0x00, 0x00, 0x00, 0x00, 0x00
.byte 0x00, 0x00, 0x00, 0x00, 0x00, 0x00, 0x00, 0x00, 0x00, 0x00, 0x00, 0x00, 0x00, 0x00, 0x00, 0x00
.byte 0x00, 0x00, 0x00, 0x00, 0x00, 0x00, 0x00, 0x00, 0x00, 0x00, 0x00, 0x00, 0x00, 0x00, 0x00, 0x00
.byte 0x00, 0x00, 0x00, 0x00, 0x00, 0x00, 0x00, 0x00, 0x00, 0x00, 0x00, 0x00, 0x00, 0x00, 0x00, 0x00
.byte 0x00, 0x00, 0x00, 0x00, 0x00, 0x00, 0x00, 0x00, 0x00, 0x00, 0x00, 0x00, 0x00, 0x00, 0x00, 0x00
.byte 0x00, 0x00, 0x00, 0x00, 0x00, 0x00, 0x00, 0x00, 0x00, 0x00, 0x00, 0x00, 0x00, 0x00, 0x00, 0x00
.byte 0x00, 0x00, 0x00, 0x00, 0x00, 0x00, 0x00, 0x00, 0x00, 0x00, 0x00, 0x00, 0x00, 0x00, 0x00, 0x00
.byte 0x00, 0x00, 0x00, 0x00, 0x00, 0x00, 0x00, 0x00, 0x00, 0x00, 0x00, 0x00, 0x00, 0x00, 0x00, 0x00
.byte 0x00, 0x00, 0x00, 0x00, 0x00, 0x00, 0x9e, 0xf7, 0x9c, 0x94, 0x99, 0x31, 0x99, 0x31, 0x99, 0x31
.byte 0x99, 0x31, 0x99, 0x31, 0x99, 0x31, 0x99, 0x31, 0x99, 0x31, 0x99, 0x31, 0x99, 0x31, 0x99, 0x31
.byte 0x99, 0x31, 0x99, 0x31, 0x99, 0x31, 0x99, 0x31, 0x99, 0x31, 0x99, 0x31, 0x99, 0x31, 0x99, 0x31
.byte 0x99, 0x31, 0x99, 0x31, 0x99, 0x31, 0x99, 0x31, 0x99, 0x31, 0x99, 0x31, 0x99, 0x31, 0x99, 0x31
.byte 0x99, 0x31, 0x99, 0x31, 0x99, 0x31, 0x99, 0x31, 0x99, 0x31, 0x99, 0x31, 0x99, 0x31, 0x99, 0x31
.byte 0x99, 0x31, 0x99, 0x31, 0x99, 0x31, 0x99, 0x31, 0x99, 0x31, 0x99, 0x31, 0x99, 0x31, 0x99, 0x31
.byte 0x99, 0x31, 0x99, 0x31, 0x99, 0x31, 0x99, 0x31, 0x99, 0x31, 0x99, 0x31, 0x99, 0x31, 0x99, 0x31
.byte 0x99, 0x31, 0x99, 0x31, 0x99, 0x31, 0x99, 0x31, 0x99, 0x31, 0x99, 0x31, 0x99, 0x31, 0x99, 0x31
.byte 0x99, 0x31, 0x99, 0x31, 0x99, 0x31, 0x99, 0x31, 0x99, 0x31, 0x99, 0x31, 0x99, 0x31, 0x99, 0x31
.byte 0x99, 0x31, 0x99, 0x31, 0x99, 0x31, 0x99, 0x31, 0x99, 0x31, 0x99, 0x31, 0x99, 0x31, 0x99, 0x31
.byte 0x99, 0x31, 0x99, 0x31, 0x99, 0x31, 0x99, 0x31, 0x99, 0x31, 0x99, 0x31, 0x99, 0x31, 0x99, 0x31
.byte 0x99, 0x31, 0x99, 0x31, 0x99, 0x31, 0x99, 0x31, 0x99, 0x31, 0x99, 0x31, 0x99, 0x31, 0x99, 0x31
.byte 0x99, 0x52, 0xdb, 0xde, 0x9e, 0xf7, 0x00, 0x00, 0x00, 0x00, 0x00, 0x00, 0x00, 0x00, 0x00, 0x00
.byte 0x00, 0x00, 0x00, 0x00, 0x00, 0x00, 0x00, 0x00, 0x00, 0x00, 0x00, 0x00, 0x00, 0x00, 0x00, 0x00
.byte 0x00, 0x00, 0x00, 0x00, 0x00, 0x00, 0x00, 0x00, 0x00, 0x00, 0x00, 0x00, 0x00, 0x00, 0x00, 0x00
.byte 0x00, 0x00, 0x00, 0x00, 0x00, 0x00, 0x00, 0x00, 0x00, 0x00, 0x00, 0x00, 0x00, 0x00, 0x00, 0x00
.byte 0x00, 0x00, 0x00, 0x00, 0x00, 0x00, 0x00, 0x00, 0x00, 0x00, 0x00, 0x00, 0x00, 0x00, 0xdf, 0xff
.byte 0x9e, 0xf7, 0xdb, 0xde, 0xb6, 0xb5, 0xd3, 0x9c, 0x6d, 0x6b, 0xcb, 0x5a, 0xb3, 0x31, 0x99, 0x31
.byte 0x99, 0x31, 0x99, 0x31, 0x99, 0x31, 0x99, 0x31, 0x99, 0x31, 0x99, 0x31, 0x99, 0x31, 0x99, 0x31
.byte 0x99, 0x31, 0x99, 0x31, 0x99, 0x31, 0x99, 0x31, 0x99, 0x31, 0x99, 0x31, 0x99, 0x31, 0x99, 0x31
.byte 0x99, 0x31, 0x99, 0x31, 0x99, 0x31, 0x99, 0x31, 0x99, 0x31, 0xb3, 0x31, 0x08, 0x42, 0x08, 0x42
.byte 0x08, 0x42, 0x08, 0x42, 0x08, 0x42, 0x69, 0x4a, 0xcb, 0x5a, 0x6d, 0x6b, 0x71, 0x8c, 0xb6, 0xb5
.byte 0xdb, 0xde, 0x3c, 0xe7, 0xdf, 0xff, 0x00, 0x00, 0x00, 0x00, 0x00, 0x00, 0x00, 0x00, 0x00, 0x00
.byte 0x00, 0x00, 0x00, 0x00, 0x00, 0x00, 0x00, 0x00, 0x00, 0x00, 0x00, 0x00, 0x00, 0x00, 0x00, 0x00
.byte 0x00, 0x00, 0x00, 0x00, 0x00, 0x00, 0x00, 0x00, 0x00, 0x00, 0x00, 0x00, 0x00, 0x00, 0x00, 0x00
.byte 0x00, 0x00, 0x00, 0x00, 0x00, 0x00, 0x00, 0x00, 0x00, 0x00, 0x00, 0x00, 0x00, 0x00, 0x00, 0x00
.byte 0x00, 0x00, 0x00, 0x00, 0x00, 0x00, 0x00, 0x00, 0x00, 0x00, 0x00, 0x00, 0x00, 0x00, 0x00, 0x00
.byte 0x00, 0x00, 0x00, 0x00, 0x00, 0x00, 0x00, 0x00, 0x00, 0x00, 0x00, 0x00, 0x00, 0x00, 0x00, 0x00
.byte 0x00, 0x00, 0x00, 0x00, 0x00, 0x00, 0x00, 0x00, 0x00, 0x00, 0x00, 0x00, 0x00, 0x00, 0x00, 0x00
.byte 0x00, 0x00, 0x00, 0x00, 0x00, 0x00, 0x00, 0x00, 0x00, 0x00, 0x00, 0x00, 0x00, 0x00, 0x00, 0x00
.byte 0x00, 0x00, 0x00, 0x00, 0x00, 0x00, 0xdf, 0xff, 0x3c, 0xe7, 0x99, 0x52, 0x99, 0x31, 0x99, 0x31
.byte 0x99, 0x31, 0x99, 0x31, 0x99, 0x31, 0x99, 0x31, 0x99, 0x31, 0x99, 0x31, 0x99, 0x31, 0x99, 0x31
.byte 0x99, 0x31, 0x99, 0x31, 0x99, 0x31, 0x99, 0x31, 0x99, 0x31, 0x99, 0x31, 0x99, 0x31, 0x99, 0x31
.byte 0x99, 0x31, 0x99, 0x31, 0x99, 0x31, 0x99, 0x31, 0x99, 0x31, 0x99, 0x31, 0x99, 0x31, 0x99, 0x31
.byte 0x99, 0x31, 0x99, 0x31, 0x99, 0x31, 0x99, 0x31, 0x99, 0x31, 0x99, 0x31, 0x99, 0x31, 0x99, 0x31
.byte 0x99, 0x31, 0x99, 0x31, 0x99, 0x31, 0x99, 0x31, 0x99, 0x31, 0x99, 0x31, 0x99, 0x31, 0x99, 0x31
.byte 0x99, 0x31, 0x99, 0x31, 0x99, 0x31, 0x99, 0x31, 0x99, 0x31, 0x99, 0x31, 0x99, 0x31, 0x99, 0x31
.byte 0x99, 0x31, 0x99, 0x31, 0x99, 0x31, 0x99, 0x31, 0x99, 0x31, 0x99, 0x31, 0x99, 0x31, 0x99, 0x31
.byte 0x99, 0x31, 0x99, 0x31, 0x99, 0x31, 0x99, 0x31, 0x99, 0x31, 0x99, 0x31, 0x99, 0x31, 0x99, 0x31
.byte 0x99, 0x31, 0x99, 0x31, 0x99, 0x31, 0x99, 0x31, 0x99, 0x31, 0x99, 0x31, 0x99, 0x31, 0x99, 0x31
.byte 0x99, 0x31, 0x99, 0x31, 0x99, 0x31, 0x99, 0x31, 0x99, 0x31, 0x99, 0x31, 0x99, 0x31, 0x99, 0x31
.byte 0x99, 0x31, 0x99, 0x31, 0x99, 0x31, 0x99, 0x31, 0x99, 0x31, 0x99, 0x31, 0x99, 0x31, 0x99, 0x31
.byte 0x99, 0x31, 0x99, 0x52, 0xdb, 0xde, 0x9e, 0xf7, 0xdf, 0xff, 0x00, 0x00, 0x00, 0x00, 0x00, 0x00
.byte 0x00, 0x00, 0x00, 0x00, 0x00, 0x00, 0x00, 0x00, 0x00, 0x00, 0x00, 0x00, 0x00, 0x00, 0x00, 0x00
.byte 0x00, 0x00, 0x00, 0x00, 0x00, 0x00, 0x00, 0x00, 0x00, 0x00, 0x00, 0x00, 0x00, 0x00, 0x00, 0x00
.byte 0x00, 0x00, 0x00, 0x00, 0x00, 0x00, 0x00, 0x00, 0x00, 0x00, 0x00, 0x00, 0x00, 0x00, 0x00, 0x00
.byte 0x00, 0x00, 0x00, 0x00, 0x00, 0x00, 0x00, 0x00, 0x00, 0x00, 0x00, 0x00, 0x00, 0x00, 0x00, 0x00
.byte 0xdf, 0xff, 0x9e, 0xf7, 0x3c, 0xe7, 0x38, 0xc6, 0x35, 0xa5, 0xf0, 0x7b, 0xcb, 0x5a, 0x69, 0x4a
.byte 0xcd, 0x39, 0xb3, 0x31, 0x99, 0x31, 0x99, 0x31, 0x99, 0x31, 0x99, 0x31, 0x99, 0x31, 0x99, 0x31
.byte 0x99, 0x31, 0x99, 0x31, 0x99, 0x31, 0x99, 0x31, 0x99, 0x31, 0x99, 0x31, 0x99, 0x31, 0x99, 0x31
.byte 0x99, 0x31, 0x99, 0x31, 0xd8, 0x39, 0xb3, 0x31, 0x08, 0x42, 0x08, 0x42, 0x08, 0x42, 0x08, 0x42
.byte 0x08, 0x42, 0x08, 0x42, 0x69, 0x4a, 0xcb, 0x5a, 0xf0, 0x7b, 0xd3, 0x9c, 0xb6, 0xb5, 0xdb, 0xde
.byte 0x9e, 0xf7, 0xdf, 0xff, 0x00, 0x00, 0x00, 0x00, 0x00, 0x00, 0x00, 0x00, 0x00, 0x00, 0x00, 0x00
.byte 0x00, 0x00, 0x00, 0x00, 0x00, 0x00, 0x00, 0x00, 0x00, 0x00, 0x00, 0x00, 0x00, 0x00, 0x00, 0x00
.byte 0x00, 0x00, 0x00, 0x00, 0x00, 0x00, 0x00, 0x00, 0x00, 0x00, 0x00, 0x00, 0x00, 0x00, 0x00, 0x00
.byte 0x00, 0x00, 0x00, 0x00, 0x00, 0x00, 0x00, 0x00, 0x00, 0x00, 0x00, 0x00, 0x00, 0x00, 0x00, 0x00
.byte 0x00, 0x00, 0x00, 0x00, 0x00, 0x00, 0x00, 0x00, 0x00, 0x00, 0x00, 0x00, 0x00, 0x00, 0x00, 0x00
.byte 0x00, 0x00, 0x00, 0x00, 0x00, 0x00, 0x00, 0x00, 0x00, 0x00, 0x00, 0x00, 0x00, 0x00, 0x00, 0x00
.byte 0x00, 0x00, 0x00, 0x00, 0x00, 0x00, 0x00, 0x00, 0x00, 0x00, 0x00, 0x00, 0x00, 0x00, 0x00, 0x00
.byte 0x00, 0x00, 0x00, 0x00, 0x00, 0x00, 0x00, 0x00, 0x00, 0x00, 0x00, 0x00, 0x00, 0x00, 0x00, 0x00
.byte 0x00, 0x00, 0x00, 0x00, 0x00, 0x00, 0x00, 0x00, 0x9e, 0xf7, 0x38, 0xc6, 0x99, 0x31, 0x99, 0x31
.byte 0x99, 0x31, 0x99, 0x31, 0x99, 0x31, 0x99, 0x31, 0x99, 0x31, 0x99, 0x31, 0x99, 0x31, 0x99, 0x31
.byte 0x99, 0x31, 0x99, 0x31, 0x99, 0x31, 0x99, 0x31, 0x99, 0x31, 0x99, 0x31, 0x99, 0x31, 0x99, 0x31
.byte 0x99, 0x31, 0x99, 0x31, 0x99, 0x31, 0x99, 0x31, 0x99, 0x31, 0x99, 0x31, 0x99, 0x31, 0x99, 0x31
.byte 0x99, 0x31, 0x99, 0x31, 0x99, 0x31, 0x99, 0x31, 0x99, 0x31, 0x99, 0x31, 0x99, 0x31, 0x99, 0x31
.byte 0x99, 0x31, 0x99, 0x31, 0x99, 0x31, 0x99, 0x31, 0x99, 0x31, 0x99, 0x31, 0x99, 0x31, 0x99, 0x31
.byte 0x99, 0x31, 0x99, 0x31, 0x99, 0x31, 0x99, 0x31, 0x99, 0x31, 0x99, 0x31, 0x99, 0x31, 0x99, 0x31
.byte 0x99, 0x31, 0x99, 0x31, 0x99, 0x31, 0x99, 0x31, 0x99, 0x31, 0x99, 0x31, 0x99, 0x31, 0x99, 0x31
.byte 0x99, 0x31, 0x99, 0x31, 0x99, 0x31, 0x99, 0x31, 0x99, 0x31, 0x99, 0x31, 0x99, 0x31, 0x99, 0x31
.byte 0x99, 0x31, 0x99, 0x31, 0x99, 0x31, 0x99, 0x31, 0x99, 0x31, 0x99, 0x31, 0x99, 0x31, 0x99, 0x31
.byte 0x99, 0x31, 0x99, 0x31, 0x99, 0x31, 0x99, 0x31, 0x99, 0x31, 0x99, 0x31, 0x99, 0x31, 0x99, 0x31
.byte 0x99, 0x31, 0x99, 0x31, 0x99, 0x31, 0x99, 0x31, 0x99, 0x31, 0x99, 0x31, 0x99, 0x31, 0x99, 0x31
.byte 0x99, 0x31, 0x99, 0x31, 0xf4, 0x5a, 0xdb, 0xde, 0x9e, 0xf7, 0xdf, 0xff, 0x00, 0x00, 0x00, 0x00
.byte 0x00, 0x00, 0x00, 0x00, 0x00, 0x00, 0x00, 0x00, 0x00, 0x00, 0x00, 0x00, 0x00, 0x00, 0x00, 0x00
.byte 0x00, 0x00, 0x00, 0x00, 0x00, 0x00, 0x00, 0x00, 0x00, 0x00, 0x00, 0x00, 0x00, 0x00, 0x00, 0x00
.byte 0x00, 0x00, 0x00, 0x00, 0x00, 0x00, 0x00, 0x00, 0x00, 0x00, 0x00, 0x00, 0x00, 0x00, 0x00, 0x00
.byte 0x00, 0x00, 0x00, 0x00, 0x00, 0x00, 0x00, 0x00, 0x00, 0x00, 0x00, 0x00, 0x00, 0x00, 0x00, 0x00
.byte 0x00, 0x00, 0xdf, 0xff, 0x9e, 0xf7, 0x3c, 0xe7, 0x38, 0xc6, 0xb6, 0xb5, 0x71, 0x8c, 0x6d, 0x6b
.byte 0xcb, 0x5a, 0x69, 0x4a, 0xcd, 0x39, 0xb3, 0x31, 0xb3, 0x31, 0x99, 0x31, 0x99, 0x31, 0x99, 0x31
.byte 0x99, 0x31, 0x99, 0x31, 0x99, 0x31, 0x99, 0x31, 0x99, 0x31, 0x99, 0x31, 0x99, 0x31, 0xd8, 0x39
.byte 0xb3, 0x31, 0xcd, 0x39, 0x08, 0x42, 0x08, 0x42, 0x08, 0x42, 0x08, 0x42, 0x08, 0x42, 0x08, 0x42
.byte 0x69, 0x4a, 0xcb, 0x5a, 0x6d, 0x6b, 0x71, 0x8c, 0x35, 0xa5, 0x38, 0xc6, 0x3c, 0xe7, 0x9e, 0xf7
.byte 0xdf, 0xff, 0x00, 0x00, 0x00, 0x00, 0x00, 0x00, 0x00, 0x00, 0x00, 0x00, 0x00, 0x00, 0x00, 0x00
.byte 0x00, 0x00, 0x00, 0x00, 0x00, 0x00, 0x00, 0x00, 0x00, 0x00, 0x00, 0x00, 0x00, 0x00, 0x00, 0x00
.byte 0x00, 0x00, 0x00, 0x00, 0x00, 0x00, 0x00, 0x00, 0x00, 0x00, 0x00, 0x00, 0x00, 0x00, 0x00, 0x00
.byte 0x00, 0x00, 0x00, 0x00, 0x00, 0x00, 0x00, 0x00, 0x00, 0x00, 0x00, 0x00, 0x00, 0x00, 0x00, 0x00
.byte 0x00, 0x00, 0x00, 0x00, 0x00, 0x00, 0x00, 0x00, 0x00, 0x00, 0x00, 0x00, 0x00, 0x00, 0x00, 0x00
.byte 0x00, 0x00, 0x00, 0x00, 0x00, 0x00, 0x00, 0x00, 0x00, 0x00, 0x00, 0x00, 0x00, 0x00, 0x00, 0x00
.byte 0x00, 0x00, 0x00, 0x00, 0x00, 0x00, 0x00, 0x00, 0x00, 0x00, 0x00, 0x00, 0x00, 0x00, 0x00, 0x00
.byte 0x00, 0x00, 0x00, 0x00, 0x00, 0x00, 0x00, 0x00, 0x00, 0x00, 0x00, 0x00, 0x00, 0x00, 0x00, 0x00
.byte 0x00, 0x00, 0x00, 0x00, 0x00, 0x00, 0x00, 0x00, 0xdf, 0xff, 0x3c, 0xe7, 0xfb, 0x7b, 0x99, 0x31
.byte 0x99, 0x31, 0x99, 0x31, 0x99, 0x31, 0x99, 0x31, 0x99, 0x31, 0x99, 0x31, 0x99, 0x31, 0x99, 0x31
.byte 0x99, 0x31, 0x99, 0x31, 0x99, 0x31, 0x99, 0x31, 0x99, 0x31, 0x99, 0x31, 0x99, 0x31, 0x99, 0x31
.byte 0x99, 0x31, 0x99, 0x31, 0x99, 0x31, 0x99, 0x31, 0x99, 0x31, 0x99, 0x31, 0x99, 0x31, 0x99, 0x31
.byte 0x99, 0x31, 0x99, 0x31, 0x99, 0x31, 0x99, 0x31, 0x99, 0x31, 0x99, 0x31, 0x99, 0x31, 0x99, 0x31
.byte 0x99, 0x31, 0x99, 0x31, 0x99, 0x31, 0x99, 0x31, 0x99, 0x31, 0x99, 0x31, 0x99, 0x31, 0x99, 0x31
.byte 0x99, 0x31, 0x99, 0x31, 0x99, 0x31, 0x99, 0x31, 0x99, 0x31, 0x99, 0x31, 0x99, 0x31, 0x99, 0x31
.byte 0x99, 0x31, 0x99, 0x31, 0x99, 0x31, 0x99, 0x31, 0x99, 0x31, 0x99, 0x31, 0x99, 0x31, 0x99, 0x31
.byte 0x99, 0x31, 0x99, 0x31, 0x99, 0x31, 0x99, 0x31, 0x99, 0x31, 0x99, 0x31, 0x99, 0x31, 0x99, 0x31
.byte 0x99, 0x31, 0x99, 0x31, 0x99, 0x31, 0x99, 0x31, 0x99, 0x31, 0x99, 0x31, 0x99, 0x31, 0x99, 0x31
.byte 0x99, 0x31, 0x99, 0x31, 0x99, 0x31, 0x99, 0x31, 0x99, 0x31, 0x99, 0x31, 0x99, 0x31, 0x99, 0x31
.byte 0x99, 0x31, 0x99, 0x31, 0x99, 0x31, 0x99, 0x31, 0x99, 0x31, 0x99, 0x31, 0x99, 0x31, 0x99, 0x31
.byte 0x99, 0x31, 0x99, 0x31, 0x99, 0x31, 0x5a, 0x6b, 0xdb, 0xde, 0x9e, 0xf7, 0xdf, 0xff, 0x00, 0x00
.byte 0x00, 0x00, 0x00, 0x00, 0x00, 0x00, 0x00, 0x00, 0x00, 0x00, 0x00, 0x00, 0x00, 0x00, 0x00, 0x00
.byte 0x00, 0x00, 0x00, 0x00, 0x00, 0x00, 0x00, 0x00, 0x00, 0x00, 0x00, 0x00, 0x00, 0x00, 0x00, 0x00
.byte 0x00, 0x00, 0x00, 0x00, 0x00, 0x00, 0x00, 0x00, 0x00, 0x00, 0x00, 0x00, 0x00, 0x00, 0x00, 0x00
.byte 0x00, 0x00, 0x00, 0x00, 0x00, 0x00, 0x00, 0x00, 0x00, 0x00, 0x00, 0x00, 0x00, 0x00, 0x00, 0x00
.byte 0x00, 0x00, 0x00, 0x00, 0x00, 0x00, 0xdf, 0xff, 0x9e, 0xf7, 0xdb, 0xde, 0x38, 0xc6, 0x35, 0xa5
.byte 0xf0, 0x7b, 0x6d, 0x6b, 0xcb, 0x5a, 0x69, 0x4a, 0x69, 0x4a, 0x08, 0x42, 0xcd, 0x39, 0x08, 0x42
.byte 0xcd, 0x39, 0xb3, 0x31, 0xb3, 0x31, 0xcd, 0x39, 0xcd, 0x39, 0xcd, 0x39, 0x08, 0x42, 0x08, 0x42
.byte 0x08, 0x42, 0x08, 0x42, 0x08, 0x42, 0x08, 0x42, 0x08, 0x42, 0x08, 0x42, 0x69, 0x4a, 0xcb, 0x5a
.byte 0x6d, 0x6b, 0xf0, 0x7b, 0xd3, 0x9c, 0xb6, 0xb5, 0xdb, 0xde, 0x3c, 0xe7, 0xdf, 0xff, 0x00, 0x00
.byte 0x00, 0x00, 0x00, 0x00, 0x00, 0x00, 0x00, 0x00, 0x00, 0x00, 0x00, 0x00, 0x00, 0x00, 0x00, 0x00
.byte 0x00, 0x00, 0x00, 0x00, 0x00, 0x00, 0x00, 0x00, 0x00, 0x00, 0x00, 0x00, 0x00, 0x00, 0x00, 0x00
.byte 0x00, 0x00, 0x00, 0x00, 0x00, 0x00, 0x00, 0x00, 0x00, 0x00, 0x00, 0x00, 0x00, 0x00, 0x00, 0x00
.byte 0x00, 0x00, 0x00, 0x00, 0x00, 0x00, 0x00, 0x00, 0x00, 0x00, 0x00, 0x00, 0x00, 0x00, 0x00, 0x00
.byte 0x00, 0x00, 0x00, 0x00, 0x00, 0x00, 0x00, 0x00, 0x00, 0x00, 0x00, 0x00, 0x00, 0x00, 0x00, 0x00
.byte 0x00, 0x00, 0x00, 0x00, 0x00, 0x00, 0x00, 0x00, 0x00, 0x00, 0x00, 0x00, 0x00, 0x00, 0x00, 0x00
.byte 0x00, 0x00, 0x00, 0x00, 0x00, 0x00, 0x00, 0x00, 0x00, 0x00, 0x00, 0x00, 0x00, 0x00, 0x00, 0x00
.byte 0x00, 0x00, 0x00, 0x00, 0x00, 0x00, 0x00, 0x00, 0x00, 0x00, 0x00, 0x00, 0x00, 0x00, 0x00, 0x00
.byte 0x00, 0x00, 0x00, 0x00, 0x00, 0x00, 0x00, 0x00, 0x00, 0x00, 0x9e, 0xf7, 0xdb, 0xde, 0x99, 0x52
.byte 0x99, 0x31, 0x99, 0x31, 0x99, 0x31, 0x99, 0x31, 0x99, 0x31, 0x99, 0x31, 0x99, 0x31, 0x99, 0x31
.byte 0x99, 0x31, 0x99, 0x31, 0x99, 0x31, 0x99, 0x31, 0x99, 0x31, 0x99, 0x31, 0x99, 0x31, 0x99, 0x31
.byte 0x99, 0x31, 0x99, 0x31, 0x99, 0x31, 0x99, 0x31, 0x99, 0x31, 0x99, 0x31, 0x99, 0x31, 0x99, 0x31
.byte 0x99, 0x31, 0x99, 0x31, 0x99, 0x31, 0x99, 0x31, 0x99, 0x31, 0x99, 0x31, 0x99, 0x31, 0x99, 0x31
.byte 0x99, 0x31, 0x99, 0x31, 0x99, 0x31, 0x99, 0x31, 0x99, 0x31, 0x99, 0x31, 0x99, 0x31, 0x99, 0x31
.byte 0x99, 0x31, 0x99, 0x31, 0x99, 0x31, 0x99, 0x31, 0x99, 0x31, 0x99, 0x31, 0x99, 0x31, 0x99, 0x31
.byte 0x99, 0x31, 0x99, 0x31, 0x99, 0x31, 0x99, 0x31, 0x99, 0x31, 0x99, 0x31, 0x99, 0x31, 0x99, 0x31
.byte 0x99, 0x31, 0x99, 0x31, 0x99, 0x31, 0x99, 0x31, 0x99, 0x31, 0x99, 0x31, 0x99, 0x31, 0x99, 0x31
.byte 0x99, 0x31, 0x99, 0x31, 0x99, 0x31, 0x99, 0x31, 0x99, 0x31, 0x99, 0x31, 0x99, 0x31, 0x99, 0x31
.byte 0x99, 0x31, 0x99, 0x31, 0x99, 0x31, 0x99, 0x31, 0x99, 0x31, 0x99, 0x31, 0x99, 0x31, 0x99, 0x31
.byte 0x99, 0x31, 0x99, 0x31, 0x99, 0x31, 0x99, 0x31, 0x99, 0x31, 0x99, 0x31, 0x99, 0x31, 0x99, 0x31
.byte 0x99, 0x31, 0x99, 0x31, 0x99, 0x31, 0x99, 0x31, 0xfb, 0x7b, 0xdb, 0xde, 0x9e, 0xf7, 0x00, 0x00
.byte 0x00, 0x00, 0x00, 0x00, 0x00, 0x00, 0x00, 0x00, 0x00, 0x00, 0x00, 0x00, 0x00, 0x00, 0x00, 0x00
.byte 0x00, 0x00, 0x00, 0x00, 0x00, 0x00, 0x00, 0x00, 0x00, 0x00, 0x00, 0x00, 0x00, 0x00, 0x00, 0x00
.byte 0x00, 0x00, 0x00, 0x00, 0x00, 0x00, 0x00, 0x00, 0x00, 0x00, 0x00, 0x00, 0x00, 0x00, 0x00, 0x00
.byte 0x00, 0x00, 0x00, 0x00, 0x00, 0x00, 0x00, 0x00, 0x00, 0x00, 0x00, 0x00, 0x00, 0x00, 0x00, 0x00
.byte 0x00, 0x00, 0x00, 0x00, 0x00, 0x00, 0x00, 0x00, 0xdf, 0xff, 0x9e, 0xf7, 0x3c, 0xe7, 0xdb, 0xde
.byte 0xb6, 0xb5, 0xd3, 0x9c, 0xf0, 0x7b, 0x6d, 0x6b, 0xcb, 0x5a, 0xcb, 0x5a, 0x69, 0x4a, 0x08, 0x42
.byte 0x08, 0x42, 0x08, 0x42, 0x08, 0x42, 0x08, 0x42, 0x08, 0x42, 0x08, 0x42, 0x08, 0x42, 0x08, 0x42
.byte 0x08, 0x42, 0x08, 0x42, 0x08, 0x42, 0x69, 0x4a, 0x69, 0x4a, 0xcb, 0x5a, 0x6d, 0x6b, 0xf0, 0x7b
.byte 0xd3, 0x9c, 0xb6, 0xb5, 0x38, 0xc6, 0x3c, 0xe7, 0x9e, 0xf7, 0xdf, 0xff, 0x00, 0x00, 0x00, 0x00
.byte 0x00, 0x00, 0x00, 0x00, 0x00, 0x00, 0x00, 0x00, 0x00, 0x00, 0x00, 0x00, 0x00, 0x00, 0x00, 0x00
.byte 0x00, 0x00, 0x00, 0x00, 0x00, 0x00, 0x00, 0x00, 0x00, 0x00, 0x00, 0x00, 0x00, 0x00, 0x00, 0x00
.byte 0x00, 0x00, 0x00, 0x00, 0x00, 0x00, 0x00, 0x00, 0x00, 0x00, 0x00, 0x00, 0x00, 0x00, 0x00, 0x00
.byte 0x00, 0x00, 0x00, 0x00, 0x00, 0x00, 0x00, 0x00, 0x00, 0x00, 0x00, 0x00, 0x00, 0x00, 0x00, 0x00
.byte 0x00, 0x00, 0x00, 0x00, 0x00, 0x00, 0x00, 0x00, 0x00, 0x00, 0x00, 0x00, 0x00, 0x00, 0x00, 0x00
.byte 0x00, 0x00, 0x00, 0x00, 0x00, 0x00, 0x00, 0x00, 0x00, 0x00, 0x00, 0x00, 0x00, 0x00, 0x00, 0x00
.byte 0x00, 0x00, 0x00, 0x00, 0x00, 0x00, 0x00, 0x00, 0x00, 0x00, 0x00, 0x00, 0x00, 0x00, 0x00, 0x00
.byte 0x00, 0x00, 0x00, 0x00, 0x00, 0x00, 0x00, 0x00, 0x00, 0x00, 0x00, 0x00, 0x00, 0x00, 0x00, 0x00
.byte 0x00, 0x00, 0x00, 0x00, 0x00, 0x00, 0x00, 0x00, 0x00, 0x00, 0xdf, 0xff, 0x3c, 0xe7, 0x1b, 0xa5
.byte 0xd8, 0x39, 0x99, 0x31, 0x99, 0x31, 0x99, 0x31, 0x99, 0x31, 0x99, 0x31, 0x99, 0x31, 0x99, 0x31
.byte 0x99, 0x31, 0x99, 0x31, 0x99, 0x31, 0x99, 0x31, 0x99, 0x31, 0x99, 0x31, 0x99, 0x31, 0x99, 0x31
.byte 0x99, 0x31, 0x99, 0x31, 0x99, 0x31, 0x99, 0x31, 0x99, 0x31, 0x99, 0x31, 0x99, 0x31, 0x99, 0x31
.byte 0x99, 0x31, 0x99, 0x31, 0x99, 0x31, 0x99, 0x31, 0x99, 0x31, 0x99, 0x31, 0x99, 0x31, 0x99, 0x31
.byte 0x99, 0x31, 0x99, 0x31, 0x99, 0x31, 0x99, 0x31, 0x99, 0x31, 0x99, 0x31, 0x99, 0x31, 0x99, 0x31
.byte 0x99, 0x31, 0x99, 0x31, 0x99, 0x31, 0x99, 0x31, 0x99, 0x31, 0x99, 0x31, 0x99, 0x31, 0x99, 0x31
.byte 0x99, 0x31, 0x99, 0x31, 0x99, 0x31, 0x99, 0x31, 0x99, 0x31, 0x99, 0x31, 0x99, 0x31, 0x99, 0x31
.byte 0x99, 0x31, 0x99, 0x31, 0x99, 0x31, 0x99, 0x31, 0x99, 0x31, 0x99, 0x31, 0x99, 0x31, 0x99, 0x31
.byte 0x99, 0x31, 0x99, 0x31, 0x99, 0x31, 0x99, 0x31, 0x99, 0x31, 0x99, 0x31, 0x99, 0x31, 0x99, 0x31
.byte 0x99, 0x31, 0x99, 0x31, 0x99, 0x31, 0x99, 0x31, 0x99, 0x31, 0x99, 0x31, 0x99, 0x31, 0x99, 0x31
.byte 0x99, 0x31, 0x99, 0x31, 0x99, 0x31, 0x99, 0x31, 0x99, 0x31, 0x99, 0x31, 0x99, 0x31, 0x99, 0x31
.byte 0x99, 0x31, 0x99, 0x31, 0x99, 0x31, 0x99, 0x31, 0x99, 0x31, 0x78, 0x8c, 0x3c, 0xe7, 0xdf, 0xff
.byte 0x00, 0x00, 0x00, 0x00, 0x00, 0x00, 0x00, 0x00, 0x00, 0x00, 0x00, 0x00, 0x00, 0x00, 0x00, 0x00
.byte 0x00, 0x00, 0x00, 0x00, 0x00, 0x00, 0x00, 0x00, 0x00, 0x00, 0x00, 0x00, 0x00, 0x00, 0x00, 0x00
.byte 0x00, 0x00, 0x00, 0x00, 0x00, 0x00, 0x00, 0x00, 0x00, 0x00, 0x00, 0x00, 0x00, 0x00, 0x00, 0x00
.byte 0x00, 0x00, 0x00, 0x00, 0x00, 0x00, 0x00, 0x00, 0x00, 0x00, 0x00, 0x00, 0x00, 0x00, 0x00, 0x00
.byte 0x00, 0x00, 0x00, 0x00, 0x00, 0x00, 0x00, 0x00, 0x00, 0x00, 0x00, 0x00, 0xdf, 0xff, 0x9e, 0xf7
.byte 0x3c, 0xe7, 0xdb, 0xde, 0xb6, 0xb5, 0x35, 0xa5, 0x71, 0x8c, 0xf0, 0x7b, 0x6d, 0x6b, 0xcb, 0x5a
.byte 0xcb, 0x5a, 0x69, 0x4a, 0x69, 0x4a, 0x69, 0x4a, 0x69, 0x4a, 0x69, 0x4a, 0x69, 0x4a, 0x69, 0x4a
.byte 0x69, 0x4a, 0xcb, 0x5a, 0xcb, 0x5a, 0x6d, 0x6b, 0x6d, 0x6b, 0x71, 0x8c, 0xd3, 0x9c, 0xb6, 0xb5
.byte 0x38, 0xc6, 0x3c, 0xe7, 0x9e, 0xf7, 0xdf, 0xff, 0x00, 0x00, 0x00, 0x00, 0x00, 0x00, 0x00, 0x00
.byte 0x00, 0x00, 0x00, 0x00, 0x00, 0x00, 0x00, 0x00, 0x00, 0x00, 0x00, 0x00, 0x00, 0x00, 0x00, 0x00
.byte 0x00, 0x00, 0x00, 0x00, 0x00, 0x00, 0x00, 0x00, 0x00, 0x00, 0x00, 0x00, 0x00, 0x00, 0x00, 0x00
.byte 0x00, 0x00, 0x00, 0x00, 0x00, 0x00, 0x00, 0x00, 0x00, 0x00, 0x00, 0x00, 0x00, 0x00, 0x00, 0x00
.byte 0x00, 0x00, 0x00, 0x00, 0x00, 0x00, 0x00, 0x00, 0x00, 0x00, 0x00, 0x00, 0x00, 0x00, 0x00, 0x00
.byte 0x00, 0x00, 0x00, 0x00, 0x00, 0x00, 0x00, 0x00, 0x00, 0x00, 0x00, 0x00, 0x00, 0x00, 0x00, 0x00
.byte 0x00, 0x00, 0x00, 0x00, 0x00, 0x00, 0x00, 0x00, 0x00, 0x00, 0x00, 0x00, 0x00, 0x00, 0x00, 0x00
.byte 0x00, 0x00, 0x00, 0x00, 0x00, 0x00, 0x00, 0x00, 0x00, 0x00, 0x00, 0x00, 0x00, 0x00, 0x00, 0x00
.byte 0x00, 0x00, 0x00, 0x00, 0x00, 0x00, 0x00, 0x00, 0x00, 0x00, 0x00, 0x00, 0x00, 0x00, 0x00, 0x00
.byte 0x00, 0x00, 0x00, 0x00, 0x00, 0x00, 0x00, 0x00, 0x00, 0x00, 0x00, 0x00, 0xdf, 0xff, 0xdb, 0xde
.byte 0xfb, 0x7b, 0x99, 0x31, 0x99, 0x31, 0x99, 0x31, 0x99, 0x31, 0x99, 0x31, 0x99, 0x31, 0x99, 0x31
.byte 0x99, 0x31, 0x99, 0x31, 0x99, 0x31, 0x99, 0x31, 0x99, 0x31, 0x99, 0x31, 0x99, 0x31, 0x99, 0x31
.byte 0x99, 0x31, 0x99, 0x31, 0x99, 0x31, 0x99, 0x31, 0x99, 0x31, 0x99, 0x31, 0x99, 0x31, 0x99, 0x31
.byte 0x99, 0x31, 0x99, 0x31, 0x99, 0x31, 0x99, 0x31, 0x99, 0x31, 0x99, 0x31, 0x99, 0x31, 0x99, 0x31
.byte 0x99, 0x31, 0x99, 0x31, 0x99, 0x31, 0x99, 0x31, 0x99, 0x31, 0x99, 0x31, 0x99, 0x31, 0x99, 0x31
.byte 0x99, 0x31, 0x99, 0x31, 0x99, 0x31, 0x99, 0x31, 0x99, 0x31, 0x99, 0x31, 0x99, 0x31, 0x99, 0x31
.byte 0x99, 0x31, 0x99, 0x31, 0x99, 0x31, 0x99, 0x31, 0x99, 0x31, 0x99, 0x31, 0x99, 0x31, 0x99, 0x31
.byte 0x99, 0x31, 0x99, 0x31, 0x99, 0x31, 0x99, 0x31, 0x99, 0x31, 0x99, 0x31, 0x99, 0x31, 0x99, 0x31
.byte 0x99, 0x31, 0x99, 0x31, 0x99, 0x31, 0x99, 0x31, 0x99, 0x31, 0x99, 0x31, 0x99, 0x31, 0x99, 0x31
.byte 0x99, 0x31, 0x99, 0x31, 0x99, 0x31, 0x99, 0x31, 0x99, 0x31, 0x99, 0x31, 0x99, 0x31, 0x99, 0x31
.byte 0x99, 0x31, 0x99, 0x31, 0x99, 0x31, 0x99, 0x31, 0x99, 0x31, 0x99, 0x31, 0x99, 0x31, 0x99, 0x31
.byte 0x99, 0x31, 0x99, 0x31, 0x99, 0x31, 0x99, 0x31, 0x99, 0x31, 0xd8, 0x39, 0x1b, 0xa5, 0x3c, 0xe7
.byte 0xdf, 0xff, 0x00, 0x00, 0x00, 0x00, 0x00, 0x00, 0x00, 0x00, 0x00, 0x00, 0x00, 0x00, 0x00, 0x00
.byte 0x00, 0x00, 0x00, 0x00, 0x00, 0x00, 0x00, 0x00, 0x00, 0x00, 0x00, 0x00, 0x00, 0x00, 0x00, 0x00
.byte 0x00, 0x00, 0x00, 0x00, 0x00, 0x00, 0x00, 0x00, 0x00, 0x00, 0x00, 0x00, 0x00, 0x00, 0x00, 0x00
.byte 0x00, 0x00, 0x00, 0x00, 0x00, 0x00, 0x00, 0x00, 0x00, 0x00, 0x00, 0x00, 0x00, 0x00, 0x00, 0x00
.byte 0x00, 0x00, 0x00, 0x00, 0x00, 0x00, 0x00, 0x00, 0x00, 0x00, 0x00, 0x00, 0x00, 0x00, 0x00, 0x00
.byte 0xdf, 0xff, 0x9e, 0xf7, 0x3c, 0xe7, 0xdb, 0xde, 0x38, 0xc6, 0xb6, 0xb5, 0xd3, 0x9c, 0x71, 0x8c
.byte 0xf0, 0x7b, 0xf0, 0x7b, 0x6d, 0x6b, 0x6d, 0x6b, 0x6d, 0x6b, 0x6d, 0x6b, 0x6d, 0x6b, 0x6d, 0x6b
.byte 0x6d, 0x6b, 0xf0, 0x7b, 0x71, 0x8c, 0xd3, 0x9c, 0x35, 0xa5, 0x38, 0xc6, 0xdb, 0xde, 0x3c, 0xe7
.byte 0x9e, 0xf7, 0xdf, 0xff, 0xdf, 0xff, 0x00, 0x00, 0x00, 0x00, 0x00, 0x00, 0x00, 0x00, 0x00, 0x00
.byte 0x00, 0x00, 0x00, 0x00, 0x00, 0x00, 0x00, 0x00, 0x00, 0x00, 0x00, 0x00, 0x00, 0x00, 0x00, 0x00
.byte 0x00, 0x00, 0x00, 0x00, 0x00, 0x00, 0x00, 0x00, 0x00, 0x00, 0x00, 0x00, 0x00, 0x00, 0x00, 0x00
.byte 0x00, 0x00, 0x00, 0x00, 0x00, 0x00, 0x00, 0x00, 0x00, 0x00, 0x00, 0x00, 0x00, 0x00, 0x00, 0x00
.byte 0x00, 0x00, 0x00, 0x00, 0x00, 0x00, 0x00, 0x00, 0x00, 0x00, 0x00, 0x00, 0x00, 0x00, 0x00, 0x00
.byte 0x00, 0x00, 0x00, 0x00, 0x00, 0x00, 0x00, 0x00, 0x00, 0x00, 0x00, 0x00, 0x00, 0x00, 0x00, 0x00
.byte 0x00, 0x00, 0x00, 0x00, 0x00, 0x00, 0x00, 0x00, 0x00, 0x00, 0x00, 0x00, 0x00, 0x00, 0x00, 0x00
.byte 0x00, 0x00, 0x00, 0x00, 0x00, 0x00, 0x00, 0x00, 0x00, 0x00, 0x00, 0x00, 0x00, 0x00, 0x00, 0x00
.byte 0x00, 0x00, 0x00, 0x00, 0x00, 0x00, 0x00, 0x00, 0x00, 0x00, 0x00, 0x00, 0x00, 0x00, 0x00, 0x00
.byte 0x00, 0x00, 0x00, 0x00, 0x00, 0x00, 0x00, 0x00, 0x00, 0x00, 0x00, 0x00, 0xdf, 0xff, 0x9e, 0xf7
.byte 0xdb, 0xde, 0xf4, 0x5a, 0x99, 0x31, 0x99, 0x31, 0x99, 0x31, 0x99, 0x31, 0x99, 0x31, 0x99, 0x31
.byte 0x99, 0x31, 0x99, 0x31, 0x99, 0x31, 0x99, 0x31, 0x99, 0x31, 0x99, 0x31, 0x99, 0x31, 0x99, 0x31
.byte 0x99, 0x31, 0x99, 0x31, 0x99, 0x31, 0x99, 0x31, 0x99, 0x31, 0x99, 0x31, 0x99, 0x31, 0x99, 0x31
.byte 0x99, 0x31, 0x99, 0x31, 0x99, 0x31, 0x99, 0x31, 0x99, 0x31, 0x99, 0x31, 0x99, 0x31, 0x99, 0x31
.byte 0x99, 0x31, 0x99, 0x31, 0x99, 0x31, 0x99, 0x31, 0x99, 0x31, 0x99, 0x31, 0x99, 0x31, 0x99, 0x31
.byte 0x99, 0x31, 0x99, 0x31, 0x99, 0x31, 0x99, 0x31, 0x99, 0x31, 0x99, 0x31, 0x99, 0x31, 0x99, 0x31
.byte 0x99, 0x31, 0x99, 0x31, 0x99, 0x31, 0x99, 0x31, 0x99, 0x31, 0x99, 0x31, 0x99, 0x31, 0x99, 0x31
.byte 0x99, 0x31, 0x99, 0x31, 0x99, 0x31, 0x99, 0x31, 0x99, 0x31, 0x99, 0x31, 0x99, 0x31, 0x99, 0x31
.byte 0x99, 0x31, 0x99, 0x31, 0x99, 0x31, 0x99, 0x31, 0x99, 0x31, 0x99, 0x31, 0x99, 0x31, 0x99, 0x31
.byte 0x99, 0x31, 0x99, 0x31, 0x99, 0x31, 0x99, 0x31, 0x99, 0x31, 0x99, 0x31, 0x99, 0x31, 0x99, 0x31
.byte 0x99, 0x31, 0x99, 0x31, 0x99, 0x31, 0x99, 0x31, 0x99, 0x31, 0x99, 0x31, 0x99, 0x31, 0x99, 0x31
.byte 0x99, 0x31, 0x99, 0x31, 0x99, 0x31, 0x99, 0x31, 0x99, 0x31, 0x99, 0x31, 0xd8, 0x39, 0x38, 0xc6
.byte 0x3c, 0xe7, 0xdf, 0xff, 0x00, 0x00, 0x00, 0x00, 0x00, 0x00, 0x00, 0x00, 0x00, 0x00, 0x00, 0x00
.byte 0x00, 0x00, 0x00, 0x00, 0x00, 0x00, 0x00, 0x00, 0x00, 0x00, 0x00, 0x00, 0x00, 0x00, 0x00, 0x00
.byte 0x00, 0x00, 0x00, 0x00, 0x00, 0x00, 0x00, 0x00, 0x00, 0x00, 0x00, 0x00, 0x00, 0x00, 0x00, 0x00
.byte 0x00, 0x00, 0x00, 0x00, 0x00, 0x00, 0x00, 0x00, 0x00, 0x00, 0x00, 0x00, 0x00, 0x00, 0x00, 0x00
.byte 0x00, 0x00, 0x00, 0x00, 0x00, 0x00, 0x00, 0x00, 0x00, 0x00, 0x00, 0x00, 0x00, 0x00, 0x00, 0x00
.byte 0x00, 0x00, 0x00, 0x00, 0xdf, 0xff, 0x9e, 0xf7, 0x3c, 0xe7, 0x3c, 0xe7, 0xdb, 0xde, 0x38, 0xc6
.byte 0xb6, 0xb5, 0xb6, 0xb5, 0x35, 0xa5, 0x35, 0xa5, 0xd3, 0x9c, 0xd3, 0x9c, 0x35, 0xa5, 0x35, 0xa5
.byte 0x35, 0xa5, 0xb6, 0xb5, 0x38, 0xc6, 0x38, 0xc6, 0xdb, 0xde, 0x3c, 0xe7, 0x9e, 0xf7, 0xdf, 0xff
.byte 0x00, 0x00, 0x00, 0x00, 0x00, 0x00, 0x00, 0x00, 0x00, 0x00, 0x00, 0x00, 0x00, 0x00, 0x00, 0x00
.byte 0x00, 0x00, 0x00, 0x00, 0x00, 0x00, 0x00, 0x00, 0x00, 0x00, 0x00, 0x00, 0x00, 0x00, 0x00, 0x00
.byte 0x00, 0x00, 0x00, 0x00, 0x00, 0x00, 0x00, 0x00, 0x00, 0x00, 0x00, 0x00, 0x00, 0x00, 0x00, 0x00
.byte 0x00, 0x00, 0x00, 0x00, 0x00, 0x00, 0x00, 0x00, 0x00, 0x00, 0x00, 0x00, 0x00, 0x00, 0x00, 0x00
.byte 0x00, 0x00, 0x00, 0x00, 0x00, 0x00, 0x00, 0x00, 0x00, 0x00, 0x00, 0x00, 0x00, 0x00, 0x00, 0x00
.byte 0x00, 0x00, 0x00, 0x00, 0x00, 0x00, 0x00, 0x00, 0x00, 0x00, 0x00, 0x00, 0x00, 0x00, 0x00, 0x00
.byte 0x00, 0x00, 0x00, 0x00, 0x00, 0x00, 0x00, 0x00, 0x00, 0x00, 0x00, 0x00, 0x00, 0x00, 0x00, 0x00
.byte 0x00, 0x00, 0x00, 0x00, 0x00, 0x00, 0x00, 0x00, 0x00, 0x00, 0x00, 0x00, 0x00, 0x00, 0x00, 0x00
.byte 0x00, 0x00, 0x00, 0x00, 0x00, 0x00, 0x00, 0x00, 0x00, 0x00, 0x00, 0x00, 0x00, 0x00, 0x00, 0x00
.byte 0x00, 0x00, 0x00, 0x00, 0x00, 0x00, 0x00, 0x00, 0x00, 0x00, 0x00, 0x00, 0x00, 0x00, 0xdf, 0xff
.byte 0x3c, 0xe7, 0xb6, 0xb5, 0x99, 0x52, 0x99, 0x31, 0x99, 0x31, 0x99, 0x31, 0x99, 0x31, 0x99, 0x31
.byte 0x99, 0x31, 0x99, 0x31, 0x99, 0x31, 0x99, 0x31, 0x99, 0x31, 0x99, 0x31, 0x99, 0x31, 0x99, 0x31
.byte 0x99, 0x31, 0x99, 0x31, 0x99, 0x31, 0x99, 0x31, 0x99, 0x31, 0x99, 0x31, 0x99, 0x31, 0x99, 0x31
.byte 0x99, 0x31, 0x99, 0x31, 0x99, 0x31, 0x99, 0x31, 0x99, 0x31, 0x99, 0x31, 0x99, 0x31, 0x99, 0x31
.byte 0x99, 0x31, 0x99, 0x31, 0x99, 0x31, 0x99, 0x31, 0x99, 0x31, 0x99, 0x31, 0x99, 0x31, 0x99, 0x31
.byte 0x99, 0x31, 0x99, 0x31, 0x99, 0x31, 0x99, 0x31, 0x99, 0x31, 0x99, 0x31, 0x99, 0x31, 0x99, 0x31
.byte 0x99, 0x31, 0x99, 0x31, 0x99, 0x31, 0x99, 0x31, 0x99, 0x31, 0x99, 0x31, 0x99, 0x31, 0x99, 0x31
.byte 0x99, 0x31, 0x99, 0x31, 0x99, 0x31, 0x99, 0x31, 0x99, 0x31, 0x99, 0x31, 0x99, 0x31, 0x99, 0x31
.byte 0x99, 0x31, 0x99, 0x31, 0x99, 0x31, 0x99, 0x31, 0x99, 0x31, 0x99, 0x31, 0x99, 0x31, 0x99, 0x31
.byte 0x99, 0x31, 0x99, 0x31, 0x99, 0x31, 0x99, 0x31, 0x99, 0x31, 0x99, 0x31, 0x99, 0x31, 0x99, 0x31
.byte 0x99, 0x31, 0x99, 0x31, 0x99, 0x31, 0x99, 0x31, 0x99, 0x31, 0x99, 0x31, 0x99, 0x31, 0x99, 0x31
.byte 0x99, 0x31, 0x99, 0x31, 0x99, 0x31, 0x99, 0x31, 0x99, 0x31, 0x99, 0x31, 0x99, 0x31, 0x99, 0x52
.byte 0x38, 0xc6, 0x3c, 0xe7, 0xdf, 0xff, 0x00, 0x00, 0x00, 0x00, 0x00, 0x00, 0x00, 0x00, 0x00, 0x00
.byte 0x00, 0x00, 0x00, 0x00, 0x00, 0x00, 0x00, 0x00, 0x00, 0x00, 0x00, 0x00, 0x00, 0x00, 0x00, 0x00
.byte 0x00, 0x00, 0x00, 0x00, 0x00, 0x00, 0x00, 0x00, 0x00, 0x00, 0x00, 0x00, 0x00, 0x00, 0x00, 0x00
.byte 0x00, 0x00, 0x00, 0x00, 0x00, 0x00, 0x00, 0x00, 0x00, 0x00, 0x00, 0x00, 0x00, 0x00, 0x00, 0x00
.byte 0x00, 0x00, 0x00, 0x00, 0x00, 0x00, 0x00, 0x00, 0x00, 0x00, 0x00, 0x00, 0x00, 0x00, 0x00, 0x00
.byte 0x00, 0x00, 0x00, 0x00, 0x00, 0x00, 0x00, 0x00, 0xdf, 0xff, 0xdf, 0xff, 0x9e, 0xf7, 0x9e, 0xf7
.byte 0x3c, 0xe7, 0x3c, 0xe7, 0xdb, 0xde, 0xdb, 0xde, 0xdb, 0xde, 0xdb, 0xde, 0xdb, 0xde, 0xdb, 0xde
.byte 0xdb, 0xde, 0x3c, 0xe7, 0x3c, 0xe7, 0x9e, 0xf7, 0xdf, 0xff, 0xdf, 0xff, 0x00, 0x00, 0x00, 0x00
.byte 0x00, 0x00, 0x00, 0x00, 0x00, 0x00, 0x00, 0x00, 0x00, 0x00, 0x00, 0x00, 0x00, 0x00, 0x00, 0x00
.byte 0x00, 0x00, 0x00, 0x00, 0x00, 0x00, 0x00, 0x00, 0x00, 0x00, 0x00, 0x00, 0x00, 0x00, 0x00, 0x00
.byte 0x00, 0x00, 0x00, 0x00, 0x00, 0x00, 0x00, 0x00, 0x00, 0x00, 0x00, 0x00, 0x00, 0x00, 0x00, 0x00
.byte 0x00, 0x00, 0x00, 0x00, 0x00, 0x00, 0x00, 0x00, 0x00, 0x00, 0x00, 0x00, 0x00, 0x00, 0x00, 0x00
.byte 0x00, 0x00, 0x00, 0x00, 0x00, 0x00, 0x00, 0x00, 0x00, 0x00, 0x00, 0x00, 0x00, 0x00, 0x00, 0x00
.byte 0x00, 0x00, 0x00, 0x00, 0x00, 0x00, 0x00, 0x00, 0x00, 0x00, 0x00, 0x00, 0x00, 0x00, 0x00, 0x00
.byte 0x00, 0x00, 0x00, 0x00, 0x00, 0x00, 0x00, 0x00, 0x00, 0x00, 0x00, 0x00, 0x00, 0x00, 0x00, 0x00
.byte 0x00, 0x00, 0x00, 0x00, 0x00, 0x00, 0x00, 0x00, 0x00, 0x00, 0x00, 0x00, 0x00, 0x00, 0x00, 0x00
.byte 0x00, 0x00, 0x00, 0x00, 0x00, 0x00, 0x00, 0x00, 0x00, 0x00, 0x00, 0x00, 0x00, 0x00, 0x00, 0x00
.byte 0x00, 0x00, 0x00, 0x00, 0x00, 0x00, 0x00, 0x00, 0x00, 0x00, 0x00, 0x00, 0x00, 0x00, 0x00, 0x00
.byte 0x9e, 0xf7, 0xdb, 0xde, 0x35, 0xa5, 0xd8, 0x39, 0x99, 0x31, 0x99, 0x31, 0x99, 0x31, 0x99, 0x31
.byte 0x99, 0x31, 0x99, 0x31, 0x99, 0x31, 0x99, 0x31, 0x99, 0x31, 0x99, 0x31, 0x99, 0x31, 0x99, 0x31
.byte 0x99, 0x31, 0x99, 0x31, 0x99, 0x31, 0x99, 0x31, 0x99, 0x31, 0x99, 0x31, 0x99, 0x31, 0x99, 0x31
.byte 0x99, 0x31, 0x99, 0x31, 0x99, 0x31, 0x99, 0x31, 0x99, 0x31, 0x99, 0x31, 0x99, 0x31, 0x99, 0x31
.byte 0x99, 0x31, 0x99, 0x31, 0x99, 0x31, 0x99, 0x31, 0x99, 0x31, 0x99, 0x31, 0x99, 0x31, 0x99, 0x31
.byte 0x99, 0x31, 0x99, 0x31, 0x99, 0x31, 0x99, 0x31, 0x99, 0x31, 0x99, 0x31, 0x99, 0x31, 0x99, 0x31
.byte 0x99, 0x31, 0x99, 0x31, 0x99, 0x31, 0x99, 0x31, 0x99, 0x31, 0x99, 0x31, 0x99, 0x31, 0x99, 0x31
.byte 0x99, 0x31, 0x99, 0x31, 0x99, 0x31, 0x99, 0x31, 0x99, 0x31, 0x99, 0x31, 0x99, 0x31, 0x99, 0x31
.byte 0x99, 0x31, 0x99, 0x31, 0x99, 0x31, 0x99, 0x31, 0x99, 0x31, 0x99, 0x31, 0x99, 0x31, 0x99, 0x31
.byte 0x99, 0x31, 0x99, 0x31, 0x99, 0x31, 0x99, 0x31, 0x99, 0x31, 0x99, 0x31, 0x99, 0x31, 0x99, 0x31
.byte 0x99, 0x31, 0x99, 0x31, 0x99, 0x31, 0x99, 0x31, 0x99, 0x31, 0x99, 0x31, 0x99, 0x31, 0x99, 0x31
.byte 0x99, 0x31, 0x99, 0x31, 0x99, 0x31, 0x99, 0x31, 0x99, 0x31, 0x99, 0x31, 0x99, 0x31, 0x99, 0x31
.byte 0x5a, 0x6b, 0xdb, 0xde, 0x9e, 0xf7, 0xdf, 0xff, 0x00, 0x00, 0x00, 0x00, 0x00, 0x00, 0x00, 0x00
.byte 0x00, 0x00, 0x00, 0x00, 0x00, 0x00, 0x00, 0x00, 0x00, 0x00, 0x00, 0x00, 0x00, 0x00, 0x00, 0x00
.byte 0x00, 0x00, 0x00, 0x00, 0x00, 0x00, 0x00, 0x00, 0x00, 0x00, 0x00, 0x00, 0x00, 0x00, 0x00, 0x00
.byte 0x00, 0x00, 0x00, 0x00, 0x00, 0x00, 0x00, 0x00, 0x00, 0x00, 0x00, 0x00, 0x00, 0x00, 0x00, 0x00
.byte 0x00, 0x00, 0x00, 0x00, 0x00, 0x00, 0x00, 0x00, 0x00, 0x00, 0x00, 0x00, 0x00, 0x00, 0x00, 0x00
.byte 0x00, 0x00, 0x00, 0x00, 0x00, 0x00, 0x00, 0x00, 0x00, 0x00, 0x00, 0x00, 0x00, 0x00, 0x00, 0x00
.byte 0xdf, 0xff, 0xdf, 0xff, 0xdf, 0xff, 0x9e, 0xf7, 0x9e, 0xf7, 0x9e, 0xf7, 0x9e, 0xf7, 0xdf, 0xff
.byte 0xdf, 0xff, 0xdf, 0xff, 0x00, 0x00, 0x00, 0x00, 0x00, 0x00, 0x00, 0x00, 0x00, 0x00, 0x00, 0x00
.byte 0x00, 0x00, 0x00, 0x00, 0x00, 0x00, 0x00, 0x00, 0x00, 0x00, 0x00, 0x00, 0x00, 0x00, 0x00, 0x00
.byte 0x00, 0x00, 0x00, 0x00, 0x00, 0x00, 0x00, 0x00, 0x00, 0x00, 0x00, 0x00, 0x00, 0x00, 0x00, 0x00
.byte 0x00, 0x00, 0x00, 0x00, 0x00, 0x00, 0x00, 0x00, 0x00, 0x00, 0x00, 0x00, 0x00, 0x00, 0x00, 0x00
.byte 0x00, 0x00, 0x00, 0x00, 0x00, 0x00, 0x00, 0x00, 0x00, 0x00, 0x00, 0x00, 0x00, 0x00, 0x00, 0x00
.byte 0x00, 0x00, 0x00, 0x00, 0x00, 0x00, 0x00, 0x00, 0x00, 0x00, 0x00, 0x00, 0x00, 0x00, 0x00, 0x00
.byte 0x00, 0x00, 0x00, 0x00, 0x00, 0x00, 0x00, 0x00, 0x00, 0x00, 0x00, 0x00, 0x00, 0x00, 0x00, 0x00
.byte 0x00, 0x00, 0x00, 0x00, 0x00, 0x00, 0x00, 0x00, 0x00, 0x00, 0x00, 0x00, 0x00, 0x00, 0x00, 0x00
.byte 0x00, 0x00, 0x00, 0x00, 0x00, 0x00, 0x00, 0x00, 0x00, 0x00, 0x00, 0x00, 0x00, 0x00, 0x00, 0x00
.byte 0x00, 0x00, 0x00, 0x00, 0x00, 0x00, 0x00, 0x00, 0x00, 0x00, 0x00, 0x00, 0x00, 0x00, 0x00, 0x00
.byte 0x00, 0x00, 0x00, 0x00, 0x00, 0x00, 0x00, 0x00, 0x00, 0x00, 0x00, 0x00, 0x00, 0x00, 0x00, 0x00
.byte 0xdf, 0xff, 0x9e, 0xf7, 0xdb, 0xde, 0x78, 0x8c, 0xd8, 0x39, 0x99, 0x31, 0x99, 0x31, 0x99, 0x31
.byte 0x99, 0x31, 0x99, 0x31, 0x99, 0x31, 0x99, 0x31, 0x99, 0x31, 0x99, 0x31, 0x99, 0x31, 0x99, 0x31
.byte 0x99, 0x31, 0x99, 0x31, 0x99, 0x31, 0x99, 0x31, 0x99, 0x31, 0x99, 0x31, 0x99, 0x31, 0x99, 0x31
.byte 0x99, 0x31, 0x99, 0x31, 0x99, 0x31, 0x99, 0x31, 0x99, 0x31, 0x99, 0x31, 0x99, 0x31, 0x99, 0x31
.byte 0x99, 0x31, 0x99, 0x31, 0x99, 0x31, 0x99, 0x31, 0x99, 0x31, 0x99, 0x31, 0x99, 0x31, 0x99, 0x31
.byte 0x99, 0x31, 0x99, 0x31, 0x99, 0x31, 0x99, 0x31, 0x99, 0x31, 0x99, 0x31, 0x99, 0x31, 0x99, 0x31
.byte 0x99, 0x31, 0x99, 0x31, 0x99, 0x31, 0x99, 0x31, 0x99, 0x31, 0x99, 0x31, 0x99, 0x31, 0x99, 0x31
.byte 0x99, 0x31, 0x99, 0x31, 0x99, 0x31, 0x99, 0x31, 0x99, 0x31, 0x99, 0x31, 0x99, 0x31, 0x99, 0x31
.byte 0x99, 0x31, 0x99, 0x31, 0x99, 0x31, 0x99, 0x31, 0x99, 0x31, 0x99, 0x31, 0x99, 0x31, 0x99, 0x31
.byte 0x99, 0x31, 0x99, 0x31, 0x99, 0x31, 0x99, 0x31, 0x99, 0x31, 0x99, 0x31, 0x99, 0x31, 0x99, 0x31
.byte 0x99, 0x31, 0x99, 0x31, 0x99, 0x31, 0x99, 0x31, 0x99, 0x31, 0x99, 0x31, 0x99, 0x31, 0x99, 0x31
.byte 0x99, 0x31, 0x99, 0x31, 0x99, 0x31, 0x99, 0x31, 0x99, 0x31, 0x99, 0x31, 0x99, 0x31, 0x99, 0x31
.byte 0x99, 0x31, 0x78, 0x8c, 0xdb, 0xde, 0x9e, 0xf7, 0xdf, 0xff, 0x00, 0x00, 0x00, 0x00, 0x00, 0x00
.byte 0x00, 0x00, 0x00, 0x00, 0x00, 0x00, 0x00, 0x00, 0x00, 0x00, 0x00, 0x00, 0x00, 0x00, 0x00, 0x00
.byte 0x00, 0x00, 0x00, 0x00, 0x00, 0x00, 0x00, 0x00, 0x00, 0x00, 0x00, 0x00, 0x00, 0x00, 0x00, 0x00
.byte 0x00, 0x00, 0x00, 0x00, 0x00, 0x00, 0x00, 0x00, 0x00, 0x00, 0x00, 0x00, 0x00, 0x00, 0x00, 0x00
.byte 0x00, 0x00, 0x00, 0x00, 0x00, 0x00, 0x00, 0x00, 0x00, 0x00, 0x00, 0x00, 0x00, 0x00, 0x00, 0x00
.byte 0x00, 0x00, 0x00, 0x00, 0x00, 0x00, 0x00, 0x00, 0x00, 0x00, 0x00, 0x00, 0x00, 0x00, 0x00, 0x00
.byte 0x00, 0x00, 0x00, 0x00, 0x00, 0x00, 0x00, 0x00, 0x00, 0x00, 0x00, 0x00, 0x00, 0x00, 0x00, 0x00
.byte 0x00, 0x00, 0x00, 0x00, 0x00, 0x00, 0x00, 0x00, 0x00, 0x00, 0x00, 0x00, 0x00, 0x00, 0x00, 0x00
.byte 0x00, 0x00, 0x00, 0x00, 0x00, 0x00, 0x00, 0x00, 0x00, 0x00, 0x00, 0x00, 0x00, 0x00, 0x00, 0x00
.byte 0x00, 0x00, 0x00, 0x00, 0x00, 0x00, 0x00, 0x00, 0x00, 0x00, 0x00, 0x00, 0x00, 0x00, 0x00, 0x00
.byte 0x00, 0x00, 0x00, 0x00, 0x00, 0x00, 0x00, 0x00, 0x00, 0x00, 0x00, 0x00, 0x00, 0x00, 0x00, 0x00
.byte 0x00, 0x00, 0x00, 0x00, 0x00, 0x00, 0x00, 0x00, 0x00, 0x00, 0x00, 0x00, 0x00, 0x00, 0x00, 0x00
.byte 0x00, 0x00, 0x00, 0x00, 0x00, 0x00, 0x00, 0x00, 0x00, 0x00, 0x00, 0x00, 0x00, 0x00, 0x00, 0x00
.byte 0x00, 0x00, 0x00, 0x00, 0x00, 0x00, 0x00, 0x00, 0x00, 0x00, 0x00, 0x00, 0x00, 0x00, 0x00, 0x00
.byte 0x00, 0x00, 0x00, 0x00, 0x00, 0x00, 0x00, 0x00, 0x00, 0x00, 0x00, 0x00, 0x00, 0x00, 0x00, 0x00
.byte 0x00, 0x00, 0x00, 0x00, 0x00, 0x00, 0x00, 0x00, 0x00, 0x00, 0x00, 0x00, 0x00, 0x00, 0x00, 0x00
.byte 0x00, 0x00, 0x00, 0x00, 0x00, 0x00, 0x00, 0x00, 0x00, 0x00, 0x00, 0x00, 0x00, 0x00, 0x00, 0x00
.byte 0x00, 0x00, 0x00, 0x00, 0x00, 0x00, 0x00, 0x00, 0x00, 0x00, 0x00, 0x00, 0x00, 0x00, 0x00, 0x00
.byte 0x00, 0x00, 0xdf, 0xff, 0x3c, 0xe7, 0x38, 0xc6, 0xf0, 0x7b, 0x99, 0x31, 0x99, 0x31, 0x99, 0x31
.byte 0x99, 0x31, 0x99, 0x31, 0x99, 0x31, 0x99, 0x31, 0x99, 0x31, 0x99, 0x31, 0x99, 0x31, 0x99, 0x31
.byte 0x99, 0x31, 0x99, 0x31, 0x99, 0x31, 0x99, 0x31, 0x99, 0x31, 0x99, 0x31, 0x99, 0x31, 0x99, 0x31
.byte 0x99, 0x31, 0x99, 0x31, 0x99, 0x31, 0x99, 0x31, 0x99, 0x31, 0x99, 0x31, 0x99, 0x31, 0x99, 0x31
.byte 0x99, 0x31, 0x99, 0x31, 0x99, 0x31, 0x99, 0x31, 0x99, 0x31, 0x99, 0x31, 0x99, 0x31, 0x99, 0x31
.byte 0x99, 0x31, 0x99, 0x31, 0x99, 0x31, 0x99, 0x31, 0x99, 0x31, 0x99, 0x31, 0x99, 0x31, 0x99, 0x31
.byte 0x99, 0x31, 0x99, 0x31, 0x99, 0x31, 0x99, 0x31, 0x99, 0x31, 0x99, 0x31, 0x99, 0x31, 0x99, 0x31
.byte 0x99, 0x31, 0x99, 0x31, 0x99, 0x31, 0x99, 0x31, 0x99, 0x31, 0x99, 0x31, 0x99, 0x31, 0x99, 0x31
.byte 0x99, 0x31, 0x99, 0x31, 0x99, 0x31, 0x99, 0x31, 0x99, 0x31, 0x99, 0x31, 0x99, 0x31, 0x99, 0x31
.byte 0x99, 0x31, 0x99, 0x31, 0x99, 0x31, 0x99, 0x31, 0x99, 0x31, 0x99, 0x31, 0x99, 0x31, 0x99, 0x31
.byte 0x99, 0x31, 0x99, 0x31, 0x99, 0x31, 0x99, 0x31, 0x99, 0x31, 0x99, 0x31, 0x99, 0x31, 0x99, 0x31
.byte 0x99, 0x31, 0x99, 0x31, 0x99, 0x31, 0x99, 0x31, 0x99, 0x31, 0x99, 0x31, 0x99, 0x31, 0x99, 0x31
.byte 0x99, 0x31, 0xd8, 0x39, 0x35, 0xa5, 0x3c, 0xe7, 0x9e, 0xf7, 0x00, 0x00, 0x00, 0x00, 0x00, 0x00
.byte 0x00, 0x00, 0x00, 0x00, 0x00, 0x00, 0x00, 0x00, 0x00, 0x00, 0x00, 0x00, 0x00, 0x00, 0x00, 0x00
.byte 0x00, 0x00, 0x00, 0x00, 0x00, 0x00, 0x00, 0x00, 0x00, 0x00, 0x00, 0x00, 0x00, 0x00, 0x00, 0x00
.byte 0x00, 0x00, 0x00, 0x00, 0x00, 0x00, 0x00, 0x00, 0x00, 0x00, 0x00, 0x00, 0x00, 0x00, 0x00, 0x00
.byte 0x00, 0x00, 0x00, 0x00, 0x00, 0x00, 0x00, 0x00, 0x00, 0x00, 0x00, 0x00, 0x00, 0x00, 0x00, 0x00
.byte 0x00, 0x00, 0x00, 0x00, 0x00, 0x00, 0x00, 0x00, 0x00, 0x00, 0x00, 0x00, 0x00, 0x00, 0x00, 0x00
.byte 0x00, 0x00, 0x00, 0x00, 0x00, 0x00, 0x00, 0x00, 0x00, 0x00, 0x00, 0x00, 0x00, 0x00, 0x00, 0x00
.byte 0x00, 0x00, 0x00, 0x00, 0x00, 0x00, 0x00, 0x00, 0x00, 0x00, 0x00, 0x00, 0x00, 0x00, 0x00, 0x00
.byte 0x00, 0x00, 0x00, 0x00, 0x00, 0x00, 0x00, 0x00, 0x00, 0x00, 0x00, 0x00, 0x00, 0x00, 0x00, 0x00
.byte 0x00, 0x00, 0x00, 0x00, 0x00, 0x00, 0x00, 0x00, 0x00, 0x00, 0x00, 0x00, 0x00, 0x00, 0x00, 0x00
.byte 0x00, 0x00, 0x00, 0x00, 0x00, 0x00, 0x00, 0x00, 0x00, 0x00, 0x00, 0x00, 0x00, 0x00, 0x00, 0x00
.byte 0x00, 0x00, 0x00, 0x00, 0x00, 0x00, 0x00, 0x00, 0x00, 0x00, 0x00, 0x00, 0x00, 0x00, 0x00, 0x00
.byte 0x00, 0x00, 0x00, 0x00, 0x00, 0x00, 0x00, 0x00, 0x00, 0x00, 0x00, 0x00, 0x00, 0x00, 0x00, 0x00
.byte 0x00, 0x00, 0x00, 0x00, 0x00, 0x00, 0x00, 0x00, 0x00, 0x00, 0x00, 0x00, 0x00, 0x00, 0x00, 0x00
.byte 0x00, 0x00, 0x00, 0x00, 0x00, 0x00, 0x00, 0x00, 0x00, 0x00, 0x00, 0x00, 0x00, 0x00, 0x00, 0x00
.byte 0x00, 0x00, 0x00, 0x00, 0x00, 0x00, 0x00, 0x00, 0x00, 0x00, 0x00, 0x00, 0x00, 0x00, 0x00, 0x00
.byte 0x00, 0x00, 0x00, 0x00, 0x00, 0x00, 0x00, 0x00, 0x00, 0x00, 0x00, 0x00, 0x00, 0x00, 0x00, 0x00
.byte 0x00, 0x00, 0x00, 0x00, 0x00, 0x00, 0x00, 0x00, 0x00, 0x00, 0x00, 0x00, 0x00, 0x00, 0x00, 0x00
.byte 0x00, 0x00, 0x00, 0x00, 0xdf, 0xff, 0x3c, 0xe7, 0x38, 0xc6, 0xf4, 0x5a, 0xd8, 0x39, 0x99, 0x31
.byte 0x99, 0x31, 0x99, 0x31, 0x99, 0x31, 0x99, 0x31, 0x99, 0x31, 0x99, 0x31, 0x99, 0x31, 0x99, 0x31
.byte 0x99, 0x31, 0x99, 0x31, 0x99, 0x31, 0x99, 0x31, 0x99, 0x31, 0x99, 0x31, 0x99, 0x31, 0x99, 0x31
.byte 0x99, 0x31, 0x99, 0x31, 0x99, 0x31, 0x99, 0x31, 0x99, 0x31, 0x99, 0x31, 0x99, 0x31, 0x99, 0x31
.byte 0x99, 0x31, 0x99, 0x31, 0x99, 0x31, 0x99, 0x31, 0x99, 0x31, 0x99, 0x31, 0x99, 0x31, 0x99, 0x31
.byte 0x99, 0x31, 0x99, 0x31, 0x99, 0x31, 0x99, 0x31, 0x99, 0x31, 0x99, 0x31, 0x99, 0x31, 0x99, 0x31
.byte 0x99, 0x31, 0x99, 0x31, 0x99, 0x31, 0x99, 0x31, 0x99, 0x31, 0x99, 0x31, 0x99, 0x31, 0x99, 0x31
.byte 0x99, 0x31, 0x99, 0x31, 0x99, 0x31, 0x99, 0x31, 0x99, 0x31, 0x99, 0x31, 0x99, 0x31, 0x99, 0x31
.byte 0x99, 0x31, 0x99, 0x31, 0x99, 0x31, 0x99, 0x31, 0x99, 0x31, 0x99, 0x31, 0x99, 0x31, 0x99, 0x31
.byte 0x99, 0x31, 0x99, 0x31, 0x99, 0x31, 0x99, 0x31, 0x99, 0x31, 0x99, 0x31, 0x99, 0x31, 0x99, 0x31
.byte 0x99, 0x31, 0x99, 0x31, 0x99, 0x31, 0x99, 0x31, 0x99, 0x31, 0x99, 0x31, 0x99, 0x31, 0x99, 0x31
.byte 0x99, 0x31, 0x99, 0x31, 0x99, 0x31, 0x99, 0x31, 0x99, 0x31, 0x99, 0x31, 0x99, 0x31, 0x99, 0x31
.byte 0x99, 0x31, 0x99, 0x31, 0x99, 0x52, 0x38, 0xc6, 0x3c, 0xe7, 0xdf, 0xff, 0x00, 0x00, 0x00, 0x00
.byte 0x00, 0x00, 0x00, 0x00, 0x00, 0x00, 0x00, 0x00, 0x00, 0x00, 0x00, 0x00, 0x00, 0x00, 0x00, 0x00
.byte 0x00, 0x00, 0x00, 0x00, 0x00, 0x00, 0x00, 0x00, 0x00, 0x00, 0x00, 0x00, 0x00, 0x00, 0x00, 0x00
.byte 0x00, 0x00, 0x00, 0x00, 0x00, 0x00, 0x00, 0x00, 0x00, 0x00, 0x00, 0x00, 0x00, 0x00, 0x00, 0x00
.byte 0x00, 0x00, 0x00, 0x00, 0x00, 0x00, 0x00, 0x00, 0x00, 0x00, 0x00, 0x00, 0x00, 0x00, 0x00, 0x00
.byte 0x00, 0x00, 0x00, 0x00, 0x00, 0x00, 0x00, 0x00, 0x00, 0x00, 0x00, 0x00, 0x00, 0x00, 0x00, 0x00
.byte 0x00, 0x00, 0x00, 0x00, 0x00, 0x00, 0x00, 0x00, 0x00, 0x00, 0x00, 0x00, 0x00, 0x00, 0x00, 0x00
.byte 0x00, 0x00, 0x00, 0x00, 0x00, 0x00, 0x00, 0x00, 0x00, 0x00, 0x00, 0x00, 0x00, 0x00, 0x00, 0x00
.byte 0x00, 0x00, 0x00, 0x00, 0x00, 0x00, 0x00, 0x00, 0x00, 0x00, 0x00, 0x00, 0x00, 0x00, 0x00, 0x00
.byte 0x00, 0x00, 0x00, 0x00, 0x00, 0x00, 0x00, 0x00, 0x00, 0x00, 0x00, 0x00, 0x00, 0x00, 0x00, 0x00
.byte 0x00, 0x00, 0x00, 0x00, 0x00, 0x00, 0x00, 0x00, 0x00, 0x00, 0x00, 0x00, 0x00, 0x00, 0x00, 0x00
.byte 0x00, 0x00, 0x00, 0x00, 0x00, 0x00, 0x00, 0x00, 0x00, 0x00, 0x00, 0x00, 0x00, 0x00, 0x00, 0x00
.byte 0x00, 0x00, 0x00, 0x00, 0x00, 0x00, 0x00, 0x00, 0x00, 0x00, 0x00, 0x00, 0x00, 0x00, 0x00, 0x00
.byte 0x00, 0x00, 0x00, 0x00, 0x00, 0x00, 0x00, 0x00, 0x00, 0x00, 0x00, 0x00, 0x00, 0x00, 0x00, 0x00
.byte 0x00, 0x00, 0x00, 0x00, 0x00, 0x00, 0x00, 0x00, 0x00, 0x00, 0x00, 0x00, 0x00, 0x00, 0x00, 0x00
.byte 0x00, 0x00, 0x00, 0x00, 0x00, 0x00, 0x00, 0x00, 0x00, 0x00, 0x00, 0x00, 0x00, 0x00, 0x00, 0x00
.byte 0x00, 0x00, 0x00, 0x00, 0x00, 0x00, 0x00, 0x00, 0x00, 0x00, 0x00, 0x00, 0x00, 0x00, 0x00, 0x00
.byte 0x00, 0x00, 0x00, 0x00, 0x00, 0x00, 0x00, 0x00, 0x00, 0x00, 0x00, 0x00, 0x00, 0x00, 0x00, 0x00
.byte 0x00, 0x00, 0x00, 0x00, 0x00, 0x00, 0x9e, 0xf7, 0xdb, 0xde, 0xb6, 0xb5, 0xf4, 0x5a, 0xd8, 0x39
.byte 0x99, 0x31, 0x99, 0x31, 0x99, 0x31, 0x99, 0x31, 0x99, 0x31, 0x99, 0x31, 0x99, 0x31, 0x99, 0x31
.byte 0x99, 0x31, 0x99, 0x31, 0x99, 0x31, 0x99, 0x31, 0x99, 0x31, 0x99, 0x31, 0x99, 0x31, 0x99, 0x31
.byte 0x99, 0x31, 0x99, 0x31, 0x99, 0x31, 0x99, 0x31, 0x99, 0x31, 0x99, 0x31, 0x99, 0x31, 0x99, 0x31
.byte 0x99, 0x31, 0x99, 0x31, 0x99, 0x31, 0x99, 0x31, 0x99, 0x31, 0x99, 0x31, 0x99, 0x31, 0x99, 0x31
.byte 0xd8, 0x39, 0xd8, 0x39, 0xd8, 0x39, 0xd8, 0x39, 0xd8, 0x39, 0xd8, 0x39, 0xd8, 0x39, 0xd8, 0x39
.byte 0x99, 0x31, 0xd8, 0x39, 0xd8, 0x39, 0xd8, 0x39, 0x99, 0x31, 0x99, 0x31, 0x99, 0x31, 0x99, 0x31
.byte 0x99, 0x31, 0x99, 0x31, 0x99, 0x31, 0x99, 0x31, 0x99, 0x31, 0x99, 0x31, 0x99, 0x31, 0x99, 0x31
.byte 0x99, 0x31, 0x99, 0x31, 0x99, 0x31, 0x99, 0x31, 0x99, 0x31, 0x99, 0x31, 0x99, 0x31, 0x99, 0x31
.byte 0x99, 0x31, 0x99, 0x31, 0x99, 0x31, 0x99, 0x31, 0x99, 0x31, 0x99, 0x31, 0x99, 0x31, 0x99, 0x31
.byte 0x99, 0x31, 0x99, 0x31, 0x99, 0x31, 0x99, 0x31, 0x99, 0x31, 0x99, 0x31, 0x99, 0x31, 0x99, 0x31
.byte 0x99, 0x31, 0x99, 0x31, 0x99, 0x31, 0x99, 0x31, 0x99, 0x31, 0x99, 0x31, 0x99, 0x31, 0x99, 0x31
.byte 0x99, 0x31, 0x99, 0x31, 0x99, 0x31, 0x5a, 0x6b, 0x38, 0xc6, 0x3c, 0xe7, 0xdf, 0xff, 0x00, 0x00
.byte 0x00, 0x00, 0x00, 0x00, 0x00, 0x00, 0x00, 0x00, 0x00, 0x00, 0x00, 0x00, 0x00, 0x00, 0x00, 0x00
.byte 0x00, 0x00, 0x00, 0x00, 0x00, 0x00, 0x00, 0x00, 0x00, 0x00, 0x00, 0x00, 0x00, 0x00, 0x00, 0x00
.byte 0x00, 0x00, 0x00, 0x00, 0x00, 0x00, 0x00, 0x00, 0x00, 0x00, 0x00, 0x00, 0x00, 0x00, 0x00, 0x00
.byte 0x00, 0x00, 0x00, 0x00, 0x00, 0x00, 0x00, 0x00, 0x00, 0x00, 0x00, 0x00, 0x00, 0x00, 0x00, 0x00
.byte 0x00, 0x00, 0x00, 0x00, 0x00, 0x00, 0x00, 0x00, 0x00, 0x00, 0x00, 0x00, 0x00, 0x00, 0x00, 0x00
.byte 0x00, 0x00, 0x00, 0x00, 0x00, 0x00, 0x00, 0x00, 0x00, 0x00, 0x00, 0x00, 0x00, 0x00, 0x00, 0x00
.byte 0x00, 0x00, 0x00, 0x00, 0x00, 0x00, 0x00, 0x00, 0x00, 0x00, 0x00, 0x00, 0x00, 0x00, 0x00, 0x00
.byte 0x00, 0x00, 0x00, 0x00, 0x00, 0x00, 0x00, 0x00, 0x00, 0x00, 0x00, 0x00, 0x00, 0x00, 0x00, 0x00
.byte 0x00, 0x00, 0x00, 0x00, 0x00, 0x00, 0x00, 0x00, 0x00, 0x00, 0x00, 0x00, 0x00, 0x00, 0x00, 0x00
.byte 0x00, 0x00, 0x00, 0x00, 0x00, 0x00, 0x00, 0x00, 0x00, 0x00, 0x00, 0x00, 0x00, 0x00, 0x00, 0x00
.byte 0x00, 0x00, 0x00, 0x00, 0x00, 0x00, 0x00, 0x00, 0x00, 0x00, 0x00, 0x00, 0x00, 0x00, 0x00, 0x00
.byte 0x00, 0x00, 0x00, 0x00, 0x00, 0x00, 0x00, 0x00, 0x00, 0x00, 0x00, 0x00, 0x00, 0x00, 0x00, 0x00
.byte 0x00, 0x00, 0x00, 0x00, 0x00, 0x00, 0x00, 0x00, 0x00, 0x00, 0x00, 0x00, 0x00, 0x00, 0x00, 0x00
.byte 0x00, 0x00, 0x00, 0x00, 0x00, 0x00, 0x00, 0x00, 0x00, 0x00, 0x00, 0x00, 0x00, 0x00, 0x00, 0x00
.byte 0x00, 0x00, 0x00, 0x00, 0x00, 0x00, 0x00, 0x00, 0x00, 0x00, 0x00, 0x00, 0x00, 0x00, 0x00, 0x00
.byte 0x00, 0x00, 0x00, 0x00, 0x00, 0x00, 0x00, 0x00, 0x00, 0x00, 0x00, 0x00, 0x00, 0x00, 0x00, 0x00
.byte 0x00, 0x00, 0x00, 0x00, 0x00, 0x00, 0x00, 0x00, 0x00, 0x00, 0x00, 0x00, 0x00, 0x00, 0x00, 0x00
.byte 0x00, 0x00, 0x00, 0x00, 0x00, 0x00, 0xdf, 0xff, 0x9e, 0xf7, 0xdb, 0xde, 0xb6, 0xb5, 0xf0, 0x7b
.byte 0xb3, 0x31, 0x99, 0x31, 0x99, 0x31, 0x99, 0x31, 0x99, 0x31, 0x99, 0x31, 0x99, 0x31, 0x99, 0x31
.byte 0x99, 0x31, 0x99, 0x31, 0x99, 0x31, 0xd8, 0x39, 0xb3, 0x31, 0xd8, 0x39, 0xb3, 0x31, 0xb3, 0x31
.byte 0xb3, 0x31, 0xb3, 0x31, 0xb3, 0x31, 0xcd, 0x39, 0xcd, 0x39, 0xcd, 0x39, 0xcd, 0x39, 0xcd, 0x39
.byte 0xcd, 0x39, 0xcd, 0x39, 0x08, 0x42, 0x08, 0x42, 0x08, 0x42, 0x08, 0x42, 0x08, 0x42, 0x08, 0x42
.byte 0x08, 0x42, 0x08, 0x42, 0x08, 0x42, 0x08, 0x42, 0x08, 0x42, 0x08, 0x42, 0x08, 0x42, 0x08, 0x42
.byte 0x08, 0x42, 0x08, 0x42, 0x08, 0x42, 0x08, 0x42, 0x08, 0x42, 0x08, 0x42, 0x08, 0x42, 0x08, 0x42
.byte 0x08, 0x42, 0xcd, 0x39, 0xcd, 0x39, 0xcd, 0x39, 0xcd, 0x39, 0xcd, 0x39, 0xcd, 0x39, 0xb3, 0x31
.byte 0xb3, 0x31, 0xd8, 0x39, 0x99, 0x31, 0x99, 0x31, 0x99, 0x31, 0x99, 0x31, 0x99, 0x31, 0x99, 0x31
.byte 0x99, 0x31, 0x99, 0x31, 0x99, 0x31, 0x99, 0x31, 0x99, 0x31, 0x99, 0x31, 0x99, 0x31, 0x99, 0x31
.byte 0x99, 0x31, 0x99, 0x31, 0x99, 0x31, 0x99, 0x31, 0x99, 0x31, 0x99, 0x31, 0x99, 0x31, 0x99, 0x31
.byte 0x99, 0x31, 0x99, 0x31, 0x99, 0x31, 0x99, 0x31, 0x99, 0x31, 0x99, 0x31, 0x99, 0x31, 0x99, 0x31
.byte 0x99, 0x31, 0x99, 0x31, 0x99, 0x31, 0xd8, 0x39, 0xd3, 0x9c, 0xdb, 0xde, 0x9e, 0xf7, 0x00, 0x00
.byte 0x00, 0x00, 0x00, 0x00, 0x00, 0x00, 0x00, 0x00, 0x00, 0x00, 0x00, 0x00, 0x00, 0x00, 0x00, 0x00
.byte 0x00, 0x00, 0x00, 0x00, 0x00, 0x00, 0x00, 0x00, 0x00, 0x00, 0x00, 0x00, 0x00, 0x00, 0x00, 0x00
.byte 0x00, 0x00, 0x00, 0x00, 0x00, 0x00, 0x00, 0x00, 0x00, 0x00, 0x00, 0x00, 0x00, 0x00, 0x00, 0x00
.byte 0x00, 0x00, 0x00, 0x00, 0x00, 0x00, 0x00, 0x00, 0x00, 0x00, 0x00, 0x00, 0x00, 0x00, 0x00, 0x00
.byte 0x00, 0x00, 0x00, 0x00, 0x00, 0x00, 0x00, 0x00, 0x00, 0x00, 0x00, 0x00, 0x00, 0x00, 0x00, 0x00
.byte 0x00, 0x00, 0x00, 0x00, 0x00, 0x00, 0x00, 0x00, 0x00, 0x00, 0x00, 0x00, 0x00, 0x00, 0x00, 0x00
.byte 0x00, 0x00, 0x00, 0x00, 0x00, 0x00, 0x00, 0x00, 0x00, 0x00, 0x00, 0x00, 0x00, 0x00, 0x00, 0x00
.byte 0x00, 0x00, 0x00, 0x00, 0x00, 0x00, 0x00, 0x00, 0x00, 0x00, 0x00, 0x00, 0x00, 0x00, 0x00, 0x00
.byte 0x00, 0x00, 0x00, 0x00, 0x00, 0x00, 0x00, 0x00, 0x00, 0x00, 0x00, 0x00, 0x00, 0x00, 0x00, 0x00
.byte 0x00, 0x00, 0x00, 0x00, 0x00, 0x00, 0x00, 0x00, 0x00, 0x00, 0x00, 0x00, 0x00, 0x00, 0x00, 0x00
.byte 0x00, 0x00, 0x00, 0x00, 0x00, 0x00, 0x00, 0x00, 0x00, 0x00, 0x00, 0x00, 0x00, 0x00, 0x00, 0x00
.byte 0x00, 0x00, 0x00, 0x00, 0x00, 0x00, 0x00, 0x00, 0x00, 0x00, 0x00, 0x00, 0x00, 0x00, 0x00, 0x00
.byte 0x00, 0x00, 0x00, 0x00, 0x00, 0x00, 0x00, 0x00, 0x00, 0x00, 0x00, 0x00, 0x00, 0x00, 0x00, 0x00
.byte 0x00, 0x00, 0x00, 0x00, 0x00, 0x00, 0x00, 0x00, 0x00, 0x00, 0x00, 0x00, 0x00, 0x00, 0x00, 0x00
.byte 0x00, 0x00, 0x00, 0x00, 0x00, 0x00, 0x00, 0x00, 0x00, 0x00, 0x00, 0x00, 0x00, 0x00, 0x00, 0x00
.byte 0x00, 0x00, 0x00, 0x00, 0x00, 0x00, 0x00, 0x00, 0x00, 0x00, 0x00, 0x00, 0x00, 0x00, 0x00, 0x00
.byte 0x00, 0x00, 0x00, 0x00, 0x00, 0x00, 0x00, 0x00, 0x00, 0x00, 0x00, 0x00, 0x00, 0x00, 0x00, 0x00
.byte 0x00, 0x00, 0x00, 0x00, 0x00, 0x00, 0x00, 0x00, 0xdf, 0xff, 0x9e, 0xf7, 0xdb, 0xde, 0x35, 0xa5
.byte 0xf0, 0x7b, 0x50, 0x4a, 0x50, 0x4a, 0xcd, 0x39, 0xcd, 0x39, 0xcd, 0x39, 0xcd, 0x39, 0xcd, 0x39
.byte 0x08, 0x42, 0x08, 0x42, 0x08, 0x42, 0x08, 0x42, 0x08, 0x42, 0x08, 0x42, 0x08, 0x42, 0x08, 0x42
.byte 0x08, 0x42, 0x08, 0x42, 0x08, 0x42, 0x08, 0x42, 0x08, 0x42, 0x08, 0x42, 0x08, 0x42, 0x08, 0x42
.byte 0x08, 0x42, 0x08, 0x42, 0x08, 0x42, 0x08, 0x42, 0x08, 0x42, 0x08, 0x42, 0x08, 0x42, 0x08, 0x42
.byte 0x08, 0x42, 0x08, 0x42, 0x08, 0x42, 0x08, 0x42, 0x08, 0x42, 0x08, 0x42, 0x08, 0x42, 0x08, 0x42
.byte 0x08, 0x42, 0x08, 0x42, 0x08, 0x42, 0x08, 0x42, 0x08, 0x42, 0x08, 0x42, 0x08, 0x42, 0x08, 0x42
.byte 0x08, 0x42, 0x08, 0x42, 0x08, 0x42, 0x08, 0x42, 0x08, 0x42, 0x08, 0x42, 0x08, 0x42, 0x08, 0x42
.byte 0x08, 0x42, 0x08, 0x42, 0x08, 0x42, 0xcd, 0x39, 0xcd, 0x39, 0xb3, 0x31, 0xb3, 0x31, 0xd8, 0x39
.byte 0x99, 0x31, 0x99, 0x31, 0x99, 0x31, 0x99, 0x31, 0x99, 0x31, 0x99, 0x31, 0x99, 0x31, 0x99, 0x31
.byte 0x99, 0x31, 0x99, 0x31, 0x99, 0x31, 0x99, 0x31, 0x99, 0x31, 0x99, 0x31, 0x99, 0x31, 0x99, 0x31
.byte 0x99, 0x31, 0x99, 0x31, 0x99, 0x31, 0x99, 0x31, 0x99, 0x31, 0x99, 0x31, 0x99, 0x31, 0x99, 0x31
.byte 0x99, 0x31, 0x99, 0x31, 0x99, 0x31, 0x99, 0x31, 0x99, 0x52, 0xb6, 0xb5, 0x3c, 0xe7, 0xdf, 0xff
.byte 0x00, 0x00, 0x00, 0x00, 0x00, 0x00, 0x00, 0x00, 0x00, 0x00, 0x00, 0x00, 0x00, 0x00, 0x00, 0x00
.byte 0x00, 0x00, 0x00, 0x00, 0x00, 0x00, 0x00, 0x00, 0x00, 0x00, 0x00, 0x00, 0x00, 0x00, 0x00, 0x00
.byte 0x00, 0x00, 0x00, 0x00, 0x00, 0x00, 0x00, 0x00, 0x00, 0x00, 0x00, 0x00, 0x00, 0x00, 0x00, 0x00
.byte 0x00, 0x00, 0x00, 0x00, 0x00, 0x00, 0x00, 0x00, 0x00, 0x00, 0x00, 0x00, 0x00, 0x00, 0x00, 0x00
.byte 0x00, 0x00, 0x00, 0x00, 0x00, 0x00, 0x00, 0x00, 0x00, 0x00, 0x00, 0x00, 0x00, 0x00, 0x00, 0x00
.byte 0x00, 0x00, 0x00, 0x00, 0x00, 0x00, 0x00, 0x00, 0x00, 0x00, 0x00, 0x00, 0x00, 0x00, 0x00, 0x00
.byte 0x00, 0x00, 0x00, 0x00, 0x00, 0x00, 0x00, 0x00, 0x00, 0x00, 0x00, 0x00, 0x00, 0x00, 0x00, 0x00
.byte 0x00, 0x00, 0x00, 0x00, 0x00, 0x00, 0x00, 0x00, 0x00, 0x00, 0x00, 0x00, 0x00, 0x00, 0x00, 0x00
.byte 0x00, 0x00, 0x00, 0x00, 0x00, 0x00, 0x00, 0x00, 0x00, 0x00, 0x00, 0x00, 0x00, 0x00, 0x00, 0x00
.byte 0x00, 0x00, 0x00, 0x00, 0x00, 0x00, 0x00, 0x00, 0x00, 0x00, 0x00, 0x00, 0x00, 0x00, 0x00, 0x00
.byte 0x00, 0x00, 0x00, 0x00, 0x00, 0x00, 0x00, 0x00, 0x00, 0x00, 0x00, 0x00, 0x00, 0x00, 0x00, 0x00
.byte 0x00, 0x00, 0x00, 0x00, 0x00, 0x00, 0x00, 0x00, 0x00, 0x00, 0x00, 0x00, 0x00, 0x00, 0x00, 0x00
.byte 0x00, 0x00, 0x00, 0x00, 0x00, 0x00, 0x00, 0x00, 0x00, 0x00, 0x00, 0x00, 0x00, 0x00, 0x00, 0x00
.byte 0x00, 0x00, 0x00, 0x00, 0x00, 0x00, 0x00, 0x00, 0x00, 0x00, 0x00, 0x00, 0x00, 0x00, 0x00, 0x00
.byte 0x00, 0x00, 0x00, 0x00, 0x00, 0x00, 0x00, 0x00, 0x00, 0x00, 0x00, 0x00, 0x00, 0x00, 0x00, 0x00
.byte 0x00, 0x00, 0x00, 0x00, 0x00, 0x00, 0x00, 0x00, 0x00, 0x00, 0x00, 0x00, 0x00, 0x00, 0x00, 0x00
.byte 0x00, 0x00, 0x00, 0x00, 0x00, 0x00, 0x00, 0x00, 0x00, 0x00, 0x00, 0x00, 0x00, 0x00, 0x00, 0x00
.byte 0x00, 0x00, 0x00, 0x00, 0x00, 0x00, 0x00, 0x00, 0x00, 0x00, 0xdf, 0xff, 0x9e, 0xf7, 0xdb, 0xde
.byte 0x35, 0xa5, 0xf0, 0x7b, 0xcb, 0x5a, 0x69, 0x4a, 0x08, 0x42, 0x08, 0x42, 0x08, 0x42, 0x08, 0x42
.byte 0x08, 0x42, 0x08, 0x42, 0x08, 0x42, 0x08, 0x42, 0x08, 0x42, 0x08, 0x42, 0x08, 0x42, 0x08, 0x42
.byte 0x08, 0x42, 0x08, 0x42, 0x69, 0x4a, 0x69, 0x4a, 0x69, 0x4a, 0x69, 0x4a, 0x69, 0x4a, 0x69, 0x4a
.byte 0x69, 0x4a, 0x69, 0x4a, 0x69, 0x4a, 0x69, 0x4a, 0x69, 0x4a, 0x69, 0x4a, 0xcb, 0x5a, 0x69, 0x4a
.byte 0xcb, 0x5a, 0xcb, 0x5a, 0xcb, 0x5a, 0xcb, 0x5a, 0xcb, 0x5a, 0xcb, 0x5a, 0xcb, 0x5a, 0xcb, 0x5a
.byte 0xcb, 0x5a, 0xcb, 0x5a, 0xcb, 0x5a, 0xcb, 0x5a, 0xcb, 0x5a, 0xcb, 0x5a, 0xcb, 0x5a, 0xcb, 0x5a
.byte 0xcb, 0x5a, 0xcb, 0x5a, 0x69, 0x4a, 0x69, 0x4a, 0x69, 0x4a, 0x69, 0x4a, 0x69, 0x4a, 0x69, 0x4a
.byte 0x69, 0x4a, 0x69, 0x4a, 0x69, 0x4a, 0x08, 0x42, 0x08, 0x42, 0x08, 0x42, 0x08, 0x42, 0x08, 0x42
.byte 0x08, 0x42, 0xcd, 0x39, 0xb3, 0x31, 0xd8, 0x39, 0x99, 0x31, 0x99, 0x31, 0x99, 0x31, 0x99, 0x31
.byte 0x99, 0x31, 0x99, 0x31, 0x99, 0x31, 0x99, 0x31, 0x99, 0x31, 0x99, 0x31, 0x99, 0x31, 0x99, 0x31
.byte 0x99, 0x31, 0x99, 0x31, 0x99, 0x31, 0x99, 0x31, 0x99, 0x31, 0x99, 0x31, 0x99, 0x31, 0x99, 0x31
.byte 0x99, 0x31, 0x99, 0x31, 0x99, 0x31, 0x99, 0x31, 0x99, 0x31, 0xf0, 0x7b, 0x38, 0xc6, 0x3c, 0xe7
.byte 0xdf, 0xff, 0x00, 0x00, 0x00, 0x00, 0x00, 0x00, 0x00, 0x00, 0x00, 0x00, 0x00, 0x00, 0x00, 0x00
.byte 0x00, 0x00, 0x00, 0x00, 0x00, 0x00, 0x00, 0x00, 0x00, 0x00, 0x00, 0x00, 0x00, 0x00, 0x00, 0x00
.byte 0x00, 0x00, 0x00, 0x00, 0x00, 0x00, 0x00, 0x00, 0x00, 0x00, 0x00, 0x00, 0x00, 0x00, 0x00, 0x00
.byte 0x00, 0x00, 0x00, 0x00, 0x00, 0x00, 0x00, 0x00, 0x00, 0x00, 0x00, 0x00, 0x00, 0x00, 0x00, 0x00
.byte 0x00, 0x00, 0x00, 0x00, 0x00, 0x00, 0x00, 0x00, 0x00, 0x00, 0x00, 0x00, 0x00, 0x00, 0x00, 0x00
.byte 0x00, 0x00, 0x00, 0x00, 0x00, 0x00, 0x00, 0x00, 0x00, 0x00, 0x00, 0x00, 0x00, 0x00, 0x00, 0x00
.byte 0x00, 0x00, 0x00, 0x00, 0x00, 0x00, 0x00, 0x00, 0x00, 0x00, 0x00, 0x00, 0x00, 0x00, 0x00, 0x00
.byte 0x00, 0x00, 0x00, 0x00, 0x00, 0x00, 0x00, 0x00, 0x00, 0x00, 0x00, 0x00, 0x00, 0x00, 0x00, 0x00
.byte 0x00, 0x00, 0x00, 0x00, 0x00, 0x00, 0x00, 0x00, 0x00, 0x00, 0x00, 0x00, 0x00, 0x00, 0x00, 0x00
.byte 0x00, 0x00, 0x00, 0x00, 0x00, 0x00, 0x00, 0x00, 0x00, 0x00, 0x00, 0x00, 0x00, 0x00, 0x00, 0x00
.byte 0x00, 0x00, 0x00, 0x00, 0x00, 0x00, 0x00, 0x00, 0x00, 0x00, 0x00, 0x00, 0x00, 0x00, 0x00, 0x00
.byte 0x00, 0x00, 0x00, 0x00, 0x00, 0x00, 0x00, 0x00, 0x00, 0x00, 0x00, 0x00, 0x00, 0x00, 0x00, 0x00
.byte 0x00, 0x00, 0x00, 0x00, 0x00, 0x00, 0x00, 0x00, 0x00, 0x00, 0x00, 0x00, 0x00, 0x00, 0x00, 0x00
.byte 0x00, 0x00, 0x00, 0x00, 0x00, 0x00, 0x00, 0x00, 0x00, 0x00, 0x00, 0x00, 0x00, 0x00, 0x00, 0x00
.byte 0x00, 0x00, 0x00, 0x00, 0x00, 0x00, 0x00, 0x00, 0x00, 0x00, 0x00, 0x00, 0x00, 0x00, 0x00, 0x00
.byte 0x00, 0x00, 0x00, 0x00, 0x00, 0x00, 0x00, 0x00, 0x00, 0x00, 0x00, 0x00, 0x00, 0x00, 0x00, 0x00
.byte 0x00, 0x00, 0x00, 0x00, 0x00, 0x00, 0x00, 0x00, 0x00, 0x00, 0x00, 0x00, 0x00, 0x00, 0x00, 0x00
.byte 0x00, 0x00, 0x00, 0x00, 0x00, 0x00, 0x00, 0x00, 0x00, 0x00, 0x00, 0x00, 0xdf, 0xff, 0x3c, 0xe7
.byte 0xdb, 0xde, 0x35, 0xa5, 0x71, 0x8c, 0x6d, 0x6b, 0xcb, 0x5a, 0x69, 0x4a, 0x69, 0x4a, 0x69, 0x4a
.byte 0x69, 0x4a, 0x69, 0x4a, 0x69, 0x4a, 0x69, 0x4a, 0xcb, 0x5a, 0xcb, 0x5a, 0xcb, 0x5a, 0xcb, 0x5a
.byte 0xcb, 0x5a, 0xcb, 0x5a, 0xcb, 0x5a, 0x6d, 0x6b, 0x6d, 0x6b, 0x6d, 0x6b, 0x6d, 0x6b, 0x6d, 0x6b
.byte 0x6d, 0x6b, 0x6d, 0x6b, 0x6d, 0x6b, 0x6d, 0x6b, 0xf0, 0x7b, 0xf0, 0x7b, 0xf0, 0x7b, 0xf0, 0x7b
.byte 0xf0, 0x7b, 0xf0, 0x7b, 0xf0, 0x7b, 0xf0, 0x7b, 0xf0, 0x7b, 0xf0, 0x7b, 0xf0, 0x7b, 0x71, 0x8c
.byte 0xf0, 0x7b, 0x71, 0x8c, 0xf0, 0x7b, 0xf0, 0x7b, 0xf0, 0x7b, 0xf0, 0x7b, 0xf0, 0x7b, 0xf0, 0x7b
.byte 0xf0, 0x7b, 0xf0, 0x7b, 0xf0, 0x7b, 0xf0, 0x7b, 0xf0, 0x7b, 0x6d, 0x6b, 0x6d, 0x6b, 0x6d, 0x6b
.byte 0x6d, 0x6b, 0x6d, 0x6b, 0x6d, 0x6b, 0xcb, 0x5a, 0xcb, 0x5a, 0xcb, 0x5a, 0x69, 0x4a, 0x69, 0x4a
.byte 0x69, 0x4a, 0x69, 0x4a, 0x08, 0x42, 0x08, 0x42, 0xcd, 0x39, 0xb3, 0x31, 0x99, 0x31, 0x99, 0x31
.byte 0x99, 0x31, 0x99, 0x31, 0x99, 0x31, 0x99, 0x31, 0x99, 0x31, 0x99, 0x31, 0x99, 0x31, 0x99, 0x31
.byte 0x99, 0x31, 0x99, 0x31, 0x99, 0x31, 0x99, 0x31, 0x99, 0x31, 0x99, 0x31, 0x99, 0x31, 0x99, 0x31
.byte 0x99, 0x31, 0x99, 0x31, 0x99, 0x31, 0x99, 0x31, 0x99, 0x31, 0xd8, 0x39, 0x35, 0xa5, 0xdb, 0xde
.byte 0x9e, 0xf7, 0x00, 0x00, 0x00, 0x00, 0x00, 0x00, 0x00, 0x00, 0x00, 0x00, 0x00, 0x00, 0x00, 0x00
.byte 0x00, 0x00, 0x00, 0x00, 0x00, 0x00, 0x00, 0x00, 0x00, 0x00, 0x00, 0x00, 0x00, 0x00, 0x00, 0x00
.byte 0x00, 0x00, 0x00, 0x00, 0x00, 0x00, 0x00, 0x00, 0x00, 0x00, 0x00, 0x00, 0x00, 0x00, 0x00, 0x00
.byte 0x00, 0x00, 0x00, 0x00, 0x00, 0x00, 0x00, 0x00, 0x00, 0x00, 0x00, 0x00, 0x00, 0x00, 0x00, 0x00
.byte 0x00, 0x00, 0x00, 0x00, 0x00, 0x00, 0x00, 0x00, 0x00, 0x00, 0x00, 0x00, 0x00, 0x00, 0x00, 0x00
.byte 0x00, 0x00, 0x00, 0x00, 0x00, 0x00, 0x00, 0x00, 0x00, 0x00, 0x00, 0x00, 0x00, 0x00, 0x00, 0x00
.byte 0x00, 0x00, 0x00, 0x00, 0x00, 0x00, 0x00, 0x00, 0x00, 0x00, 0x00, 0x00, 0x00, 0x00, 0x00, 0x00
.byte 0x00, 0x00, 0x00, 0x00, 0x00, 0x00, 0x00, 0x00, 0x00, 0x00, 0x00, 0x00, 0x00, 0x00, 0x00, 0x00
.byte 0x00, 0x00, 0x00, 0x00, 0x00, 0x00, 0x00, 0x00, 0x00, 0x00, 0x00, 0x00, 0x00, 0x00, 0x00, 0x00
.byte 0x00, 0x00, 0x00, 0x00, 0x00, 0x00, 0x00, 0x00, 0x00, 0x00, 0x00, 0x00, 0x00, 0x00, 0x00, 0x00
.byte 0x00, 0x00, 0x00, 0x00, 0x00, 0x00, 0x00, 0x00, 0x00, 0x00, 0x00, 0x00, 0x00, 0x00, 0x00, 0x00
.byte 0x00, 0x00, 0x00, 0x00, 0x00, 0x00, 0x00, 0x00, 0x00, 0x00, 0x00, 0x00, 0x00, 0x00, 0x00, 0x00
.byte 0x00, 0x00, 0x00, 0x00, 0x00, 0x00, 0x00, 0x00, 0x00, 0x00, 0x00, 0x00, 0x00, 0x00, 0x00, 0x00
.byte 0x00, 0x00, 0x00, 0x00, 0x00, 0x00, 0x00, 0x00, 0x00, 0x00, 0x00, 0x00, 0x00, 0x00, 0x00, 0x00
.byte 0x00, 0x00, 0x00, 0x00, 0x00, 0x00, 0x00, 0x00, 0x00, 0x00, 0x00, 0x00, 0x00, 0x00, 0x00, 0x00
.byte 0x00, 0x00, 0x00, 0x00, 0x00, 0x00, 0x00, 0x00, 0x00, 0x00, 0x00, 0x00, 0x00, 0x00, 0x00, 0x00
.byte 0x00, 0x00, 0x00, 0x00, 0x00, 0x00, 0x00, 0x00, 0x00, 0x00, 0x00, 0x00, 0x00, 0x00, 0x00, 0x00
.byte 0x00, 0x00, 0x00, 0x00, 0x00, 0x00, 0x00, 0x00, 0x00, 0x00, 0x00, 0x00, 0x00, 0x00, 0xdf, 0xff
.byte 0x9e, 0xf7, 0xdb, 0xde, 0xb6, 0xb5, 0xd3, 0x9c, 0xf0, 0x7b, 0xf0, 0x7b, 0x6d, 0x6b, 0x6d, 0x6b
.byte 0x6d, 0x6b, 0xf0, 0x7b, 0xf0, 0x7b, 0xf0, 0x7b, 0xf0, 0x7b, 0xf0, 0x7b, 0x71, 0x8c, 0x71, 0x8c
.byte 0x71, 0x8c, 0x71, 0x8c, 0xd3, 0x9c, 0xd3, 0x9c, 0xd3, 0x9c, 0xd3, 0x9c, 0x35, 0xa5, 0x35, 0xa5
.byte 0x35, 0xa5, 0x35, 0xa5, 0x35, 0xa5, 0xb6, 0xb5, 0xb6, 0xb5, 0xb6, 0xb5, 0xb6, 0xb5, 0xb6, 0xb5
.byte 0xb6, 0xb5, 0xb6, 0xb5, 0xb6, 0xb5, 0x38, 0xc6, 0x38, 0xc6, 0x38, 0xc6, 0x38, 0xc6, 0x38, 0xc6
.byte 0x38, 0xc6, 0x38, 0xc6, 0x38, 0xc6, 0x38, 0xc6, 0x38, 0xc6, 0x38, 0xc6, 0x38, 0xc6, 0xb6, 0xb5
.byte 0xb6, 0xb5, 0xb6, 0xb5, 0xb6, 0xb5, 0xb6, 0xb5, 0xb6, 0xb5, 0xb6, 0xb5, 0x35, 0xa5, 0x35, 0xa5
.byte 0x35, 0xa5, 0xd3, 0x9c, 0xd3, 0x9c, 0x71, 0x8c, 0x71, 0x8c, 0xf0, 0x7b, 0xf0, 0x7b, 0x6d, 0x6b
.byte 0x6d, 0x6b, 0xcb, 0x5a, 0xcb, 0x5a, 0xcb, 0x5a, 0x69, 0x4a, 0x69, 0x4a, 0xcd, 0x39, 0xb3, 0x31
.byte 0x99, 0x31, 0x99, 0x31, 0x99, 0x31, 0x99, 0x31, 0x99, 0x31, 0x99, 0x31, 0x99, 0x31, 0x99, 0x31
.byte 0x99, 0x31, 0x99, 0x31, 0x99, 0x31, 0x99, 0x31, 0x99, 0x31, 0x99, 0x31, 0x99, 0x31, 0x99, 0x31
.byte 0x99, 0x31, 0x99, 0x31, 0x99, 0x31, 0x99, 0x31, 0x99, 0x31, 0x99, 0x31, 0xf4, 0x5a, 0xb6, 0xb5
.byte 0x3c, 0xe7, 0xdf, 0xff, 0x00, 0x00, 0x00, 0x00, 0x00, 0x00, 0x00, 0x00, 0x00, 0x00, 0x00, 0x00
.byte 0x00, 0x00, 0x00, 0x00, 0x00, 0x00, 0x00, 0x00, 0x00, 0x00, 0x00, 0x00, 0x00, 0x00, 0x00, 0x00
.byte 0x00, 0x00, 0x00, 0x00, 0x00, 0x00, 0x00, 0x00, 0x00, 0x00, 0x00, 0x00, 0x00, 0x00, 0x00, 0x00
.byte 0x00, 0x00, 0x00, 0x00, 0x00, 0x00, 0x00, 0x00, 0x00, 0x00, 0x00, 0x00, 0x00, 0x00, 0x00, 0x00
.byte 0x00, 0x00, 0x00, 0x00, 0x00, 0x00, 0x00, 0x00, 0x00, 0x00, 0x00, 0x00, 0x00, 0x00, 0x00, 0x00
.byte 0x00, 0x00, 0x00, 0x00, 0x00, 0x00, 0x00, 0x00, 0x00, 0x00, 0x00, 0x00, 0x00, 0x00, 0x00, 0x00
.byte 0x00, 0x00, 0x00, 0x00, 0x00, 0x00, 0x00, 0x00, 0x00, 0x00, 0x00, 0x00, 0x00, 0x00, 0x00, 0x00
.byte 0x00, 0x00, 0x00, 0x00, 0x00, 0x00, 0x00, 0x00, 0x00, 0x00, 0x00, 0x00, 0x00, 0x00, 0x00, 0x00
.byte 0x00, 0x00, 0x00, 0x00, 0x00, 0x00, 0x00, 0x00, 0x00, 0x00, 0x00, 0x00, 0x00, 0x00, 0x00, 0x00
.byte 0x00, 0x00, 0x00, 0x00, 0x00, 0x00, 0x00, 0x00, 0x00, 0x00, 0x00, 0x00, 0x00, 0x00, 0x00, 0x00
.byte 0x00, 0x00, 0x00, 0x00, 0x00, 0x00, 0x00, 0x00, 0x00, 0x00, 0x00, 0x00, 0x00, 0x00, 0x00, 0x00
.byte 0x00, 0x00, 0x00, 0x00, 0x00, 0x00, 0x00, 0x00, 0x00, 0x00, 0x00, 0x00, 0x00, 0x00, 0x00, 0x00
.byte 0x00, 0x00, 0x00, 0x00, 0x00, 0x00, 0x00, 0x00, 0x00, 0x00, 0x00, 0x00, 0x00, 0x00, 0x00, 0x00
.byte 0x00, 0x00, 0x00, 0x00, 0x00, 0x00, 0x00, 0x00, 0x00, 0x00, 0x00, 0x00, 0x00, 0x00, 0x00, 0x00
.byte 0x00, 0x00, 0x00, 0x00, 0x00, 0x00, 0x00, 0x00, 0x00, 0x00, 0x00, 0x00, 0x00, 0x00, 0x00, 0x00
.byte 0x00, 0x00, 0x00, 0x00, 0x00, 0x00, 0x00, 0x00, 0x00, 0x00, 0x00, 0x00, 0x00, 0x00, 0x00, 0x00
.byte 0x00, 0x00, 0x00, 0x00, 0x00, 0x00, 0x00, 0x00, 0x00, 0x00, 0x00, 0x00, 0x00, 0x00, 0x00, 0x00
.byte 0x00, 0x00, 0x00, 0x00, 0x00, 0x00, 0x00, 0x00, 0x00, 0x00, 0x00, 0x00, 0x00, 0x00, 0x00, 0x00
.byte 0xdf, 0xff, 0x9e, 0xf7, 0x3c, 0xe7, 0x38, 0xc6, 0xb6, 0xb5, 0x35, 0xa5, 0x35, 0xa5, 0x35, 0xa5
.byte 0xb6, 0xb5, 0x35, 0xa5, 0xb6, 0xb5, 0xb6, 0xb5, 0xb6, 0xb5, 0x38, 0xc6, 0x38, 0xc6, 0x38, 0xc6
.byte 0x38, 0xc6, 0x38, 0xc6, 0x38, 0xc6, 0x38, 0xc6, 0xdb, 0xde, 0xdb, 0xde, 0xdb, 0xde, 0xdb, 0xde
.byte 0xdb, 0xde, 0xdb, 0xde, 0xdb, 0xde, 0xdb, 0xde, 0xdb, 0xde, 0x3c, 0xe7, 0x3c, 0xe7, 0x3c, 0xe7
.byte 0x3c, 0xe7, 0x3c, 0xe7, 0x3c, 0xe7, 0x3c, 0xe7, 0x3c, 0xe7, 0x3c, 0xe7, 0x3c, 0xe7, 0x3c, 0xe7
.byte 0x3c, 0xe7, 0x3c, 0xe7, 0x3c, 0xe7, 0x3c, 0xe7, 0x3c, 0xe7, 0x3c, 0xe7, 0x3c, 0xe7, 0x3c, 0xe7
.byte 0x3c, 0xe7, 0x3c, 0xe7, 0x3c, 0xe7, 0x3c, 0xe7, 0x3c, 0xe7, 0xdb, 0xde, 0xdb, 0xde, 0xdb, 0xde
.byte 0xdb, 0xde, 0xdb, 0xde, 0x38, 0xc6, 0x38, 0xc6, 0x38, 0xc6, 0xb6, 0xb5, 0xb6, 0xb5, 0x35, 0xa5
.byte 0xd3, 0x9c, 0x71, 0x8c, 0x71, 0x8c, 0xf0, 0x7b, 0x6d, 0x6b, 0x6d, 0x6b, 0xcb, 0x5a, 0x69, 0x4a
.byte 0xcd, 0x39, 0x99, 0x31, 0x99, 0x31, 0x99, 0x31, 0x99, 0x31, 0x99, 0x31, 0x99, 0x31, 0x99, 0x31
.byte 0x99, 0x31, 0x99, 0x31, 0x99, 0x31, 0x99, 0x31, 0x99, 0x31, 0x99, 0x31, 0x99, 0x31, 0x99, 0x31
.byte 0x99, 0x31, 0x99, 0x31, 0x99, 0x31, 0x99, 0x31, 0x99, 0x31, 0x99, 0x31, 0xd8, 0x39, 0xd3, 0x9c
.byte 0x38, 0xc6, 0x9e, 0xf7, 0xdf, 0xff, 0x00, 0x00, 0x00, 0x00, 0x00, 0x00, 0x00, 0x00, 0x00, 0x00
.byte 0x00, 0x00, 0x00, 0x00, 0x00, 0x00, 0x00, 0x00, 0x00, 0x00, 0x00, 0x00, 0x00, 0x00, 0x00, 0x00
.byte 0x00, 0x00, 0x00, 0x00, 0x00, 0x00, 0x00, 0x00, 0x00, 0x00, 0x00, 0x00, 0x00, 0x00, 0x00, 0x00
.byte 0x00, 0x00, 0x00, 0x00, 0x00, 0x00, 0x00, 0x00, 0x00, 0x00, 0x00, 0x00, 0x00, 0x00, 0x00, 0x00
.byte 0x00, 0x00, 0x00, 0x00, 0x00, 0x00, 0x00, 0x00, 0x00, 0x00, 0x00, 0x00, 0x00, 0x00, 0x00, 0x00
.byte 0x00, 0x00, 0x00, 0x00, 0x00, 0x00, 0x00, 0x00, 0x00, 0x00, 0x00, 0x00, 0x00, 0x00, 0x00, 0x00
.byte 0x00, 0x00, 0x00, 0x00, 0x00, 0x00, 0x00, 0x00, 0x00, 0x00, 0x00, 0x00, 0x00, 0x00, 0x00, 0x00
.byte 0x00, 0x00, 0x00, 0x00, 0x00, 0x00, 0x00, 0x00, 0x00, 0x00, 0x00, 0x00, 0x00, 0x00, 0x00, 0x00
.byte 0x00, 0x00, 0x00, 0x00, 0x00, 0x00, 0x00, 0x00, 0x00, 0x00, 0x00, 0x00, 0x00, 0x00, 0x00, 0x00
.byte 0x00, 0x00, 0x00, 0x00, 0x00, 0x00, 0x00, 0x00, 0x00, 0x00, 0x00, 0x00, 0x00, 0x00, 0x00, 0x00
.byte 0x00, 0x00, 0x00, 0x00, 0x00, 0x00, 0x00, 0x00, 0x00, 0x00, 0x00, 0x00, 0x00, 0x00, 0x00, 0x00
.byte 0x00, 0x00, 0x00, 0x00, 0x00, 0x00, 0x00, 0x00, 0x00, 0x00, 0x00, 0x00, 0x00, 0x00, 0x00, 0x00
.byte 0x00, 0x00, 0x00, 0x00, 0x00, 0x00, 0x00, 0x00, 0x00, 0x00, 0x00, 0x00, 0x00, 0x00, 0x00, 0x00
.byte 0x00, 0x00, 0x00, 0x00, 0x00, 0x00, 0x00, 0x00, 0x00, 0x00, 0x00, 0x00, 0x00, 0x00, 0x00, 0x00
.byte 0x00, 0x00, 0x00, 0x00, 0x00, 0x00, 0x00, 0x00, 0x00, 0x00, 0x00, 0x00, 0x00, 0x00, 0x00, 0x00
.byte 0x00, 0x00, 0x00, 0x00, 0x00, 0x00, 0x00, 0x00, 0x00, 0x00, 0x00, 0x00, 0x00, 0x00, 0x00, 0x00
.byte 0x00, 0x00, 0x00, 0x00, 0x00, 0x00, 0x00, 0x00, 0x00, 0x00, 0x00, 0x00, 0x00, 0x00, 0x00, 0x00
.byte 0x00, 0x00, 0x00, 0x00, 0x00, 0x00, 0x00, 0x00, 0x00, 0x00, 0x00, 0x00, 0x00, 0x00, 0x00, 0x00
.byte 0x00, 0x00, 0xdf, 0xff, 0xdf, 0xff, 0x9e, 0xf7, 0x3c, 0xe7, 0xdb, 0xde, 0xdb, 0xde, 0xdb, 0xde
.byte 0xdb, 0xde, 0x3c, 0xe7, 0x3c, 0xe7, 0x3c, 0xe7, 0x3c, 0xe7, 0x3c, 0xe7, 0x3c, 0xe7, 0x9e, 0xf7
.byte 0x9e, 0xf7, 0x9e, 0xf7, 0x9e, 0xf7, 0x9e, 0xf7, 0x9e, 0xf7, 0x9e, 0xf7, 0x9e, 0xf7, 0x9e, 0xf7
.byte 0xdf, 0xff, 0xdf, 0xff, 0xdf, 0xff, 0xdf, 0xff, 0xdf, 0xff, 0xdf, 0xff, 0xdf, 0xff, 0xdf, 0xff
.byte 0xdf, 0xff, 0x00, 0x00, 0x00, 0x00, 0x00, 0x00, 0x00, 0x00, 0x00, 0x00, 0x00, 0x00, 0x00, 0x00
.byte 0x00, 0x00, 0x00, 0x00, 0x00, 0x00, 0x00, 0x00, 0x00, 0x00, 0x00, 0x00, 0x00, 0x00, 0x00, 0x00
.byte 0x00, 0x00, 0xdf, 0xff, 0xdf, 0xff, 0xdf, 0xff, 0xdf, 0xff, 0xdf, 0xff, 0xdf, 0xff, 0xdf, 0xff
.byte 0x9e, 0xf7, 0x9e, 0xf7, 0x9e, 0xf7, 0x9e, 0xf7, 0x3c, 0xe7, 0x3c, 0xe7, 0x3c, 0xe7, 0xdb, 0xde
.byte 0xdb, 0xde, 0x38, 0xc6, 0x38, 0xc6, 0xb6, 0xb5, 0x35, 0xa5, 0xd3, 0x9c, 0xf0, 0x7b, 0x6d, 0x6b
.byte 0x6d, 0x6b, 0x50, 0x4a, 0x99, 0x31, 0x99, 0x31, 0x99, 0x31, 0x99, 0x31, 0x99, 0x31, 0x99, 0x31
.byte 0x99, 0x31, 0x99, 0x31, 0x99, 0x31, 0x99, 0x31, 0x99, 0x31, 0x99, 0x31, 0x99, 0x31, 0x99, 0x31
.byte 0x99, 0x31, 0x99, 0x31, 0x99, 0x31, 0x99, 0x31, 0x99, 0x31, 0x99, 0x31, 0x99, 0x31, 0x6d, 0x6b
.byte 0xb6, 0xb5, 0xdb, 0xde, 0x9e, 0xf7, 0x00, 0x00, 0x00, 0x00, 0x00, 0x00, 0x00, 0x00, 0x00, 0x00
.byte 0x00, 0x00, 0x00, 0x00, 0x00, 0x00, 0x00, 0x00, 0x00, 0x00, 0x00, 0x00, 0x00, 0x00, 0x00, 0x00
.byte 0x00, 0x00, 0x00, 0x00, 0x00, 0x00, 0x00, 0x00, 0x00, 0x00, 0x00, 0x00, 0x00, 0x00, 0x00, 0x00
.byte 0x00, 0x00, 0x00, 0x00, 0x00, 0x00, 0x00, 0x00, 0x00, 0x00, 0x00, 0x00, 0x00, 0x00, 0x00, 0x00
.byte 0x00, 0x00, 0x00, 0x00, 0x00, 0x00, 0x00, 0x00, 0x00, 0x00, 0x00, 0x00, 0x00, 0x00, 0x00, 0x00
.byte 0x00, 0x00, 0x00, 0x00, 0x00, 0x00, 0x00, 0x00, 0x00, 0x00, 0x00, 0x00, 0x00, 0x00, 0x00, 0x00
.byte 0x00, 0x00, 0x00, 0x00, 0x00, 0x00, 0x00, 0x00, 0x00, 0x00, 0x00, 0x00, 0x00, 0x00, 0x00, 0x00
.byte 0x00, 0x00, 0x00, 0x00, 0x00, 0x00, 0x00, 0x00, 0x00, 0x00, 0x00, 0x00, 0x00, 0x00, 0x00, 0x00
.byte 0x00, 0x00, 0x00, 0x00, 0x00, 0x00, 0x00, 0x00, 0x00, 0x00, 0x00, 0x00, 0x00, 0x00, 0x00, 0x00
.byte 0x00, 0x00, 0x00, 0x00, 0x00, 0x00, 0x00, 0x00, 0x00, 0x00, 0x00, 0x00, 0x00, 0x00, 0x00, 0x00
.byte 0x00, 0x00, 0x00, 0x00, 0x00, 0x00, 0x00, 0x00, 0x00, 0x00, 0x00, 0x00, 0x00, 0x00, 0x00, 0x00
.byte 0x00, 0x00, 0x00, 0x00, 0x00, 0x00, 0x00, 0x00, 0x00, 0x00, 0x00, 0x00, 0x00, 0x00, 0x00, 0x00
.byte 0x00, 0x00, 0x00, 0x00, 0x00, 0x00, 0x00, 0x00, 0x00, 0x00, 0x00, 0x00, 0x00, 0x00, 0x00, 0x00
.byte 0x00, 0x00, 0x00, 0x00, 0x00, 0x00, 0x00, 0x00, 0x00, 0x00, 0x00, 0x00, 0x00, 0x00, 0x00, 0x00
.byte 0x00, 0x00, 0x00, 0x00, 0x00, 0x00, 0x00, 0x00, 0x00, 0x00, 0x00, 0x00, 0x00, 0x00, 0x00, 0x00
.byte 0x00, 0x00, 0x00, 0x00, 0x00, 0x00, 0x00, 0x00, 0x00, 0x00, 0x00, 0x00, 0x00, 0x00, 0x00, 0x00
.byte 0x00, 0x00, 0x00, 0x00, 0x00, 0x00, 0x00, 0x00, 0x00, 0x00, 0x00, 0x00, 0x00, 0x00, 0x00, 0x00
.byte 0x00, 0x00, 0x00, 0x00, 0x00, 0x00, 0x00, 0x00, 0x00, 0x00, 0x00, 0x00, 0x00, 0x00, 0x00, 0x00
.byte 0x00, 0x00, 0x00, 0x00, 0x00, 0x00, 0x00, 0x00, 0xdf, 0xff, 0xdf, 0xff, 0xdf, 0xff, 0xdf, 0xff
.byte 0xdf, 0xff, 0xdf, 0xff, 0xdf, 0xff, 0xdf, 0xff, 0xdf, 0xff, 0x00, 0x00, 0x00, 0x00, 0x00, 0x00
.byte 0x00, 0x00, 0x00, 0x00, 0x00, 0x00, 0x00, 0x00, 0x00, 0x00, 0x00, 0x00, 0x00, 0x00, 0x00, 0x00
.byte 0x00, 0x00, 0x00, 0x00, 0x00, 0x00, 0x00, 0x00, 0x00, 0x00, 0x00, 0x00, 0x00, 0x00, 0x00, 0x00
.byte 0x00, 0x00, 0x00, 0x00, 0x00, 0x00, 0x00, 0x00, 0x00, 0x00, 0x00, 0x00, 0x00, 0x00, 0x00, 0x00
.byte 0x00, 0x00, 0x00, 0x00, 0x00, 0x00, 0x00, 0x00, 0x00, 0x00, 0x00, 0x00, 0x00, 0x00, 0x00, 0x00
.byte 0x00, 0x00, 0x00, 0x00, 0x00, 0x00, 0x00, 0x00, 0x00, 0x00, 0x00, 0x00, 0x00, 0x00, 0x00, 0x00
.byte 0x00, 0x00, 0x00, 0x00, 0x00, 0x00, 0x00, 0x00, 0x00, 0x00, 0xdf, 0xff, 0xdf, 0xff, 0xdf, 0xff
.byte 0x9e, 0xf7, 0x9e, 0xf7, 0x3c, 0xe7, 0x3c, 0xe7, 0xdb, 0xde, 0x38, 0xc6, 0xb6, 0xb5, 0x35, 0xa5
.byte 0x71, 0x8c, 0xf0, 0x7b, 0x50, 0x4a, 0x99, 0x31, 0x99, 0x31, 0x99, 0x31, 0x99, 0x31, 0x99, 0x31
.byte 0x99, 0x31, 0x99, 0x31, 0x99, 0x31, 0x99, 0x31, 0x99, 0x31, 0x99, 0x31, 0x99, 0x31, 0x99, 0x31
.byte 0x99, 0x31, 0x99, 0x31, 0x99, 0x31, 0x99, 0x31, 0x99, 0x31, 0x99, 0x31, 0x99, 0x31, 0xd8, 0x39
.byte 0x71, 0x8c, 0x38, 0xc6, 0x3c, 0xe7, 0xdf, 0xff, 0x00, 0x00, 0x00, 0x00, 0x00, 0x00, 0x00, 0x00
.byte 0x00, 0x00, 0x00, 0x00, 0x00, 0x00, 0x00, 0x00, 0x00, 0x00, 0x00, 0x00, 0x00, 0x00, 0x00, 0x00
.byte 0x00, 0x00, 0x00, 0x00, 0x00, 0x00, 0x00, 0x00, 0x00, 0x00, 0x00, 0x00, 0x00, 0x00, 0x00, 0x00
.byte 0x00, 0x00, 0x00, 0x00, 0x00, 0x00, 0x00, 0x00, 0x00, 0x00, 0x00, 0x00, 0x00, 0x00, 0x00, 0x00
.byte 0x00, 0x00, 0x00, 0x00, 0x00, 0x00, 0x00, 0x00, 0x00, 0x00, 0x00, 0x00, 0x00, 0x00, 0x00, 0x00
.byte 0x00, 0x00, 0x00, 0x00, 0x00, 0x00, 0x00, 0x00, 0x00, 0x00, 0x00, 0x00, 0x00, 0x00, 0x00, 0x00
.byte 0x00, 0x00, 0x00, 0x00, 0x00, 0x00, 0x00, 0x00, 0x00, 0x00, 0x00, 0x00, 0x00, 0x00, 0x00, 0x00
.byte 0x00, 0x00, 0x00, 0x00, 0x00, 0x00, 0x00, 0x00, 0x00, 0x00, 0x00, 0x00, 0x00, 0x00, 0x00, 0x00
.byte 0x00, 0x00, 0x00, 0x00, 0x00, 0x00, 0x00, 0x00, 0x00, 0x00, 0x00, 0x00, 0x00, 0x00, 0x00, 0x00
.byte 0x00, 0x00, 0x00, 0x00, 0x00, 0x00, 0x00, 0x00, 0x00, 0x00, 0x00, 0x00, 0x00, 0x00, 0x00, 0x00
.byte 0x00, 0x00, 0x00, 0x00, 0x00, 0x00, 0x00, 0x00, 0x00, 0x00, 0x00, 0x00, 0x00, 0x00, 0x00, 0x00
.byte 0x00, 0x00, 0x00, 0x00, 0x00, 0x00, 0x00, 0x00, 0x00, 0x00, 0x00, 0x00, 0x00, 0x00, 0x00, 0x00
.byte 0x00, 0x00, 0x00, 0x00, 0x00, 0x00, 0x00, 0x00, 0x00, 0x00, 0x00, 0x00, 0x00, 0x00, 0x00, 0x00
.byte 0x00, 0x00, 0x00, 0x00, 0x00, 0x00, 0x00, 0x00, 0x00, 0x00, 0x00, 0x00, 0x00, 0x00, 0x00, 0x00
.byte 0x00, 0x00, 0x00, 0x00, 0x00, 0x00, 0x00, 0x00, 0x00, 0x00, 0x00, 0x00, 0x00, 0x00, 0x00, 0x00
.byte 0x00, 0x00, 0x00, 0x00, 0x00, 0x00, 0x00, 0x00, 0x00, 0x00, 0x00, 0x00, 0x00, 0x00, 0x00, 0x00
.byte 0x00, 0x00, 0x00, 0x00, 0x00, 0x00, 0x00, 0x00, 0x00, 0x00, 0x00, 0x00, 0x00, 0x00, 0x00, 0x00
.byte 0x00, 0x00, 0x00, 0x00, 0x00, 0x00, 0x00, 0x00, 0x00, 0x00, 0x00, 0x00, 0x00, 0x00, 0x00, 0x00
.byte 0x00, 0x00, 0x00, 0x00, 0x00, 0x00, 0x00, 0x00, 0x00, 0x00, 0x00, 0x00, 0x00, 0x00, 0x00, 0x00
.byte 0x00, 0x00, 0x00, 0x00, 0x00, 0x00, 0x00, 0x00, 0x00, 0x00, 0x00, 0x00, 0x00, 0x00, 0x00, 0x00
.byte 0x00, 0x00, 0x00, 0x00, 0x00, 0x00, 0x00, 0x00, 0x00, 0x00, 0x00, 0x00, 0x00, 0x00, 0x00, 0x00
.byte 0x00, 0x00, 0x00, 0x00, 0x00, 0x00, 0x00, 0x00, 0x00, 0x00, 0x00, 0x00, 0x00, 0x00, 0x00, 0x00
.byte 0x00, 0x00, 0x00, 0x00, 0x00, 0x00, 0x00, 0x00, 0x00, 0x00, 0x00, 0x00, 0x00, 0x00, 0x00, 0x00
.byte 0x00, 0x00, 0x00, 0x00, 0x00, 0x00, 0x00, 0x00, 0x00, 0x00, 0x00, 0x00, 0x00, 0x00, 0x00, 0x00
.byte 0x00, 0x00, 0x00, 0x00, 0x00, 0x00, 0x00, 0x00, 0x00, 0x00, 0x00, 0x00, 0x00, 0x00, 0x00, 0x00
.byte 0x00, 0x00, 0x00, 0x00, 0x00, 0x00, 0x00, 0x00, 0x00, 0x00, 0x00, 0x00, 0x00, 0x00, 0x00, 0x00
.byte 0x00, 0x00, 0x00, 0x00, 0x00, 0x00, 0xdf, 0xff, 0xdf, 0xff, 0x9e, 0xf7, 0x3c, 0xe7, 0xdb, 0xde
.byte 0x38, 0xc6, 0xb6, 0xb5, 0x71, 0x8c, 0xd8, 0x39, 0x99, 0x31, 0x99, 0x31, 0x99, 0x31, 0x99, 0x31
.byte 0x99, 0x31, 0x99, 0x31, 0x99, 0x31, 0x99, 0x31, 0x99, 0x31, 0x99, 0x31, 0x99, 0x31, 0x99, 0x31
.byte 0x99, 0x31, 0x99, 0x31, 0x99, 0x31, 0x99, 0x31, 0x99, 0x31, 0x99, 0x31, 0x99, 0x31, 0x99, 0x31
.byte 0x6d, 0x6b, 0x35, 0xa5, 0xdb, 0xde, 0x9e, 0xf7, 0x00, 0x00, 0x00, 0x00, 0x00, 0x00, 0x00, 0x00
.byte 0x00, 0x00, 0x00, 0x00, 0x00, 0x00, 0x00, 0x00, 0x00, 0x00, 0x00, 0x00, 0x00, 0x00, 0x00, 0x00
.byte 0x00, 0x00, 0x00, 0x00, 0x00, 0x00, 0x00, 0x00, 0x00, 0x00, 0x00, 0x00, 0x00, 0x00, 0x00, 0x00
.byte 0x00, 0x00, 0x00, 0x00, 0x00, 0x00, 0x00, 0x00, 0x00, 0x00, 0x00, 0x00, 0x00, 0x00, 0x00, 0x00
.byte 0x00, 0x00, 0x00, 0x00, 0x00, 0x00, 0x00, 0x00, 0x00, 0x00, 0x00, 0x00, 0x00, 0x00, 0x00, 0x00
.byte 0x00, 0x00, 0x00, 0x00, 0x00, 0x00, 0x00, 0x00, 0x00, 0x00, 0x00, 0x00, 0x00, 0x00, 0x00, 0x00
.byte 0x00, 0x00, 0x00, 0x00, 0x00, 0x00, 0x00, 0x00, 0x00, 0x00, 0x00, 0x00, 0x00, 0x00, 0x00, 0x00
.byte 0x00, 0x00, 0x00, 0x00, 0x00, 0x00, 0x00, 0x00, 0x00, 0x00, 0x00, 0x00, 0x00, 0x00, 0x00, 0x00
.byte 0x00, 0x00, 0x00, 0x00, 0x00, 0x00, 0x00, 0x00, 0x00, 0x00, 0x00, 0x00, 0x00, 0x00, 0x00, 0x00
.byte 0x00, 0x00, 0x00, 0x00, 0x00, 0x00, 0x00, 0x00, 0x00, 0x00, 0x00, 0x00, 0x00, 0x00, 0x00, 0x00
.byte 0x00, 0x00, 0x00, 0x00, 0x00, 0x00, 0x00, 0x00, 0x00, 0x00, 0x00, 0x00, 0x00, 0x00, 0x00, 0x00
.byte 0x00, 0x00, 0x00, 0x00, 0x00, 0x00, 0x00, 0x00, 0x00, 0x00, 0x00, 0x00, 0x00, 0x00, 0x00, 0x00
.byte 0x00, 0x00, 0x00, 0x00, 0x00, 0x00, 0x00, 0x00, 0x00, 0x00, 0x00, 0x00, 0x00, 0x00, 0x00, 0x00
.byte 0x00, 0x00, 0x00, 0x00, 0x00, 0x00, 0x00, 0x00, 0x00, 0x00, 0x00, 0x00, 0x00, 0x00, 0x00, 0x00
.byte 0x00, 0x00, 0x00, 0x00, 0x00, 0x00, 0x00, 0x00, 0x00, 0x00, 0x00, 0x00, 0x00, 0x00, 0x00, 0x00
.byte 0x00, 0x00, 0x00, 0x00, 0x00, 0x00, 0x00, 0x00, 0x00, 0x00, 0x00, 0x00, 0x00, 0x00, 0x00, 0x00
.byte 0x00, 0x00, 0x00, 0x00, 0x00, 0x00, 0x00, 0x00, 0x00, 0x00, 0x00, 0x00, 0x00, 0x00, 0x00, 0x00
.byte 0x00, 0x00, 0x00, 0x00, 0x00, 0x00, 0x00, 0x00, 0x00, 0x00, 0x00, 0x00, 0x00, 0x00, 0x00, 0x00
.byte 0x00, 0x00, 0x00, 0x00, 0x00, 0x00, 0x00, 0x00, 0x00, 0x00, 0x00, 0x00, 0x00, 0x00, 0x00, 0x00
.byte 0x00, 0x00, 0x00, 0x00, 0x00, 0x00, 0x00, 0x00, 0x00, 0x00, 0x00, 0x00, 0x00, 0x00, 0x00, 0x00
.byte 0x00, 0x00, 0x00, 0x00, 0x00, 0x00, 0x00, 0x00, 0x00, 0x00, 0x00, 0x00, 0x00, 0x00, 0x00, 0x00
.byte 0x00, 0x00, 0x00, 0x00, 0x00, 0x00, 0x00, 0x00, 0x00, 0x00, 0x00, 0x00, 0x00, 0x00, 0x00, 0x00
.byte 0x00, 0x00, 0x00, 0x00, 0x00, 0x00, 0x00, 0x00, 0x00, 0x00, 0x00, 0x00, 0x00, 0x00, 0x00, 0x00
.byte 0x00, 0x00, 0x00, 0x00, 0x00, 0x00, 0x00, 0x00, 0x00, 0x00, 0x00, 0x00, 0x00, 0x00, 0x00, 0x00
.byte 0x00, 0x00, 0x00, 0x00, 0x00, 0x00, 0x00, 0x00, 0x00, 0x00, 0x00, 0x00, 0x00, 0x00, 0x00, 0x00
.byte 0x00, 0x00, 0x00, 0x00, 0x00, 0x00, 0x00, 0x00, 0x00, 0x00, 0x00, 0x00, 0x00, 0x00, 0x00, 0x00
.byte 0x00, 0x00, 0x00, 0x00, 0x00, 0x00, 0x00, 0x00, 0x00, 0x00, 0x00, 0x00, 0xdf, 0xff, 0x9e, 0xf7
.byte 0x9e, 0xf7, 0xdb, 0xde, 0x38, 0xc6, 0xf4, 0x5a, 0x99, 0x31, 0x99, 0x31, 0x99, 0x31, 0x99, 0x31
.byte 0x99, 0x31, 0x99, 0x31, 0x99, 0x31, 0x99, 0x31, 0x99, 0x31, 0x99, 0x31, 0x99, 0x31, 0x99, 0x31
.byte 0x99, 0x31, 0x99, 0x31, 0x99, 0x31, 0x99, 0x31, 0x99, 0x31, 0x99, 0x31, 0x99, 0x31, 0x99, 0x31
.byte 0xb3, 0x31, 0x71, 0x8c, 0x38, 0xc6, 0x3c, 0xe7, 0xdf, 0xff, 0x00, 0x00, 0x00, 0x00, 0x00, 0x00
.byte 0x00, 0x00, 0x00, 0x00, 0x00, 0x00, 0x00, 0x00, 0x00, 0x00, 0x00, 0x00, 0x00, 0x00, 0x00, 0x00
.byte 0x00, 0x00, 0x00, 0x00, 0x00, 0x00, 0x00, 0x00, 0x00, 0x00, 0x00, 0x00, 0x00, 0x00, 0x00, 0x00
.byte 0x00, 0x00, 0x00, 0x00, 0x00, 0x00, 0x00, 0x00, 0x00, 0x00, 0x00, 0x00, 0x00, 0x00, 0x00, 0x00
.byte 0x00, 0x00, 0x00, 0x00, 0x00, 0x00, 0x00, 0x00, 0x00, 0x00, 0x00, 0x00, 0x00, 0x00, 0x00, 0x00
.byte 0x00, 0x00, 0x00, 0x00, 0x00, 0x00, 0x00, 0x00, 0x00, 0x00, 0x00, 0x00, 0x00, 0x00, 0x00, 0x00
.byte 0x00, 0x00, 0x00, 0x00, 0x00, 0x00, 0x00, 0x00, 0x00, 0x00, 0x00, 0x00, 0x00, 0x00, 0x00, 0x00
.byte 0x00, 0x00, 0x00, 0x00, 0x00, 0x00, 0x00, 0x00, 0x00, 0x00, 0x00, 0x00, 0x00, 0x00, 0x00, 0x00
.byte 0x00, 0x00, 0x00, 0x00, 0x00, 0x00, 0x00, 0x00, 0x00, 0x00, 0x00, 0x00, 0x00, 0x00, 0x00, 0x00
.byte 0x00, 0x00, 0x00, 0x00, 0x00, 0x00, 0x00, 0x00, 0x00, 0x00, 0x00, 0x00, 0x00, 0x00, 0x00, 0x00
.byte 0x00, 0x00, 0x00, 0x00, 0x00, 0x00, 0x00, 0x00, 0x00, 0x00, 0x00, 0x00, 0x00, 0x00, 0x00, 0x00
.byte 0x00, 0x00, 0x00, 0x00, 0x00, 0x00, 0x00, 0x00, 0x00, 0x00, 0x00, 0x00, 0x00, 0x00, 0x00, 0x00
.byte 0x00, 0x00, 0x00, 0x00, 0x00, 0x00, 0x00, 0x00, 0x00, 0x00, 0x00, 0x00, 0x00, 0x00, 0x00, 0x00
.byte 0x00, 0x00, 0x00, 0x00, 0x00, 0x00, 0x00, 0x00, 0x00, 0x00, 0x00, 0x00, 0x00, 0x00, 0x00, 0x00
.byte 0x00, 0x00, 0x00, 0x00, 0x00, 0x00, 0x00, 0x00, 0x00, 0x00, 0x00, 0x00, 0x00, 0x00, 0x00, 0x00
.byte 0x00, 0x00, 0x00, 0x00, 0x00, 0x00, 0x00, 0x00, 0x00, 0x00, 0x00, 0x00, 0x00, 0x00, 0x00, 0x00
.byte 0x00, 0x00, 0x00, 0x00, 0x00, 0x00, 0x00, 0x00, 0x00, 0x00, 0x00, 0x00, 0x00, 0x00, 0x00, 0x00
.byte 0x00, 0x00, 0x00, 0x00, 0x00, 0x00, 0x00, 0x00, 0x00, 0x00, 0x00, 0x00, 0x00, 0x00, 0x00, 0x00
.byte 0x00, 0x00, 0x00, 0x00, 0x00, 0x00, 0x00, 0x00, 0x00, 0x00, 0x00, 0x00, 0x00, 0x00, 0x00, 0x00
.byte 0x00, 0x00, 0x00, 0x00, 0x00, 0x00, 0x00, 0x00, 0x00, 0x00, 0x00, 0x00, 0x00, 0x00, 0x00, 0x00
.byte 0x00, 0x00, 0x00, 0x00, 0x00, 0x00, 0x00, 0x00, 0x00, 0x00, 0x00, 0x00, 0x00, 0x00, 0x00, 0x00
.byte 0x00, 0x00, 0x00, 0x00, 0x00, 0x00, 0x00, 0x00, 0x00, 0x00, 0x00, 0x00, 0x00, 0x00, 0x00, 0x00
.byte 0x00, 0x00, 0x00, 0x00, 0x00, 0x00, 0x00, 0x00, 0x00, 0x00, 0x00, 0x00, 0x00, 0x00, 0x00, 0x00
.byte 0x00, 0x00, 0x00, 0x00, 0x00, 0x00, 0x00, 0x00, 0x00, 0x00, 0x00, 0x00, 0x00, 0x00, 0x00, 0x00
.byte 0x00, 0x00, 0x00, 0x00, 0x00, 0x00, 0x00, 0x00, 0x00, 0x00, 0x00, 0x00, 0x00, 0x00, 0x00, 0x00
.byte 0x00, 0x00, 0x00, 0x00, 0x00, 0x00, 0x00, 0x00, 0x00, 0x00, 0x00, 0x00, 0x00, 0x00, 0x00, 0x00
.byte 0x00, 0x00, 0x00, 0x00, 0x00, 0x00, 0x00, 0x00, 0x00, 0x00, 0x00, 0x00, 0x00, 0x00, 0x00, 0x00
.byte 0xdf, 0xff, 0xdf, 0xff, 0x3c, 0xe7, 0x78, 0x8c, 0x99, 0x31, 0x99, 0x31, 0x99, 0x31, 0x99, 0x31
.byte 0x99, 0x31, 0x99, 0x31, 0x99, 0x31, 0x99, 0x31, 0x99, 0x31, 0x99, 0x31, 0x99, 0x31, 0x99, 0x31
.byte 0x99, 0x31, 0x99, 0x31, 0x99, 0x31, 0x99, 0x31, 0x99, 0x31, 0x99, 0x31, 0x99, 0x31, 0x99, 0x31
.byte 0xd8, 0x39, 0xf0, 0x7b, 0x35, 0xa5, 0xdb, 0xde, 0xdf, 0xff, 0x00, 0x00, 0x00, 0x00, 0x00, 0x00
.byte 0x00, 0x00, 0x00, 0x00, 0x00, 0x00, 0x00, 0x00, 0x00, 0x00, 0x00, 0x00, 0x00, 0x00, 0x00, 0x00
.byte 0x00, 0x00, 0x00, 0x00, 0x00, 0x00, 0x00, 0x00, 0x00, 0x00, 0x00, 0x00, 0x00, 0x00, 0x00, 0x00
.byte 0x00, 0x00, 0x00, 0x00, 0x00, 0x00, 0x00, 0x00, 0x00, 0x00, 0x00, 0x00, 0x00, 0x00, 0x00, 0x00
.byte 0x00, 0x00, 0x00, 0x00, 0x00, 0x00, 0x00, 0x00, 0x00, 0x00, 0x00, 0x00, 0x00, 0x00, 0x00, 0x00
.byte 0x00, 0x00, 0x00, 0x00, 0x00, 0x00, 0x00, 0x00, 0x00, 0x00, 0x00, 0x00, 0x00, 0x00, 0x00, 0x00
.byte 0x00, 0x00, 0x00, 0x00, 0x00, 0x00, 0x00, 0x00, 0x00, 0x00, 0x00, 0x00, 0x00, 0x00, 0x00, 0x00
.byte 0x00, 0x00, 0x00, 0x00, 0x00, 0x00, 0x00, 0x00, 0x00, 0x00, 0x00, 0x00, 0x00, 0x00, 0x00, 0x00
.byte 0x00, 0x00, 0x00, 0x00, 0x00, 0x00, 0x00, 0x00, 0x00, 0x00, 0x00, 0x00, 0x00, 0x00, 0x00, 0x00
.byte 0x00, 0x00, 0x00, 0x00, 0x00, 0x00, 0x00, 0x00, 0x00, 0x00, 0x00, 0x00, 0x00, 0x00, 0x00, 0x00
.byte 0x00, 0x00, 0x00, 0x00, 0x00, 0x00, 0x00, 0x00, 0x00, 0x00, 0x00, 0x00, 0x00, 0x00, 0x00, 0x00
.byte 0x00, 0x00, 0x00, 0x00, 0x00, 0x00, 0x00, 0x00, 0x00, 0x00, 0x00, 0x00, 0x00, 0x00, 0x00, 0x00
.byte 0x00, 0x00, 0x00, 0x00, 0x00, 0x00, 0x00, 0x00, 0x00, 0x00, 0x00, 0x00, 0x00, 0x00, 0x00, 0x00
.byte 0x00, 0x00, 0x00, 0x00, 0x00, 0x00, 0x00, 0x00, 0x00, 0x00, 0x00, 0x00, 0x00, 0x00, 0x00, 0x00
.byte 0x00, 0x00, 0x00, 0x00, 0x00, 0x00, 0x00, 0x00, 0x00, 0x00, 0x00, 0x00, 0x00, 0x00, 0x00, 0x00
.byte 0x00, 0x00, 0x00, 0x00, 0x00, 0x00, 0x00, 0x00, 0x00, 0x00, 0x00, 0x00, 0x00, 0x00, 0x00, 0x00
.byte 0x00, 0x00, 0x00, 0x00, 0x00, 0x00, 0x00, 0x00, 0x00, 0x00, 0x00, 0x00, 0x00, 0x00, 0x00, 0x00
.byte 0x00, 0x00, 0x00, 0x00, 0x00, 0x00, 0x00, 0x00, 0x00, 0x00, 0x00, 0x00, 0x00, 0x00, 0x00, 0x00
.byte 0x00, 0x00, 0x00, 0x00, 0x00, 0x00, 0x00, 0x00, 0x00, 0x00, 0x00, 0x00, 0x00, 0x00, 0x00, 0x00
.byte 0x00, 0x00, 0x00, 0x00, 0x00, 0x00, 0x00, 0x00, 0x00, 0x00, 0x00, 0x00, 0x00, 0x00, 0x00, 0x00
.byte 0x00, 0x00, 0x00, 0x00, 0x00, 0x00, 0x00, 0x00, 0x00, 0x00, 0x00, 0x00, 0x00, 0x00, 0x00, 0x00
.byte 0x00, 0x00, 0x00, 0x00, 0x00, 0x00, 0x00, 0x00, 0x00, 0x00, 0x00, 0x00, 0x00, 0x00, 0x00, 0x00
.byte 0x00, 0x00, 0x00, 0x00, 0x00, 0x00, 0x00, 0x00, 0x00, 0x00, 0x00, 0x00, 0x00, 0x00, 0x00, 0x00
.byte 0x00, 0x00, 0x00, 0x00, 0x00, 0x00, 0x00, 0x00, 0x00, 0x00, 0x00, 0x00, 0x00, 0x00, 0x00, 0x00
.byte 0x00, 0x00, 0x00, 0x00, 0x00, 0x00, 0x00, 0x00, 0x00, 0x00, 0x00, 0x00, 0x00, 0x00, 0x00, 0x00
.byte 0x00, 0x00, 0x00, 0x00, 0x00, 0x00, 0x00, 0x00, 0x00, 0x00, 0x00, 0x00, 0x00, 0x00, 0x00, 0x00
.byte 0x00, 0x00, 0x00, 0x00, 0x00, 0x00, 0x00, 0x00, 0x00, 0x00, 0x00, 0x00, 0x00, 0x00, 0x00, 0x00
.byte 0x00, 0x00, 0x00, 0x00, 0xdf, 0xff, 0xfb, 0x7b, 0x99, 0x31, 0x99, 0x31, 0x99, 0x31, 0x99, 0x31
.byte 0x99, 0x31, 0x99, 0x31, 0x99, 0x31, 0x99, 0x31, 0x99, 0x31, 0x99, 0x31, 0x99, 0x31, 0x99, 0x31
.byte 0x99, 0x31, 0x99, 0x31, 0x99, 0x31, 0x99, 0x31, 0x99, 0x31, 0x99, 0x31, 0x99, 0x31, 0x99, 0x31
.byte 0x99, 0x31, 0x50, 0x4a, 0x71, 0x8c, 0x38, 0xc6, 0x3c, 0xe7, 0xdf, 0xff, 0x00, 0x00, 0x00, 0x00
.byte 0x00, 0x00, 0x00, 0x00, 0x00, 0x00, 0x00, 0x00, 0x00, 0x00, 0x00, 0x00, 0x00, 0x00, 0x00, 0x00
.byte 0x00, 0x00, 0x00, 0x00, 0x00, 0x00, 0x00, 0x00, 0x00, 0x00, 0x00, 0x00, 0x00, 0x00, 0x00, 0x00
.byte 0x00, 0x00, 0x00, 0x00, 0x00, 0x00, 0x00, 0x00, 0x00, 0x00, 0x00, 0x00, 0x00, 0x00, 0x00, 0x00
.byte 0x00, 0x00, 0x00, 0x00, 0x00, 0x00, 0x00, 0x00, 0x00, 0x00, 0x00, 0x00, 0x00, 0x00, 0x00, 0x00
.byte 0x00, 0x00, 0x00, 0x00, 0x00, 0x00, 0x00, 0x00, 0x00, 0x00, 0x00, 0x00, 0x00, 0x00, 0x00, 0x00
.byte 0x00, 0x00, 0x00, 0x00, 0x00, 0x00, 0x00, 0x00, 0x00, 0x00, 0x00, 0x00, 0x00, 0x00, 0x00, 0x00
.byte 0x00, 0x00, 0x00, 0x00, 0x00, 0x00, 0x00, 0x00, 0x00, 0x00, 0x00, 0x00, 0x00, 0x00, 0x00, 0x00
.byte 0x00, 0x00, 0x00, 0x00, 0x00, 0x00, 0x00, 0x00, 0x00, 0x00, 0x00, 0x00, 0x9e, 0xf7, 0x1e, 0xe7
.byte 0x9e, 0xd6, 0x1d, 0xc6, 0x38, 0xc6, 0x1e, 0xe7, 0x00, 0x00, 0x00, 0x00, 0x00, 0x00, 0x00, 0x00
.byte 0x00, 0x00, 0x00, 0x00, 0x00, 0x00, 0x00, 0x00, 0x00, 0x00, 0x00, 0x00, 0x00, 0x00, 0x00, 0x00
.byte 0x00, 0x00, 0x00, 0x00, 0x00, 0x00, 0x00, 0x00, 0x00, 0x00, 0x00, 0x00, 0x00, 0x00, 0x00, 0x00
.byte 0x00, 0x00, 0x00, 0x00, 0x00, 0x00, 0x00, 0x00, 0x00, 0x00, 0x00, 0x00, 0x00, 0x00, 0x00, 0x00
.byte 0x00, 0x00, 0x00, 0x00, 0x00, 0x00, 0x00, 0x00, 0x9e, 0xd6, 0x1e, 0xe7, 0x00, 0x00, 0x00, 0x00
.byte 0x00, 0x00, 0x00, 0x00, 0x00, 0x00, 0x00, 0x00, 0x00, 0x00, 0x00, 0x00, 0x00, 0x00, 0x00, 0x00
.byte 0x00, 0x00, 0x00, 0x00, 0x00, 0x00, 0x00, 0x00, 0x00, 0x00, 0x00, 0x00, 0x00, 0x00, 0x00, 0x00
.byte 0x00, 0x00, 0x00, 0x00, 0x00, 0x00, 0x00, 0x00, 0x00, 0x00, 0x00, 0x00, 0x00, 0x00, 0x00, 0x00
.byte 0x00, 0x00, 0x00, 0x00, 0x00, 0x00, 0x00, 0x00, 0x00, 0x00, 0x00, 0x00, 0x00, 0x00, 0x00, 0x00
.byte 0x00, 0x00, 0x00, 0x00, 0x00, 0x00, 0x00, 0x00, 0x00, 0x00, 0x00, 0x00, 0x00, 0x00, 0x00, 0x00
.byte 0x00, 0x00, 0x00, 0x00, 0x00, 0x00, 0x00, 0x00, 0x00, 0x00, 0x00, 0x00, 0x00, 0x00, 0x00, 0x00
.byte 0x00, 0x00, 0x00, 0x00, 0x00, 0x00, 0x00, 0x00, 0x00, 0x00, 0x00, 0x00, 0x00, 0x00, 0x00, 0x00
.byte 0x00, 0x00, 0x00, 0x00, 0x00, 0x00, 0x00, 0x00, 0x00, 0x00, 0x00, 0x00, 0x00, 0x00, 0x00, 0x00
.byte 0x00, 0x00, 0x00, 0x00, 0x00, 0x00, 0x00, 0x00, 0x00, 0x00, 0x00, 0x00, 0x00, 0x00, 0x00, 0x00
.byte 0x00, 0x00, 0x00, 0x00, 0x00, 0x00, 0x00, 0x00, 0x00, 0x00, 0x00, 0x00, 0x00, 0x00, 0x00, 0x00
.byte 0x00, 0x00, 0x00, 0x00, 0x00, 0x00, 0x00, 0x00, 0x00, 0x00, 0x00, 0x00, 0x00, 0x00, 0x00, 0x00
.byte 0x00, 0x00, 0x00, 0x00, 0x00, 0x00, 0x00, 0x00, 0x00, 0x00, 0x00, 0x00, 0x00, 0x00, 0x00, 0x00
.byte 0x00, 0x00, 0x00, 0x00, 0x00, 0x00, 0x00, 0x00, 0x00, 0x00, 0x00, 0x00, 0x00, 0x00, 0x00, 0x00
.byte 0x00, 0x00, 0x00, 0x00, 0x00, 0x00, 0x5a, 0x6b, 0x99, 0x31, 0x99, 0x31, 0x99, 0x31, 0x99, 0x31
.byte 0x99, 0x31, 0x99, 0x31, 0x99, 0x31, 0x99, 0x31, 0x99, 0x31, 0x99, 0x31, 0x99, 0x31, 0x99, 0x31
.byte 0x99, 0x31, 0x99, 0x31, 0x99, 0x31, 0x99, 0x31, 0x99, 0x31, 0x99, 0x31, 0x99, 0x31, 0x99, 0x31
.byte 0x99, 0x31, 0x50, 0x4a, 0xf0, 0x7b, 0xb6, 0xb5, 0xdb, 0xde, 0xdf, 0xff, 0x00, 0x00, 0x00, 0x00
.byte 0x00, 0x00, 0x00, 0x00, 0x00, 0x00, 0x00, 0x00, 0x00, 0x00, 0x00, 0x00, 0x00, 0x00, 0x00, 0x00
.byte 0x00, 0x00, 0x00, 0x00, 0x00, 0x00, 0x00, 0x00, 0x00, 0x00, 0x00, 0x00, 0x00, 0x00, 0x00, 0x00
.byte 0x00, 0x00, 0x00, 0x00, 0x00, 0x00, 0x00, 0x00, 0x00, 0x00, 0x00, 0x00, 0x00, 0x00, 0x00, 0x00
.byte 0x00, 0x00, 0x00, 0x00, 0x00, 0x00, 0x00, 0x00, 0x00, 0x00, 0x00, 0x00, 0x00, 0x00, 0x00, 0x00
.byte 0x00, 0x00, 0x00, 0x00, 0x00, 0x00, 0x00, 0x00, 0x00, 0x00, 0x00, 0x00, 0x00, 0x00, 0x00, 0x00
.byte 0x00, 0x00, 0x00, 0x00, 0x00, 0x00, 0x00, 0x00, 0x00, 0x00, 0x00, 0x00, 0x00, 0x00, 0x00, 0x00
.byte 0x00, 0x00, 0x00, 0x00, 0x00, 0x00, 0x00, 0x00, 0x00, 0x00, 0x00, 0x00, 0x00, 0x00, 0x00, 0x00
.byte 0x00, 0x00, 0x00, 0x00, 0x00, 0x00, 0x1e, 0xe7, 0x9c, 0xb5, 0xfb, 0x7b, 0x99, 0x52, 0x99, 0x31
.byte 0x99, 0x31, 0x99, 0x31, 0x99, 0x31, 0xd8, 0x39, 0x5a, 0x6b, 0x9e, 0xd6, 0x00, 0x00, 0x00, 0x00
.byte 0x00, 0x00, 0x00, 0x00, 0x00, 0x00, 0x00, 0x00, 0x00, 0x00, 0x00, 0x00, 0x00, 0x00, 0x00, 0x00
.byte 0x00, 0x00, 0x00, 0x00, 0x00, 0x00, 0x00, 0x00, 0x00, 0x00, 0x00, 0x00, 0x00, 0x00, 0x00, 0x00
.byte 0x00, 0x00, 0x00, 0x00, 0x00, 0x00, 0x00, 0x00, 0x00, 0x00, 0x00, 0x00, 0x00, 0x00, 0x00, 0x00
.byte 0x00, 0x00, 0x00, 0x00, 0x00, 0x00, 0xfb, 0x7b, 0x99, 0x31, 0xd8, 0x39, 0x9c, 0x94, 0xdf, 0xff
.byte 0x00, 0x00, 0x00, 0x00, 0x00, 0x00, 0x00, 0x00, 0x00, 0x00, 0x00, 0x00, 0x00, 0x00, 0x00, 0x00
.byte 0x00, 0x00, 0x00, 0x00, 0x00, 0x00, 0x00, 0x00, 0x00, 0x00, 0x00, 0x00, 0x00, 0x00, 0x00, 0x00
.byte 0x00, 0x00, 0x00, 0x00, 0x00, 0x00, 0x00, 0x00, 0x00, 0x00, 0x00, 0x00, 0x00, 0x00, 0x00, 0x00
.byte 0x00, 0x00, 0x00, 0x00, 0x00, 0x00, 0x00, 0x00, 0x00, 0x00, 0x00, 0x00, 0x00, 0x00, 0x00, 0x00
.byte 0x00, 0x00, 0x00, 0x00, 0x00, 0x00, 0x00, 0x00, 0x00, 0x00, 0x00, 0x00, 0x00, 0x00, 0x00, 0x00
.byte 0x00, 0x00, 0x00, 0x00, 0x00, 0x00, 0x00, 0x00, 0x00, 0x00, 0x00, 0x00, 0x00, 0x00, 0x00, 0x00
.byte 0x00, 0x00, 0x00, 0x00, 0x00, 0x00, 0x00, 0x00, 0x00, 0x00, 0x00, 0x00, 0x00, 0x00, 0x00, 0x00
.byte 0x00, 0x00, 0x00, 0x00, 0x00, 0x00, 0x00, 0x00, 0x00, 0x00, 0x00, 0x00, 0x00, 0x00, 0x00, 0x00
.byte 0x00, 0x00, 0x00, 0x00, 0x00, 0x00, 0x00, 0x00, 0x00, 0x00, 0x00, 0x00, 0x00, 0x00, 0x00, 0x00
.byte 0x00, 0x00, 0x00, 0x00, 0x00, 0x00, 0x00, 0x00, 0x00, 0x00, 0x00, 0x00, 0x00, 0x00, 0x00, 0x00
.byte 0x00, 0x00, 0x00, 0x00, 0x00, 0x00, 0x00, 0x00, 0x00, 0x00, 0x00, 0x00, 0x00, 0x00, 0x00, 0x00
.byte 0x00, 0x00, 0x00, 0x00, 0x00, 0x00, 0x00, 0x00, 0x00, 0x00, 0x00, 0x00, 0x00, 0x00, 0x00, 0x00
.byte 0x00, 0x00, 0x00, 0x00, 0x00, 0x00, 0x00, 0x00, 0x00, 0x00, 0x00, 0x00, 0x00, 0x00, 0x00, 0x00
.byte 0x00, 0x00, 0x00, 0x00, 0x9e, 0xd6, 0x99, 0x31, 0x99, 0x31, 0x99, 0x31, 0x99, 0x31, 0x99, 0x31
.byte 0x99, 0x31, 0x99, 0x31, 0x99, 0x31, 0x99, 0x31, 0x99, 0x31, 0x99, 0x31, 0x99, 0x31, 0x99, 0x31
.byte 0x99, 0x31, 0x99, 0x31, 0x99, 0x31, 0x99, 0x31, 0x99, 0x31, 0x99, 0x31, 0x99, 0x31, 0x99, 0x31
.byte 0x99, 0x31, 0xd8, 0x39, 0x6d, 0x6b, 0xd3, 0x9c, 0xdb, 0xde, 0x9e, 0xf7, 0x00, 0x00, 0x00, 0x00
.byte 0x00, 0x00, 0x00, 0x00, 0x00, 0x00, 0x00, 0x00, 0x00, 0x00, 0x00, 0x00, 0x00, 0x00, 0x00, 0x00
.byte 0x00, 0x00, 0x00, 0x00, 0x00, 0x00, 0x00, 0x00, 0x00, 0x00, 0x00, 0x00, 0x00, 0x00, 0x00, 0x00
.byte 0x00, 0x00, 0x00, 0x00, 0x00, 0x00, 0x00, 0x00, 0x00, 0x00, 0x00, 0x00, 0x00, 0x00, 0x00, 0x00
.byte 0x00, 0x00, 0x00, 0x00, 0x00, 0x00, 0x00, 0x00, 0x00, 0x00, 0x00, 0x00, 0x00, 0x00, 0x00, 0x00
.byte 0x00, 0x00, 0x00, 0x00, 0x00, 0x00, 0x00, 0x00, 0x00, 0x00, 0x00, 0x00, 0x00, 0x00, 0x00, 0x00
.byte 0x00, 0x00, 0x00, 0x00, 0x00, 0x00, 0x00, 0x00, 0x00, 0x00, 0x00, 0x00, 0x00, 0x00, 0x00, 0x00
.byte 0x00, 0x00, 0x00, 0x00, 0x00, 0x00, 0x00, 0x00, 0x00, 0x00, 0x00, 0x00, 0x00, 0x00, 0x00, 0x00
.byte 0x00, 0x00, 0x9e, 0xd6, 0xfb, 0x7b, 0xd8, 0x39, 0x99, 0x31, 0x99, 0x31, 0x99, 0x31, 0x99, 0x31
.byte 0x99, 0x31, 0x99, 0x31, 0x99, 0x31, 0x99, 0x31, 0x99, 0x31, 0x99, 0x31, 0x1b, 0xa5, 0x00, 0x00
.byte 0x00, 0x00, 0x00, 0x00, 0x00, 0x00, 0x00, 0x00, 0x00, 0x00, 0x00, 0x00, 0x00, 0x00, 0x00, 0x00
.byte 0x00, 0x00, 0x00, 0x00, 0x00, 0x00, 0x00, 0x00, 0x00, 0x00, 0x00, 0x00, 0x00, 0x00, 0x00, 0x00
.byte 0x00, 0x00, 0x00, 0x00, 0x00, 0x00, 0x00, 0x00, 0x00, 0x00, 0x00, 0x00, 0x00, 0x00, 0x00, 0x00
.byte 0x00, 0x00, 0x00, 0x00, 0x1d, 0xc6, 0x99, 0x31, 0x99, 0x31, 0x99, 0x31, 0x99, 0x31, 0x5a, 0x6b
.byte 0x1e, 0xe7, 0x00, 0x00, 0x00, 0x00, 0x00, 0x00, 0x00, 0x00, 0x00, 0x00, 0x00, 0x00, 0x00, 0x00
.byte 0x00, 0x00, 0x00, 0x00, 0x00, 0x00, 0x00, 0x00, 0x00, 0x00, 0x00, 0x00, 0x00, 0x00, 0x00, 0x00
.byte 0x00, 0x00, 0x00, 0x00, 0x00, 0x00, 0x00, 0x00, 0x00, 0x00, 0x00, 0x00, 0x00, 0x00, 0x00, 0x00
.byte 0x00, 0x00, 0x00, 0x00, 0x00, 0x00, 0x00, 0x00, 0x00, 0x00, 0x00, 0x00, 0x00, 0x00, 0x00, 0x00
.byte 0x00, 0x00, 0x00, 0x00, 0x00, 0x00, 0x00, 0x00, 0x00, 0x00, 0x00, 0x00, 0x00, 0x00, 0x00, 0x00
.byte 0x00, 0x00, 0x00, 0x00, 0x00, 0x00, 0x00, 0x00, 0x00, 0x00, 0x00, 0x00, 0x00, 0x00, 0x00, 0x00
.byte 0x00, 0x00, 0x00, 0x00, 0x00, 0x00, 0x00, 0x00, 0x00, 0x00, 0x00, 0x00, 0x00, 0x00, 0x00, 0x00
.byte 0x00, 0x00, 0x00, 0x00, 0x00, 0x00, 0x00, 0x00, 0x00, 0x00, 0x00, 0x00, 0x00, 0x00, 0x00, 0x00
.byte 0x00, 0x00, 0x00, 0x00, 0x00, 0x00, 0x00, 0x00, 0x00, 0x00, 0x00, 0x00, 0x00, 0x00, 0x00, 0x00
.byte 0x00, 0x00, 0x00, 0x00, 0x00, 0x00, 0x00, 0x00, 0x00, 0x00, 0x00, 0x00, 0x00, 0x00, 0x00, 0x00
.byte 0x00, 0x00, 0x00, 0x00, 0x00, 0x00, 0x00, 0x00, 0x00, 0x00, 0x00, 0x00, 0x00, 0x00, 0x00, 0x00
.byte 0x00, 0x00, 0x00, 0x00, 0x00, 0x00, 0x00, 0x00, 0x00, 0x00, 0x00, 0x00, 0x00, 0x00, 0x00, 0x00
.byte 0x00, 0x00, 0x00, 0x00, 0x00, 0x00, 0x00, 0x00, 0x00, 0x00, 0x00, 0x00, 0x00, 0x00, 0x00, 0x00
.byte 0x00, 0x00, 0x00, 0x00, 0xfb, 0x7b, 0x99, 0x31, 0x99, 0x31, 0x99, 0x31, 0x99, 0x31, 0x99, 0x31
.byte 0x99, 0x31, 0x99, 0x31, 0x99, 0x31, 0x99, 0x31, 0x99, 0x31, 0x99, 0x31, 0x99, 0x31, 0x99, 0x31
.byte 0x99, 0x31, 0x99, 0x31, 0x99, 0x31, 0x99, 0x31, 0x99, 0x31, 0x99, 0x31, 0x99, 0x31, 0x99, 0x31
.byte 0x99, 0x31, 0x99, 0x31, 0xcb, 0x5a, 0xf0, 0x7b, 0x38, 0xc6, 0x3c, 0xe7, 0xdf, 0xff, 0x00, 0x00
.byte 0x00, 0x00, 0x00, 0x00, 0x00, 0x00, 0x00, 0x00, 0x00, 0x00, 0x00, 0x00, 0x00, 0x00, 0x00, 0x00
.byte 0x00, 0x00, 0x00, 0x00, 0x00, 0x00, 0x00, 0x00, 0x00, 0x00, 0x00, 0x00, 0x00, 0x00, 0x00, 0x00
.byte 0x00, 0x00, 0x00, 0x00, 0x00, 0x00, 0x00, 0x00, 0x00, 0x00, 0x00, 0x00, 0x00, 0x00, 0x00, 0x00
.byte 0x00, 0x00, 0x00, 0x00, 0x00, 0x00, 0x00, 0x00, 0x00, 0x00, 0x00, 0x00, 0x00, 0x00, 0x00, 0x00
.byte 0x00, 0x00, 0x00, 0x00, 0x00, 0x00, 0x00, 0x00, 0x00, 0x00, 0x00, 0x00, 0x00, 0x00, 0x00, 0x00
.byte 0x00, 0x00, 0x00, 0x00, 0x00, 0x00, 0x00, 0x00, 0x00, 0x00, 0x00, 0x00, 0x00, 0x00, 0x00, 0x00
.byte 0x00, 0x00, 0x00, 0x00, 0x00, 0x00, 0x00, 0x00, 0x00, 0x00, 0x00, 0x00, 0xdf, 0xff, 0x9e, 0xd6
.byte 0x5a, 0x6b, 0x99, 0x31, 0x99, 0x31, 0x99, 0x31, 0x99, 0x31, 0x99, 0x31, 0x99, 0x31, 0x99, 0x31
.byte 0x99, 0x31, 0x99, 0x31, 0x99, 0x31, 0x99, 0x31, 0x99, 0x31, 0x99, 0x31, 0x99, 0x31, 0x9c, 0x94
.byte 0xdf, 0xff, 0xdf, 0xff, 0x00, 0x00, 0x00, 0x00, 0x00, 0x00, 0x00, 0x00, 0x00, 0x00, 0x00, 0x00
.byte 0x00, 0x00, 0x00, 0x00, 0x00, 0x00, 0x00, 0x00, 0x00, 0x00, 0x00, 0x00, 0x00, 0x00, 0x00, 0x00
.byte 0x00, 0x00, 0x00, 0x00, 0x00, 0x00, 0x00, 0x00, 0x00, 0x00, 0x00, 0x00, 0x00, 0x00, 0x00, 0x00
.byte 0x00, 0x00, 0x00, 0x00, 0xfb, 0x7b, 0x99, 0x31, 0x99, 0x31, 0x99, 0x31, 0x99, 0x31, 0x99, 0x31
.byte 0x99, 0x52, 0x9e, 0xd6, 0xdf, 0xff, 0x00, 0x00, 0x00, 0x00, 0x00, 0x00, 0x00, 0x00, 0x00, 0x00
.byte 0x00, 0x00, 0x00, 0x00, 0x00, 0x00, 0x00, 0x00, 0x00, 0x00, 0x00, 0x00, 0x00, 0x00, 0x00, 0x00
.byte 0x00, 0x00, 0x00, 0x00, 0x00, 0x00, 0x00, 0x00, 0x00, 0x00, 0x00, 0x00, 0x00, 0x00, 0x00, 0x00
.byte 0x00, 0x00, 0x00, 0x00, 0x00, 0x00, 0x00, 0x00, 0x00, 0x00, 0x00, 0x00, 0x00, 0x00, 0x00, 0x00
.byte 0x00, 0x00, 0x00, 0x00, 0x00, 0x00, 0x00, 0x00, 0x00, 0x00, 0x00, 0x00, 0x00, 0x00, 0x00, 0x00
.byte 0x00, 0x00, 0x00, 0x00, 0x00, 0x00, 0x00, 0x00, 0x00, 0x00, 0x00, 0x00, 0x00, 0x00, 0x00, 0x00
.byte 0x00, 0x00, 0x00, 0x00, 0x00, 0x00, 0x00, 0x00, 0x00, 0x00, 0x00, 0x00, 0x00, 0x00, 0x00, 0x00
.byte 0x00, 0x00, 0x00, 0x00, 0x00, 0x00, 0x00, 0x00, 0x00, 0x00, 0x00, 0x00, 0x00, 0x00, 0x00, 0x00
.byte 0x00, 0x00, 0x00, 0x00, 0x00, 0x00, 0x00, 0x00, 0x00, 0x00, 0x00, 0x00, 0x00, 0x00, 0x00, 0x00
.byte 0x00, 0x00, 0x00, 0x00, 0x00, 0x00, 0x00, 0x00, 0x00, 0x00, 0x00, 0x00, 0x00, 0x00, 0x00, 0x00
.byte 0x00, 0x00, 0x00, 0x00, 0x00, 0x00, 0x00, 0x00, 0x00, 0x00, 0x00, 0x00, 0x00, 0x00, 0x00, 0x00
.byte 0x00, 0x00, 0x00, 0x00, 0x00, 0x00, 0x00, 0x00, 0x00, 0x00, 0x00, 0x00, 0x00, 0x00, 0x00, 0x00
.byte 0x00, 0x00, 0x00, 0x00, 0x00, 0x00, 0x00, 0x00, 0x00, 0x00, 0x00, 0x00, 0x00, 0x00, 0x00, 0x00
.byte 0x00, 0x00, 0x9e, 0xd6, 0x99, 0x31, 0x99, 0x31, 0x99, 0x31, 0x99, 0x31, 0x99, 0x31, 0x99, 0x31
.byte 0x99, 0x31, 0x99, 0x31, 0x99, 0x31, 0x99, 0x31, 0x99, 0x31, 0x99, 0x31, 0x99, 0x31, 0x99, 0x31
.byte 0x99, 0x31, 0x99, 0x31, 0x99, 0x31, 0x99, 0x31, 0x99, 0x31, 0x99, 0x31, 0x99, 0x31, 0x99, 0x31
.byte 0x99, 0x31, 0x99, 0x31, 0x50, 0x4a, 0xf0, 0x7b, 0x35, 0xa5, 0xdb, 0xde, 0xdf, 0xff, 0x00, 0x00
.byte 0x00, 0x00, 0x00, 0x00, 0x00, 0x00, 0x00, 0x00, 0x00, 0x00, 0x00, 0x00, 0x00, 0x00, 0x00, 0x00
.byte 0x00, 0x00, 0x00, 0x00, 0x00, 0x00, 0x00, 0x00, 0x00, 0x00, 0x00, 0x00, 0x00, 0x00, 0x00, 0x00
.byte 0x00, 0x00, 0x00, 0x00, 0x00, 0x00, 0x00, 0x00, 0x00, 0x00, 0x00, 0x00, 0x00, 0x00, 0x00, 0x00
.byte 0x00, 0x00, 0x00, 0x00, 0x00, 0x00, 0x00, 0x00, 0x00, 0x00, 0x00, 0x00, 0x00, 0x00, 0x00, 0x00
.byte 0x00, 0x00, 0x00, 0x00, 0x00, 0x00, 0x00, 0x00, 0x00, 0x00, 0x00, 0x00, 0x00, 0x00, 0x00, 0x00
.byte 0x00, 0x00, 0x00, 0x00, 0x00, 0x00, 0x00, 0x00, 0x00, 0x00, 0x00, 0x00, 0x00, 0x00, 0x00, 0x00
.byte 0x00, 0x00, 0x00, 0x00, 0x00, 0x00, 0x00, 0x00, 0x00, 0x00, 0x1d, 0xc6, 0x99, 0x52, 0x99, 0x31
.byte 0x99, 0x31, 0x99, 0x31, 0x99, 0x31, 0x99, 0x31, 0x99, 0x31, 0x99, 0x31, 0x99, 0x31, 0x99, 0x31
.byte 0x99, 0x31, 0x99, 0x31, 0x99, 0x31, 0x99, 0x31, 0x99, 0x31, 0x99, 0x31, 0x99, 0x31, 0x99, 0x31
.byte 0x38, 0xc6, 0x9e, 0xf7, 0xdf, 0xff, 0x00, 0x00, 0x00, 0x00, 0x00, 0x00, 0x00, 0x00, 0x00, 0x00
.byte 0x00, 0x00, 0x00, 0x00, 0x00, 0x00, 0x00, 0x00, 0x00, 0x00, 0x00, 0x00, 0x00, 0x00, 0x00, 0x00
.byte 0x00, 0x00, 0x00, 0x00, 0x00, 0x00, 0x00, 0x00, 0x00, 0x00, 0x00, 0x00, 0x00, 0x00, 0x00, 0x00
.byte 0x00, 0x00, 0x9f, 0xf7, 0x99, 0x52, 0x99, 0x31, 0x99, 0x31, 0x99, 0x31, 0x99, 0x31, 0x99, 0x31
.byte 0x99, 0x31, 0x78, 0x8c, 0x3c, 0xe7, 0x9e, 0xf7, 0xdf, 0xff, 0x00, 0x00, 0x00, 0x00, 0x00, 0x00
.byte 0x00, 0x00, 0x00, 0x00, 0x00, 0x00, 0x00, 0x00, 0x00, 0x00, 0x00, 0x00, 0x00, 0x00, 0x00, 0x00
.byte 0x00, 0x00, 0x00, 0x00, 0x00, 0x00, 0x00, 0x00, 0x00, 0x00, 0x00, 0x00, 0x00, 0x00, 0x00, 0x00
.byte 0x00, 0x00, 0x00, 0x00, 0x00, 0x00, 0x00, 0x00, 0x00, 0x00, 0x00, 0x00, 0x00, 0x00, 0x00, 0x00
.byte 0x00, 0x00, 0x00, 0x00, 0x00, 0x00, 0x00, 0x00, 0x00, 0x00, 0x00, 0x00, 0x00, 0x00, 0x00, 0x00
.byte 0x00, 0x00, 0x00, 0x00, 0x00, 0x00, 0x00, 0x00, 0x00, 0x00, 0x00, 0x00, 0x00, 0x00, 0x00, 0x00
.byte 0x00, 0x00, 0x00, 0x00, 0x00, 0x00, 0x00, 0x00, 0x00, 0x00, 0x00, 0x00, 0x00, 0x00, 0x00, 0x00
.byte 0x00, 0x00, 0x00, 0x00, 0x00, 0x00, 0x00, 0x00, 0x00, 0x00, 0x00, 0x00, 0x00, 0x00, 0x00, 0x00
.byte 0x00, 0x00, 0x00, 0x00, 0x00, 0x00, 0x00, 0x00, 0x00, 0x00, 0x00, 0x00, 0x00, 0x00, 0x00, 0x00
.byte 0x00, 0x00, 0x00, 0x00, 0x00, 0x00, 0x00, 0x00, 0x00, 0x00, 0x00, 0x00, 0x00, 0x00, 0x00, 0x00
.byte 0x00, 0x00, 0x00, 0x00, 0x00, 0x00, 0x00, 0x00, 0x00, 0x00, 0x00, 0x00, 0x00, 0x00, 0x00, 0x00
.byte 0x00, 0x00, 0x00, 0x00, 0x00, 0x00, 0x00, 0x00, 0x00, 0x00, 0x00, 0x00, 0x00, 0x00, 0x00, 0x00
.byte 0x00, 0x00, 0x00, 0x00, 0x00, 0x00, 0x00, 0x00, 0x00, 0x00, 0x00, 0x00, 0x00, 0x00, 0x00, 0x00
.byte 0x9f, 0xf7, 0x99, 0x52, 0x99, 0x31, 0x99, 0x31, 0x99, 0x31, 0x99, 0x31, 0x99, 0x31, 0x99, 0x31
.byte 0x99, 0x31, 0x99, 0x31, 0x99, 0x31, 0x99, 0x31, 0x99, 0x31, 0x99, 0x31, 0x99, 0x31, 0x99, 0x31
.byte 0x99, 0x31, 0x99, 0x31, 0x99, 0x31, 0x99, 0x31, 0x99, 0x31, 0x99, 0x31, 0x99, 0x31, 0x99, 0x31
.byte 0x99, 0x31, 0x99, 0x31, 0xcd, 0x39, 0x6d, 0x6b, 0xd3, 0x9c, 0xdb, 0xde, 0x9e, 0xf7, 0x00, 0x00
.byte 0x00, 0x00, 0x00, 0x00, 0x00, 0x00, 0x00, 0x00, 0x00, 0x00, 0x00, 0x00, 0x00, 0x00, 0x00, 0x00
.byte 0x00, 0x00, 0x00, 0x00, 0x00, 0x00, 0x00, 0x00, 0x00, 0x00, 0x00, 0x00, 0x00, 0x00, 0x00, 0x00
.byte 0x00, 0x00, 0x00, 0x00, 0x00, 0x00, 0x00, 0x00, 0x00, 0x00, 0x00, 0x00, 0x00, 0x00, 0x00, 0x00
.byte 0x00, 0x00, 0x00, 0x00, 0x00, 0x00, 0x00, 0x00, 0x00, 0x00, 0x00, 0x00, 0x00, 0x00, 0x00, 0x00
.byte 0x00, 0x00, 0x00, 0x00, 0x00, 0x00, 0x00, 0x00, 0x00, 0x00, 0x00, 0x00, 0x00, 0x00, 0x00, 0x00
.byte 0x00, 0x00, 0x00, 0x00, 0x00, 0x00, 0x00, 0x00, 0x00, 0x00, 0x00, 0x00, 0x00, 0x00, 0x00, 0x00
.byte 0x00, 0x00, 0x00, 0x00, 0x00, 0x00, 0x9e, 0xd6, 0x5a, 0x6b, 0x99, 0x31, 0x99, 0x31, 0x99, 0x31
.byte 0x99, 0x31, 0x99, 0x31, 0x99, 0x31, 0x99, 0x31, 0x99, 0x31, 0x99, 0x31, 0x99, 0x31, 0x99, 0x31
.byte 0x99, 0x31, 0x99, 0x31, 0x99, 0x31, 0x99, 0x31, 0x99, 0x31, 0x99, 0x31, 0x99, 0x31, 0x99, 0x31
.byte 0x5a, 0x6b, 0x38, 0xc6, 0x3c, 0xe7, 0xdf, 0xff, 0x00, 0x00, 0x00, 0x00, 0x00, 0x00, 0x00, 0x00
.byte 0x00, 0x00, 0x00, 0x00, 0x00, 0x00, 0x00, 0x00, 0x00, 0x00, 0x00, 0x00, 0x00, 0x00, 0x00, 0x00
.byte 0x00, 0x00, 0x00, 0x00, 0x00, 0x00, 0x00, 0x00, 0x00, 0x00, 0x00, 0x00, 0x00, 0x00, 0x00, 0x00
.byte 0x00, 0x00, 0x1e, 0xe7, 0x99, 0x31, 0x99, 0x31, 0x99, 0x31, 0x99, 0x31, 0x99, 0x31, 0x99, 0x31
.byte 0x99, 0x31, 0x5a, 0x6b, 0x38, 0xc6, 0xdb, 0xde, 0x9e, 0xf7, 0xdf, 0xff, 0x00, 0x00, 0x00, 0x00
.byte 0x00, 0x00, 0x00, 0x00, 0x00, 0x00, 0x00, 0x00, 0x00, 0x00, 0x00, 0x00, 0x00, 0x00, 0x00, 0x00
.byte 0x00, 0x00, 0x00, 0x00, 0x00, 0x00, 0x00, 0x00, 0x00, 0x00, 0x00, 0x00, 0x00, 0x00, 0x00, 0x00
.byte 0x00, 0x00, 0x00, 0x00, 0x00, 0x00, 0x00, 0x00, 0x00, 0x00, 0x00, 0x00, 0x00, 0x00, 0x00, 0x00
.byte 0x00, 0x00, 0x00, 0x00, 0x00, 0x00, 0x00, 0x00, 0x00, 0x00, 0x00, 0x00, 0x00, 0x00, 0x00, 0x00
.byte 0x00, 0x00, 0x00, 0x00, 0x00, 0x00, 0x00, 0x00, 0x00, 0x00, 0x00, 0x00, 0x00, 0x00, 0x00, 0x00
.byte 0x00, 0x00, 0x00, 0x00, 0x00, 0x00, 0x00, 0x00, 0x00, 0x00, 0x00, 0x00, 0x00, 0x00, 0x00, 0x00
.byte 0x00, 0x00, 0x00, 0x00, 0x00, 0x00, 0x00, 0x00, 0x00, 0x00, 0x00, 0x00, 0x00, 0x00, 0x00, 0x00
.byte 0x00, 0x00, 0x00, 0x00, 0x00, 0x00, 0x00, 0x00, 0x00, 0x00, 0x00, 0x00, 0x00, 0x00, 0x00, 0x00
.byte 0x00, 0x00, 0x00, 0x00, 0x00, 0x00, 0x00, 0x00, 0x00, 0x00, 0x00, 0x00, 0x00, 0x00, 0x00, 0x00
.byte 0x00, 0x00, 0x00, 0x00, 0x00, 0x00, 0x00, 0x00, 0x00, 0x00, 0x00, 0x00, 0x00, 0x00, 0x00, 0x00
.byte 0x00, 0x00, 0x00, 0x00, 0x00, 0x00, 0x00, 0x00, 0x00, 0x00, 0x00, 0x00, 0x00, 0x00, 0x00, 0x00
.byte 0x00, 0x00, 0x00, 0x00, 0x00, 0x00, 0x00, 0x00, 0x00, 0x00, 0x00, 0x00, 0x00, 0x00, 0x00, 0x00
.byte 0xfb, 0x7b, 0x99, 0x31, 0x99, 0x31, 0x99, 0x31, 0x99, 0x31, 0x99, 0x31, 0x99, 0x31, 0x99, 0x31
.byte 0x99, 0x31, 0x99, 0x31, 0x99, 0x31, 0x99, 0x31, 0x99, 0x31, 0x99, 0x31, 0x99, 0x31, 0x99, 0x31
.byte 0x99, 0x31, 0x99, 0x31, 0x99, 0x31, 0x99, 0x31, 0x99, 0x31, 0x99, 0x31, 0x99, 0x31, 0x99, 0x31
.byte 0x99, 0x31, 0x99, 0x31, 0xcd, 0x39, 0xcb, 0x5a, 0x71, 0x8c, 0x38, 0xc6, 0x9e, 0xf7, 0x00, 0x00
.byte 0x00, 0x00, 0x00, 0x00, 0x00, 0x00, 0x00, 0x00, 0x00, 0x00, 0x00, 0x00, 0x00, 0x00, 0x00, 0x00
.byte 0x00, 0x00, 0x00, 0x00, 0x00, 0x00, 0x00, 0x00, 0x00, 0x00, 0x00, 0x00, 0x00, 0x00, 0x00, 0x00
.byte 0x00, 0x00, 0x00, 0x00, 0x00, 0x00, 0x00, 0x00, 0x00, 0x00, 0x00, 0x00, 0x00, 0x00, 0x00, 0x00
.byte 0x00, 0x00, 0x00, 0x00, 0x00, 0x00, 0x00, 0x00, 0x00, 0x00, 0x00, 0x00, 0x00, 0x00, 0x00, 0x00
.byte 0x00, 0x00, 0x00, 0x00, 0x00, 0x00, 0x00, 0x00, 0x00, 0x00, 0x00, 0x00, 0x00, 0x00, 0x00, 0x00
.byte 0x00, 0x00, 0x00, 0x00, 0x00, 0x00, 0x00, 0x00, 0x00, 0x00, 0x00, 0x00, 0x00, 0x00, 0x00, 0x00
.byte 0x00, 0x00, 0x9e, 0xf7, 0x9c, 0x94, 0xd8, 0x39, 0x99, 0x31, 0x99, 0x31, 0x99, 0x31, 0x99, 0x31
.byte 0x99, 0x31, 0x99, 0x31, 0x99, 0x31, 0x99, 0x31, 0x99, 0x31, 0x99, 0x31, 0x99, 0x31, 0x99, 0x31
.byte 0x99, 0x31, 0x99, 0x31, 0x99, 0x31, 0x99, 0x31, 0x99, 0x31, 0x99, 0x31, 0x99, 0x31, 0x99, 0x31
.byte 0x99, 0x31, 0x35, 0xa5, 0x38, 0xc6, 0x3c, 0xe7, 0xdf, 0xff, 0x00, 0x00, 0x00, 0x00, 0x00, 0x00
.byte 0x00, 0x00, 0x00, 0x00, 0x00, 0x00, 0x00, 0x00, 0x00, 0x00, 0x00, 0x00, 0x00, 0x00, 0x00, 0x00
.byte 0x00, 0x00, 0x00, 0x00, 0x00, 0x00, 0x00, 0x00, 0x00, 0x00, 0x00, 0x00, 0x00, 0x00, 0x00, 0x00
.byte 0x00, 0x00, 0x1d, 0xc6, 0x99, 0x31, 0x99, 0x31, 0x99, 0x31, 0x99, 0x31, 0x99, 0x31, 0x99, 0x31
.byte 0x99, 0x31, 0x50, 0x4a, 0xd3, 0x9c, 0xb6, 0xb5, 0xdb, 0xde, 0x9e, 0xf7, 0x00, 0x00, 0x00, 0x00
.byte 0x00, 0x00, 0x00, 0x00, 0x00, 0x00, 0x00, 0x00, 0x00, 0x00, 0x00, 0x00, 0x00, 0x00, 0x00, 0x00
.byte 0x00, 0x00, 0x00, 0x00, 0x00, 0x00, 0x00, 0x00, 0x00, 0x00, 0x00, 0x00, 0x00, 0x00, 0x00, 0x00
.byte 0x00, 0x00, 0x00, 0x00, 0x00, 0x00, 0x00, 0x00, 0x00, 0x00, 0x00, 0x00, 0x00, 0x00, 0x00, 0x00
.byte 0x00, 0x00, 0x00, 0x00, 0x00, 0x00, 0x00, 0x00, 0x00, 0x00, 0x00, 0x00, 0x00, 0x00, 0x00, 0x00
.byte 0x00, 0x00, 0x00, 0x00, 0x00, 0x00, 0x00, 0x00, 0x00, 0x00, 0x00, 0x00, 0x00, 0x00, 0x00, 0x00
.byte 0x00, 0x00, 0x00, 0x00, 0x00, 0x00, 0x00, 0x00, 0x00, 0x00, 0x00, 0x00, 0x00, 0x00, 0x00, 0x00
.byte 0x00, 0x00, 0x00, 0x00, 0x00, 0x00, 0x00, 0x00, 0x00, 0x00, 0x00, 0x00, 0x00, 0x00, 0x00, 0x00
.byte 0x00, 0x00, 0x00, 0x00, 0x00, 0x00, 0x00, 0x00, 0x00, 0x00, 0x00, 0x00, 0x00, 0x00, 0x00, 0x00
.byte 0x00, 0x00, 0x00, 0x00, 0x00, 0x00, 0x00, 0x00, 0x00, 0x00, 0x00, 0x00, 0x00, 0x00, 0x00, 0x00
.byte 0x00, 0x00, 0x00, 0x00, 0x00, 0x00, 0x00, 0x00, 0x00, 0x00, 0x00, 0x00, 0x00, 0x00, 0x00, 0x00
.byte 0x00, 0x00, 0x00, 0x00, 0x00, 0x00, 0x00, 0x00, 0x00, 0x00, 0x00, 0x00, 0x00, 0x00, 0x00, 0x00
.byte 0x00, 0x00, 0x00, 0x00, 0x00, 0x00, 0x00, 0x00, 0x00, 0x00, 0x00, 0x00, 0x00, 0x00, 0x9c, 0x94
.byte 0x99, 0x31, 0x99, 0x31, 0x99, 0x31, 0x99, 0x31, 0x99, 0x31, 0x99, 0x31, 0x99, 0x31, 0x99, 0x31
.byte 0x99, 0x31, 0x99, 0x31, 0x99, 0x31, 0x99, 0x31, 0x99, 0x31, 0x99, 0x31, 0x99, 0x31, 0x99, 0x31
.byte 0x99, 0x31, 0x99, 0x31, 0x99, 0x31, 0x99, 0x31, 0x99, 0x31, 0x99, 0x31, 0x99, 0x31, 0x99, 0x31
.byte 0x99, 0x31, 0x99, 0x31, 0xcd, 0x39, 0xcb, 0x5a, 0xf0, 0x7b, 0xb6, 0xb5, 0x3c, 0xe7, 0xdf, 0xff
.byte 0x00, 0x00, 0x00, 0x00, 0x00, 0x00, 0x00, 0x00, 0x00, 0x00, 0x00, 0x00, 0x00, 0x00, 0x00, 0x00
.byte 0x00, 0x00, 0x00, 0x00, 0x00, 0x00, 0x00, 0x00, 0x00, 0x00, 0x00, 0x00, 0x00, 0x00, 0x00, 0x00
.byte 0x00, 0x00, 0x00, 0x00, 0x00, 0x00, 0x00, 0x00, 0x00, 0x00, 0x00, 0x00, 0x00, 0x00, 0x00, 0x00
.byte 0x00, 0x00, 0x00, 0x00, 0x00, 0x00, 0x00, 0x00, 0x00, 0x00, 0x00, 0x00, 0x00, 0x00, 0x00, 0x00
.byte 0x00, 0x00, 0x00, 0x00, 0x00, 0x00, 0x00, 0x00, 0x00, 0x00, 0x00, 0x00, 0x00, 0x00, 0x00, 0x00
.byte 0x00, 0x00, 0x00, 0x00, 0x00, 0x00, 0x00, 0x00, 0x00, 0x00, 0x00, 0x00, 0x00, 0x00, 0x00, 0x00
.byte 0x9e, 0xd6, 0x5a, 0x6b, 0x99, 0x31, 0x99, 0x31, 0x99, 0x31, 0x99, 0x31, 0x99, 0x31, 0x99, 0x31
.byte 0x99, 0x31, 0x99, 0x31, 0x99, 0x31, 0x99, 0x31, 0x99, 0x31, 0x99, 0x31, 0x99, 0x31, 0x99, 0x31
.byte 0x99, 0x31, 0x99, 0x31, 0x99, 0x31, 0x99, 0x31, 0x99, 0x31, 0x99, 0x31, 0x99, 0x31, 0x99, 0x31
.byte 0x99, 0x31, 0xf4, 0x5a, 0x35, 0xa5, 0xdb, 0xde, 0x9e, 0xf7, 0xdf, 0xff, 0x00, 0x00, 0x00, 0x00
.byte 0x00, 0x00, 0x00, 0x00, 0x00, 0x00, 0x00, 0x00, 0x00, 0x00, 0x00, 0x00, 0x00, 0x00, 0x00, 0x00
.byte 0x00, 0x00, 0x00, 0x00, 0x00, 0x00, 0x00, 0x00, 0x00, 0x00, 0x00, 0x00, 0x00, 0x00, 0x00, 0x00
.byte 0x00, 0x00, 0x1b, 0xa5, 0x99, 0x31, 0x99, 0x31, 0x99, 0x31, 0x99, 0x31, 0x99, 0x31, 0x99, 0x31
.byte 0x99, 0x31, 0x50, 0x4a, 0x6d, 0x6b, 0xd3, 0x9c, 0x38, 0xc6, 0x3c, 0xe7, 0xdf, 0xff, 0x00, 0x00
.byte 0x00, 0x00, 0x00, 0x00, 0x00, 0x00, 0x00, 0x00, 0x00, 0x00, 0x00, 0x00, 0x00, 0x00, 0x00, 0x00
.byte 0x00, 0x00, 0x00, 0x00, 0x00, 0x00, 0x00, 0x00, 0x00, 0x00, 0x00, 0x00, 0x00, 0x00, 0x00, 0x00
.byte 0x00, 0x00, 0x00, 0x00, 0x00, 0x00, 0x00, 0x00, 0x00, 0x00, 0x00, 0x00, 0x00, 0x00, 0x00, 0x00
.byte 0x00, 0x00, 0x9f, 0xf7, 0x1d, 0xc6, 0x9e, 0xd6, 0x1e, 0xe7, 0x9f, 0xf7, 0x00, 0x00, 0x00, 0x00
.byte 0x00, 0x00, 0x00, 0x00, 0x00, 0x00, 0x00, 0x00, 0x00, 0x00, 0x00, 0x00, 0x00, 0x00, 0x00, 0x00
.byte 0x00, 0x00, 0x00, 0x00, 0x00, 0x00, 0x00, 0x00, 0x00, 0x00, 0x00, 0x00, 0x00, 0x00, 0x00, 0x00
.byte 0x00, 0x00, 0x00, 0x00, 0x00, 0x00, 0x00, 0x00, 0x00, 0x00, 0x00, 0x00, 0x00, 0x00, 0x00, 0x00
.byte 0x00, 0x00, 0x00, 0x00, 0x00, 0x00, 0x00, 0x00, 0x00, 0x00, 0x00, 0x00, 0x00, 0x00, 0x00, 0x00
.byte 0x00, 0x00, 0x00, 0x00, 0x00, 0x00, 0x00, 0x00, 0x00, 0x00, 0x00, 0x00, 0x00, 0x00, 0x00, 0x00
.byte 0x00, 0x00, 0x00, 0x00, 0x00, 0x00, 0x00, 0x00, 0x00, 0x00, 0x00, 0x00, 0x00, 0x00, 0x00, 0x00
.byte 0x00, 0x00, 0x00, 0x00, 0x00, 0x00, 0x00, 0x00, 0x00, 0x00, 0x00, 0x00, 0x00, 0x00, 0x00, 0x00
.byte 0x00, 0x00, 0x00, 0x00, 0x00, 0x00, 0x00, 0x00, 0x00, 0x00, 0xdf, 0xff, 0xfb, 0x7b, 0x99, 0x31
.byte 0x99, 0x31, 0x99, 0x31, 0x99, 0x31, 0x99, 0x31, 0x99, 0x31, 0x99, 0x31, 0x99, 0x31, 0x99, 0x31
.byte 0x99, 0x31, 0x99, 0x31, 0x99, 0x31, 0x99, 0x31, 0x99, 0x31, 0x99, 0x31, 0x99, 0x31, 0x99, 0x31
.byte 0x99, 0x31, 0x99, 0x31, 0x99, 0x31, 0x99, 0x31, 0x99, 0x31, 0x99, 0x31, 0x99, 0x31, 0x99, 0x31
.byte 0x99, 0x31, 0x99, 0x31, 0xb3, 0x31, 0x69, 0x4a, 0xf0, 0x7b, 0xb6, 0xb5, 0x3c, 0xe7, 0xdf, 0xff
.byte 0x00, 0x00, 0x00, 0x00, 0x00, 0x00, 0x00, 0x00, 0x00, 0x00, 0x00, 0x00, 0x00, 0x00, 0x00, 0x00
.byte 0x00, 0x00, 0x00, 0x00, 0x00, 0x00, 0x00, 0x00, 0x00, 0x00, 0x00, 0x00, 0x00, 0x00, 0x00, 0x00
.byte 0x00, 0x00, 0x00, 0x00, 0x00, 0x00, 0x00, 0x00, 0x00, 0x00, 0x00, 0x00, 0x00, 0x00, 0x00, 0x00
.byte 0x00, 0x00, 0x00, 0x00, 0x00, 0x00, 0x00, 0x00, 0x00, 0x00, 0x00, 0x00, 0x00, 0x00, 0x00, 0x00
.byte 0x00, 0x00, 0x00, 0x00, 0x00, 0x00, 0x00, 0x00, 0x00, 0x00, 0x00, 0x00, 0x00, 0x00, 0x00, 0x00
.byte 0x00, 0x00, 0x00, 0x00, 0x00, 0x00, 0x00, 0x00, 0x00, 0x00, 0x00, 0x00, 0x9f, 0xf7, 0x9c, 0x94
.byte 0x99, 0x31, 0x99, 0x31, 0x99, 0x31, 0x99, 0x31, 0x99, 0x31, 0x99, 0x31, 0x99, 0x31, 0x99, 0x31
.byte 0x99, 0x31, 0x99, 0x31, 0x99, 0x31, 0x99, 0x31, 0x99, 0x31, 0x99, 0x31, 0x99, 0x31, 0x99, 0x31
.byte 0x99, 0x31, 0x99, 0x31, 0x99, 0x31, 0x99, 0x31, 0x99, 0x31, 0x99, 0x31, 0x99, 0x31, 0x99, 0x31
.byte 0x99, 0x31, 0x50, 0x4a, 0xf0, 0x7b, 0xb6, 0xb5, 0x3c, 0xe7, 0xdf, 0xff, 0x00, 0x00, 0x00, 0x00
.byte 0x00, 0x00, 0x00, 0x00, 0x00, 0x00, 0x00, 0x00, 0x00, 0x00, 0x00, 0x00, 0x00, 0x00, 0x00, 0x00
.byte 0x00, 0x00, 0x00, 0x00, 0x00, 0x00, 0x00, 0x00, 0x00, 0x00, 0x00, 0x00, 0x00, 0x00, 0x00, 0x00
.byte 0x00, 0x00, 0x9c, 0x94, 0x99, 0x31, 0x99, 0x31, 0x99, 0x31, 0x99, 0x31, 0x99, 0x31, 0x99, 0x31
.byte 0x99, 0x31, 0xcd, 0x39, 0xcb, 0x5a, 0xf0, 0x7b, 0xb6, 0xb5, 0xdb, 0xde, 0xdf, 0xff, 0x00, 0x00
.byte 0x00, 0x00, 0x00, 0x00, 0x00, 0x00, 0x00, 0x00, 0x00, 0x00, 0x00, 0x00, 0x00, 0x00, 0x00, 0x00
.byte 0x00, 0x00, 0x00, 0x00, 0x00, 0x00, 0x00, 0x00, 0x00, 0x00, 0x00, 0x00, 0x00, 0x00, 0x00, 0x00
.byte 0x00, 0x00, 0x00, 0x00, 0x00, 0x00, 0x00, 0x00, 0x00, 0x00, 0x00, 0x00, 0x00, 0x00, 0x00, 0x00
.byte 0x00, 0x00, 0xfb, 0x7b, 0x99, 0x31, 0x99, 0x31, 0xd8, 0x39, 0x99, 0x52, 0xf4, 0x5a, 0xfb, 0x7b
.byte 0x1d, 0xc6, 0x1e, 0xe7, 0x00, 0x00, 0x00, 0x00, 0x00, 0x00, 0x00, 0x00, 0x00, 0x00, 0x00, 0x00
.byte 0x00, 0x00, 0x00, 0x00, 0x00, 0x00, 0x00, 0x00, 0x00, 0x00, 0x00, 0x00, 0x00, 0x00, 0x00, 0x00
.byte 0x00, 0x00, 0x00, 0x00, 0x00, 0x00, 0x00, 0x00, 0x00, 0x00, 0x00, 0x00, 0x00, 0x00, 0x00, 0x00
.byte 0x00, 0x00, 0x00, 0x00, 0x00, 0x00, 0x00, 0x00, 0x00, 0x00, 0x00, 0x00, 0x00, 0x00, 0x00, 0x00
.byte 0x00, 0x00, 0x00, 0x00, 0x00, 0x00, 0x00, 0x00, 0x00, 0x00, 0x00, 0x00, 0x00, 0x00, 0x00, 0x00
.byte 0x00, 0x00, 0x00, 0x00, 0x00, 0x00, 0x00, 0x00, 0x00, 0x00, 0x00, 0x00, 0x00, 0x00, 0x00, 0x00
.byte 0x00, 0x00, 0x00, 0x00, 0x00, 0x00, 0x00, 0x00, 0x00, 0x00, 0x00, 0x00, 0x00, 0x00, 0x00, 0x00
.byte 0x00, 0x00, 0x00, 0x00, 0x00, 0x00, 0x00, 0x00, 0x3c, 0xe7, 0x5a, 0x6b, 0x99, 0x31, 0x99, 0x31
.byte 0x99, 0x31, 0x99, 0x31, 0x99, 0x31, 0x99, 0x31, 0x99, 0x31, 0x99, 0x31, 0x99, 0x31, 0x99, 0x31
.byte 0x99, 0x31, 0x99, 0x31, 0x99, 0x31, 0x99, 0x31, 0x99, 0x31, 0x99, 0x31, 0x99, 0x31, 0x99, 0x31
.byte 0x99, 0x31, 0x99, 0x31, 0x99, 0x31, 0x99, 0x31, 0x99, 0x31, 0x99, 0x31, 0x99, 0x31, 0x99, 0x31
.byte 0x99, 0x31, 0x99, 0x31, 0xcd, 0x39, 0x69, 0x4a, 0x6d, 0x6b, 0x35, 0xa5, 0xdb, 0xde, 0xdf, 0xff
.byte 0x00, 0x00, 0x00, 0x00, 0x00, 0x00, 0x00, 0x00, 0x00, 0x00, 0x00, 0x00, 0x00, 0x00, 0x00, 0x00
.byte 0x00, 0x00, 0x00, 0x00, 0x00, 0x00, 0x00, 0x00, 0x00, 0x00, 0x00, 0x00, 0x00, 0x00, 0x00, 0x00
.byte 0x00, 0x00, 0x00, 0x00, 0x00, 0x00, 0x00, 0x00, 0x00, 0x00, 0x00, 0x00, 0x00, 0x00, 0x00, 0x00
.byte 0x00, 0x00, 0x00, 0x00, 0x00, 0x00, 0x00, 0x00, 0x00, 0x00, 0x00, 0x00, 0x00, 0x00, 0x00, 0x00
.byte 0x00, 0x00, 0x00, 0x00, 0x00, 0x00, 0x00, 0x00, 0x00, 0x00, 0x00, 0x00, 0x00, 0x00, 0x00, 0x00
.byte 0x00, 0x00, 0x00, 0x00, 0x00, 0x00, 0x00, 0x00, 0x00, 0x00, 0x9f, 0xf7, 0x5a, 0x6b, 0x99, 0x31
.byte 0x99, 0x31, 0x99, 0x31, 0x99, 0x31, 0x99, 0x31, 0x99, 0x31, 0x99, 0x31, 0x99, 0x31, 0x99, 0x31
.byte 0x99, 0x31, 0x99, 0x31, 0x99, 0x31, 0x99, 0x31, 0x99, 0x31, 0x99, 0x31, 0x99, 0x31, 0x99, 0x31
.byte 0x99, 0x31, 0x99, 0x31, 0x99, 0x31, 0x99, 0x31, 0x99, 0x31, 0x99, 0x31, 0x99, 0x31, 0x99, 0x31
.byte 0x99, 0x31, 0xb3, 0x31, 0x6d, 0x6b, 0xd3, 0x9c, 0x38, 0xc6, 0x9e, 0xf7, 0x00, 0x00, 0x00, 0x00
.byte 0x00, 0x00, 0x00, 0x00, 0x00, 0x00, 0x00, 0x00, 0x00, 0x00, 0x00, 0x00, 0x00, 0x00, 0x00, 0x00
.byte 0x00, 0x00, 0x00, 0x00, 0x00, 0x00, 0x00, 0x00, 0x00, 0x00, 0x00, 0x00, 0x00, 0x00, 0x00, 0x00
.byte 0xdf, 0xff, 0x5a, 0x6b, 0x99, 0x31, 0x99, 0x31, 0x99, 0x31, 0x99, 0x31, 0x99, 0x31, 0x99, 0x31
.byte 0x99, 0x31, 0xcd, 0x39, 0x69, 0x4a, 0x6d, 0x6b, 0x35, 0xa5, 0xdb, 0xde, 0x9e, 0xf7, 0x00, 0x00
.byte 0x00, 0x00, 0x00, 0x00, 0x00, 0x00, 0x00, 0x00, 0x00, 0x00, 0x00, 0x00, 0x00, 0x00, 0x00, 0x00
.byte 0x00, 0x00, 0x00, 0x00, 0x00, 0x00, 0x00, 0x00, 0x00, 0x00, 0x00, 0x00, 0x00, 0x00, 0x00, 0x00
.byte 0x00, 0x00, 0x00, 0x00, 0x00, 0x00, 0x00, 0x00, 0x00, 0x00, 0x00, 0x00, 0x00, 0x00, 0x00, 0x00
.byte 0xdf, 0xff, 0x99, 0x52, 0x99, 0x31, 0x99, 0x31, 0x99, 0x31, 0x99, 0x31, 0x99, 0x31, 0x99, 0x31
.byte 0x99, 0x31, 0xd8, 0x39, 0x99, 0x52, 0xfb, 0x7b, 0x1b, 0xa5, 0x9e, 0xd6, 0x3c, 0xe7, 0x00, 0x00
.byte 0x00, 0x00, 0x00, 0x00, 0x00, 0x00, 0x00, 0x00, 0x00, 0x00, 0x00, 0x00, 0x00, 0x00, 0x00, 0x00
.byte 0x00, 0x00, 0x00, 0x00, 0x00, 0x00, 0x00, 0x00, 0x00, 0x00, 0x00, 0x00, 0x00, 0x00, 0x00, 0x00
.byte 0x00, 0x00, 0x00, 0x00, 0x00, 0x00, 0x00, 0x00, 0x00, 0x00, 0x00, 0x00, 0x00, 0x00, 0x00, 0x00
.byte 0x00, 0x00, 0x00, 0x00, 0x00, 0x00, 0x00, 0x00, 0x00, 0x00, 0x00, 0x00, 0x00, 0x00, 0x00, 0x00
.byte 0x00, 0x00, 0x00, 0x00, 0x00, 0x00, 0x00, 0x00, 0x00, 0x00, 0x00, 0x00, 0x00, 0x00, 0x00, 0x00
.byte 0x00, 0x00, 0x00, 0x00, 0x00, 0x00, 0x00, 0x00, 0x00, 0x00, 0x00, 0x00, 0x00, 0x00, 0x00, 0x00
.byte 0x00, 0x00, 0x00, 0x00, 0x00, 0x00, 0x1d, 0xc6, 0x99, 0x52, 0x99, 0x31, 0x99, 0x31, 0x99, 0x31
.byte 0x99, 0x31, 0x99, 0x31, 0x99, 0x31, 0x99, 0x31, 0x99, 0x31, 0x99, 0x31, 0x99, 0x31, 0x99, 0x31
.byte 0x99, 0x31, 0x99, 0x31, 0x99, 0x31, 0x99, 0x31, 0x99, 0x31, 0x99, 0x31, 0x99, 0x31, 0x99, 0x31
.byte 0x99, 0x31, 0x99, 0x31, 0x99, 0x31, 0x99, 0x31, 0x99, 0x31, 0x99, 0x31, 0x99, 0x31, 0x99, 0x31
.byte 0x99, 0x31, 0x99, 0x31, 0xcd, 0x39, 0x69, 0x4a, 0x6d, 0x6b, 0x35, 0xa5, 0xdb, 0xde, 0xdf, 0xff
.byte 0x00, 0x00, 0x00, 0x00, 0x00, 0x00, 0x00, 0x00, 0x00, 0x00, 0x00, 0x00, 0x00, 0x00, 0x00, 0x00
.byte 0x00, 0x00, 0x00, 0x00, 0x00, 0x00, 0x00, 0x00, 0x00, 0x00, 0x00, 0x00, 0x00, 0x00, 0x00, 0x00
.byte 0x00, 0x00, 0x00, 0x00, 0x00, 0x00, 0x00, 0x00, 0x00, 0x00, 0x00, 0x00, 0x00, 0x00, 0x00, 0x00
.byte 0x00, 0x00, 0x00, 0x00, 0x00, 0x00, 0x00, 0x00, 0x00, 0x00, 0x00, 0x00, 0x00, 0x00, 0x00, 0x00
.byte 0x00, 0x00, 0x00, 0x00, 0x00, 0x00, 0x00, 0x00, 0x00, 0x00, 0x00, 0x00, 0x00, 0x00, 0x00, 0x00
.byte 0x00, 0x00, 0x00, 0x00, 0x00, 0x00, 0x00, 0x00, 0x1d, 0xc6, 0x99, 0x52, 0x99, 0x31, 0x99, 0x31
.byte 0x99, 0x31, 0x99, 0x31, 0x99, 0x31, 0x99, 0x31, 0x99, 0x31, 0x99, 0x31, 0x99, 0x31, 0x99, 0x31
.byte 0x99, 0x31, 0x99, 0x31, 0x99, 0x31, 0x99, 0x31, 0x99, 0x31, 0x99, 0x31, 0x99, 0x31, 0x99, 0x31
.byte 0x99, 0x31, 0x99, 0x31, 0x99, 0x31, 0x99, 0x31, 0x99, 0x31, 0x99, 0x31, 0x99, 0x31, 0x99, 0x31
.byte 0x99, 0x31, 0xd8, 0x39, 0xcb, 0x5a, 0x71, 0x8c, 0xb6, 0xb5, 0x3c, 0xe7, 0xdf, 0xff, 0x00, 0x00
.byte 0x00, 0x00, 0x00, 0x00, 0x00, 0x00, 0x00, 0x00, 0x00, 0x00, 0x00, 0x00, 0x00, 0x00, 0x00, 0x00
.byte 0x00, 0x00, 0x00, 0x00, 0x00, 0x00, 0x00, 0x00, 0x00, 0x00, 0x00, 0x00, 0x00, 0x00, 0x00, 0x00
.byte 0x00, 0x00, 0x5a, 0x6b, 0x99, 0x31, 0x99, 0x31, 0x99, 0x31, 0x99, 0x31, 0x99, 0x31, 0x99, 0x31
.byte 0x99, 0x31, 0xb3, 0x31, 0x69, 0x4a, 0x6d, 0x6b, 0x35, 0xa5, 0xdb, 0xde, 0x9e, 0xf7, 0x00, 0x00
.byte 0x00, 0x00, 0x00, 0x00, 0x00, 0x00, 0x00, 0x00, 0x00, 0x00, 0x00, 0x00, 0x00, 0x00, 0x00, 0x00
.byte 0x00, 0x00, 0x00, 0x00, 0x00, 0x00, 0x00, 0x00, 0x00, 0x00, 0x00, 0x00, 0x00, 0x00, 0x00, 0x00
.byte 0x00, 0x00, 0x00, 0x00, 0x00, 0x00, 0x00, 0x00, 0x00, 0x00, 0x00, 0x00, 0x00, 0x00, 0x00, 0x00
.byte 0xdf, 0xff, 0x99, 0x52, 0x99, 0x31, 0x99, 0x31, 0x99, 0x31, 0x99, 0x31, 0x99, 0x31, 0x99, 0x31
.byte 0x99, 0x31, 0x99, 0x31, 0x99, 0x31, 0x99, 0x31, 0x99, 0x31, 0x99, 0x31, 0xd8, 0x39, 0x5a, 0x6b
.byte 0xfb, 0x7b, 0x9c, 0xb5, 0x9e, 0xd6, 0x9e, 0xf7, 0x00, 0x00, 0x00, 0x00, 0x00, 0x00, 0x00, 0x00
.byte 0x00, 0x00, 0x00, 0x00, 0x00, 0x00, 0x00, 0x00, 0x00, 0x00, 0x00, 0x00, 0x00, 0x00, 0x00, 0x00
.byte 0x00, 0x00, 0x00, 0x00, 0x00, 0x00, 0x00, 0x00, 0x00, 0x00, 0x00, 0x00, 0x00, 0x00, 0x00, 0x00
.byte 0x00, 0x00, 0x00, 0x00, 0x00, 0x00, 0x00, 0x00, 0x00, 0x00, 0x00, 0x00, 0x00, 0x00, 0x00, 0x00
.byte 0x00, 0x00, 0x00, 0x00, 0x00, 0x00, 0x00, 0x00, 0x00, 0x00, 0x00, 0x00, 0x00, 0x00, 0x00, 0x00
.byte 0x00, 0x00, 0x00, 0x00, 0x00, 0x00, 0x00, 0x00, 0x00, 0x00, 0x00, 0x00, 0x00, 0x00, 0x00, 0x00
.byte 0x00, 0x00, 0x9e, 0xd6, 0x5a, 0x6b, 0x99, 0x31, 0x99, 0x31, 0x99, 0x31, 0x99, 0x31, 0x99, 0x31
.byte 0x99, 0x31, 0x99, 0x31, 0x99, 0x31, 0x99, 0x31, 0x99, 0x31, 0x99, 0x31, 0x99, 0x31, 0x99, 0x31
.byte 0x99, 0x31, 0x99, 0x31, 0x99, 0x31, 0x99, 0x31, 0x99, 0x31, 0x99, 0x31, 0x99, 0x31, 0x99, 0x31
.byte 0x99, 0x31, 0x99, 0x31, 0x99, 0x31, 0x99, 0x31, 0x99, 0x31, 0x99, 0x31, 0x99, 0x31, 0x99, 0x31
.byte 0x99, 0x31, 0x99, 0x31, 0xcd, 0x39, 0x69, 0x4a, 0x6d, 0x6b, 0x35, 0xa5, 0xdb, 0xde, 0x9e, 0xf7
.byte 0x00, 0x00, 0x00, 0x00, 0x00, 0x00, 0x00, 0x00, 0x00, 0x00, 0x00, 0x00, 0x00, 0x00, 0x00, 0x00
.byte 0x00, 0x00, 0x00, 0x00, 0x00, 0x00, 0x00, 0x00, 0x00, 0x00, 0x00, 0x00, 0x00, 0x00, 0x00, 0x00
.byte 0x00, 0x00, 0x00, 0x00, 0x00, 0x00, 0x00, 0x00, 0x00, 0x00, 0x00, 0x00, 0x00, 0x00, 0x00, 0x00
.byte 0x00, 0x00, 0x00, 0x00, 0x00, 0x00, 0x00, 0x00, 0x00, 0x00, 0x00, 0x00, 0x00, 0x00, 0x00, 0x00
.byte 0x00, 0x00, 0x00, 0x00, 0x00, 0x00, 0x00, 0x00, 0x00, 0x00, 0x00, 0x00, 0x00, 0x00, 0x00, 0x00
.byte 0x00, 0x00, 0x00, 0x00, 0xdf, 0xff, 0x9c, 0x94, 0xd8, 0x39, 0x99, 0x31, 0x99, 0x31, 0x99, 0x31
.byte 0x99, 0x31, 0x99, 0x31, 0x99, 0x31, 0x99, 0x31, 0x99, 0x31, 0x99, 0x31, 0x99, 0x31, 0x99, 0x31
.byte 0x99, 0x31, 0x99, 0x31, 0x99, 0x31, 0x99, 0x31, 0x99, 0x31, 0x99, 0x31, 0x99, 0x31, 0x99, 0x31
.byte 0x99, 0x31, 0x99, 0x31, 0x99, 0x31, 0x99, 0x31, 0x99, 0x31, 0x99, 0x31, 0x99, 0x31, 0x99, 0x31
.byte 0x99, 0x31, 0xd8, 0x39, 0x69, 0x4a, 0x6d, 0x6b, 0xb6, 0xb5, 0xdb, 0xde, 0xdf, 0xff, 0x00, 0x00
.byte 0x00, 0x00, 0x00, 0x00, 0x00, 0x00, 0x00, 0x00, 0x00, 0x00, 0x00, 0x00, 0x00, 0x00, 0x00, 0x00
.byte 0x00, 0x00, 0x00, 0x00, 0x00, 0x00, 0x00, 0x00, 0x00, 0x00, 0x00, 0x00, 0x00, 0x00, 0x00, 0x00
.byte 0xdf, 0xff, 0x5a, 0x6b, 0x99, 0x31, 0x99, 0x31, 0x99, 0x31, 0x99, 0x31, 0x99, 0x31, 0x99, 0x31
.byte 0x99, 0x31, 0xb3, 0x31, 0x69, 0x4a, 0x6d, 0x6b, 0xd3, 0x9c, 0xdb, 0xde, 0x9e, 0xf7, 0x00, 0x00
.byte 0x00, 0x00, 0x00, 0x00, 0x00, 0x00, 0x00, 0x00, 0x00, 0x00, 0x00, 0x00, 0x00, 0x00, 0x00, 0x00
.byte 0x00, 0x00, 0x00, 0x00, 0x00, 0x00, 0x00, 0x00, 0x00, 0x00, 0x00, 0x00, 0x00, 0x00, 0x00, 0x00
.byte 0x00, 0x00, 0x00, 0x00, 0x00, 0x00, 0x00, 0x00, 0x00, 0x00, 0x00, 0x00, 0x00, 0x00, 0x00, 0x00
.byte 0xdf, 0xff, 0x5a, 0x6b, 0x99, 0x31, 0x99, 0x31, 0x99, 0x31, 0x99, 0x31, 0x99, 0x31, 0x99, 0x31
.byte 0x99, 0x31, 0x99, 0x31, 0x99, 0x31, 0x99, 0x31, 0x99, 0x31, 0x99, 0x31, 0x99, 0x31, 0x99, 0x31
.byte 0x99, 0x31, 0x99, 0x31, 0x99, 0x31, 0xd8, 0x39, 0x5a, 0x6b, 0xfb, 0x7b, 0x9c, 0xb5, 0x9e, 0xd6
.byte 0x1e, 0xe7, 0xdf, 0xff, 0x00, 0x00, 0x00, 0x00, 0x00, 0x00, 0x00, 0x00, 0x00, 0x00, 0x00, 0x00
.byte 0x00, 0x00, 0x00, 0x00, 0x00, 0x00, 0x00, 0x00, 0x00, 0x00, 0x00, 0x00, 0x00, 0x00, 0x00, 0x00
.byte 0x00, 0x00, 0x00, 0x00, 0x00, 0x00, 0x00, 0x00, 0x00, 0x00, 0x00, 0x00, 0x00, 0x00, 0x00, 0x00
.byte 0x00, 0x00, 0x00, 0x00, 0x00, 0x00, 0x00, 0x00, 0x00, 0x00, 0x00, 0x00, 0x00, 0x00, 0x00, 0x00
.byte 0x00, 0x00, 0x00, 0x00, 0x00, 0x00, 0x00, 0x00, 0x00, 0x00, 0x00, 0x00, 0x9f, 0xf7, 0x9c, 0xb5
.byte 0x5a, 0x6b, 0x99, 0x31, 0x99, 0x31, 0x99, 0x31, 0x99, 0x31, 0x99, 0x31, 0x99, 0x31, 0x99, 0x31
.byte 0x99, 0x31, 0x99, 0x31, 0x99, 0x31, 0x99, 0x31, 0x99, 0x31, 0x99, 0x31, 0x99, 0x31, 0x99, 0x31
.byte 0x99, 0x31, 0x99, 0x31, 0x99, 0x31, 0x99, 0x31, 0x99, 0x31, 0x99, 0x31, 0x99, 0x31, 0x99, 0x31
.byte 0x99, 0x31, 0x99, 0x31, 0x99, 0x31, 0x99, 0x31, 0x99, 0x31, 0x99, 0x31, 0x99, 0x31, 0x99, 0x31
.byte 0x99, 0x31, 0x99, 0x31, 0xcd, 0x39, 0x69, 0x4a, 0x6d, 0x6b, 0xd3, 0x9c, 0xdb, 0xde, 0x9e, 0xf7
.byte 0x00, 0x00, 0x00, 0x00, 0x00, 0x00, 0x00, 0x00, 0x00, 0x00, 0x00, 0x00, 0x00, 0x00, 0x00, 0x00
.byte 0x00, 0x00, 0x00, 0x00, 0x00, 0x00, 0x00, 0x00, 0x00, 0x00, 0x00, 0x00, 0x00, 0x00, 0x00, 0x00
.byte 0x00, 0x00, 0x00, 0x00, 0x00, 0x00, 0x00, 0x00, 0x00, 0x00, 0x00, 0x00, 0x00, 0x00, 0x00, 0x00
.byte 0x00, 0x00, 0x00, 0x00, 0x00, 0x00, 0x00, 0x00, 0x00, 0x00, 0x00, 0x00, 0x00, 0x00, 0x00, 0x00
.byte 0x00, 0x00, 0x00, 0x00, 0x00, 0x00, 0x00, 0x00, 0x00, 0x00, 0x00, 0x00, 0x00, 0x00, 0x00, 0x00
.byte 0x00, 0x00, 0x1e, 0xe7, 0x5a, 0x6b, 0x99, 0x31, 0x99, 0x31, 0x99, 0x31, 0x99, 0x31, 0x99, 0x31
.byte 0x99, 0x31, 0x99, 0x31, 0x99, 0x31, 0x99, 0x31, 0x99, 0x31, 0x99, 0x31, 0x99, 0x31, 0x99, 0x31
.byte 0x99, 0x31, 0x99, 0x31, 0x99, 0x31, 0x99, 0x31, 0x99, 0x31, 0x99, 0x31, 0x99, 0x31, 0x99, 0x31
.byte 0x99, 0x31, 0x99, 0x31, 0x99, 0x31, 0x99, 0x31, 0x99, 0x31, 0x99, 0x31, 0x99, 0x31, 0x99, 0x31
.byte 0x99, 0x31, 0x99, 0x31, 0x69, 0x4a, 0x6d, 0x6b, 0xd3, 0x9c, 0xdb, 0xde, 0x9e, 0xf7, 0x00, 0x00
.byte 0x00, 0x00, 0x00, 0x00, 0x00, 0x00, 0x00, 0x00, 0x00, 0x00, 0x00, 0x00, 0x00, 0x00, 0x00, 0x00
.byte 0x00, 0x00, 0x00, 0x00, 0x00, 0x00, 0x00, 0x00, 0x00, 0x00, 0x00, 0x00, 0x00, 0x00, 0x00, 0x00
.byte 0x9f, 0xf7, 0x99, 0x52, 0x99, 0x31, 0x99, 0x31, 0x99, 0x31, 0x99, 0x31, 0x99, 0x31, 0x99, 0x31
.byte 0x99, 0x31, 0xb3, 0x31, 0x69, 0x4a, 0x6d, 0x6b, 0x35, 0xa5, 0xdb, 0xde, 0x9e, 0xf7, 0x00, 0x00
.byte 0x00, 0x00, 0x00, 0x00, 0x00, 0x00, 0x00, 0x00, 0x00, 0x00, 0x00, 0x00, 0x00, 0x00, 0x00, 0x00
.byte 0x00, 0x00, 0x00, 0x00, 0x00, 0x00, 0x00, 0x00, 0x00, 0x00, 0x00, 0x00, 0x00, 0x00, 0x00, 0x00
.byte 0x00, 0x00, 0x00, 0x00, 0x00, 0x00, 0x00, 0x00, 0x00, 0x00, 0x00, 0x00, 0x00, 0x00, 0x00, 0x00
.byte 0x00, 0x00, 0xfb, 0x7b, 0x99, 0x31, 0x99, 0x31, 0x99, 0x31, 0x99, 0x31, 0x99, 0x31, 0x99, 0x31
.byte 0x99, 0x31, 0x99, 0x31, 0x99, 0x31, 0x99, 0x31, 0x99, 0x31, 0x99, 0x31, 0x99, 0x31, 0x99, 0x31
.byte 0x99, 0x31, 0x99, 0x31, 0x99, 0x31, 0x99, 0x31, 0x99, 0x31, 0x99, 0x31, 0x99, 0x31, 0x99, 0x31
.byte 0xd8, 0x39, 0x99, 0x52, 0xfb, 0x7b, 0x9c, 0x94, 0x9c, 0xb5, 0x9e, 0xd6, 0x1e, 0xe7, 0x9f, 0xf7
.byte 0xdf, 0xff, 0x00, 0x00, 0x00, 0x00, 0x00, 0x00, 0x00, 0x00, 0x00, 0x00, 0x00, 0x00, 0x00, 0x00
.byte 0x00, 0x00, 0x00, 0x00, 0x00, 0x00, 0x00, 0x00, 0x00, 0x00, 0x00, 0x00, 0x00, 0x00, 0x00, 0x00
.byte 0x00, 0x00, 0x00, 0x00, 0x00, 0x00, 0x00, 0x00, 0x00, 0x00, 0x00, 0x00, 0x00, 0x00, 0x00, 0x00
.byte 0x00, 0x00, 0x00, 0x00, 0xdf, 0xff, 0x1e, 0xe7, 0x9c, 0xb5, 0x5a, 0x6b, 0x99, 0x52, 0x99, 0x31
.byte 0x99, 0x31, 0x99, 0x31, 0x99, 0x31, 0x99, 0x31, 0x99, 0x31, 0x99, 0x31, 0x99, 0x31, 0x99, 0x31
.byte 0x99, 0x31, 0x99, 0x31, 0x99, 0x31, 0x99, 0x31, 0x99, 0x31, 0x99, 0x31, 0x99, 0x31, 0x99, 0x31
.byte 0x99, 0x31, 0x99, 0x31, 0x99, 0x31, 0x99, 0x31, 0x99, 0x31, 0x99, 0x31, 0x99, 0x31, 0x99, 0x31
.byte 0x99, 0x31, 0x99, 0x31, 0x99, 0x31, 0x99, 0x31, 0x99, 0x31, 0x99, 0x31, 0x99, 0x31, 0x99, 0x31
.byte 0x99, 0x31, 0x99, 0x31, 0x08, 0x42, 0x69, 0x4a, 0x6d, 0x6b, 0xd3, 0x9c, 0xdb, 0xde, 0x9e, 0xf7
.byte 0x00, 0x00, 0x00, 0x00, 0x00, 0x00, 0x00, 0x00, 0x00, 0x00, 0x00, 0x00, 0x00, 0x00, 0x00, 0x00
.byte 0x00, 0x00, 0x00, 0x00, 0x00, 0x00, 0x00, 0x00, 0x00, 0x00, 0x00, 0x00, 0x00, 0x00, 0x00, 0x00
.byte 0x00, 0x00, 0x00, 0x00, 0x00, 0x00, 0x00, 0x00, 0x00, 0x00, 0x00, 0x00, 0x00, 0x00, 0x00, 0x00
.byte 0x00, 0x00, 0x00, 0x00, 0x00, 0x00, 0x00, 0x00, 0x00, 0x00, 0x00, 0x00, 0x00, 0x00, 0x00, 0x00
.byte 0x00, 0x00, 0x00, 0x00, 0x00, 0x00, 0x00, 0x00, 0x00, 0x00, 0x00, 0x00, 0x00, 0x00, 0x00, 0x00
.byte 0x1d, 0xc6, 0x99, 0x52, 0x99, 0x31, 0x99, 0x31, 0x99, 0x31, 0x99, 0x31, 0x99, 0x31, 0x99, 0x31
.byte 0x99, 0x31, 0x99, 0x31, 0x99, 0x31, 0x99, 0x31, 0x99, 0x31, 0x99, 0x31, 0x99, 0x31, 0x99, 0x31
.byte 0x99, 0x31, 0x99, 0x31, 0x99, 0x31, 0x99, 0x31, 0x99, 0x31, 0x99, 0x31, 0x99, 0x31, 0x99, 0x31
.byte 0x99, 0x31, 0x99, 0x31, 0x99, 0x31, 0x99, 0x31, 0x99, 0x31, 0x99, 0x31, 0x99, 0x31, 0x99, 0x31
.byte 0x99, 0x31, 0x99, 0x31, 0xcd, 0x39, 0xcb, 0x5a, 0xd3, 0x9c, 0x38, 0xc6, 0x9e, 0xf7, 0x00, 0x00
.byte 0x00, 0x00, 0x00, 0x00, 0x00, 0x00, 0x00, 0x00, 0x00, 0x00, 0x00, 0x00, 0x00, 0x00, 0x00, 0x00
.byte 0x00, 0x00, 0x00, 0x00, 0x00, 0x00, 0x00, 0x00, 0x00, 0x00, 0x00, 0x00, 0x00, 0x00, 0x00, 0x00
.byte 0x1e, 0xe7, 0xd8, 0x39, 0x99, 0x31, 0x99, 0x31, 0x99, 0x31, 0x99, 0x31, 0x99, 0x31, 0x99, 0x31
.byte 0x99, 0x31, 0xb3, 0x31, 0x69, 0x4a, 0x6d, 0x6b, 0xd3, 0x9c, 0xdb, 0xde, 0x9e, 0xf7, 0x00, 0x00
.byte 0x00, 0x00, 0x00, 0x00, 0x00, 0x00, 0x00, 0x00, 0x00, 0x00, 0x00, 0x00, 0x00, 0x00, 0x00, 0x00
.byte 0x00, 0x00, 0x00, 0x00, 0x00, 0x00, 0x00, 0x00, 0x00, 0x00, 0x00, 0x00, 0x00, 0x00, 0x00, 0x00
.byte 0x00, 0x00, 0x00, 0x00, 0x00, 0x00, 0x00, 0x00, 0x00, 0x00, 0x00, 0x00, 0x00, 0x00, 0x00, 0x00
.byte 0x00, 0x00, 0x9c, 0x94, 0x99, 0x31, 0x99, 0x31, 0x99, 0x31, 0x99, 0x31, 0x99, 0x31, 0x99, 0x31
.byte 0x99, 0x31, 0x99, 0x31, 0x99, 0x31, 0x99, 0x31, 0x99, 0x31, 0x99, 0x31, 0x99, 0x31, 0x99, 0x31
.byte 0x99, 0x31, 0x99, 0x31, 0x99, 0x31, 0x99, 0x31, 0x99, 0x31, 0x99, 0x31, 0x99, 0x31, 0x99, 0x31
.byte 0x99, 0x31, 0x99, 0x31, 0x99, 0x31, 0x99, 0x31, 0x99, 0x31, 0x99, 0x31, 0xd8, 0x39, 0x99, 0x52
.byte 0x99, 0x52, 0xfb, 0x7b, 0x78, 0x8c, 0x1b, 0xa5, 0x1d, 0xc6, 0x38, 0xc6, 0x1e, 0xe7, 0x1e, 0xe7
.byte 0x9f, 0xf7, 0xdf, 0xff, 0xdf, 0xff, 0x00, 0x00, 0x00, 0x00, 0x00, 0x00, 0x00, 0x00, 0x00, 0x00
.byte 0x00, 0x00, 0x00, 0x00, 0xdf, 0xff, 0xdf, 0xff, 0x1e, 0xe7, 0x1e, 0xe7, 0x38, 0xc6, 0x1d, 0xc6
.byte 0x78, 0x8c, 0xfb, 0x7b, 0x99, 0x52, 0xd8, 0x39, 0x99, 0x31, 0x99, 0x31, 0x99, 0x31, 0x99, 0x31
.byte 0x99, 0x31, 0x99, 0x31, 0x99, 0x31, 0x99, 0x31, 0x99, 0x31, 0x99, 0x31, 0x99, 0x31, 0x99, 0x31
.byte 0x99, 0x31, 0x99, 0x31, 0x99, 0x31, 0x99, 0x31, 0x99, 0x31, 0x99, 0x31, 0x99, 0x31, 0x99, 0x31
.byte 0x99, 0x31, 0x99, 0x31, 0x99, 0x31, 0x99, 0x31, 0x99, 0x31, 0x99, 0x31, 0x99, 0x31, 0x99, 0x31
.byte 0x99, 0x31, 0x99, 0x31, 0x99, 0x31, 0x99, 0x31, 0x99, 0x31, 0x99, 0x31, 0x99, 0x31, 0x99, 0x31
.byte 0x99, 0x31, 0xd8, 0x39, 0x08, 0x42, 0x69, 0x4a, 0x6d, 0x6b, 0x35, 0xa5, 0xdb, 0xde, 0x9e, 0xf7
.byte 0x00, 0x00, 0x00, 0x00, 0x00, 0x00, 0x00, 0x00, 0x00, 0x00, 0x00, 0x00, 0x00, 0x00, 0x00, 0x00
.byte 0x00, 0x00, 0x00, 0x00, 0x00, 0x00, 0x00, 0x00, 0x00, 0x00, 0x00, 0x00, 0x00, 0x00, 0x00, 0x00
.byte 0x00, 0x00, 0x00, 0x00, 0x00, 0x00, 0x00, 0x00, 0x00, 0x00, 0x00, 0x00, 0x00, 0x00, 0x00, 0x00
.byte 0x00, 0x00, 0x00, 0x00, 0x00, 0x00, 0x00, 0x00, 0x00, 0x00, 0x00, 0x00, 0x00, 0x00, 0x00, 0x00
.byte 0x00, 0x00, 0x00, 0x00, 0x00, 0x00, 0x00, 0x00, 0x00, 0x00, 0x00, 0x00, 0xdf, 0xff, 0x1b, 0xa5
.byte 0xd8, 0x39, 0x99, 0x31, 0x99, 0x31, 0x99, 0x31, 0x99, 0x31, 0x99, 0x31, 0x99, 0x31, 0x99, 0x31
.byte 0x99, 0x31, 0x99, 0x31, 0x99, 0x31, 0x99, 0x31, 0x99, 0x31, 0x99, 0x31, 0x99, 0x31, 0x99, 0x31
.byte 0x99, 0x31, 0x99, 0x31, 0x99, 0x31, 0x99, 0x31, 0x99, 0x31, 0x99, 0x31, 0x99, 0x31, 0x99, 0x31
.byte 0x99, 0x31, 0x99, 0x31, 0x99, 0x31, 0x99, 0x31, 0x99, 0x31, 0x99, 0x31, 0x99, 0x31, 0x99, 0x31
.byte 0x99, 0x31, 0x99, 0x31, 0xcd, 0x39, 0xcb, 0x5a, 0x71, 0x8c, 0x38, 0xc6, 0x9e, 0xf7, 0x00, 0x00
.byte 0x00, 0x00, 0x00, 0x00, 0x00, 0x00, 0x00, 0x00, 0x00, 0x00, 0x00, 0x00, 0x00, 0x00, 0x00, 0x00
.byte 0x00, 0x00, 0x00, 0x00, 0x00, 0x00, 0x00, 0x00, 0x00, 0x00, 0x00, 0x00, 0x00, 0x00, 0x00, 0x00
.byte 0x1e, 0xe7, 0xd8, 0x39, 0x99, 0x31, 0x99, 0x31, 0x99, 0x31, 0x99, 0x31, 0x99, 0x31, 0x99, 0x31
.byte 0x99, 0x31, 0xd8, 0x39, 0x69, 0x4a, 0x6d, 0x6b, 0xd3, 0x9c, 0xdb, 0xde, 0x9e, 0xf7, 0x00, 0x00
.byte 0x00, 0x00, 0x00, 0x00, 0x00, 0x00, 0x00, 0x00, 0x00, 0x00, 0x00, 0x00, 0x00, 0x00, 0x00, 0x00
.byte 0x00, 0x00, 0x00, 0x00, 0x00, 0x00, 0x00, 0x00, 0x00, 0x00, 0x00, 0x00, 0x00, 0x00, 0x00, 0x00
.byte 0x00, 0x00, 0x00, 0x00, 0x00, 0x00, 0x00, 0x00, 0x00, 0x00, 0x00, 0x00, 0x00, 0x00, 0x00, 0x00
.byte 0x00, 0x00, 0x1d, 0xc6, 0x99, 0x31, 0x99, 0x31, 0x99, 0x31, 0x99, 0x31, 0x99, 0x31, 0x99, 0x31
.byte 0x99, 0x31, 0x99, 0x31, 0x99, 0x31, 0x99, 0x31, 0x99, 0x31, 0x99, 0x31, 0x99, 0x31, 0x99, 0x31
.byte 0x99, 0x31, 0x99, 0x31, 0x99, 0x31, 0x99, 0x31, 0x99, 0x31, 0x99, 0x31, 0x99, 0x31, 0x99, 0x31
.byte 0x99, 0x31, 0x99, 0x31, 0x99, 0x31, 0x99, 0x31, 0x99, 0x31, 0x99, 0x31, 0x99, 0x31, 0x99, 0x31
.byte 0x99, 0x31, 0x99, 0x31, 0x99, 0x31, 0x99, 0x31, 0x99, 0x31, 0x99, 0x31, 0x99, 0x31, 0xd8, 0x39
.byte 0x99, 0x52, 0x99, 0x52, 0x99, 0x52, 0x99, 0x52, 0x5a, 0x6b, 0x5a, 0x6b, 0x5a, 0x6b, 0x5a, 0x6b
.byte 0x5a, 0x6b, 0x5a, 0x6b, 0x99, 0x52, 0x99, 0x52, 0xd8, 0x39, 0xd8, 0x39, 0x99, 0x31, 0x99, 0x31
.byte 0x99, 0x31, 0x99, 0x31, 0x99, 0x31, 0x99, 0x31, 0x99, 0x31, 0x99, 0x31, 0x99, 0x31, 0x99, 0x31
.byte 0x99, 0x31, 0x99, 0x31, 0x99, 0x31, 0x99, 0x31, 0x99, 0x31, 0x99, 0x31, 0x99, 0x31, 0x99, 0x31
.byte 0x99, 0x31, 0x99, 0x31, 0x99, 0x31, 0x99, 0x31, 0x99, 0x31, 0x99, 0x31, 0x99, 0x31, 0x99, 0x31
.byte 0x99, 0x31, 0x99, 0x31, 0x99, 0x31, 0x99, 0x31, 0x99, 0x31, 0x99, 0x31, 0x99, 0x31, 0x99, 0x31
.byte 0x99, 0x31, 0x99, 0x31, 0x99, 0x31, 0x99, 0x31, 0x99, 0x31, 0x99, 0x31, 0x99, 0x31, 0x99, 0x31
.byte 0x99, 0x31, 0xb3, 0x31, 0x08, 0x42, 0x69, 0x4a, 0x6d, 0x6b, 0x35, 0xa5, 0xdb, 0xde, 0xdf, 0xff
.byte 0x00, 0x00, 0x00, 0x00, 0x00, 0x00, 0x00, 0x00, 0x00, 0x00, 0x00, 0x00, 0x00, 0x00, 0x00, 0x00
.byte 0x00, 0x00, 0x00, 0x00, 0x00, 0x00, 0x00, 0x00, 0x00, 0x00, 0x00, 0x00, 0x00, 0x00, 0x00, 0x00
.byte 0x00, 0x00, 0x00, 0x00, 0x00, 0x00, 0x00, 0x00, 0x00, 0x00, 0x00, 0x00, 0x00, 0x00, 0x00, 0x00
.byte 0x00, 0x00, 0x00, 0x00, 0x00, 0x00, 0x00, 0x00, 0x00, 0x00, 0x00, 0x00, 0x00, 0x00, 0x00, 0x00
.byte 0x00, 0x00, 0x00, 0x00, 0x00, 0x00, 0x00, 0x00, 0x00, 0x00, 0x1e, 0xe7, 0x5a, 0x6b, 0x99, 0x31
.byte 0x99, 0x31, 0x99, 0x31, 0x99, 0x31, 0x99, 0x31, 0x99, 0x31, 0x99, 0x31, 0x99, 0x31, 0x99, 0x31
.byte 0x99, 0x31, 0x99, 0x31, 0x99, 0x31, 0x99, 0x31, 0x99, 0x31, 0x99, 0x31, 0x99, 0x31, 0x99, 0x31
.byte 0x99, 0x31, 0x99, 0x31, 0x99, 0x31, 0x99, 0x31, 0x99, 0x31, 0x99, 0x31, 0x99, 0x31, 0x99, 0x31
.byte 0x99, 0x31, 0x99, 0x31, 0x99, 0x31, 0x99, 0x31, 0x99, 0x31, 0x99, 0x31, 0x99, 0x31, 0x99, 0x31
.byte 0x99, 0x31, 0x99, 0x31, 0xcd, 0x39, 0xcb, 0x5a, 0xf0, 0x7b, 0x38, 0xc6, 0x3c, 0xe7, 0x00, 0x00
.byte 0x00, 0x00, 0x00, 0x00, 0x00, 0x00, 0x00, 0x00, 0x00, 0x00, 0x00, 0x00, 0x00, 0x00, 0x00, 0x00
.byte 0x00, 0x00, 0x00, 0x00, 0x00, 0x00, 0x00, 0x00, 0x00, 0x00, 0x00, 0x00, 0x00, 0x00, 0x00, 0x00
.byte 0x9e, 0xd6, 0x99, 0x31, 0x99, 0x31, 0x99, 0x31, 0x99, 0x31, 0x99, 0x31, 0x99, 0x31, 0x99, 0x31
.byte 0x99, 0x31, 0xd8, 0x39, 0x08, 0x42, 0x6d, 0x6b, 0xd3, 0x9c, 0x38, 0xc6, 0x9e, 0xf7, 0x00, 0x00
.byte 0x00, 0x00, 0x00, 0x00, 0x00, 0x00, 0x00, 0x00, 0x00, 0x00, 0x00, 0x00, 0x00, 0x00, 0x00, 0x00
.byte 0x00, 0x00, 0x00, 0x00, 0x00, 0x00, 0x00, 0x00, 0x00, 0x00, 0x00, 0x00, 0x00, 0x00, 0x00, 0x00
.byte 0x00, 0x00, 0x00, 0x00, 0x00, 0x00, 0x00, 0x00, 0x00, 0x00, 0x00, 0x00, 0x00, 0x00, 0x00, 0x00
.byte 0x00, 0x00, 0x9f, 0xf7, 0xd8, 0x39, 0x99, 0x31, 0x99, 0x31, 0x99, 0x31, 0x99, 0x31, 0x99, 0x31
.byte 0x99, 0x31, 0x99, 0x31, 0x99, 0x31, 0x99, 0x31, 0x99, 0x31, 0x99, 0x31, 0x99, 0x31, 0x99, 0x31
.byte 0x99, 0x31, 0x99, 0x31, 0x99, 0x31, 0x99, 0x31, 0x99, 0x31, 0x99, 0x31, 0x99, 0x31, 0x99, 0x31
.byte 0x99, 0x31, 0x99, 0x31, 0x99, 0x31, 0x99, 0x31, 0x99, 0x31, 0x99, 0x31, 0x99, 0x31, 0x99, 0x31
.byte 0x99, 0x31, 0x99, 0x31, 0x99, 0x31, 0x99, 0x31, 0x99, 0x31, 0x99, 0x31, 0x99, 0x31, 0x99, 0x31
.byte 0x99, 0x31, 0x99, 0x31, 0x99, 0x31, 0x99, 0x31, 0x99, 0x31, 0x99, 0x31, 0x99, 0x31, 0x99, 0x31
.byte 0x99, 0x31, 0x99, 0x31, 0x99, 0x31, 0x99, 0x31, 0x99, 0x31, 0x99, 0x31, 0x99, 0x31, 0x99, 0x31
.byte 0x99, 0x31, 0x99, 0x31, 0x99, 0x31, 0x99, 0x31, 0x99, 0x31, 0x99, 0x31, 0x99, 0x31, 0x99, 0x31
.byte 0x99, 0x31, 0x99, 0x31, 0x99, 0x31, 0x99, 0x31, 0x99, 0x31, 0x99, 0x31, 0x99, 0x31, 0x99, 0x31
.byte 0x99, 0x31, 0x99, 0x31, 0x99, 0x31, 0x99, 0x31, 0x99, 0x31, 0x99, 0x31, 0x99, 0x31, 0x99, 0x31
.byte 0x99, 0x31, 0x99, 0x31, 0x99, 0x31, 0x99, 0x31, 0x99, 0x31, 0x99, 0x31, 0x99, 0x31, 0x99, 0x31
.byte 0x99, 0x31, 0x99, 0x31, 0x99, 0x31, 0x99, 0x31, 0x99, 0x31, 0x99, 0x31, 0x99, 0x31, 0x99, 0x31
.byte 0x99, 0x31, 0xcd, 0x39, 0x08, 0x42, 0x69, 0x4a, 0xf0, 0x7b, 0xb6, 0xb5, 0x3c, 0xe7, 0xdf, 0xff
.byte 0x00, 0x00, 0x00, 0x00, 0x00, 0x00, 0x00, 0x00, 0x00, 0x00, 0x00, 0x00, 0x00, 0x00, 0x00, 0x00
.byte 0x00, 0x00, 0x00, 0x00, 0x00, 0x00, 0x00, 0x00, 0x00, 0x00, 0x00, 0x00, 0x00, 0x00, 0x00, 0x00
.byte 0x00, 0x00, 0x00, 0x00, 0x00, 0x00, 0x00, 0x00, 0x00, 0x00, 0x00, 0x00, 0x00, 0x00, 0x00, 0x00
.byte 0x00, 0x00, 0x00, 0x00, 0x00, 0x00, 0x00, 0x00, 0x00, 0x00, 0x00, 0x00, 0x00, 0x00, 0x00, 0x00
.byte 0x00, 0x00, 0x00, 0x00, 0x00, 0x00, 0x00, 0x00, 0x1d, 0xc6, 0x99, 0x52, 0x99, 0x31, 0x99, 0x31
.byte 0x99, 0x31, 0x99, 0x31, 0x99, 0x31, 0x99, 0x31, 0x99, 0x31, 0x99, 0x31, 0x99, 0x31, 0x99, 0x31
.byte 0x99, 0x31, 0x99, 0x31, 0x99, 0x31, 0x99, 0x31, 0x99, 0x31, 0x99, 0x31, 0x99, 0x31, 0x99, 0x31
.byte 0x99, 0x31, 0x99, 0x31, 0x99, 0x31, 0x99, 0x31, 0x99, 0x31, 0x99, 0x31, 0x99, 0x31, 0x99, 0x31
.byte 0x99, 0x31, 0x99, 0x31, 0x99, 0x31, 0x99, 0x31, 0x99, 0x31, 0x99, 0x31, 0x99, 0x31, 0x99, 0x31
.byte 0x99, 0x31, 0x99, 0x31, 0xcd, 0x39, 0xcb, 0x5a, 0xf0, 0x7b, 0xb6, 0xb5, 0x3c, 0xe7, 0xdf, 0xff
.byte 0x00, 0x00, 0x00, 0x00, 0x00, 0x00, 0x00, 0x00, 0x00, 0x00, 0x00, 0x00, 0x00, 0x00, 0x00, 0x00
.byte 0x00, 0x00, 0x00, 0x00, 0x00, 0x00, 0x00, 0x00, 0x00, 0x00, 0x00, 0x00, 0x00, 0x00, 0x00, 0x00
.byte 0x9c, 0xb5, 0x99, 0x31, 0x99, 0x31, 0x99, 0x31, 0x99, 0x31, 0x99, 0x31, 0x99, 0x31, 0x99, 0x31
.byte 0x99, 0x31, 0x99, 0x31, 0x69, 0x4a, 0xcb, 0x5a, 0xd3, 0x9c, 0x38, 0xc6, 0x9e, 0xf7, 0x00, 0x00
.byte 0x00, 0x00, 0x00, 0x00, 0x00, 0x00, 0x00, 0x00, 0x00, 0x00, 0x00, 0x00, 0x00, 0x00, 0x00, 0x00
.byte 0x00, 0x00, 0x00, 0x00, 0x00, 0x00, 0x00, 0x00, 0x00, 0x00, 0x00, 0x00, 0x00, 0x00, 0x00, 0x00
.byte 0x00, 0x00, 0x00, 0x00, 0x00, 0x00, 0x00, 0x00, 0x00, 0x00, 0x00, 0x00, 0x00, 0x00, 0x00, 0x00
.byte 0x00, 0x00, 0x00, 0x00, 0x5a, 0x6b, 0x99, 0x31, 0x99, 0x31, 0x99, 0x31, 0x99, 0x31, 0x99, 0x31
.byte 0x99, 0x31, 0x99, 0x31, 0x99, 0x31, 0x99, 0x31, 0x99, 0x31, 0x99, 0x31, 0x99, 0x31, 0x99, 0x31
.byte 0x99, 0x31, 0x99, 0x31, 0x99, 0x31, 0x99, 0x31, 0x99, 0x31, 0x99, 0x31, 0x99, 0x31, 0x99, 0x31
.byte 0x99, 0x31, 0x99, 0x31, 0x99, 0x31, 0x99, 0x31, 0x99, 0x31, 0x99, 0x31, 0x99, 0x31, 0x99, 0x31
.byte 0x99, 0x31, 0x99, 0x31, 0x99, 0x31, 0x99, 0x31, 0x99, 0x31, 0x99, 0x31, 0x99, 0x31, 0x99, 0x31
.byte 0x99, 0x31, 0x99, 0x31, 0x99, 0x31, 0x99, 0x31, 0x99, 0x31, 0x99, 0x31, 0x99, 0x31, 0x99, 0x31
.byte 0x99, 0x31, 0x99, 0x31, 0x99, 0x31, 0x99, 0x31, 0x99, 0x31, 0x99, 0x31, 0x99, 0x31, 0x99, 0x31
.byte 0x99, 0x31, 0x99, 0x31, 0x99, 0x31, 0x99, 0x31, 0x99, 0x31, 0x99, 0x31, 0x99, 0x31, 0x99, 0x31
.byte 0x99, 0x31, 0x99, 0x31, 0x99, 0x31, 0x99, 0x31, 0x99, 0x31, 0x99, 0x31, 0x99, 0x31, 0x99, 0x31
.byte 0x99, 0x31, 0x99, 0x31, 0x99, 0x31, 0x99, 0x31, 0x99, 0x31, 0x99, 0x31, 0x99, 0x31, 0x99, 0x31
.byte 0x99, 0x31, 0x99, 0x31, 0x99, 0x31, 0x99, 0x31, 0x99, 0x31, 0x99, 0x31, 0x99, 0x31, 0x99, 0x31
.byte 0x99, 0x31, 0x99, 0x31, 0x99, 0x31, 0x99, 0x31, 0x99, 0x31, 0x99, 0x31, 0x99, 0x31, 0x99, 0x31
.byte 0xb3, 0x31, 0x08, 0x42, 0x08, 0x42, 0xcb, 0x5a, 0xf0, 0x7b, 0xb6, 0xb5, 0x3c, 0xe7, 0xdf, 0xff
.byte 0x00, 0x00, 0x00, 0x00, 0x00, 0x00, 0x00, 0x00, 0x00, 0x00, 0x00, 0x00, 0x00, 0x00, 0x00, 0x00
.byte 0x00, 0x00, 0x00, 0x00, 0x00, 0x00, 0x00, 0x00, 0x00, 0x00, 0x00, 0x00, 0x00, 0x00, 0x00, 0x00
.byte 0x00, 0x00, 0x00, 0x00, 0x00, 0x00, 0x00, 0x00, 0x00, 0x00, 0x00, 0x00, 0x00, 0x00, 0x00, 0x00
.byte 0x00, 0x00, 0x00, 0x00, 0x00, 0x00, 0x00, 0x00, 0x00, 0x00, 0x00, 0x00, 0x00, 0x00, 0x00, 0x00
.byte 0x00, 0x00, 0x00, 0x00, 0x00, 0x00, 0x9c, 0xb5, 0x99, 0x31, 0x99, 0x31, 0x99, 0x31, 0x99, 0x31
.byte 0x99, 0x31, 0x99, 0x31, 0x99, 0x31, 0x99, 0x31, 0x99, 0x31, 0x99, 0x31, 0x99, 0x31, 0x99, 0x31
.byte 0x99, 0x31, 0x99, 0x31, 0x99, 0x31, 0x99, 0x31, 0x99, 0x31, 0x99, 0x31, 0x99, 0x31, 0x99, 0x31
.byte 0x99, 0x31, 0x99, 0x31, 0x99, 0x31, 0x99, 0x31, 0x99, 0x31, 0x99, 0x31, 0x99, 0x31, 0x99, 0x31
.byte 0x99, 0x31, 0x99, 0x31, 0x99, 0x31, 0x99, 0x31, 0x99, 0x31, 0x99, 0x31, 0x99, 0x31, 0x99, 0x31
.byte 0x99, 0x31, 0x99, 0x31, 0xcd, 0x39, 0x69, 0x4a, 0xf0, 0x7b, 0xb6, 0xb5, 0x3c, 0xe7, 0xdf, 0xff
.byte 0x00, 0x00, 0x00, 0x00, 0x00, 0x00, 0x00, 0x00, 0x00, 0x00, 0x00, 0x00, 0x00, 0x00, 0x00, 0x00
.byte 0x00, 0x00, 0x00, 0x00, 0x00, 0x00, 0x00, 0x00, 0x00, 0x00, 0x00, 0x00, 0x00, 0x00, 0x00, 0x00
.byte 0x9c, 0xb5, 0x99, 0x31, 0x99, 0x31, 0x99, 0x31, 0x99, 0x31, 0x99, 0x31, 0x99, 0x31, 0x99, 0x31
.byte 0x99, 0x31, 0x99, 0x31, 0xcd, 0x39, 0xcb, 0x5a, 0x71, 0x8c, 0x38, 0xc6, 0x9e, 0xf7, 0x00, 0x00
.byte 0x00, 0x00, 0x00, 0x00, 0x00, 0x00, 0x00, 0x00, 0x00, 0x00, 0x00, 0x00, 0x00, 0x00, 0x00, 0x00
.byte 0x00, 0x00, 0x00, 0x00, 0x00, 0x00, 0x00, 0x00, 0x00, 0x00, 0x00, 0x00, 0x00, 0x00, 0x00, 0x00
.byte 0x00, 0x00, 0x00, 0x00, 0x00, 0x00, 0x00, 0x00, 0x00, 0x00, 0x00, 0x00, 0x00, 0x00, 0x00, 0x00
.byte 0x00, 0x00, 0x00, 0x00, 0x9c, 0x94, 0x99, 0x31, 0x99, 0x31, 0x99, 0x31, 0x99, 0x31, 0x99, 0x31
.byte 0x99, 0x31, 0x99, 0x31, 0x99, 0x31, 0x99, 0x31, 0x99, 0x31, 0x99, 0x31, 0x99, 0x31, 0x99, 0x31
.byte 0x99, 0x31, 0x99, 0x31, 0x99, 0x31, 0x99, 0x31, 0x99, 0x31, 0x99, 0x31, 0x99, 0x31, 0x99, 0x31
.byte 0x99, 0x31, 0x99, 0x31, 0x99, 0x31, 0x99, 0x31, 0x99, 0x31, 0x99, 0x31, 0x99, 0x31, 0x99, 0x31
.byte 0x99, 0x31, 0x99, 0x31, 0x99, 0x31, 0x99, 0x31, 0x99, 0x31, 0x99, 0x31, 0x99, 0x31, 0x99, 0x31
.byte 0x99, 0x31, 0x99, 0x31, 0x99, 0x31, 0x99, 0x31, 0x99, 0x31, 0x99, 0x31, 0x99, 0x31, 0x99, 0x31
.byte 0x99, 0x31, 0x99, 0x31, 0x99, 0x31, 0x99, 0x31, 0x99, 0x31, 0x99, 0x31, 0x99, 0x31, 0x99, 0x31
.byte 0x99, 0x31, 0x99, 0x31, 0x99, 0x31, 0x99, 0x31, 0x99, 0x31, 0x99, 0x31, 0x99, 0x31, 0x99, 0x31
.byte 0x99, 0x31, 0x99, 0x31, 0x99, 0x31, 0x99, 0x31, 0x99, 0x31, 0x99, 0x31, 0x99, 0x31, 0x99, 0x31
.byte 0x99, 0x31, 0x99, 0x31, 0x99, 0x31, 0x99, 0x31, 0x99, 0x31, 0x99, 0x31, 0x99, 0x31, 0x99, 0x31
.byte 0x99, 0x31, 0x99, 0x31, 0x99, 0x31, 0x99, 0x31, 0x99, 0x31, 0x99, 0x31, 0x99, 0x31, 0x99, 0x31
.byte 0x99, 0x31, 0x99, 0x31, 0x99, 0x31, 0x99, 0x31, 0x99, 0x31, 0x99, 0x31, 0x99, 0x31, 0x99, 0x31
.byte 0xcd, 0x39, 0x08, 0x42, 0x08, 0x42, 0xcb, 0x5a, 0x71, 0x8c, 0x38, 0xc6, 0x9e, 0xf7, 0x00, 0x00
.byte 0x00, 0x00, 0x00, 0x00, 0x00, 0x00, 0x00, 0x00, 0x00, 0x00, 0x00, 0x00, 0x00, 0x00, 0x00, 0x00
.byte 0x00, 0x00, 0x00, 0x00, 0x00, 0x00, 0x00, 0x00, 0x00, 0x00, 0x00, 0x00, 0x00, 0x00, 0x00, 0x00
.byte 0x00, 0x00, 0x00, 0x00, 0x00, 0x00, 0x00, 0x00, 0x00, 0x00, 0x00, 0x00, 0x00, 0x00, 0x00, 0x00
.byte 0x00, 0x00, 0x00, 0x00, 0x00, 0x00, 0x00, 0x00, 0x00, 0x00, 0x00, 0x00, 0x00, 0x00, 0x00, 0x00
.byte 0x00, 0x00, 0xdf, 0xff, 0x9c, 0x94, 0x99, 0x31, 0x99, 0x31, 0x99, 0x31, 0x99, 0x31, 0x99, 0x31
.byte 0x99, 0x31, 0x99, 0x31, 0x99, 0x31, 0x99, 0x31, 0x99, 0x31, 0x99, 0x31, 0x99, 0x31, 0x99, 0x31
.byte 0x99, 0x31, 0x99, 0x31, 0x99, 0x31, 0x99, 0x31, 0x99, 0x31, 0x99, 0x31, 0x99, 0x31, 0x99, 0x31
.byte 0x99, 0x31, 0x99, 0x31, 0x99, 0x31, 0x99, 0x31, 0x99, 0x31, 0x99, 0x31, 0x99, 0x31, 0x99, 0x31
.byte 0x99, 0x31, 0x99, 0x31, 0x99, 0x31, 0x99, 0x31, 0x99, 0x31, 0x99, 0x31, 0x99, 0x31, 0x99, 0x31
.byte 0x99, 0x31, 0x99, 0x31, 0xcd, 0x39, 0x69, 0x4a, 0x6d, 0x6b, 0xb6, 0xb5, 0x3c, 0xe7, 0xdf, 0xff
.byte 0x00, 0x00, 0x00, 0x00, 0x00, 0x00, 0x00, 0x00, 0x00, 0x00, 0x00, 0x00, 0x00, 0x00, 0x00, 0x00
.byte 0x00, 0x00, 0x00, 0x00, 0x00, 0x00, 0x00, 0x00, 0x00, 0x00, 0x00, 0x00, 0x00, 0x00, 0x00, 0x00
.byte 0x1b, 0xa5, 0x99, 0x31, 0x99, 0x31, 0x99, 0x31, 0x99, 0x31, 0x99, 0x31, 0x99, 0x31, 0x99, 0x31
.byte 0x99, 0x31, 0x99, 0x31, 0xcd, 0x39, 0xcb, 0x5a, 0x71, 0x8c, 0x38, 0xc6, 0x3c, 0xe7, 0x00, 0x00
.byte 0x00, 0x00, 0x00, 0x00, 0x00, 0x00, 0x00, 0x00, 0x00, 0x00, 0x00, 0x00, 0x00, 0x00, 0x00, 0x00
.byte 0x00, 0x00, 0x00, 0x00, 0x00, 0x00, 0x00, 0x00, 0x00, 0x00, 0x00, 0x00, 0x00, 0x00, 0x00, 0x00
.byte 0x00, 0x00, 0x00, 0x00, 0x00, 0x00, 0x00, 0x00, 0x00, 0x00, 0x00, 0x00, 0x00, 0x00, 0x00, 0x00
.byte 0x00, 0x00, 0x00, 0x00, 0x1d, 0xc6, 0x99, 0x31, 0x99, 0x31, 0x99, 0x31, 0x99, 0x31, 0x99, 0x31
.byte 0x99, 0x31, 0x99, 0x31, 0x99, 0x31, 0x99, 0x31, 0x99, 0x31, 0x99, 0x31, 0x99, 0x31, 0x99, 0x31
.byte 0x99, 0x31, 0x99, 0x31, 0x99, 0x31, 0x99, 0x31, 0x99, 0x31, 0x99, 0x31, 0x99, 0x31, 0x99, 0x31
.byte 0x99, 0x31, 0x99, 0x31, 0x99, 0x31, 0x99, 0x31, 0x99, 0x31, 0x99, 0x31, 0x99, 0x31, 0x99, 0x31
.byte 0x99, 0x31, 0x99, 0x31, 0x99, 0x31, 0x99, 0x31, 0x99, 0x31, 0x99, 0x31, 0x99, 0x31, 0x99, 0x31
.byte 0x99, 0x31, 0x99, 0x31, 0x99, 0x31, 0x99, 0x31, 0x99, 0x31, 0x99, 0x31, 0x99, 0x31, 0x99, 0x31
.byte 0x99, 0x31, 0x99, 0x31, 0x99, 0x31, 0x99, 0x31, 0x99, 0x31, 0x99, 0x31, 0x99, 0x31, 0x99, 0x31
.byte 0x99, 0x31, 0x99, 0x31, 0x99, 0x31, 0x99, 0x31, 0x99, 0x31, 0x99, 0x31, 0x99, 0x31, 0x99, 0x31
.byte 0x99, 0x31, 0x99, 0x31, 0x99, 0x31, 0x99, 0x31, 0x99, 0x31, 0x99, 0x31, 0x99, 0x31, 0x99, 0x31
.byte 0x99, 0x31, 0x99, 0x31, 0x99, 0x31, 0x99, 0x31, 0x99, 0x31, 0x99, 0x31, 0x99, 0x31, 0x99, 0x31
.byte 0x99, 0x31, 0x99, 0x31, 0x99, 0x31, 0x99, 0x31, 0x99, 0x31, 0x99, 0x31, 0x99, 0x31, 0x99, 0x31
.byte 0x99, 0x31, 0x99, 0x31, 0x99, 0x31, 0x99, 0x31, 0x99, 0x31, 0x99, 0x31, 0x99, 0x31, 0x99, 0x31
.byte 0x08, 0x42, 0x08, 0x42, 0x69, 0x4a, 0x6d, 0x6b, 0xd3, 0x9c, 0xdb, 0xde, 0x9e, 0xf7, 0x00, 0x00
.byte 0x00, 0x00, 0x00, 0x00, 0x00, 0x00, 0x00, 0x00, 0x00, 0x00, 0x00, 0x00, 0x00, 0x00, 0x00, 0x00
.byte 0x00, 0x00, 0x00, 0x00, 0x00, 0x00, 0x00, 0x00, 0x00, 0x00, 0x00, 0x00, 0x00, 0x00, 0x00, 0x00
.byte 0x00, 0x00, 0x00, 0x00, 0x00, 0x00, 0x00, 0x00, 0x00, 0x00, 0x00, 0x00, 0x00, 0x00, 0x00, 0x00
.byte 0x00, 0x00, 0x00, 0x00, 0x00, 0x00, 0x00, 0x00, 0x00, 0x00, 0x00, 0x00, 0x00, 0x00, 0x00, 0x00
.byte 0x9e, 0xf7, 0x5a, 0x6b, 0x99, 0x31, 0x99, 0x31, 0x99, 0x31, 0x99, 0x31, 0x99, 0x31, 0x99, 0x31
.byte 0x99, 0x31, 0x99, 0x31, 0x99, 0x31, 0x99, 0x31, 0x99, 0x31, 0x99, 0x31, 0x99, 0x31, 0x99, 0x31
.byte 0x99, 0x31, 0x99, 0x31, 0x99, 0x31, 0x99, 0x31, 0x99, 0x31, 0x99, 0x31, 0x99, 0x31, 0x99, 0x31
.byte 0x99, 0x31, 0x99, 0x31, 0x99, 0x31, 0x99, 0x31, 0x99, 0x31, 0x99, 0x31, 0x99, 0x31, 0x99, 0x31
.byte 0x99, 0x31, 0x99, 0x31, 0x99, 0x31, 0x99, 0x31, 0x99, 0x31, 0x99, 0x31, 0x99, 0x31, 0x99, 0x31
.byte 0x99, 0x31, 0x99, 0x31, 0xcd, 0x39, 0x69, 0x4a, 0xf0, 0x7b, 0x35, 0xa5, 0xdb, 0xde, 0xdf, 0xff
.byte 0x00, 0x00, 0x00, 0x00, 0x00, 0x00, 0x00, 0x00, 0x00, 0x00, 0x00, 0x00, 0x00, 0x00, 0x00, 0x00
.byte 0x00, 0x00, 0x00, 0x00, 0x00, 0x00, 0x00, 0x00, 0x00, 0x00, 0x00, 0x00, 0x00, 0x00, 0x00, 0x00
.byte 0x9c, 0x94, 0x99, 0x31, 0x99, 0x31, 0x99, 0x31, 0x99, 0x31, 0x99, 0x31, 0x99, 0x31, 0x99, 0x31
.byte 0x99, 0x31, 0x99, 0x31, 0xb3, 0x31, 0xcb, 0x5a, 0xf0, 0x7b, 0x38, 0xc6, 0x3c, 0xe7, 0x00, 0x00
.byte 0x00, 0x00, 0x00, 0x00, 0x00, 0x00, 0x00, 0x00, 0x00, 0x00, 0x00, 0x00, 0x00, 0x00, 0x00, 0x00
.byte 0x00, 0x00, 0x00, 0x00, 0x00, 0x00, 0x00, 0x00, 0x00, 0x00, 0x00, 0x00, 0x00, 0x00, 0x00, 0x00
.byte 0x00, 0x00, 0x00, 0x00, 0x00, 0x00, 0x00, 0x00, 0x00, 0x00, 0x00, 0x00, 0x00, 0x00, 0x00, 0x00
.byte 0x00, 0x00, 0x00, 0x00, 0xdf, 0xff, 0x99, 0x52, 0x99, 0x31, 0x99, 0x31, 0x99, 0x31, 0x99, 0x31
.byte 0x99, 0x31, 0x99, 0x31, 0x99, 0x31, 0x99, 0x31, 0x99, 0x31, 0x99, 0x31, 0x99, 0x31, 0x99, 0x31
.byte 0x99, 0x31, 0x99, 0x31, 0x99, 0x31, 0x99, 0x31, 0x99, 0x31, 0x99, 0x31, 0x99, 0x31, 0x99, 0x31
.byte 0x99, 0x31, 0x99, 0x31, 0x99, 0x31, 0x99, 0x31, 0x99, 0x31, 0x99, 0x31, 0x99, 0x31, 0x99, 0x31
.byte 0x99, 0x31, 0x99, 0x31, 0x99, 0x31, 0x99, 0x31, 0x99, 0x31, 0x99, 0x31, 0x99, 0x31, 0x99, 0x31
.byte 0x99, 0x31, 0x99, 0x31, 0x99, 0x31, 0x99, 0x31, 0x99, 0x31, 0x99, 0x31, 0x99, 0x31, 0x99, 0x31
.byte 0x99, 0x31, 0x99, 0x31, 0x99, 0x31, 0x99, 0x31, 0x99, 0x31, 0x99, 0x31, 0x99, 0x31, 0x99, 0x31
.byte 0x99, 0x31, 0x99, 0x31, 0x99, 0x31, 0x99, 0x31, 0x99, 0x31, 0x99, 0x31, 0x99, 0x31, 0x99, 0x31
.byte 0x99, 0x31, 0x99, 0x31, 0x99, 0x31, 0x99, 0x31, 0x99, 0x31, 0x99, 0x31, 0x99, 0x31, 0x99, 0x31
.byte 0x99, 0x31, 0x99, 0x31, 0x99, 0x31, 0x99, 0x31, 0x99, 0x31, 0x99, 0x31, 0x99, 0x31, 0x99, 0x31
.byte 0x99, 0x31, 0x99, 0x31, 0x99, 0x31, 0x99, 0x31, 0x99, 0x31, 0x99, 0x31, 0x99, 0x31, 0x99, 0x31
.byte 0x99, 0x31, 0x99, 0x31, 0x99, 0x31, 0x99, 0x31, 0x99, 0x31, 0x99, 0x31, 0x99, 0x31, 0xcd, 0x39
.byte 0x08, 0x42, 0x08, 0x42, 0x69, 0x4a, 0xf0, 0x7b, 0xb6, 0xb5, 0xdb, 0xde, 0xdf, 0xff, 0x00, 0x00
.byte 0x00, 0x00, 0x00, 0x00, 0x00, 0x00, 0x00, 0x00, 0x00, 0x00, 0x00, 0x00, 0x00, 0x00, 0x00, 0x00
.byte 0x00, 0x00, 0x00, 0x00, 0x00, 0x00, 0x00, 0x00, 0x00, 0x00, 0x00, 0x00, 0x00, 0x00, 0x00, 0x00
.byte 0x00, 0x00, 0x00, 0x00, 0x00, 0x00, 0x00, 0x00, 0x00, 0x00, 0x00, 0x00, 0x00, 0x00, 0x00, 0x00
.byte 0x00, 0x00, 0x00, 0x00, 0x00, 0x00, 0x00, 0x00, 0x00, 0x00, 0x00, 0x00, 0x00, 0x00, 0x9e, 0xd6
.byte 0x99, 0x52, 0x99, 0x31, 0x99, 0x31, 0x99, 0x31, 0x99, 0x31, 0x99, 0x31, 0x99, 0x31, 0x99, 0x31
.byte 0x99, 0x31, 0x99, 0x31, 0x99, 0x31, 0x99, 0x31, 0x99, 0x31, 0x99, 0x31, 0x99, 0x31, 0x99, 0x31
.byte 0x99, 0x31, 0x99, 0x31, 0x99, 0x31, 0x99, 0x31, 0x99, 0x31, 0x99, 0x31, 0x99, 0x31, 0x99, 0x31
.byte 0x99, 0x31, 0x99, 0x31, 0x99, 0x31, 0x99, 0x31, 0x99, 0x31, 0x99, 0x31, 0x99, 0x31, 0x99, 0x31
.byte 0x99, 0x31, 0x99, 0x31, 0x99, 0x31, 0x99, 0x31, 0x99, 0x31, 0x99, 0x31, 0x99, 0x31, 0x99, 0x31
.byte 0x99, 0x31, 0x99, 0x31, 0xcd, 0x39, 0x69, 0x4a, 0x6d, 0x6b, 0xb6, 0xb5, 0xdb, 0xde, 0xdf, 0xff
.byte 0x00, 0x00, 0x00, 0x00, 0x00, 0x00, 0x00, 0x00, 0x00, 0x00, 0x00, 0x00, 0x00, 0x00, 0x00, 0x00
.byte 0x00, 0x00, 0x00, 0x00, 0x00, 0x00, 0x00, 0x00, 0x00, 0x00, 0x00, 0x00, 0x00, 0x00, 0x00, 0x00
.byte 0xfb, 0x7b, 0x99, 0x31, 0x99, 0x31, 0x99, 0x31, 0x99, 0x31, 0x99, 0x31, 0x99, 0x31, 0x99, 0x31
.byte 0x99, 0x31, 0x99, 0x31, 0xb3, 0x31, 0xcb, 0x5a, 0xf0, 0x7b, 0xb6, 0xb5, 0x3c, 0xe7, 0xdf, 0xff
.byte 0x00, 0x00, 0x00, 0x00, 0x00, 0x00, 0x00, 0x00, 0x00, 0x00, 0x00, 0x00, 0x00, 0x00, 0x00, 0x00
.byte 0x00, 0x00, 0x00, 0x00, 0x00, 0x00, 0x00, 0x00, 0x00, 0x00, 0x00, 0x00, 0x00, 0x00, 0x00, 0x00
.byte 0x00, 0x00, 0x00, 0x00, 0x00, 0x00, 0x00, 0x00, 0x00, 0x00, 0x00, 0x00, 0x00, 0x00, 0x00, 0x00
.byte 0x00, 0x00, 0x00, 0x00, 0x00, 0x00, 0xfb, 0x7b, 0x99, 0x31, 0x99, 0x31, 0x99, 0x31, 0x99, 0x31
.byte 0x99, 0x31, 0x99, 0x31, 0x99, 0x31, 0x99, 0x31, 0x99, 0x31, 0x99, 0x31, 0x99, 0x31, 0x99, 0x31
.byte 0x99, 0x31, 0x99, 0x31, 0x99, 0x31, 0x99, 0x31, 0x99, 0x31, 0x99, 0x31, 0x99, 0x31, 0x99, 0x31
.byte 0x99, 0x31, 0x99, 0x31, 0x99, 0x31, 0x99, 0x31, 0x99, 0x31, 0x99, 0x31, 0x99, 0x31, 0x99, 0x31
.byte 0x99, 0x31, 0x99, 0x31, 0x99, 0x31, 0x99, 0x31, 0x99, 0x31, 0x99, 0x31, 0x99, 0x31, 0x99, 0x31
.byte 0x99, 0x31, 0x99, 0x31, 0x99, 0x31, 0x99, 0x31, 0x99, 0x31, 0x99, 0x31, 0x99, 0x31, 0x99, 0x31
.byte 0x99, 0x31, 0x99, 0x31, 0x99, 0x31, 0x99, 0x31, 0x99, 0x31, 0x99, 0x31, 0x99, 0x31, 0x99, 0x31
.byte 0x99, 0x31, 0x99, 0x31, 0x99, 0x31, 0x99, 0x31, 0x99, 0x31, 0x99, 0x31, 0x99, 0x31, 0x99, 0x31
.byte 0x99, 0x31, 0x99, 0x31, 0x99, 0x31, 0x99, 0x31, 0x99, 0x31, 0x99, 0x31, 0x99, 0x31, 0x99, 0x31
.byte 0x99, 0x31, 0x99, 0x31, 0x99, 0x31, 0x99, 0x31, 0x99, 0x31, 0x99, 0x31, 0x99, 0x31, 0x99, 0x31
.byte 0x99, 0x31, 0x99, 0x31, 0x99, 0x31, 0x99, 0x31, 0x99, 0x31, 0x99, 0x31, 0x99, 0x31, 0x99, 0x31
.byte 0x99, 0x31, 0x99, 0x31, 0x99, 0x31, 0x99, 0x31, 0x99, 0x31, 0x99, 0x31, 0xb3, 0x31, 0x08, 0x42
.byte 0x08, 0x42, 0x69, 0x4a, 0xcb, 0x5a, 0x71, 0x8c, 0x38, 0xc6, 0x3c, 0xe7, 0xdf, 0xff, 0x00, 0x00
.byte 0x00, 0x00, 0x00, 0x00, 0x00, 0x00, 0x00, 0x00, 0x00, 0x00, 0x00, 0x00, 0x00, 0x00, 0x00, 0x00
.byte 0x00, 0x00, 0x00, 0x00, 0x00, 0x00, 0x00, 0x00, 0x00, 0x00, 0x00, 0x00, 0x00, 0x00, 0x00, 0x00
.byte 0x00, 0x00, 0x00, 0x00, 0x00, 0x00, 0x00, 0x00, 0x00, 0x00, 0x00, 0x00, 0x00, 0x00, 0x00, 0x00
.byte 0x00, 0x00, 0x00, 0x00, 0x00, 0x00, 0x00, 0x00, 0x00, 0x00, 0x00, 0x00, 0x1d, 0xc6, 0xd8, 0x39
.byte 0x99, 0x31, 0x99, 0x31, 0x99, 0x31, 0x99, 0x31, 0x99, 0x31, 0x99, 0x31, 0x99, 0x31, 0x99, 0x31
.byte 0x99, 0x31, 0x99, 0x31, 0x99, 0x31, 0x99, 0x31, 0x99, 0x31, 0x99, 0x31, 0x99, 0x31, 0x99, 0x31
.byte 0x99, 0x31, 0x99, 0x31, 0x99, 0x31, 0x99, 0x31, 0x99, 0x31, 0x99, 0x31, 0x99, 0x31, 0x99, 0x31
.byte 0x99, 0x31, 0x99, 0x31, 0x99, 0x31, 0x99, 0x31, 0x99, 0x31, 0x99, 0x31, 0x99, 0x31, 0x99, 0x31
.byte 0x99, 0x31, 0x99, 0x31, 0x99, 0x31, 0x99, 0x31, 0x99, 0x31, 0x99, 0x31, 0x99, 0x31, 0x99, 0x31
.byte 0x99, 0x31, 0x99, 0x31, 0xcd, 0x39, 0x69, 0x4a, 0x6d, 0x6b, 0x35, 0xa5, 0xdb, 0xde, 0xdf, 0xff
.byte 0x00, 0x00, 0x00, 0x00, 0x00, 0x00, 0x00, 0x00, 0x00, 0x00, 0x00, 0x00, 0x00, 0x00, 0x00, 0x00
.byte 0x00, 0x00, 0x00, 0x00, 0x00, 0x00, 0x00, 0x00, 0x00, 0x00, 0x00, 0x00, 0x00, 0x00, 0x00, 0x00
.byte 0xfb, 0x7b, 0x99, 0x31, 0x99, 0x31, 0x99, 0x31, 0x99, 0x31, 0x99, 0x31, 0x99, 0x31, 0x99, 0x31
.byte 0x99, 0x31, 0x99, 0x31, 0xb3, 0x31, 0x69, 0x4a, 0xf0, 0x7b, 0xb6, 0xb5, 0x3c, 0xe7, 0xdf, 0xff
.byte 0x00, 0x00, 0x00, 0x00, 0x00, 0x00, 0x00, 0x00, 0x00, 0x00, 0x00, 0x00, 0x00, 0x00, 0x00, 0x00
.byte 0x00, 0x00, 0x00, 0x00, 0x00, 0x00, 0x00, 0x00, 0x00, 0x00, 0x00, 0x00, 0x00, 0x00, 0x00, 0x00
.byte 0x00, 0x00, 0x00, 0x00, 0x00, 0x00, 0x00, 0x00, 0x00, 0x00, 0x00, 0x00, 0x00, 0x00, 0x00, 0x00
.byte 0x00, 0x00, 0x00, 0x00, 0x00, 0x00, 0x1d, 0xc6, 0x99, 0x31, 0x99, 0x31, 0x99, 0x31, 0x99, 0x31
.byte 0x99, 0x31, 0x99, 0x31, 0x99, 0x31, 0x99, 0x31, 0x99, 0x31, 0x99, 0x31, 0x99, 0x31, 0x99, 0x31
.byte 0x99, 0x31, 0x99, 0x31, 0x99, 0x31, 0x99, 0x31, 0x99, 0x31, 0x99, 0x31, 0x99, 0x31, 0x99, 0x31
.byte 0x99, 0x31, 0x99, 0x31, 0x99, 0x31, 0x99, 0x31, 0x99, 0x31, 0x99, 0x31, 0x99, 0x31, 0x99, 0x31
.byte 0x99, 0x31, 0x99, 0x31, 0x99, 0x31, 0x99, 0x31, 0x99, 0x31, 0x99, 0x31, 0x99, 0x31, 0x99, 0x31
.byte 0x99, 0x31, 0x99, 0x31, 0x99, 0x31, 0x99, 0x31, 0x99, 0x31, 0x99, 0x31, 0x99, 0x31, 0x99, 0x31
.byte 0x99, 0x31, 0x99, 0x31, 0x99, 0x31, 0x99, 0x31, 0x99, 0x31, 0x99, 0x31, 0x99, 0x31, 0x99, 0x31
.byte 0x99, 0x31, 0x99, 0x31, 0x99, 0x31, 0x99, 0x31, 0x99, 0x31, 0x99, 0x31, 0x99, 0x31, 0x99, 0x31
.byte 0x99, 0x31, 0x99, 0x31, 0x99, 0x31, 0x99, 0x31, 0x99, 0x31, 0x99, 0x31, 0x99, 0x31, 0x99, 0x31
.byte 0x99, 0x31, 0x99, 0x31, 0x99, 0x31, 0x99, 0x31, 0x99, 0x31, 0x99, 0x31, 0x99, 0x31, 0x99, 0x31
.byte 0x99, 0x31, 0x99, 0x31, 0x99, 0x31, 0x99, 0x31, 0x99, 0x31, 0x99, 0x31, 0x99, 0x31, 0x99, 0x31
.byte 0x99, 0x31, 0x99, 0x31, 0x99, 0x31, 0x99, 0x31, 0x99, 0x31, 0x99, 0x31, 0xcd, 0x39, 0x08, 0x42
.byte 0x08, 0x42, 0x69, 0x4a, 0x6d, 0x6b, 0x35, 0xa5, 0xdb, 0xde, 0x9e, 0xf7, 0x00, 0x00, 0x00, 0x00
.byte 0x00, 0x00, 0x00, 0x00, 0x00, 0x00, 0x00, 0x00, 0x00, 0x00, 0x00, 0x00, 0x00, 0x00, 0x00, 0x00
.byte 0x00, 0x00, 0x00, 0x00, 0x00, 0x00, 0x00, 0x00, 0x00, 0x00, 0x00, 0x00, 0x00, 0x00, 0x00, 0x00
.byte 0x00, 0x00, 0x00, 0x00, 0x00, 0x00, 0x00, 0x00, 0x00, 0x00, 0x00, 0x00, 0x00, 0x00, 0x00, 0x00
.byte 0x00, 0x00, 0x00, 0x00, 0x00, 0x00, 0x00, 0x00, 0x00, 0x00, 0x9c, 0x94, 0x99, 0x31, 0x99, 0x31
.byte 0x99, 0x31, 0x99, 0x31, 0x99, 0x31, 0x99, 0x31, 0x99, 0x31, 0x99, 0x31, 0x99, 0x31, 0x99, 0x31
.byte 0x99, 0x31, 0x99, 0x31, 0x99, 0x31, 0x99, 0x31, 0x99, 0x31, 0x99, 0x31, 0x99, 0x31, 0x99, 0x31
.byte 0x99, 0x31, 0x99, 0x31, 0x99, 0x31, 0x99, 0x31, 0x99, 0x31, 0x99, 0x31, 0x99, 0x31, 0x99, 0x31
.byte 0x99, 0x31, 0x99, 0x31, 0x99, 0x31, 0x99, 0x31, 0x99, 0x31, 0x99, 0x31, 0x99, 0x31, 0x99, 0x31
.byte 0x99, 0x31, 0x99, 0x31, 0x99, 0x31, 0x99, 0x31, 0x99, 0x31, 0x99, 0x31, 0x99, 0x31, 0x99, 0x31
.byte 0x99, 0x31, 0x99, 0x31, 0xcd, 0x39, 0x69, 0x4a, 0x6d, 0x6b, 0xb6, 0xb5, 0xdb, 0xde, 0xdf, 0xff
.byte 0x00, 0x00, 0x00, 0x00, 0x00, 0x00, 0x00, 0x00, 0x00, 0x00, 0x00, 0x00, 0x00, 0x00, 0x00, 0x00
.byte 0x00, 0x00, 0x00, 0x00, 0x00, 0x00, 0x00, 0x00, 0x00, 0x00, 0x00, 0x00, 0x00, 0x00, 0x00, 0x00
.byte 0x5a, 0x6b, 0x99, 0x31, 0x99, 0x31, 0x99, 0x31, 0x99, 0x31, 0x99, 0x31, 0x99, 0x31, 0x99, 0x31
.byte 0x99, 0x31, 0x99, 0x31, 0x99, 0x31, 0x69, 0x4a, 0x6d, 0x6b, 0x35, 0xa5, 0xdb, 0xde, 0xdf, 0xff
.byte 0x00, 0x00, 0x00, 0x00, 0x00, 0x00, 0x00, 0x00, 0x00, 0x00, 0x00, 0x00, 0x00, 0x00, 0x00, 0x00
.byte 0x00, 0x00, 0x00, 0x00, 0x00, 0x00, 0x00, 0x00, 0x00, 0x00, 0x00, 0x00, 0x00, 0x00, 0x00, 0x00
.byte 0x00, 0x00, 0x00, 0x00, 0x00, 0x00, 0x00, 0x00, 0x00, 0x00, 0x00, 0x00, 0x00, 0x00, 0x00, 0x00
.byte 0x00, 0x00, 0x00, 0x00, 0x00, 0x00, 0x9e, 0xf7, 0x99, 0x52, 0x99, 0x31, 0x99, 0x31, 0x99, 0x31
.byte 0x99, 0x31, 0x99, 0x31, 0x99, 0x31, 0x99, 0x31, 0x99, 0x31, 0x99, 0x31, 0x99, 0x31, 0x99, 0x31
.byte 0x99, 0x31, 0x99, 0x31, 0x99, 0x31, 0x99, 0x31, 0x99, 0x31, 0x99, 0x31, 0x99, 0x31, 0x99, 0x31
.byte 0x99, 0x31, 0x99, 0x31, 0x99, 0x31, 0x99, 0x31, 0x99, 0x31, 0x99, 0x31, 0x99, 0x31, 0x99, 0x31
.byte 0x99, 0x31, 0x99, 0x31, 0x99, 0x31, 0x99, 0x31, 0x99, 0x31, 0x99, 0x31, 0x99, 0x31, 0x99, 0x31
.byte 0x99, 0x31, 0x99, 0x31, 0x99, 0x31, 0x99, 0x31, 0x99, 0x31, 0x99, 0x31, 0x99, 0x31, 0x99, 0x31
.byte 0x99, 0x31, 0x99, 0x31, 0x99, 0x31, 0x99, 0x31, 0x99, 0x31, 0x99, 0x31, 0x99, 0x31, 0x99, 0x31
.byte 0x99, 0x31, 0x99, 0x31, 0x99, 0x31, 0x99, 0x31, 0x99, 0x31, 0x99, 0x31, 0x99, 0x31, 0x99, 0x31
.byte 0x99, 0x31, 0x99, 0x31, 0x99, 0x31, 0x99, 0x31, 0x99, 0x31, 0x99, 0x31, 0x99, 0x31, 0x99, 0x31
.byte 0x99, 0x31, 0x99, 0x31, 0x99, 0x31, 0x99, 0x31, 0x99, 0x31, 0x99, 0x31, 0x99, 0x31, 0x99, 0x31
.byte 0x99, 0x31, 0x99, 0x31, 0x99, 0x31, 0x99, 0x31, 0x99, 0x31, 0x99, 0x31, 0x99, 0x31, 0x99, 0x31
.byte 0x99, 0x31, 0x99, 0x31, 0x99, 0x31, 0x99, 0x31, 0x99, 0x31, 0xb3, 0x31, 0x08, 0x42, 0x08, 0x42
.byte 0x69, 0x4a, 0xcb, 0x5a, 0x71, 0x8c, 0xb6, 0xb5, 0x3c, 0xe7, 0xdf, 0xff, 0x00, 0x00, 0x00, 0x00
.byte 0x00, 0x00, 0x00, 0x00, 0x00, 0x00, 0x00, 0x00, 0x00, 0x00, 0x00, 0x00, 0x00, 0x00, 0x00, 0x00
.byte 0x00, 0x00, 0x00, 0x00, 0x00, 0x00, 0x00, 0x00, 0x00, 0x00, 0x00, 0x00, 0x00, 0x00, 0x00, 0x00
.byte 0x00, 0x00, 0x00, 0x00, 0x00, 0x00, 0x00, 0x00, 0x00, 0x00, 0x00, 0x00, 0x00, 0x00, 0x00, 0x00
.byte 0x00, 0x00, 0x00, 0x00, 0x00, 0x00, 0x9f, 0xf7, 0xfb, 0x7b, 0x99, 0x31, 0x99, 0x31, 0x99, 0x31
.byte 0x99, 0x31, 0x99, 0x31, 0x99, 0x31, 0x99, 0x31, 0x99, 0x31, 0x99, 0x31, 0x99, 0x31, 0x99, 0x31
.byte 0x99, 0x31, 0x99, 0x31, 0x99, 0x31, 0x99, 0x31, 0x99, 0x31, 0x99, 0x31, 0x99, 0x31, 0x99, 0x31
.byte 0x99, 0x31, 0x99, 0x31, 0x99, 0x31, 0x99, 0x31, 0x99, 0x31, 0x99, 0x31, 0x99, 0x31, 0x99, 0x31
.byte 0x99, 0x31, 0x99, 0x31, 0x99, 0x31, 0x99, 0x31, 0x99, 0x31, 0x99, 0x31, 0x99, 0x31, 0x99, 0x31
.byte 0x99, 0x31, 0x99, 0x31, 0x99, 0x31, 0x99, 0x31, 0x99, 0x31, 0x99, 0x31, 0x99, 0x31, 0x99, 0x31
.byte 0x99, 0x31, 0x99, 0x31, 0xcd, 0x39, 0x69, 0x4a, 0x6d, 0x6b, 0x35, 0xa5, 0xdb, 0xde, 0xdf, 0xff
.byte 0x00, 0x00, 0x00, 0x00, 0x00, 0x00, 0x00, 0x00, 0x00, 0x00, 0x00, 0x00, 0x00, 0x00, 0x00, 0x00
.byte 0x00, 0x00, 0x00, 0x00, 0x00, 0x00, 0x00, 0x00, 0x00, 0x00, 0x00, 0x00, 0x00, 0x00, 0x00, 0x00
.byte 0x5a, 0x6b, 0x99, 0x31, 0x99, 0x31, 0x99, 0x31, 0x99, 0x31, 0x99, 0x31, 0x99, 0x31, 0x99, 0x31
.byte 0x99, 0x31, 0x99, 0x31, 0x99, 0x31, 0xcd, 0x39, 0x6d, 0x6b, 0xd3, 0x9c, 0xdb, 0xde, 0x9e, 0xf7
.byte 0x00, 0x00, 0x00, 0x00, 0x00, 0x00, 0x00, 0x00, 0x00, 0x00, 0x00, 0x00, 0x00, 0x00, 0x00, 0x00
.byte 0x00, 0x00, 0x00, 0x00, 0x00, 0x00, 0x00, 0x00, 0x00, 0x00, 0x00, 0x00, 0x00, 0x00, 0x00, 0x00
.byte 0x00, 0x00, 0x00, 0x00, 0x00, 0x00, 0x00, 0x00, 0x00, 0x00, 0x00, 0x00, 0x00, 0x00, 0x00, 0x00
.byte 0x00, 0x00, 0x00, 0x00, 0x00, 0x00, 0xdf, 0xff, 0x9c, 0x94, 0x99, 0x31, 0x99, 0x31, 0x99, 0x31
.byte 0x99, 0x31, 0x99, 0x31, 0x99, 0x31, 0x99, 0x31, 0x99, 0x31, 0x99, 0x31, 0x99, 0x31, 0x99, 0x31
.byte 0x99, 0x31, 0x99, 0x31, 0x99, 0x31, 0x99, 0x31, 0x99, 0x31, 0x99, 0x31, 0x99, 0x31, 0x99, 0x31
.byte 0x99, 0x31, 0x99, 0x31, 0x99, 0x31, 0x99, 0x31, 0x99, 0x31, 0x99, 0x31, 0x99, 0x31, 0x99, 0x31
.byte 0x99, 0x31, 0x99, 0x31, 0x99, 0x31, 0x99, 0x31, 0x99, 0x31, 0x99, 0x31, 0x99, 0x31, 0x99, 0x31
.byte 0x99, 0x31, 0x99, 0x31, 0x99, 0x31, 0x99, 0x31, 0x99, 0x31, 0x99, 0x31, 0x99, 0x31, 0x99, 0x31
.byte 0x99, 0x31, 0x99, 0x31, 0x99, 0x31, 0x99, 0x31, 0x99, 0x31, 0x99, 0x31, 0x99, 0x31, 0x99, 0x31
.byte 0x99, 0x31, 0x99, 0x31, 0x99, 0x31, 0x99, 0x31, 0x99, 0x31, 0x99, 0x31, 0x99, 0x31, 0x99, 0x31
.byte 0x99, 0x31, 0x99, 0x31, 0x99, 0x31, 0x99, 0x31, 0x99, 0x31, 0x99, 0x31, 0x99, 0x31, 0x99, 0x31
.byte 0x99, 0x31, 0x99, 0x31, 0x99, 0x31, 0x99, 0x31, 0x99, 0x31, 0x99, 0x31, 0x99, 0x31, 0x99, 0x31
.byte 0x99, 0x31, 0x99, 0x31, 0x99, 0x31, 0x99, 0x31, 0x99, 0x31, 0x99, 0x31, 0x99, 0x31, 0x99, 0x31
.byte 0x99, 0x31, 0x99, 0x31, 0x99, 0x31, 0x99, 0x31, 0xb3, 0x31, 0x08, 0x42, 0x08, 0x42, 0x08, 0x42
.byte 0x69, 0x4a, 0x6d, 0x6b, 0x35, 0xa5, 0xdb, 0xde, 0x9e, 0xf7, 0x00, 0x00, 0x00, 0x00, 0x00, 0x00
.byte 0x00, 0x00, 0x00, 0x00, 0x00, 0x00, 0x00, 0x00, 0x00, 0x00, 0x00, 0x00, 0x00, 0x00, 0x00, 0x00
.byte 0x00, 0x00, 0x00, 0x00, 0x00, 0x00, 0x00, 0x00, 0x00, 0x00, 0x00, 0x00, 0x00, 0x00, 0x00, 0x00
.byte 0x00, 0x00, 0x00, 0x00, 0x00, 0x00, 0x00, 0x00, 0x00, 0x00, 0x00, 0x00, 0x00, 0x00, 0x00, 0x00
.byte 0x00, 0x00, 0x00, 0x00, 0x1e, 0xe7, 0x99, 0x52, 0x99, 0x31, 0x99, 0x31, 0x99, 0x31, 0x99, 0x31
.byte 0x99, 0x31, 0x99, 0x31, 0x99, 0x31, 0x99, 0x31, 0x99, 0x31, 0x99, 0x31, 0x99, 0x31, 0x99, 0x31
.byte 0x99, 0x31, 0x99, 0x31, 0x99, 0x31, 0x99, 0x31, 0x99, 0x31, 0x99, 0x31, 0x99, 0x31, 0x99, 0x31
.byte 0x99, 0x31, 0x99, 0x31, 0x99, 0x31, 0x99, 0x31, 0x99, 0x31, 0x99, 0x31, 0x99, 0x31, 0x99, 0x31
.byte 0x99, 0x31, 0x99, 0x31, 0x99, 0x31, 0x99, 0x31, 0x99, 0x31, 0x99, 0x31, 0x99, 0x31, 0x99, 0x31
.byte 0x99, 0x31, 0x99, 0x31, 0x99, 0x31, 0x99, 0x31, 0x99, 0x31, 0x99, 0x31, 0x99, 0x31, 0x99, 0x31
.byte 0x99, 0x31, 0x99, 0x31, 0xcd, 0x39, 0x69, 0x4a, 0x6d, 0x6b, 0xb6, 0xb5, 0xdb, 0xde, 0xdf, 0xff
.byte 0x00, 0x00, 0x00, 0x00, 0x00, 0x00, 0x00, 0x00, 0x00, 0x00, 0x00, 0x00, 0x00, 0x00, 0x00, 0x00
.byte 0x00, 0x00, 0x00, 0x00, 0x00, 0x00, 0x00, 0x00, 0x00, 0x00, 0x00, 0x00, 0x00, 0x00, 0x00, 0x00
.byte 0x99, 0x52, 0x99, 0x31, 0x99, 0x31, 0x99, 0x31, 0x99, 0x31, 0x99, 0x31, 0x99, 0x31, 0x99, 0x31
.byte 0x99, 0x31, 0x99, 0x31, 0x99, 0x31, 0xcd, 0x39, 0x6d, 0x6b, 0xd3, 0x9c, 0x38, 0xc6, 0x9e, 0xf7
.byte 0x00, 0x00, 0x00, 0x00, 0x00, 0x00, 0x00, 0x00, 0x00, 0x00, 0x00, 0x00, 0x00, 0x00, 0x00, 0x00
.byte 0x00, 0x00, 0x00, 0x00, 0x00, 0x00, 0x00, 0x00, 0x00, 0x00, 0x00, 0x00, 0x00, 0x00, 0x00, 0x00
.byte 0x00, 0x00, 0x00, 0x00, 0x00, 0x00, 0x00, 0x00, 0x00, 0x00, 0x00, 0x00, 0x00, 0x00, 0x00, 0x00
.byte 0x00, 0x00, 0x00, 0x00, 0x00, 0x00, 0x00, 0x00, 0x9e, 0xd6, 0x99, 0x31, 0x99, 0x31, 0x99, 0x31
.byte 0x99, 0x31, 0x99, 0x31, 0x99, 0x31, 0x99, 0x31, 0x99, 0x31, 0x99, 0x31, 0x99, 0x31, 0x99, 0x31
.byte 0x99, 0x31, 0x99, 0x31, 0x99, 0x31, 0x99, 0x31, 0x99, 0x31, 0x99, 0x31, 0x99, 0x31, 0x99, 0x31
.byte 0x99, 0x31, 0x99, 0x31, 0x99, 0x31, 0x99, 0x31, 0x99, 0x31, 0x99, 0x31, 0x99, 0x31, 0x99, 0x31
.byte 0x99, 0x31, 0x99, 0x31, 0x99, 0x31, 0x99, 0x31, 0x99, 0x31, 0x99, 0x31, 0x99, 0x31, 0x99, 0x31
.byte 0x99, 0x31, 0x99, 0x31, 0x99, 0x31, 0x99, 0x31, 0x99, 0x31, 0x99, 0x31, 0x99, 0x31, 0x99, 0x31
.byte 0x99, 0x31, 0x99, 0x31, 0x99, 0x31, 0x99, 0x31, 0x99, 0x31, 0x99, 0x31, 0x99, 0x31, 0x99, 0x31
.byte 0x99, 0x31, 0x99, 0x31, 0x99, 0x31, 0x99, 0x31, 0x99, 0x31, 0x99, 0x31, 0x99, 0x31, 0x99, 0x31
.byte 0x99, 0x31, 0x99, 0x31, 0x99, 0x31, 0x99, 0x31, 0x99, 0x31, 0x99, 0x31, 0x99, 0x31, 0x99, 0x31
.byte 0x99, 0x31, 0x99, 0x31, 0x99, 0x31, 0x99, 0x31, 0x99, 0x31, 0x99, 0x31, 0x99, 0x31, 0x99, 0x31
.byte 0x99, 0x31, 0x99, 0x31, 0x99, 0x31, 0x99, 0x31, 0x99, 0x31, 0x99, 0x31, 0x99, 0x31, 0x99, 0x31
.byte 0x99, 0x31, 0x99, 0x31, 0x99, 0x31, 0xd8, 0x39, 0x08, 0x42, 0x08, 0x42, 0x08, 0x42, 0x69, 0x4a
.byte 0x6d, 0x6b, 0x71, 0x8c, 0x38, 0xc6, 0x3c, 0xe7, 0xdf, 0xff, 0x00, 0x00, 0x00, 0x00, 0x00, 0x00
.byte 0x00, 0x00, 0x00, 0x00, 0x00, 0x00, 0x00, 0x00, 0x00, 0x00, 0x00, 0x00, 0x00, 0x00, 0x00, 0x00
.byte 0x00, 0x00, 0x00, 0x00, 0x00, 0x00, 0x00, 0x00, 0x00, 0x00, 0x00, 0x00, 0x00, 0x00, 0x00, 0x00
.byte 0x00, 0x00, 0x00, 0x00, 0x00, 0x00, 0x00, 0x00, 0x00, 0x00, 0x00, 0x00, 0x00, 0x00, 0x00, 0x00
.byte 0x00, 0x00, 0x9e, 0xd6, 0xd8, 0x39, 0x99, 0x31, 0x99, 0x31, 0x99, 0x31, 0x99, 0x31, 0x99, 0x31
.byte 0x99, 0x31, 0x99, 0x31, 0x99, 0x31, 0x99, 0x31, 0x99, 0x31, 0x99, 0x31, 0x99, 0x31, 0x99, 0x31
.byte 0x99, 0x31, 0x99, 0x31, 0x99, 0x31, 0x99, 0x31, 0x99, 0x31, 0x99, 0x31, 0x99, 0x31, 0x99, 0x31
.byte 0x99, 0x31, 0x99, 0x31, 0x99, 0x31, 0x99, 0x31, 0x99, 0x31, 0x99, 0x31, 0x99, 0x31, 0x99, 0x31
.byte 0x99, 0x31, 0x99, 0x31, 0x99, 0x31, 0x99, 0x31, 0x99, 0x31, 0x99, 0x31, 0x99, 0x31, 0x99, 0x31
.byte 0x99, 0x31, 0x99, 0x31, 0x99, 0x31, 0x99, 0x31, 0x99, 0x31, 0x99, 0x31, 0x99, 0x31, 0x99, 0x31
.byte 0x99, 0x31, 0x99, 0x31, 0xcd, 0x39, 0x69, 0x4a, 0x6d, 0x6b, 0x35, 0xa5, 0xdb, 0xde, 0xdf, 0xff
.byte 0x00, 0x00, 0x00, 0x00, 0x00, 0x00, 0x00, 0x00, 0x00, 0x00, 0x00, 0x00, 0x00, 0x00, 0x00, 0x00
.byte 0x00, 0x00, 0x00, 0x00, 0x00, 0x00, 0x00, 0x00, 0x00, 0x00, 0x00, 0x00, 0x00, 0x00, 0x00, 0x00
.byte 0x99, 0x52, 0x99, 0x31, 0x99, 0x31, 0x99, 0x31, 0x99, 0x31, 0x99, 0x31, 0x99, 0x31, 0x99, 0x31
.byte 0x99, 0x31, 0x99, 0x31, 0x99, 0x31, 0xb3, 0x31, 0xcb, 0x5a, 0x71, 0x8c, 0x38, 0xc6, 0x3c, 0xe7
.byte 0x00, 0x00, 0x00, 0x00, 0x00, 0x00, 0x00, 0x00, 0x00, 0x00, 0x00, 0x00, 0x00, 0x00, 0x00, 0x00
.byte 0x00, 0x00, 0x00, 0x00, 0x00, 0x00, 0x00, 0x00, 0x00, 0x00, 0x00, 0x00, 0x00, 0x00, 0x00, 0x00
.byte 0x00, 0x00, 0x00, 0x00, 0x00, 0x00, 0x00, 0x00, 0x00, 0x00, 0x00, 0x00, 0x00, 0x00, 0x00, 0x00
.byte 0x00, 0x00, 0x00, 0x00, 0x00, 0x00, 0x00, 0x00, 0xdf, 0xff, 0x5a, 0x6b, 0x99, 0x31, 0x99, 0x31
.byte 0x99, 0x31, 0x99, 0x31, 0x99, 0x31, 0x99, 0x31, 0x99, 0x31, 0x99, 0x31, 0x99, 0x31, 0x99, 0x31
.byte 0x99, 0x31, 0x99, 0x31, 0x99, 0x31, 0x99, 0x31, 0x99, 0x31, 0x99, 0x31, 0x99, 0x31, 0x99, 0x31
.byte 0x99, 0x31, 0x99, 0x31, 0x99, 0x31, 0x99, 0x31, 0x99, 0x31, 0x99, 0x31, 0x99, 0x31, 0x99, 0x31
.byte 0x99, 0x31, 0x99, 0x31, 0x99, 0x31, 0x99, 0x31, 0x99, 0x31, 0x99, 0x31, 0x99, 0x31, 0x99, 0x31
.byte 0x99, 0x31, 0x99, 0x31, 0x99, 0x31, 0x99, 0x31, 0x99, 0x31, 0x99, 0x31, 0x99, 0x31, 0x99, 0x31
.byte 0x99, 0x31, 0x99, 0x31, 0x99, 0x31, 0x99, 0x31, 0x99, 0x31, 0x99, 0x31, 0x99, 0x31, 0x99, 0x31
.byte 0x99, 0x31, 0x99, 0x31, 0x99, 0x31, 0x99, 0x31, 0x99, 0x31, 0x99, 0x31, 0x99, 0x31, 0x99, 0x31
.byte 0x99, 0x31, 0x99, 0x31, 0x99, 0x31, 0x99, 0x31, 0x99, 0x31, 0x99, 0x31, 0x99, 0x31, 0x99, 0x31
.byte 0x99, 0x31, 0x99, 0x31, 0x99, 0x31, 0x99, 0x31, 0x99, 0x31, 0x99, 0x31, 0x99, 0x31, 0x99, 0x31
.byte 0x99, 0x31, 0x99, 0x31, 0x99, 0x31, 0x99, 0x31, 0x99, 0x31, 0x99, 0x31, 0x99, 0x31, 0x99, 0x31
.byte 0x99, 0x31, 0x99, 0x31, 0x99, 0x31, 0xcd, 0x39, 0x08, 0x42, 0x08, 0x42, 0x08, 0x42, 0xcb, 0x5a
.byte 0xf0, 0x7b, 0xb6, 0xb5, 0xdb, 0xde, 0x9e, 0xf7, 0x00, 0x00, 0x00, 0x00, 0x00, 0x00, 0x00, 0x00
.byte 0x00, 0x00, 0x00, 0x00, 0x00, 0x00, 0x00, 0x00, 0x00, 0x00, 0x00, 0x00, 0x00, 0x00, 0x00, 0x00
.byte 0x00, 0x00, 0x00, 0x00, 0x00, 0x00, 0x00, 0x00, 0x00, 0x00, 0x00, 0x00, 0x00, 0x00, 0x00, 0x00
.byte 0x00, 0x00, 0x00, 0x00, 0x00, 0x00, 0x00, 0x00, 0x00, 0x00, 0x00, 0x00, 0x00, 0x00, 0x00, 0x00
.byte 0x1d, 0xc6, 0xd8, 0x39, 0x99, 0x31, 0x99, 0x31, 0x99, 0x31, 0x99, 0x31, 0x99, 0x31, 0x99, 0x31
.byte 0x99, 0x31, 0x99, 0x31, 0x99, 0x31, 0x99, 0x31, 0x99, 0x31, 0x99, 0x31, 0x99, 0x31, 0x99, 0x31
.byte 0x99, 0x31, 0x99, 0x31, 0x99, 0x31, 0x99, 0x31, 0x99, 0x31, 0x99, 0x31, 0x99, 0x31, 0x99, 0x31
.byte 0x99, 0x31, 0x99, 0x31, 0x99, 0x31, 0x99, 0x31, 0x99, 0x31, 0x99, 0x31, 0x99, 0x31, 0x99, 0x31
.byte 0x99, 0x31, 0x99, 0x31, 0x99, 0x31, 0x99, 0x31, 0x99, 0x31, 0x99, 0x31, 0x99, 0x31, 0x99, 0x31
.byte 0x99, 0x31, 0x99, 0x31, 0x99, 0x31, 0x99, 0x31, 0x99, 0x31, 0x99, 0x31, 0x99, 0x31, 0x99, 0x31
.byte 0x99, 0x31, 0x99, 0x31, 0xcd, 0x39, 0x69, 0x4a, 0x6d, 0x6b, 0x35, 0xa5, 0xdb, 0xde, 0xdf, 0xff
.byte 0x00, 0x00, 0x00, 0x00, 0x00, 0x00, 0x00, 0x00, 0x00, 0x00, 0x00, 0x00, 0x00, 0x00, 0x00, 0x00
.byte 0x00, 0x00, 0x00, 0x00, 0x00, 0x00, 0x00, 0x00, 0x00, 0x00, 0x00, 0x00, 0x00, 0x00, 0x00, 0x00
.byte 0x99, 0x52, 0x99, 0x31, 0x99, 0x31, 0x99, 0x31, 0x99, 0x31, 0x99, 0x31, 0x99, 0x31, 0x99, 0x31
.byte 0x99, 0x31, 0x99, 0x31, 0x99, 0x31, 0xb3, 0x31, 0xcb, 0x5a, 0xf0, 0x7b, 0xb6, 0xb5, 0x3c, 0xe7
.byte 0xdf, 0xff, 0x00, 0x00, 0x00, 0x00, 0x00, 0x00, 0x00, 0x00, 0x00, 0x00, 0x00, 0x00, 0x00, 0x00
.byte 0x00, 0x00, 0x00, 0x00, 0x00, 0x00, 0x00, 0x00, 0x00, 0x00, 0x00, 0x00, 0x00, 0x00, 0x00, 0x00
.byte 0x00, 0x00, 0x00, 0x00, 0x00, 0x00, 0x00, 0x00, 0x00, 0x00, 0x00, 0x00, 0x00, 0x00, 0x00, 0x00
.byte 0x00, 0x00, 0x00, 0x00, 0x00, 0x00, 0x00, 0x00, 0xdf, 0xff, 0x9c, 0xb5, 0x99, 0x31, 0x99, 0x31
.byte 0x99, 0x31, 0x99, 0x31, 0x99, 0x31, 0x99, 0x31, 0x99, 0x31, 0x99, 0x31, 0x99, 0x31, 0x99, 0x31
.byte 0x99, 0x31, 0x99, 0x31, 0x99, 0x31, 0x99, 0x31, 0x99, 0x31, 0x99, 0x31, 0x99, 0x31, 0x99, 0x31
.byte 0x99, 0x31, 0x99, 0x31, 0x99, 0x31, 0x99, 0x31, 0x99, 0x31, 0x99, 0x31, 0x99, 0x31, 0x99, 0x31
.byte 0x99, 0x31, 0x99, 0x31, 0x99, 0x31, 0x99, 0x31, 0x99, 0x31, 0x99, 0x31, 0x99, 0x31, 0x99, 0x31
.byte 0x99, 0x31, 0x99, 0x31, 0x99, 0x31, 0x99, 0x31, 0x99, 0x31, 0x99, 0x31, 0x99, 0x31, 0x99, 0x31
.byte 0x99, 0x31, 0x99, 0x31, 0x99, 0x31, 0x99, 0x31, 0x99, 0x31, 0x99, 0x31, 0x99, 0x31, 0x99, 0x31
.byte 0x99, 0x31, 0x99, 0x31, 0x99, 0x31, 0x99, 0x31, 0x99, 0x31, 0x99, 0x31, 0x99, 0x31, 0x99, 0x31
.byte 0x99, 0x31, 0x99, 0x31, 0x99, 0x31, 0x99, 0x31, 0x99, 0x31, 0x99, 0x31, 0x99, 0x31, 0x99, 0x31
.byte 0x99, 0x31, 0x99, 0x31, 0x99, 0x31, 0x99, 0x31, 0x99, 0x31, 0x99, 0x31, 0x99, 0x31, 0x99, 0x31
.byte 0x99, 0x31, 0x99, 0x31, 0x99, 0x31, 0x99, 0x31, 0x99, 0x31, 0x99, 0x31, 0x99, 0x31, 0x99, 0x31
.byte 0x99, 0x31, 0x99, 0x31, 0xcd, 0x39, 0x08, 0x42, 0x08, 0x42, 0x08, 0x42, 0x69, 0x4a, 0x6d, 0x6b
.byte 0x35, 0xa5, 0x38, 0xc6, 0x9e, 0xf7, 0xdf, 0xff, 0x00, 0x00, 0x00, 0x00, 0x00, 0x00, 0x00, 0x00
.byte 0x00, 0x00, 0x00, 0x00, 0x00, 0x00, 0x00, 0x00, 0x00, 0x00, 0x00, 0x00, 0x00, 0x00, 0x00, 0x00
.byte 0x00, 0x00, 0x00, 0x00, 0x00, 0x00, 0x00, 0x00, 0x00, 0x00, 0x00, 0x00, 0x00, 0x00, 0x00, 0x00
.byte 0x00, 0x00, 0x00, 0x00, 0x00, 0x00, 0x00, 0x00, 0x00, 0x00, 0x00, 0x00, 0xdf, 0xff, 0x9c, 0x94
.byte 0x99, 0x31, 0x99, 0x31, 0x99, 0x31, 0x99, 0x31, 0x99, 0x31, 0x99, 0x31, 0x99, 0x31, 0x99, 0x31
.byte 0x99, 0x31, 0x99, 0x31, 0x99, 0x31, 0x99, 0x31, 0x99, 0x31, 0x99, 0x31, 0x99, 0x31, 0x99, 0x31
.byte 0x99, 0x31, 0x99, 0x31, 0x99, 0x31, 0x99, 0x31, 0x99, 0x31, 0x99, 0x31, 0x99, 0x31, 0x99, 0x31
.byte 0x99, 0x31, 0x99, 0x31, 0x99, 0x31, 0x99, 0x31, 0x99, 0x31, 0x99, 0x31, 0x99, 0x31, 0x99, 0x31
.byte 0x99, 0x31, 0x99, 0x31, 0x99, 0x31, 0x99, 0x31, 0x99, 0x31, 0x99, 0x31, 0x99, 0x31, 0x99, 0x31
.byte 0x99, 0x31, 0x99, 0x31, 0x99, 0x31, 0x99, 0x31, 0x99, 0x31, 0x99, 0x31, 0x99, 0x31, 0x99, 0x31
.byte 0x99, 0x31, 0x99, 0x31, 0xcd, 0x39, 0x69, 0x4a, 0x6d, 0x6b, 0x35, 0xa5, 0xdb, 0xde, 0xdf, 0xff
.byte 0x00, 0x00, 0x00, 0x00, 0x00, 0x00, 0x00, 0x00, 0x00, 0x00, 0x00, 0x00, 0x00, 0x00, 0x00, 0x00
.byte 0x00, 0x00, 0x00, 0x00, 0x00, 0x00, 0x00, 0x00, 0x00, 0x00, 0x00, 0x00, 0x00, 0x00, 0x00, 0x00
.byte 0xd8, 0x39, 0x99, 0x31, 0x99, 0x31, 0x99, 0x31, 0x99, 0x31, 0x99, 0x31, 0x99, 0x31, 0x99, 0x31
.byte 0x99, 0x31, 0x99, 0x31, 0x99, 0x31, 0x99, 0x31, 0x69, 0x4a, 0xf0, 0x7b, 0xb6, 0xb5, 0x3c, 0xe7
.byte 0xdf, 0xff, 0x00, 0x00, 0x00, 0x00, 0x00, 0x00, 0x00, 0x00, 0x00, 0x00, 0x00, 0x00, 0x00, 0x00
.byte 0x00, 0x00, 0x00, 0x00, 0x00, 0x00, 0x00, 0x00, 0x00, 0x00, 0x00, 0x00, 0x00, 0x00, 0x00, 0x00
.byte 0x00, 0x00, 0x00, 0x00, 0x00, 0x00, 0x00, 0x00, 0x00, 0x00, 0x00, 0x00, 0x00, 0x00, 0x00, 0x00
.byte 0x00, 0x00, 0x00, 0x00, 0x00, 0x00, 0x00, 0x00, 0x00, 0x00, 0x9e, 0xf7, 0x99, 0x52, 0x99, 0x31
.byte 0x99, 0x31, 0x99, 0x31, 0x99, 0x31, 0x99, 0x31, 0x99, 0x31, 0x99, 0x31, 0x99, 0x31, 0x99, 0x31
.byte 0x99, 0x31, 0x99, 0x31, 0x99, 0x31, 0x99, 0x31, 0x99, 0x31, 0x99, 0x31, 0x99, 0x31, 0x99, 0x31
.byte 0x99, 0x31, 0x99, 0x31, 0x99, 0x31, 0x99, 0x31, 0x99, 0x31, 0x99, 0x31, 0x99, 0x31, 0x99, 0x31
.byte 0x99, 0x31, 0x99, 0x31, 0x99, 0x31, 0x99, 0x31, 0x99, 0x31, 0x99, 0x31, 0x99, 0x31, 0x99, 0x31
.byte 0x99, 0x31, 0x99, 0x31, 0x99, 0x31, 0x99, 0x31, 0x99, 0x31, 0x99, 0x31, 0x99, 0x31, 0x99, 0x31
.byte 0x99, 0x31, 0x99, 0x31, 0x99, 0x31, 0x99, 0x31, 0x99, 0x31, 0x99, 0x31, 0x99, 0x31, 0x99, 0x31
.byte 0x99, 0x31, 0x99, 0x31, 0x99, 0x31, 0x99, 0x31, 0x99, 0x31, 0x99, 0x31, 0x99, 0x31, 0x99, 0x31
.byte 0x99, 0x31, 0x99, 0x31, 0x99, 0x31, 0x99, 0x31, 0x99, 0x31, 0x99, 0x31, 0x99, 0x31, 0x99, 0x31
.byte 0x99, 0x31, 0x99, 0x31, 0x99, 0x31, 0x99, 0x31, 0x99, 0x31, 0x99, 0x31, 0x99, 0x31, 0x99, 0x31
.byte 0x99, 0x31, 0x99, 0x31, 0x99, 0x31, 0x99, 0x31, 0x99, 0x31, 0x99, 0x31, 0x99, 0x31, 0x99, 0x31
.byte 0x99, 0x31, 0xcd, 0x39, 0x08, 0x42, 0x08, 0x42, 0x08, 0x42, 0x69, 0x4a, 0x6d, 0x6b, 0x71, 0x8c
.byte 0x38, 0xc6, 0x3c, 0xe7, 0xdf, 0xff, 0x00, 0x00, 0x00, 0x00, 0x00, 0x00, 0x00, 0x00, 0x00, 0x00
.byte 0x00, 0x00, 0x00, 0x00, 0x00, 0x00, 0x00, 0x00, 0x00, 0x00, 0x00, 0x00, 0x00, 0x00, 0x00, 0x00
.byte 0x00, 0x00, 0x00, 0x00, 0x00, 0x00, 0x00, 0x00, 0x00, 0x00, 0x00, 0x00, 0x00, 0x00, 0x00, 0x00
.byte 0x00, 0x00, 0x00, 0x00, 0x00, 0x00, 0x00, 0x00, 0x00, 0x00, 0x1e, 0xe7, 0x5a, 0x6b, 0x99, 0x31
.byte 0x99, 0x31, 0x99, 0x31, 0x99, 0x31, 0x99, 0x31, 0x99, 0x31, 0x99, 0x31, 0x99, 0x31, 0x99, 0x31
.byte 0x99, 0x31, 0x99, 0x31, 0x99, 0x31, 0x99, 0x31, 0x99, 0x31, 0x99, 0x31, 0x99, 0x31, 0x99, 0x31
.byte 0x99, 0x31, 0x99, 0x31, 0x99, 0x31, 0x99, 0x31, 0x99, 0x31, 0x99, 0x31, 0x99, 0x31, 0x99, 0x31
.byte 0x99, 0x31, 0x99, 0x31, 0x99, 0x31, 0x99, 0x31, 0x99, 0x31, 0x99, 0x31, 0x99, 0x31, 0x99, 0x31
.byte 0x99, 0x31, 0x99, 0x31, 0x99, 0x31, 0x99, 0x31, 0x99, 0x31, 0x99, 0x31, 0x99, 0x31, 0x99, 0x31
.byte 0x99, 0x31, 0x99, 0x31, 0x99, 0x31, 0x99, 0x31, 0x99, 0x31, 0x99, 0x31, 0x99, 0x31, 0x99, 0x31
.byte 0x99, 0x31, 0x99, 0x31, 0xb3, 0x31, 0x69, 0x4a, 0x6d, 0x6b, 0x35, 0xa5, 0xdb, 0xde, 0xdf, 0xff
.byte 0x00, 0x00, 0x00, 0x00, 0x00, 0x00, 0x00, 0x00, 0x00, 0x00, 0x00, 0x00, 0x00, 0x00, 0x00, 0x00
.byte 0x00, 0x00, 0x00, 0x00, 0x00, 0x00, 0x00, 0x00, 0x00, 0x00, 0x00, 0x00, 0x00, 0x00, 0x00, 0x00
.byte 0xd8, 0x39, 0x99, 0x31, 0x99, 0x31, 0x99, 0x31, 0x99, 0x31, 0x99, 0x31, 0x99, 0x31, 0x99, 0x31
.byte 0x99, 0x31, 0x99, 0x31, 0x99, 0x31, 0x99, 0x31, 0x50, 0x4a, 0x6d, 0x6b, 0x35, 0xa5, 0xdb, 0xde
.byte 0x9e, 0xf7, 0x00, 0x00, 0x00, 0x00, 0x00, 0x00, 0x00, 0x00, 0x00, 0x00, 0x00, 0x00, 0x00, 0x00
.byte 0x00, 0x00, 0x00, 0x00, 0x00, 0x00, 0x00, 0x00, 0x00, 0x00, 0x00, 0x00, 0x00, 0x00, 0x00, 0x00
.byte 0x00, 0x00, 0x00, 0x00, 0x00, 0x00, 0x00, 0x00, 0x00, 0x00, 0x00, 0x00, 0x00, 0x00, 0x00, 0x00
.byte 0x00, 0x00, 0x00, 0x00, 0x00, 0x00, 0x00, 0x00, 0x00, 0x00, 0xdf, 0xff, 0x1b, 0xa5, 0x99, 0x31
.byte 0x99, 0x31, 0x99, 0x31, 0x99, 0x31, 0x99, 0x31, 0x99, 0x31, 0x99, 0x31, 0x99, 0x31, 0x99, 0x31
.byte 0x99, 0x31, 0x99, 0x31, 0x99, 0x31, 0x99, 0x31, 0x99, 0x31, 0x99, 0x31, 0x99, 0x31, 0x99, 0x31
.byte 0x99, 0x31, 0x99, 0x31, 0x99, 0x31, 0x99, 0x31, 0x99, 0x31, 0x99, 0x31, 0x99, 0x31, 0x99, 0x31
.byte 0x99, 0x31, 0x99, 0x31, 0x99, 0x31, 0x99, 0x31, 0x99, 0x31, 0x99, 0x31, 0x99, 0x31, 0x99, 0x31
.byte 0x99, 0x31, 0x99, 0x31, 0x99, 0x31, 0x99, 0x31, 0x99, 0x31, 0x99, 0x31, 0x99, 0x31, 0x99, 0x31
.byte 0x99, 0x31, 0x99, 0x31, 0x99, 0x31, 0x99, 0x31, 0x99, 0x31, 0x99, 0x31, 0x99, 0x31, 0x99, 0x31
.byte 0x99, 0x31, 0x99, 0x31, 0x99, 0x31, 0x99, 0x31, 0x99, 0x31, 0x99, 0x31, 0x99, 0x31, 0x99, 0x31
.byte 0x99, 0x31, 0x99, 0x31, 0x99, 0x31, 0x99, 0x31, 0x99, 0x31, 0x99, 0x31, 0x99, 0x31, 0x99, 0x31
.byte 0x99, 0x31, 0x99, 0x31, 0x99, 0x31, 0x99, 0x31, 0x99, 0x31, 0x99, 0x31, 0x99, 0x31, 0x99, 0x31
.byte 0x99, 0x31, 0x99, 0x31, 0x99, 0x31, 0x99, 0x31, 0x99, 0x31, 0x99, 0x31, 0x99, 0x31, 0x99, 0x31
.byte 0xb3, 0x31, 0x08, 0x42, 0x08, 0x42, 0x08, 0x42, 0x69, 0x4a, 0xcb, 0x5a, 0x71, 0x8c, 0xb6, 0xb5
.byte 0xdb, 0xde, 0xdf, 0xff, 0x00, 0x00, 0x00, 0x00, 0x00, 0x00, 0x00, 0x00, 0x00, 0x00, 0x00, 0x00
.byte 0x00, 0x00, 0x00, 0x00, 0x00, 0x00, 0x00, 0x00, 0x00, 0x00, 0x00, 0x00, 0x00, 0x00, 0x00, 0x00
.byte 0x00, 0x00, 0x00, 0x00, 0x00, 0x00, 0x00, 0x00, 0x00, 0x00, 0x00, 0x00, 0x00, 0x00, 0x00, 0x00
.byte 0x00, 0x00, 0x00, 0x00, 0x00, 0x00, 0x00, 0x00, 0x1d, 0xc6, 0x99, 0x52, 0x99, 0x31, 0x99, 0x31
.byte 0x99, 0x31, 0x99, 0x31, 0x99, 0x31, 0x99, 0x31, 0x99, 0x31, 0x99, 0x31, 0x99, 0x31, 0x99, 0x31
.byte 0x99, 0x31, 0x99, 0x31, 0x99, 0x31, 0x99, 0x31, 0x99, 0x31, 0x99, 0x31, 0x99, 0x31, 0x99, 0x31
.byte 0x99, 0x31, 0x99, 0x31, 0x99, 0x31, 0x99, 0x31, 0x99, 0x31, 0x99, 0x31, 0x99, 0x31, 0x99, 0x31
.byte 0x99, 0x31, 0x99, 0x31, 0x99, 0x31, 0x99, 0x31, 0x99, 0x31, 0x99, 0x31, 0x99, 0x31, 0x99, 0x31
.byte 0x99, 0x31, 0x99, 0x31, 0x99, 0x31, 0x99, 0x31, 0x99, 0x31, 0x99, 0x31, 0x99, 0x31, 0x99, 0x31
.byte 0x99, 0x31, 0x99, 0x31, 0x99, 0x31, 0x99, 0x31, 0x99, 0x31, 0x99, 0x31, 0x99, 0x31, 0x99, 0x31
.byte 0x99, 0x31, 0x99, 0x31, 0xb3, 0x31, 0x69, 0x4a, 0x6d, 0x6b, 0x35, 0xa5, 0xdb, 0xde, 0xdf, 0xff
.byte 0x00, 0x00, 0x00, 0x00, 0x00, 0x00, 0x00, 0x00, 0x00, 0x00, 0x00, 0x00, 0x00, 0x00, 0x00, 0x00
.byte 0x00, 0x00, 0x00, 0x00, 0x00, 0x00, 0x00, 0x00, 0x00, 0x00, 0x00, 0x00, 0x00, 0x00, 0x00, 0x00
.byte 0x99, 0x31, 0x99, 0x31, 0x99, 0x31, 0x99, 0x31, 0x99, 0x31, 0x99, 0x31, 0x99, 0x31, 0x99, 0x31
.byte 0x99, 0x31, 0x99, 0x31, 0x99, 0x31, 0x99, 0x31, 0xb3, 0x31, 0x6d, 0x6b, 0xd3, 0x9c, 0x38, 0xc6
.byte 0x9e, 0xf7, 0x00, 0x00, 0x00, 0x00, 0x00, 0x00, 0x00, 0x00, 0x00, 0x00, 0x00, 0x00, 0x00, 0x00
.byte 0x00, 0x00, 0x00, 0x00, 0x00, 0x00, 0x00, 0x00, 0x00, 0x00, 0x00, 0x00, 0x00, 0x00, 0x00, 0x00
.byte 0x00, 0x00, 0x00, 0x00, 0x00, 0x00, 0x00, 0x00, 0x00, 0x00, 0x00, 0x00, 0x00, 0x00, 0x00, 0x00
.byte 0x00, 0x00, 0x00, 0x00, 0x00, 0x00, 0x00, 0x00, 0x00, 0x00, 0x00, 0x00, 0x3c, 0xe7, 0x99, 0x52
.byte 0x99, 0x31, 0x99, 0x31, 0x99, 0x31, 0x99, 0x31, 0x99, 0x31, 0x99, 0x31, 0x99, 0x31, 0x99, 0x31
.byte 0x99, 0x31, 0x99, 0x31, 0x99, 0x31, 0x99, 0x31, 0x99, 0x31, 0x99, 0x31, 0x99, 0x31, 0x99, 0x31
.byte 0x99, 0x31, 0x99, 0x31, 0x99, 0x31, 0x99, 0x31, 0x99, 0x31, 0x99, 0x31, 0x99, 0x31, 0x99, 0x31
.byte 0x99, 0x31, 0x99, 0x31, 0x99, 0x31, 0x99, 0x31, 0x99, 0x31, 0x99, 0x31, 0x99, 0x31, 0x99, 0x31
.byte 0x99, 0x31, 0x99, 0x31, 0x99, 0x31, 0x99, 0x31, 0x99, 0x31, 0x99, 0x31, 0x99, 0x31, 0x99, 0x31
.byte 0x99, 0x31, 0x99, 0x31, 0x99, 0x31, 0x99, 0x31, 0x99, 0x31, 0x99, 0x31, 0x99, 0x31, 0x99, 0x31
.byte 0x99, 0x31, 0x99, 0x31, 0x99, 0x31, 0x99, 0x31, 0x99, 0x31, 0x99, 0x31, 0x99, 0x31, 0x99, 0x31
.byte 0x99, 0x31, 0x99, 0x31, 0x99, 0x31, 0x99, 0x31, 0x99, 0x31, 0x99, 0x31, 0x99, 0x31, 0x99, 0x31
.byte 0x99, 0x31, 0x99, 0x31, 0x99, 0x31, 0x99, 0x31, 0x99, 0x31, 0x99, 0x31, 0x99, 0x31, 0x99, 0x31
.byte 0x99, 0x31, 0x99, 0x31, 0x99, 0x31, 0x99, 0x31, 0x99, 0x31, 0x99, 0x31, 0x99, 0x31, 0xcd, 0x39
.byte 0x08, 0x42, 0x08, 0x42, 0x08, 0x42, 0x69, 0x4a, 0xcb, 0x5a, 0xf0, 0x7b, 0x35, 0xa5, 0xdb, 0xde
.byte 0x9e, 0xf7, 0xdf, 0xff, 0x00, 0x00, 0x00, 0x00, 0x00, 0x00, 0x00, 0x00, 0x00, 0x00, 0x00, 0x00
.byte 0x00, 0x00, 0x00, 0x00, 0x00, 0x00, 0x00, 0x00, 0x00, 0x00, 0x00, 0x00, 0x00, 0x00, 0x00, 0x00
.byte 0x00, 0x00, 0x00, 0x00, 0x00, 0x00, 0x00, 0x00, 0x00, 0x00, 0x00, 0x00, 0x00, 0x00, 0x00, 0x00
.byte 0x00, 0x00, 0x00, 0x00, 0x00, 0x00, 0x1b, 0xa5, 0x99, 0x31, 0x99, 0x31, 0x99, 0x31, 0x99, 0x31
.byte 0x99, 0x31, 0x99, 0x31, 0x99, 0x31, 0x99, 0x31, 0x99, 0x31, 0x99, 0x31, 0x99, 0x31, 0x99, 0x31
.byte 0x99, 0x31, 0x99, 0x31, 0x99, 0x31, 0x99, 0x31, 0x99, 0x31, 0x99, 0x31, 0x99, 0x31, 0x99, 0x31
.byte 0x99, 0x31, 0x99, 0x31, 0x99, 0x31, 0x99, 0x31, 0x99, 0x31, 0x99, 0x31, 0x99, 0x31, 0x99, 0x31
.byte 0x99, 0x31, 0x99, 0x31, 0x99, 0x31, 0x99, 0x31, 0x99, 0x31, 0x99, 0x31, 0x99, 0x31, 0x99, 0x31
.byte 0x99, 0x31, 0x99, 0x31, 0x99, 0x31, 0x99, 0x31, 0x99, 0x31, 0x99, 0x31, 0x99, 0x31, 0x99, 0x31
.byte 0x99, 0x31, 0x99, 0x31, 0x99, 0x31, 0x99, 0x31, 0x99, 0x31, 0x99, 0x31, 0x99, 0x31, 0x99, 0x31
.byte 0x99, 0x31, 0x99, 0x31, 0xb3, 0x31, 0x69, 0x4a, 0x6d, 0x6b, 0x35, 0xa5, 0xdb, 0xde, 0xdf, 0xff
.byte 0x00, 0x00, 0x00, 0x00, 0x00, 0x00, 0x00, 0x00, 0x00, 0x00, 0x00, 0x00, 0x00, 0x00, 0x00, 0x00
.byte 0x00, 0x00, 0x00, 0x00, 0x00, 0x00, 0x00, 0x00, 0x00, 0x00, 0x00, 0x00, 0x00, 0x00, 0x00, 0x00
.byte 0x99, 0x31, 0x99, 0x31, 0x99, 0x31, 0x99, 0x31, 0x99, 0x31, 0x99, 0x31, 0x99, 0x31, 0x99, 0x31
.byte 0x99, 0x31, 0x99, 0x31, 0x99, 0x31, 0x99, 0x31, 0xb3, 0x31, 0xcb, 0x5a, 0x71, 0x8c, 0x38, 0xc6
.byte 0x3c, 0xe7, 0x00, 0x00, 0x00, 0x00, 0x00, 0x00, 0x00, 0x00, 0x00, 0x00, 0x00, 0x00, 0x00, 0x00
.byte 0x00, 0x00, 0x00, 0x00, 0x00, 0x00, 0x00, 0x00, 0x00, 0x00, 0x00, 0x00, 0x00, 0x00, 0x00, 0x00
.byte 0x00, 0x00, 0x00, 0x00, 0x00, 0x00, 0x00, 0x00, 0x00, 0x00, 0x00, 0x00, 0x00, 0x00, 0x00, 0x00
.byte 0x00, 0x00, 0x00, 0x00, 0x00, 0x00, 0x00, 0x00, 0x00, 0x00, 0x00, 0x00, 0xdf, 0xff, 0x1b, 0xa5
.byte 0x99, 0x31, 0x99, 0x31, 0x99, 0x31, 0x99, 0x31, 0x99, 0x31, 0x99, 0x31, 0x99, 0x31, 0x99, 0x31
.byte 0x99, 0x31, 0x99, 0x31, 0x99, 0x31, 0x99, 0x31, 0x99, 0x31, 0x99, 0x31, 0x99, 0x31, 0x99, 0x31
.byte 0x99, 0x31, 0x99, 0x31, 0x99, 0x31, 0x99, 0x31, 0x99, 0x31, 0x99, 0x31, 0x99, 0x31, 0x99, 0x31
.byte 0x99, 0x31, 0x99, 0x31, 0x99, 0x31, 0x99, 0x31, 0x99, 0x31, 0x99, 0x31, 0x99, 0x31, 0x99, 0x31
.byte 0x99, 0x31, 0x99, 0x31, 0x99, 0x31, 0x99, 0x31, 0x99, 0x31, 0x99, 0x31, 0x99, 0x31, 0x99, 0x31
.byte 0x99, 0x31, 0x99, 0x31, 0x99, 0x31, 0x99, 0x31, 0x99, 0x31, 0x99, 0x31, 0x99, 0x31, 0x99, 0x31
.byte 0x99, 0x31, 0x99, 0x31, 0x99, 0x31, 0x99, 0x31, 0x99, 0x31, 0x99, 0x31, 0x99, 0x31, 0x99, 0x31
.byte 0x99, 0x31, 0x99, 0x31, 0x99, 0x31, 0x99, 0x31, 0x99, 0x31, 0x99, 0x31, 0x99, 0x31, 0x99, 0x31
.byte 0x99, 0x31, 0x99, 0x31, 0x99, 0x31, 0x99, 0x31, 0x99, 0x31, 0x99, 0x31, 0x99, 0x31, 0x99, 0x31
.byte 0x99, 0x31, 0x99, 0x31, 0x99, 0x31, 0x99, 0x31, 0x99, 0x31, 0x99, 0x31, 0xcd, 0x39, 0x08, 0x42
.byte 0x08, 0x42, 0x08, 0x42, 0x69, 0x4a, 0xcb, 0x5a, 0xf0, 0x7b, 0x35, 0xa5, 0x38, 0xc6, 0x9e, 0xf7
.byte 0xdf, 0xff, 0x00, 0x00, 0x00, 0x00, 0x00, 0x00, 0x00, 0x00, 0x00, 0x00, 0x00, 0x00, 0x00, 0x00
.byte 0x00, 0x00, 0x00, 0x00, 0x00, 0x00, 0x00, 0x00, 0x00, 0x00, 0x00, 0x00, 0x00, 0x00, 0x00, 0x00
.byte 0x00, 0x00, 0x00, 0x00, 0x00, 0x00, 0x00, 0x00, 0x00, 0x00, 0x00, 0x00, 0x00, 0x00, 0x00, 0x00
.byte 0x00, 0x00, 0x9f, 0xf7, 0x9c, 0x94, 0x99, 0x31, 0x99, 0x31, 0x99, 0x31, 0x99, 0x31, 0x99, 0x31
.byte 0x99, 0x31, 0x99, 0x31, 0x99, 0x31, 0x99, 0x31, 0x99, 0x31, 0x99, 0x31, 0x99, 0x31, 0x99, 0x31
.byte 0x99, 0x31, 0x99, 0x31, 0x99, 0x31, 0x99, 0x31, 0x99, 0x31, 0x99, 0x31, 0x99, 0x31, 0x99, 0x31
.byte 0x99, 0x31, 0x99, 0x31, 0x99, 0x31, 0x99, 0x31, 0x99, 0x31, 0x99, 0x31, 0x99, 0x31, 0x99, 0x31
.byte 0x99, 0x31, 0x99, 0x31, 0x99, 0x31, 0x99, 0x31, 0x99, 0x31, 0x99, 0x31, 0x99, 0x31, 0x99, 0x31
.byte 0x99, 0x31, 0x99, 0x31, 0x99, 0x31, 0x99, 0x31, 0x99, 0x31, 0x99, 0x31, 0x99, 0x31, 0x99, 0x31
.byte 0x99, 0x31, 0x99, 0x31, 0x99, 0x31, 0x99, 0x31, 0x99, 0x31, 0x99, 0x31, 0x99, 0x31, 0x99, 0x31
.byte 0x99, 0x31, 0x99, 0x31, 0xd8, 0x39, 0x69, 0x4a, 0x6d, 0x6b, 0x35, 0xa5, 0xdb, 0xde, 0x9e, 0xf7
.byte 0x00, 0x00, 0x00, 0x00, 0x00, 0x00, 0x00, 0x00, 0x00, 0x00, 0x00, 0x00, 0x00, 0x00, 0x00, 0x00
.byte 0x00, 0x00, 0x00, 0x00, 0x00, 0x00, 0x00, 0x00, 0x00, 0x00, 0x00, 0x00, 0x00, 0x00, 0x00, 0x00
.byte 0x99, 0x31, 0x99, 0x31, 0x99, 0x31, 0x99, 0x31, 0x99, 0x31, 0x99, 0x31, 0x99, 0x31, 0x99, 0x31
.byte 0x99, 0x31, 0x99, 0x31, 0x99, 0x31, 0x99, 0x31, 0x99, 0x31, 0x50, 0x4a, 0xf0, 0x7b, 0xb6, 0xb5
.byte 0x3c, 0xe7, 0xdf, 0xff, 0x00, 0x00, 0x00, 0x00, 0x00, 0x00, 0x00, 0x00, 0x00, 0x00, 0x00, 0x00
.byte 0x00, 0x00, 0x00, 0x00, 0x00, 0x00, 0x00, 0x00, 0x00, 0x00, 0x00, 0x00, 0x00, 0x00, 0x00, 0x00
.byte 0x00, 0x00, 0x00, 0x00, 0x00, 0x00, 0x00, 0x00, 0x00, 0x00, 0x00, 0x00, 0x00, 0x00, 0x00, 0x00
.byte 0x00, 0x00, 0x00, 0x00, 0x00, 0x00, 0x00, 0x00, 0x00, 0x00, 0x00, 0x00, 0xdf, 0xff, 0x3c, 0xe7
.byte 0x99, 0x52, 0x99, 0x31, 0x99, 0x31, 0x99, 0x31, 0x99, 0x31, 0x99, 0x31, 0x99, 0x31, 0x99, 0x31
.byte 0x99, 0x31, 0x99, 0x31, 0x99, 0x31, 0x99, 0x31, 0x99, 0x31, 0x99, 0x31, 0x99, 0x31, 0x99, 0x31
.byte 0x99, 0x31, 0x99, 0x31, 0x99, 0x31, 0x99, 0x31, 0x99, 0x31, 0x99, 0x31, 0x99, 0x31, 0x99, 0x31
.byte 0x99, 0x31, 0x99, 0x31, 0x99, 0x31, 0x99, 0x31, 0x99, 0x31, 0x99, 0x31, 0x99, 0x31, 0x99, 0x31
.byte 0x99, 0x31, 0x99, 0x31, 0x99, 0x31, 0x99, 0x31, 0x99, 0x31, 0x99, 0x31, 0x99, 0x31, 0x99, 0x31
.byte 0x99, 0x31, 0x99, 0x31, 0x99, 0x31, 0x99, 0x31, 0x99, 0x31, 0x99, 0x31, 0x99, 0x31, 0x99, 0x31
.byte 0x99, 0x31, 0x99, 0x31, 0x99, 0x31, 0x99, 0x31, 0x99, 0x31, 0x99, 0x31, 0x99, 0x31, 0x99, 0x31
.byte 0x99, 0x31, 0x99, 0x31, 0x99, 0x31, 0x99, 0x31, 0x99, 0x31, 0x99, 0x31, 0x99, 0x31, 0x99, 0x31
.byte 0x99, 0x31, 0x99, 0x31, 0x99, 0x31, 0x99, 0x31, 0x99, 0x31, 0x99, 0x31, 0x99, 0x31, 0x99, 0x31
.byte 0x99, 0x31, 0x99, 0x31, 0x99, 0x31, 0x99, 0x31, 0x99, 0x31, 0xcd, 0x39, 0x08, 0x42, 0x08, 0x42
.byte 0x08, 0x42, 0x08, 0x42, 0xcb, 0x5a, 0xf0, 0x7b, 0xd3, 0x9c, 0x38, 0xc6, 0x3c, 0xe7, 0xdf, 0xff
.byte 0x00, 0x00, 0x00, 0x00, 0x00, 0x00, 0x00, 0x00, 0x00, 0x00, 0x00, 0x00, 0x00, 0x00, 0x00, 0x00
.byte 0x00, 0x00, 0x00, 0x00, 0x00, 0x00, 0x00, 0x00, 0x00, 0x00, 0x00, 0x00, 0x00, 0x00, 0x00, 0x00
.byte 0x00, 0x00, 0x00, 0x00, 0x00, 0x00, 0x00, 0x00, 0x00, 0x00, 0x00, 0x00, 0x00, 0x00, 0x00, 0x00
.byte 0x9e, 0xd6, 0x99, 0x52, 0x99, 0x31, 0x99, 0x31, 0x99, 0x31, 0x99, 0x31, 0x99, 0x31, 0x99, 0x31
.byte 0x99, 0x31, 0x99, 0x31, 0x99, 0x31, 0x99, 0x31, 0x99, 0x31, 0x99, 0x31, 0x99, 0x31, 0x99, 0x31
.byte 0x99, 0x31, 0x99, 0x31, 0x99, 0x31, 0x99, 0x31, 0x99, 0x31, 0x99, 0x31, 0x99, 0x31, 0x99, 0x31
.byte 0x99, 0x31, 0x99, 0x31, 0x99, 0x31, 0x99, 0x31, 0x99, 0x31, 0x99, 0x31, 0x99, 0x31, 0x99, 0x31
.byte 0x99, 0x31, 0x99, 0x31, 0x99, 0x31, 0x99, 0x31, 0x99, 0x31, 0x99, 0x31, 0x99, 0x31, 0x99, 0x31
.byte 0x99, 0x31, 0x99, 0x31, 0x99, 0x31, 0x99, 0x31, 0x99, 0x31, 0x99, 0x31, 0x99, 0x31, 0x99, 0x31
.byte 0x99, 0x31, 0x99, 0x31, 0x99, 0x31, 0x99, 0x31, 0x99, 0x31, 0x99, 0x31, 0x99, 0x31, 0x99, 0x31
.byte 0x99, 0x31, 0x99, 0x31, 0x99, 0x31, 0x69, 0x4a, 0x6d, 0x6b, 0xd3, 0x9c, 0xdb, 0xde, 0x9e, 0xf7
.byte 0x00, 0x00, 0x00, 0x00, 0x00, 0x00, 0x00, 0x00, 0x00, 0x00, 0x00, 0x00, 0x00, 0x00, 0x00, 0x00
.byte 0x00, 0x00, 0x00, 0x00, 0x00, 0x00, 0x00, 0x00, 0x00, 0x00, 0x00, 0x00, 0x00, 0x00, 0x00, 0x00
.byte 0x99, 0x31, 0x99, 0x31, 0x99, 0x31, 0x99, 0x31, 0x99, 0x31, 0x99, 0x31, 0x99, 0x31, 0x99, 0x31
.byte 0x99, 0x31, 0x99, 0x31, 0x99, 0x31, 0x99, 0x31, 0x99, 0x31, 0x50, 0x4a, 0x6d, 0x6b, 0x35, 0xa5
.byte 0xdb, 0xde, 0xdf, 0xff, 0x00, 0x00, 0x00, 0x00, 0x00, 0x00, 0x00, 0x00, 0x00, 0x00, 0x00, 0x00
.byte 0x00, 0x00, 0x00, 0x00, 0x00, 0x00, 0x00, 0x00, 0x00, 0x00, 0x00, 0x00, 0x00, 0x00, 0x00, 0x00
.byte 0x00, 0x00, 0x00, 0x00, 0x00, 0x00, 0x00, 0x00, 0x00, 0x00, 0x00, 0x00, 0x00, 0x00, 0x00, 0x00
.byte 0x00, 0x00, 0x00, 0x00, 0x00, 0x00, 0x00, 0x00, 0x00, 0x00, 0x00, 0x00, 0x00, 0x00, 0x9e, 0xf7
.byte 0x38, 0xc6, 0xd8, 0x39, 0x99, 0x31, 0x99, 0x31, 0x99, 0x31, 0x99, 0x31, 0x99, 0x31, 0x99, 0x31
.byte 0x99, 0x31, 0x99, 0x31, 0x99, 0x31, 0x99, 0x31, 0x99, 0x31, 0x99, 0x31, 0x99, 0x31, 0x99, 0x31
.byte 0x99, 0x31, 0x99, 0x31, 0x99, 0x31, 0x99, 0x31, 0x99, 0x31, 0x99, 0x31, 0x99, 0x31, 0x99, 0x31
.byte 0x99, 0x31, 0x99, 0x31, 0x99, 0x31, 0x99, 0x31, 0x99, 0x31, 0x99, 0x31, 0x99, 0x31, 0x99, 0x31
.byte 0x99, 0x31, 0x99, 0x31, 0x99, 0x31, 0x99, 0x31, 0x99, 0x31, 0x99, 0x31, 0x99, 0x31, 0x99, 0x31
.byte 0x99, 0x31, 0x99, 0x31, 0x99, 0x31, 0x99, 0x31, 0x99, 0x31, 0x99, 0x31, 0x99, 0x31, 0x99, 0x31
.byte 0x99, 0x31, 0x99, 0x31, 0x99, 0x31, 0x99, 0x31, 0x99, 0x31, 0x99, 0x31, 0x99, 0x31, 0x99, 0x31
.byte 0x99, 0x31, 0x99, 0x31, 0x99, 0x31, 0x99, 0x31, 0x99, 0x31, 0x99, 0x31, 0x99, 0x31, 0x99, 0x31
.byte 0x99, 0x31, 0x99, 0x31, 0x99, 0x31, 0x99, 0x31, 0x99, 0x31, 0x99, 0x31, 0x99, 0x31, 0x99, 0x31
.byte 0x99, 0x31, 0x99, 0x31, 0x99, 0x31, 0x99, 0x31, 0xcd, 0x39, 0x08, 0x42, 0x08, 0x42, 0x08, 0x42
.byte 0x69, 0x4a, 0xcb, 0x5a, 0xf0, 0x7b, 0xd3, 0x9c, 0x38, 0xc6, 0x3c, 0xe7, 0xdf, 0xff, 0x00, 0x00
.byte 0x00, 0x00, 0x00, 0x00, 0x00, 0x00, 0x00, 0x00, 0x00, 0x00, 0x00, 0x00, 0x00, 0x00, 0x00, 0x00
.byte 0x00, 0x00, 0x00, 0x00, 0x00, 0x00, 0x00, 0x00, 0x00, 0x00, 0x00, 0x00, 0x00, 0x00, 0x00, 0x00
.byte 0x00, 0x00, 0x00, 0x00, 0x00, 0x00, 0x00, 0x00, 0x00, 0x00, 0x00, 0x00, 0x00, 0x00, 0x9c, 0xb5
.byte 0xd8, 0x39, 0x99, 0x31, 0x99, 0x31, 0x99, 0x31, 0x99, 0x31, 0x99, 0x31, 0x99, 0x31, 0x99, 0x31
.byte 0x99, 0x31, 0x99, 0x31, 0x99, 0x31, 0x99, 0x31, 0x99, 0x31, 0x99, 0x31, 0x99, 0x31, 0x99, 0x31
.byte 0x99, 0x31, 0x99, 0x31, 0x99, 0x31, 0x99, 0x31, 0x99, 0x31, 0x99, 0x31, 0x99, 0x31, 0x99, 0x31
.byte 0x99, 0x31, 0x99, 0x31, 0x99, 0x31, 0x99, 0x31, 0x99, 0x31, 0x99, 0x31, 0x99, 0x31, 0x99, 0x31
.byte 0x99, 0x31, 0x99, 0x31, 0x99, 0x31, 0x99, 0x31, 0x99, 0x31, 0x99, 0x31, 0x99, 0x31, 0x99, 0x31
.byte 0x99, 0x31, 0x99, 0x31, 0x99, 0x31, 0x99, 0x31, 0x99, 0x31, 0x99, 0x31, 0x99, 0x31, 0x99, 0x31
.byte 0x99, 0x31, 0x99, 0x31, 0x99, 0x31, 0x99, 0x31, 0x99, 0x31, 0x99, 0x31, 0x99, 0x31, 0x99, 0x31
.byte 0x99, 0x31, 0x99, 0x31, 0x99, 0x31, 0xcd, 0x39, 0x6d, 0x6b, 0xd3, 0x9c, 0xdb, 0xde, 0x9e, 0xf7
.byte 0x00, 0x00, 0x00, 0x00, 0x00, 0x00, 0x00, 0x00, 0x00, 0x00, 0x00, 0x00, 0x00, 0x00, 0x00, 0x00
.byte 0x00, 0x00, 0x00, 0x00, 0x00, 0x00, 0x00, 0x00, 0x00, 0x00, 0x00, 0x00, 0x00, 0x00, 0x00, 0x00
.byte 0x99, 0x31, 0x99, 0x31, 0x99, 0x31, 0x99, 0x31, 0x99, 0x31, 0x99, 0x31, 0x99, 0x31, 0x99, 0x31
.byte 0x99, 0x31, 0x99, 0x31, 0x99, 0x31, 0x99, 0x31, 0x99, 0x31, 0xb3, 0x31, 0x6d, 0x6b, 0xd3, 0x9c
.byte 0xdb, 0xde, 0x9e, 0xf7, 0x00, 0x00, 0x00, 0x00, 0x00, 0x00, 0x00, 0x00, 0x00, 0x00, 0x00, 0x00
.byte 0x00, 0x00, 0x00, 0x00, 0x00, 0x00, 0x00, 0x00, 0x00, 0x00, 0x00, 0x00, 0x00, 0x00, 0x00, 0x00
.byte 0x00, 0x00, 0x00, 0x00, 0x00, 0x00, 0x00, 0x00, 0x00, 0x00, 0x00, 0x00, 0x00, 0x00, 0x00, 0x00
.byte 0x00, 0x00, 0x00, 0x00, 0x00, 0x00, 0x00, 0x00, 0x00, 0x00, 0x00, 0x00, 0x00, 0x00, 0xdf, 0xff
.byte 0x3c, 0xe7, 0x78, 0x8c, 0x99, 0x31, 0x99, 0x31, 0x99, 0x31, 0x99, 0x31, 0x99, 0x31, 0x99, 0x31
.byte 0x99, 0x31, 0x99, 0x31, 0x99, 0x31, 0x99, 0x31, 0x99, 0x31, 0x99, 0x31, 0x99, 0x31, 0x99, 0x31
.byte 0x99, 0x31, 0x99, 0x31, 0x99, 0x31, 0x99, 0x31, 0x99, 0x31, 0x99, 0x31, 0x99, 0x31, 0x99, 0x31
.byte 0x99, 0x31, 0x99, 0x31, 0x99, 0x31, 0x99, 0x31, 0x99, 0x31, 0x99, 0x31, 0x99, 0x31, 0x99, 0x31
.byte 0x99, 0x31, 0x99, 0x31, 0x99, 0x31, 0x99, 0x31, 0x99, 0x31, 0x99, 0x31, 0x99, 0x31, 0x99, 0x31
.byte 0x99, 0x31, 0x99, 0x31, 0x99, 0x31, 0x99, 0x31, 0x99, 0x31, 0x99, 0x31, 0x99, 0x31, 0x99, 0x31
.byte 0x99, 0x31, 0x99, 0x31, 0x99, 0x31, 0x99, 0x31, 0x99, 0x31, 0x99, 0x31, 0x99, 0x31, 0x99, 0x31
.byte 0x99, 0x31, 0x99, 0x31, 0x99, 0x31, 0x99, 0x31, 0x99, 0x31, 0x99, 0x31, 0x99, 0x31, 0x99, 0x31
.byte 0x99, 0x31, 0x99, 0x31, 0x99, 0x31, 0x99, 0x31, 0x99, 0x31, 0x99, 0x31, 0x99, 0x31, 0x99, 0x31
.byte 0x99, 0x31, 0x99, 0x31, 0xd8, 0x39, 0x08, 0x42, 0x08, 0x42, 0x08, 0x42, 0x08, 0x42, 0x69, 0x4a
.byte 0xcb, 0x5a, 0xf0, 0x7b, 0xd3, 0x9c, 0x38, 0xc6, 0x3c, 0xe7, 0xdf, 0xff, 0x00, 0x00, 0x00, 0x00
.byte 0x00, 0x00, 0x00, 0x00, 0x00, 0x00, 0x00, 0x00, 0x00, 0x00, 0x00, 0x00, 0x00, 0x00, 0x00, 0x00
.byte 0x00, 0x00, 0x00, 0x00, 0x00, 0x00, 0x00, 0x00, 0x00, 0x00, 0x00, 0x00, 0x00, 0x00, 0x00, 0x00
.byte 0x00, 0x00, 0x00, 0x00, 0x00, 0x00, 0x00, 0x00, 0x00, 0x00, 0x9f, 0xf7, 0xfb, 0x7b, 0x99, 0x31
.byte 0x99, 0x31, 0x99, 0x31, 0x99, 0x31, 0x99, 0x31, 0x99, 0x31, 0x99, 0x31, 0x99, 0x31, 0x99, 0x31
.byte 0x99, 0x31, 0x99, 0x31, 0x99, 0x31, 0x99, 0x31, 0x99, 0x31, 0x99, 0x31, 0x99, 0x31, 0x99, 0x31
.byte 0x99, 0x31, 0x99, 0x31, 0x99, 0x31, 0x99, 0x31, 0x99, 0x31, 0x99, 0x31, 0x99, 0x31, 0x99, 0x31
.byte 0x99, 0x31, 0x99, 0x31, 0x99, 0x31, 0x99, 0x31, 0x99, 0x31, 0x99, 0x31, 0x99, 0x31, 0x99, 0x31
.byte 0x99, 0x31, 0x99, 0x31, 0x99, 0x31, 0x99, 0x31, 0x99, 0x31, 0x99, 0x31, 0x99, 0x31, 0x99, 0x31
.byte 0x99, 0x31, 0x99, 0x31, 0x99, 0x31, 0x99, 0x31, 0x99, 0x31, 0x99, 0x31, 0x99, 0x31, 0x99, 0x31
.byte 0x99, 0x31, 0x99, 0x31, 0x99, 0x31, 0x99, 0x31, 0x99, 0x31, 0x99, 0x31, 0x99, 0x31, 0x99, 0x31
.byte 0x99, 0x31, 0x99, 0x31, 0x99, 0x31, 0xb3, 0x31, 0xcb, 0x5a, 0x71, 0x8c, 0x38, 0xc6, 0x9e, 0xf7
.byte 0x00, 0x00, 0x00, 0x00, 0x00, 0x00, 0x00, 0x00, 0x00, 0x00, 0x00, 0x00, 0x00, 0x00, 0x00, 0x00
.byte 0x00, 0x00, 0x00, 0x00, 0x00, 0x00, 0x00, 0x00, 0x00, 0x00, 0x00, 0x00, 0x00, 0x00, 0x00, 0x00
.byte 0x99, 0x31, 0x99, 0x31, 0x99, 0x31, 0x99, 0x31, 0x99, 0x31, 0x99, 0x31, 0x99, 0x31, 0x99, 0x31
.byte 0x99, 0x31, 0x99, 0x31, 0x99, 0x31, 0x99, 0x31, 0x99, 0x31, 0x99, 0x31, 0xcb, 0x5a, 0x71, 0x8c
.byte 0x38, 0xc6, 0x3c, 0xe7, 0x00, 0x00, 0x00, 0x00, 0x00, 0x00, 0x00, 0x00, 0x00, 0x00, 0x00, 0x00
.byte 0x00, 0x00, 0x00, 0x00, 0x00, 0x00, 0x00, 0x00, 0x00, 0x00, 0x00, 0x00, 0x00, 0x00, 0x00, 0x00
.byte 0x00, 0x00, 0x00, 0x00, 0x00, 0x00, 0x00, 0x00, 0x00, 0x00, 0x00, 0x00, 0x00, 0x00, 0x00, 0x00
.byte 0x00, 0x00, 0x00, 0x00, 0x00, 0x00, 0x00, 0x00, 0x00, 0x00, 0x00, 0x00, 0x00, 0x00, 0x00, 0x00
.byte 0x9e, 0xf7, 0xdb, 0xde, 0x5a, 0x6b, 0x99, 0x31, 0x99, 0x31, 0x99, 0x31, 0x99, 0x31, 0x99, 0x31
.byte 0x99, 0x31, 0x99, 0x31, 0x99, 0x31, 0x99, 0x31, 0x99, 0x31, 0x99, 0x31, 0x99, 0x31, 0x99, 0x31
.byte 0x99, 0x31, 0x99, 0x31, 0x99, 0x31, 0x99, 0x31, 0x99, 0x31, 0x99, 0x31, 0x99, 0x31, 0x99, 0x31
.byte 0x99, 0x31, 0x99, 0x31, 0x99, 0x31, 0x99, 0x31, 0x99, 0x31, 0x99, 0x31, 0x99, 0x31, 0x99, 0x31
.byte 0x99, 0x31, 0x99, 0x31, 0x99, 0x31, 0x99, 0x31, 0x99, 0x31, 0x99, 0x31, 0x99, 0x31, 0x99, 0x31
.byte 0x99, 0x31, 0x99, 0x31, 0x99, 0x31, 0x99, 0x31, 0x99, 0x31, 0x99, 0x31, 0x99, 0x31, 0x99, 0x31
.byte 0x99, 0x31, 0x99, 0x31, 0x99, 0x31, 0x99, 0x31, 0x99, 0x31, 0x99, 0x31, 0x99, 0x31, 0x99, 0x31
.byte 0x99, 0x31, 0x99, 0x31, 0x99, 0x31, 0x99, 0x31, 0x99, 0x31, 0x99, 0x31, 0x99, 0x31, 0x99, 0x31
.byte 0x99, 0x31, 0x99, 0x31, 0x99, 0x31, 0x99, 0x31, 0x99, 0x31, 0x99, 0x31, 0x99, 0x31, 0x99, 0x31
.byte 0x99, 0x31, 0xb3, 0x31, 0x08, 0x42, 0x08, 0x42, 0x08, 0x42, 0x08, 0x42, 0x69, 0x4a, 0xcb, 0x5a
.byte 0xf0, 0x7b, 0x35, 0xa5, 0x38, 0xc6, 0x3c, 0xe7, 0xdf, 0xff, 0x00, 0x00, 0x00, 0x00, 0x00, 0x00
.byte 0x00, 0x00, 0x00, 0x00, 0x00, 0x00, 0x00, 0x00, 0x00, 0x00, 0x00, 0x00, 0x00, 0x00, 0x00, 0x00
.byte 0x00, 0x00, 0x00, 0x00, 0x00, 0x00, 0x00, 0x00, 0x00, 0x00, 0x00, 0x00, 0x00, 0x00, 0x00, 0x00
.byte 0x00, 0x00, 0x00, 0x00, 0x00, 0x00, 0x00, 0x00, 0x9e, 0xd6, 0x99, 0x52, 0x99, 0x31, 0x99, 0x31
.byte 0x99, 0x31, 0x99, 0x31, 0x99, 0x31, 0x99, 0x31, 0x99, 0x31, 0x99, 0x31, 0x99, 0x31, 0x99, 0x31
.byte 0x99, 0x31, 0x99, 0x31, 0x99, 0x31, 0x99, 0x31, 0x99, 0x31, 0x99, 0x31, 0x99, 0x31, 0x99, 0x31
.byte 0x99, 0x31, 0x99, 0x31, 0x99, 0x31, 0x99, 0x31, 0x99, 0x31, 0x99, 0x31, 0x99, 0x31, 0x99, 0x31
.byte 0x99, 0x31, 0x99, 0x31, 0x99, 0x31, 0x99, 0x31, 0x99, 0x31, 0x99, 0x31, 0x99, 0x31, 0x99, 0x31
.byte 0x99, 0x31, 0x99, 0x31, 0x99, 0x31, 0x99, 0x31, 0x99, 0x31, 0x99, 0x31, 0x99, 0x31, 0x99, 0x31
.byte 0x99, 0x31, 0x99, 0x31, 0x99, 0x31, 0x99, 0x31, 0x99, 0x31, 0x99, 0x31, 0x99, 0x31, 0x99, 0x31
.byte 0x99, 0x31, 0x99, 0x31, 0x99, 0x31, 0x99, 0x31, 0x99, 0x31, 0x99, 0x31, 0x99, 0x31, 0x99, 0x31
.byte 0x99, 0x31, 0x99, 0x31, 0x99, 0x31, 0xd8, 0x39, 0xcb, 0x5a, 0x71, 0x8c, 0x38, 0xc6, 0x3c, 0xe7
.byte 0x00, 0x00, 0x00, 0x00, 0x00, 0x00, 0x00, 0x00, 0x00, 0x00, 0x00, 0x00, 0x00, 0x00, 0x00, 0x00
.byte 0x00, 0x00, 0x00, 0x00, 0x00, 0x00, 0x00, 0x00, 0x00, 0x00, 0x00, 0x00, 0x00, 0x00, 0x00, 0x00
.byte 0x99, 0x31, 0x99, 0x31, 0x99, 0x31, 0x99, 0x31, 0x99, 0x31, 0x99, 0x31, 0x99, 0x31, 0x99, 0x31
.byte 0x99, 0x31, 0x99, 0x31, 0x99, 0x31, 0x99, 0x31, 0x99, 0x31, 0x99, 0x31, 0x50, 0x4a, 0xf0, 0x7b
.byte 0xb6, 0xb5, 0x3c, 0xe7, 0xdf, 0xff, 0x00, 0x00, 0x00, 0x00, 0x00, 0x00, 0x00, 0x00, 0x00, 0x00
.byte 0x00, 0x00, 0x00, 0x00, 0x00, 0x00, 0x00, 0x00, 0x00, 0x00, 0x00, 0x00, 0x00, 0x00, 0x00, 0x00
.byte 0x00, 0x00, 0x00, 0x00, 0x00, 0x00, 0x00, 0x00, 0x00, 0x00, 0x00, 0x00, 0x00, 0x00, 0x00, 0x00
.byte 0x00, 0x00, 0x00, 0x00, 0x00, 0x00, 0x00, 0x00, 0x00, 0x00, 0x00, 0x00, 0x00, 0x00, 0x00, 0x00
.byte 0xdf, 0xff, 0x3c, 0xe7, 0x38, 0xc6, 0xf4, 0x5a, 0xd8, 0x39, 0xd8, 0x39, 0x99, 0x31, 0x99, 0x31
.byte 0x99, 0x31, 0x99, 0x31, 0x99, 0x31, 0x99, 0x31, 0x99, 0x31, 0x99, 0x31, 0x99, 0x31, 0x99, 0x31
.byte 0x99, 0x31, 0x99, 0x31, 0x99, 0x31, 0x99, 0x31, 0x99, 0x31, 0x99, 0x31, 0x99, 0x31, 0x99, 0x31
.byte 0x99, 0x31, 0x99, 0x31, 0x99, 0x31, 0x99, 0x31, 0x99, 0x31, 0x99, 0x31, 0x99, 0x31, 0x99, 0x31
.byte 0x99, 0x31, 0x99, 0x31, 0x99, 0x31, 0x99, 0x31, 0x99, 0x31, 0x99, 0x31, 0x99, 0x31, 0x99, 0x31
.byte 0x99, 0x31, 0x99, 0x31, 0x99, 0x31, 0x99, 0x31, 0x99, 0x31, 0x99, 0x31, 0x99, 0x31, 0x99, 0x31
.byte 0x99, 0x31, 0x99, 0x31, 0x99, 0x31, 0x99, 0x31, 0x99, 0x31, 0x99, 0x31, 0x99, 0x31, 0x99, 0x31
.byte 0x99, 0x31, 0x99, 0x31, 0x99, 0x31, 0x99, 0x31, 0x99, 0x31, 0x99, 0x31, 0x99, 0x31, 0x99, 0x31
.byte 0x99, 0x31, 0x99, 0x31, 0x99, 0x31, 0x99, 0x31, 0x99, 0x31, 0x99, 0x31, 0x99, 0x31, 0x99, 0x31
.byte 0xb3, 0x31, 0x08, 0x42, 0x08, 0x42, 0x08, 0x42, 0x08, 0x42, 0x69, 0x4a, 0xcb, 0x5a, 0xf0, 0x7b
.byte 0x35, 0xa5, 0x38, 0xc6, 0x3c, 0xe7, 0xdf, 0xff, 0x00, 0x00, 0x00, 0x00, 0x00, 0x00, 0x00, 0x00
.byte 0x00, 0x00, 0x00, 0x00, 0x00, 0x00, 0x00, 0x00, 0x00, 0x00, 0x00, 0x00, 0x00, 0x00, 0x00, 0x00
.byte 0x00, 0x00, 0x00, 0x00, 0x00, 0x00, 0x00, 0x00, 0x00, 0x00, 0x00, 0x00, 0x00, 0x00, 0x00, 0x00
.byte 0x00, 0x00, 0x00, 0x00, 0xdf, 0xff, 0x1b, 0xa5, 0xd8, 0x39, 0x99, 0x31, 0x99, 0x31, 0x99, 0x31
.byte 0x99, 0x31, 0x99, 0x31, 0x99, 0x31, 0x99, 0x31, 0x99, 0x31, 0x99, 0x31, 0x99, 0x31, 0x99, 0x31
.byte 0x99, 0x31, 0x99, 0x31, 0x99, 0x31, 0x99, 0x31, 0x99, 0x31, 0x99, 0x31, 0x99, 0x31, 0x99, 0x31
.byte 0x99, 0x31, 0x99, 0x31, 0x99, 0x31, 0x99, 0x31, 0x99, 0x31, 0x99, 0x31, 0x99, 0x31, 0x99, 0x31
.byte 0x99, 0x31, 0x99, 0x31, 0x99, 0x31, 0x99, 0x31, 0x99, 0x31, 0x99, 0x31, 0x99, 0x31, 0x99, 0x31
.byte 0x99, 0x31, 0x99, 0x31, 0x99, 0x31, 0x99, 0x31, 0x99, 0x31, 0x99, 0x31, 0x99, 0x31, 0x99, 0x31
.byte 0x99, 0x31, 0x99, 0x31, 0x99, 0x31, 0x99, 0x31, 0x99, 0x31, 0x99, 0x31, 0x99, 0x31, 0x99, 0x31
.byte 0x99, 0x31, 0x99, 0x31, 0x99, 0x31, 0x99, 0x31, 0x99, 0x31, 0x99, 0x31, 0x99, 0x31, 0x99, 0x31
.byte 0x99, 0x31, 0x99, 0x31, 0x99, 0x31, 0x99, 0x31, 0x50, 0x4a, 0xf0, 0x7b, 0xb6, 0xb5, 0x3c, 0xe7
.byte 0xdf, 0xff, 0x00, 0x00, 0x00, 0x00, 0x00, 0x00, 0x00, 0x00, 0x00, 0x00, 0x00, 0x00, 0x00, 0x00
.byte 0x00, 0x00, 0x00, 0x00, 0x00, 0x00, 0x00, 0x00, 0x00, 0x00, 0x00, 0x00, 0x00, 0x00, 0x00, 0x00
.byte 0x99, 0x31, 0x99, 0x31, 0x99, 0x31, 0x99, 0x31, 0x99, 0x31, 0x99, 0x31, 0x99, 0x31, 0x99, 0x31
.byte 0x99, 0x31, 0x99, 0x31, 0x99, 0x31, 0x99, 0x31, 0x99, 0x31, 0x99, 0x31, 0xd8, 0x39, 0x6d, 0x6b
.byte 0x35, 0xa5, 0xdb, 0xde, 0x9e, 0xf7, 0x00, 0x00, 0x00, 0x00, 0x00, 0x00, 0x00, 0x00, 0x00, 0x00
.byte 0x00, 0x00, 0x00, 0x00, 0x00, 0x00, 0x00, 0x00, 0x00, 0x00, 0x00, 0x00, 0x00, 0x00, 0x00, 0x00
.byte 0x00, 0x00, 0x00, 0x00, 0x00, 0x00, 0x00, 0x00, 0x00, 0x00, 0x00, 0x00, 0x00, 0x00, 0x00, 0x00
.byte 0x00, 0x00, 0x00, 0x00, 0x00, 0x00, 0x00, 0x00, 0x00, 0x00, 0x00, 0x00, 0x00, 0x00, 0x00, 0x00
.byte 0x00, 0x00, 0xdf, 0xff, 0xdb, 0xde, 0xb6, 0xb5, 0x71, 0x8c, 0xcb, 0x5a, 0xcd, 0x39, 0xcd, 0x39
.byte 0xcd, 0x39, 0xb3, 0x31, 0xb3, 0x31, 0xd8, 0x39, 0x99, 0x31, 0x99, 0x31, 0x99, 0x31, 0x99, 0x31
.byte 0x99, 0x31, 0x99, 0x31, 0x99, 0x31, 0x99, 0x31, 0x99, 0x31, 0x99, 0x31, 0x99, 0x31, 0x99, 0x31
.byte 0x99, 0x31, 0x99, 0x31, 0x99, 0x31, 0x99, 0x31, 0x99, 0x31, 0x99, 0x31, 0x99, 0x31, 0x99, 0x31
.byte 0x99, 0x31, 0x99, 0x31, 0x99, 0x31, 0x99, 0x31, 0x99, 0x31, 0x99, 0x31, 0x99, 0x31, 0x99, 0x31
.byte 0x99, 0x31, 0x99, 0x31, 0x99, 0x31, 0x99, 0x31, 0x99, 0x31, 0x99, 0x31, 0x99, 0x31, 0x99, 0x31
.byte 0x99, 0x31, 0x99, 0x31, 0x99, 0x31, 0x99, 0x31, 0x99, 0x31, 0x99, 0x31, 0x99, 0x31, 0x99, 0x31
.byte 0x99, 0x31, 0x99, 0x31, 0x99, 0x31, 0x99, 0x31, 0x99, 0x31, 0x99, 0x31, 0x99, 0x31, 0x99, 0x31
.byte 0x99, 0x31, 0x99, 0x31, 0x99, 0x31, 0x99, 0x31, 0x99, 0x31, 0x99, 0x31, 0x99, 0x31, 0xcd, 0x39
.byte 0x08, 0x42, 0x08, 0x42, 0x08, 0x42, 0x08, 0x42, 0x69, 0x4a, 0x6d, 0x6b, 0xf0, 0x7b, 0x35, 0xa5
.byte 0xdb, 0xde, 0x3c, 0xe7, 0xdf, 0xff, 0x00, 0x00, 0x00, 0x00, 0x00, 0x00, 0x00, 0x00, 0x00, 0x00
.byte 0x00, 0x00, 0x00, 0x00, 0x00, 0x00, 0x00, 0x00, 0x00, 0x00, 0x00, 0x00, 0x00, 0x00, 0x00, 0x00
.byte 0x00, 0x00, 0x00, 0x00, 0x00, 0x00, 0x00, 0x00, 0x00, 0x00, 0x00, 0x00, 0x00, 0x00, 0x00, 0x00
.byte 0x00, 0x00, 0x9e, 0xd6, 0x5a, 0x6b, 0x99, 0x31, 0x99, 0x31, 0x99, 0x31, 0x99, 0x31, 0x99, 0x31
.byte 0x99, 0x31, 0x99, 0x31, 0x99, 0x31, 0x99, 0x31, 0x99, 0x31, 0x99, 0x31, 0x99, 0x31, 0x99, 0x31
.byte 0x99, 0x31, 0x99, 0x31, 0x99, 0x31, 0x99, 0x31, 0x99, 0x31, 0x99, 0x31, 0x99, 0x31, 0x99, 0x31
.byte 0x99, 0x31, 0x99, 0x31, 0x99, 0x31, 0x99, 0x31, 0x99, 0x31, 0x99, 0x31, 0x99, 0x31, 0x99, 0x31
.byte 0x99, 0x31, 0x99, 0x31, 0x99, 0x31, 0x99, 0x31, 0x99, 0x31, 0x99, 0x31, 0x99, 0x31, 0x99, 0x31
.byte 0x99, 0x31, 0x99, 0x31, 0x99, 0x31, 0x99, 0x31, 0x99, 0x31, 0x99, 0x31, 0x99, 0x31, 0x99, 0x31
.byte 0x99, 0x31, 0x99, 0x31, 0x99, 0x31, 0x99, 0x31, 0x99, 0x31, 0x99, 0x31, 0x99, 0x31, 0x99, 0x31
.byte 0x99, 0x31, 0x99, 0x31, 0x99, 0x31, 0x99, 0x31, 0x99, 0x31, 0x99, 0x31, 0x99, 0x31, 0x99, 0x31
.byte 0x99, 0x31, 0x99, 0x31, 0x99, 0x31, 0x99, 0x31, 0x50, 0x4a, 0x6d, 0x6b, 0x35, 0xa5, 0xdb, 0xde
.byte 0xdf, 0xff, 0x00, 0x00, 0x00, 0x00, 0x00, 0x00, 0x00, 0x00, 0x00, 0x00, 0x00, 0x00, 0x00, 0x00
.byte 0x00, 0x00, 0x00, 0x00, 0x00, 0x00, 0x00, 0x00, 0x00, 0x00, 0x00, 0x00, 0x00, 0x00, 0x00, 0x00
.byte 0x99, 0x31, 0x99, 0x31, 0x99, 0x31, 0x99, 0x31, 0x99, 0x31, 0x99, 0x31, 0x99, 0x31, 0x99, 0x31
.byte 0x99, 0x31, 0x99, 0x31, 0x99, 0x31, 0x99, 0x31, 0x99, 0x31, 0x99, 0x31, 0x99, 0x31, 0x50, 0x4a
.byte 0x71, 0x8c, 0x38, 0xc6, 0x9e, 0xf7, 0x00, 0x00, 0x00, 0x00, 0x00, 0x00, 0x00, 0x00, 0x00, 0x00
.byte 0x00, 0x00, 0x00, 0x00, 0x00, 0x00, 0x00, 0x00, 0x00, 0x00, 0x00, 0x00, 0x00, 0x00, 0x00, 0x00
.byte 0x00, 0x00, 0x00, 0x00, 0x00, 0x00, 0x00, 0x00, 0x00, 0x00, 0x00, 0x00, 0x00, 0x00, 0x00, 0x00
.byte 0x00, 0x00, 0x00, 0x00, 0x00, 0x00, 0x00, 0x00, 0x00, 0x00, 0x00, 0x00, 0x00, 0x00, 0x00, 0x00
.byte 0x00, 0x00, 0xdf, 0xff, 0x9e, 0xf7, 0xdb, 0xde, 0x35, 0xa5, 0xf0, 0x7b, 0xcb, 0x5a, 0x69, 0x4a
.byte 0x08, 0x42, 0x08, 0x42, 0x08, 0x42, 0x08, 0x42, 0x08, 0x42, 0xcd, 0x39, 0xcd, 0x39, 0xcd, 0x39
.byte 0xb3, 0x31, 0xb3, 0x31, 0xd8, 0x39, 0xd8, 0x39, 0x99, 0x31, 0x99, 0x31, 0x99, 0x31, 0x99, 0x31
.byte 0x99, 0x31, 0x99, 0x31, 0x99, 0x31, 0x99, 0x31, 0x99, 0x31, 0x99, 0x31, 0x99, 0x31, 0x99, 0x31
.byte 0x99, 0x31, 0x99, 0x31, 0x99, 0x31, 0x99, 0x31, 0x99, 0x31, 0x99, 0x31, 0x99, 0x31, 0x99, 0x31
.byte 0x99, 0x31, 0x99, 0x31, 0x99, 0x31, 0x99, 0x31, 0x99, 0x31, 0x99, 0x31, 0x99, 0x31, 0x99, 0x31
.byte 0x99, 0x31, 0x99, 0x31, 0x99, 0x31, 0x99, 0x31, 0x99, 0x31, 0x99, 0x31, 0x99, 0x31, 0x99, 0x31
.byte 0x99, 0x31, 0x99, 0x31, 0x99, 0x31, 0x99, 0x31, 0x99, 0x31, 0x99, 0x31, 0x99, 0x31, 0x99, 0x31
.byte 0x99, 0x31, 0x99, 0x31, 0x99, 0x31, 0x99, 0x31, 0x99, 0x31, 0x99, 0x31, 0x99, 0x31, 0xb3, 0x31
.byte 0x08, 0x42, 0x08, 0x42, 0x69, 0x4a, 0x69, 0x4a, 0x6d, 0x6b, 0x71, 0x8c, 0xb6, 0xb5, 0xdb, 0xde
.byte 0x9e, 0xf7, 0xdf, 0xff, 0x00, 0x00, 0x00, 0x00, 0x00, 0x00, 0x00, 0x00, 0x00, 0x00, 0x00, 0x00
.byte 0x00, 0x00, 0x00, 0x00, 0x00, 0x00, 0x00, 0x00, 0x00, 0x00, 0x00, 0x00, 0x00, 0x00, 0x00, 0x00
.byte 0x00, 0x00, 0x00, 0x00, 0x00, 0x00, 0x00, 0x00, 0x00, 0x00, 0x00, 0x00, 0x00, 0x00, 0x9f, 0xf7
.byte 0x1b, 0xa5, 0xd8, 0x39, 0x99, 0x31, 0x99, 0x31, 0x99, 0x31, 0x99, 0x31, 0x99, 0x31, 0x99, 0x31
.byte 0x99, 0x31, 0x99, 0x31, 0x99, 0x31, 0x99, 0x31, 0x99, 0x31, 0x99, 0x31, 0x99, 0x31, 0x99, 0x31
.byte 0x99, 0x31, 0x99, 0x31, 0x99, 0x31, 0x99, 0x31, 0x99, 0x31, 0x99, 0x31, 0x99, 0x31, 0x99, 0x31
.byte 0x99, 0x31, 0x99, 0x31, 0x99, 0x31, 0x99, 0x31, 0x99, 0x31, 0x99, 0x31, 0x99, 0x31, 0x99, 0x31
.byte 0x99, 0x31, 0x99, 0x31, 0x99, 0x31, 0x99, 0x31, 0x99, 0x31, 0x99, 0x31, 0x99, 0x31, 0xb3, 0x31
.byte 0xb3, 0x31, 0xcd, 0x39, 0xcd, 0x39, 0xb3, 0x31, 0xb3, 0x31, 0x99, 0x31, 0x99, 0x31, 0x99, 0x31
.byte 0x99, 0x31, 0x99, 0x31, 0x99, 0x31, 0x99, 0x31, 0x99, 0x31, 0x99, 0x31, 0x99, 0x31, 0x99, 0x31
.byte 0x99, 0x31, 0x99, 0x31, 0x99, 0x31, 0x99, 0x31, 0x99, 0x31, 0x99, 0x31, 0x99, 0x31, 0x99, 0x31
.byte 0x99, 0x31, 0x99, 0x31, 0x99, 0x31, 0x99, 0x31, 0xb3, 0x31, 0x6d, 0x6b, 0xd3, 0x9c, 0x38, 0xc6
.byte 0x9e, 0xf7, 0x00, 0x00, 0x00, 0x00, 0x00, 0x00, 0x00, 0x00, 0x00, 0x00, 0x00, 0x00, 0x00, 0x00
.byte 0x00, 0x00, 0x00, 0x00, 0x00, 0x00, 0x00, 0x00, 0x00, 0x00, 0x00, 0x00, 0x00, 0x00, 0x00, 0x00
.byte 0x99, 0x31, 0x99, 0x31, 0x99, 0x31, 0x99, 0x31, 0x99, 0x31, 0x99, 0x31, 0x99, 0x31, 0x99, 0x31
.byte 0x99, 0x31, 0x99, 0x31, 0x99, 0x31, 0x99, 0x31, 0x99, 0x31, 0x99, 0x31, 0x99, 0x31, 0xb3, 0x31
.byte 0xf0, 0x7b, 0xb6, 0xb5, 0x3c, 0xe7, 0xdf, 0xff, 0x00, 0x00, 0x00, 0x00, 0x00, 0x00, 0x00, 0x00
.byte 0x00, 0x00, 0x00, 0x00, 0x00, 0x00, 0x00, 0x00, 0x00, 0x00, 0x00, 0x00, 0x00, 0x00, 0x00, 0x00
.byte 0x00, 0x00, 0x00, 0x00, 0x00, 0x00, 0x00, 0x00, 0x00, 0x00, 0x00, 0x00, 0x00, 0x00, 0x00, 0x00
.byte 0x00, 0x00, 0x00, 0x00, 0x00, 0x00, 0x00, 0x00, 0x00, 0x00, 0x00, 0x00, 0x00, 0x00, 0x00, 0x00
.byte 0x00, 0x00, 0x00, 0x00, 0xdf, 0xff, 0x3c, 0xe7, 0x38, 0xc6, 0x35, 0xa5, 0xf0, 0x7b, 0x6d, 0x6b
.byte 0xcb, 0x5a, 0x69, 0x4a, 0x69, 0x4a, 0x69, 0x4a, 0x69, 0x4a, 0x08, 0x42, 0x08, 0x42, 0x08, 0x42
.byte 0x08, 0x42, 0x08, 0x42, 0x08, 0x42, 0x08, 0x42, 0x08, 0x42, 0xcd, 0x39, 0xcd, 0x39, 0xcd, 0x39
.byte 0xb3, 0x31, 0xb3, 0x31, 0xb3, 0x31, 0xd8, 0x39, 0xd8, 0x39, 0x99, 0x31, 0x99, 0x31, 0x99, 0x31
.byte 0x99, 0x31, 0x99, 0x31, 0x99, 0x31, 0x99, 0x31, 0x99, 0x31, 0x99, 0x31, 0x99, 0x31, 0x99, 0x31
.byte 0x99, 0x31, 0x99, 0x31, 0x99, 0x31, 0x99, 0x31, 0x99, 0x31, 0x99, 0x31, 0x99, 0x31, 0x99, 0x31
.byte 0x99, 0x31, 0x99, 0x31, 0x99, 0x31, 0x99, 0x31, 0x99, 0x31, 0x99, 0x31, 0x99, 0x31, 0x99, 0x31
.byte 0x99, 0x31, 0x99, 0x31, 0x99, 0x31, 0x99, 0x31, 0x99, 0x31, 0x99, 0x31, 0x99, 0x31, 0x99, 0x31
.byte 0x99, 0x31, 0x99, 0x31, 0x99, 0x31, 0x99, 0x31, 0x99, 0x31, 0x99, 0x31, 0x99, 0x31, 0x99, 0x31
.byte 0xb3, 0x31, 0x69, 0x4a, 0xcb, 0x5a, 0x6d, 0x6b, 0xd3, 0x9c, 0xb6, 0xb5, 0xdb, 0xde, 0x9e, 0xf7
.byte 0xdf, 0xff, 0x00, 0x00, 0x00, 0x00, 0x00, 0x00, 0x00, 0x00, 0x00, 0x00, 0x00, 0x00, 0x00, 0x00
.byte 0x00, 0x00, 0x00, 0x00, 0x00, 0x00, 0x00, 0x00, 0x00, 0x00, 0x00, 0x00, 0x00, 0x00, 0x00, 0x00
.byte 0x00, 0x00, 0x00, 0x00, 0x00, 0x00, 0x00, 0x00, 0x00, 0x00, 0x00, 0x00, 0x1d, 0xc6, 0x99, 0x52
.byte 0x99, 0x31, 0x99, 0x31, 0x99, 0x31, 0x99, 0x31, 0x99, 0x31, 0x99, 0x31, 0x99, 0x31, 0x99, 0x31
.byte 0x99, 0x31, 0x99, 0x31, 0x99, 0x31, 0x99, 0x31, 0x99, 0x31, 0x99, 0x31, 0x99, 0x31, 0x99, 0x31
.byte 0x99, 0x31, 0x99, 0x31, 0x99, 0x31, 0x99, 0x31, 0x99, 0x31, 0x99, 0x31, 0x99, 0x31, 0x99, 0x31
.byte 0x99, 0x31, 0x99, 0x31, 0x99, 0x31, 0x99, 0x31, 0x99, 0x31, 0x99, 0x31, 0x99, 0x31, 0x99, 0x31
.byte 0x99, 0x31, 0x99, 0x31, 0x99, 0x31, 0x99, 0x31, 0x99, 0x31, 0xb3, 0x31, 0x08, 0x42, 0x08, 0x42
.byte 0x08, 0x42, 0x08, 0x42, 0x08, 0x42, 0x08, 0x42, 0x08, 0x42, 0xcd, 0x39, 0xb3, 0x31, 0x99, 0x31
.byte 0x99, 0x31, 0x99, 0x31, 0x99, 0x31, 0x99, 0x31, 0x99, 0x31, 0x99, 0x31, 0x99, 0x31, 0x99, 0x31
.byte 0x99, 0x31, 0x99, 0x31, 0x99, 0x31, 0x99, 0x31, 0x99, 0x31, 0x99, 0x31, 0x99, 0x31, 0x99, 0x31
.byte 0x99, 0x31, 0x99, 0x31, 0x99, 0x31, 0x99, 0x31, 0xd8, 0x39, 0xcb, 0x5a, 0xf0, 0x7b, 0x38, 0xc6
.byte 0x3c, 0xe7, 0xdf, 0xff, 0x00, 0x00, 0x00, 0x00, 0x00, 0x00, 0x00, 0x00, 0x00, 0x00, 0x00, 0x00
.byte 0x00, 0x00, 0x00, 0x00, 0x00, 0x00, 0x00, 0x00, 0x00, 0x00, 0x00, 0x00, 0x00, 0x00, 0x00, 0x00
.byte 0x99, 0x31, 0x99, 0x31, 0x99, 0x31, 0x99, 0x31, 0x99, 0x31, 0x99, 0x31, 0x99, 0x31, 0x99, 0x31
.byte 0x99, 0x31, 0x99, 0x31, 0x99, 0x31, 0x99, 0x31, 0x99, 0x31, 0x99, 0x31, 0x99, 0x31, 0xd8, 0x39
.byte 0x6d, 0x6b, 0x35, 0xa5, 0xdb, 0xde, 0x9e, 0xf7, 0x00, 0x00, 0x00, 0x00, 0x00, 0x00, 0x00, 0x00
.byte 0x00, 0x00, 0x00, 0x00, 0x00, 0x00, 0x00, 0x00, 0x00, 0x00, 0x00, 0x00, 0x00, 0x00, 0x00, 0x00
.byte 0x00, 0x00, 0x00, 0x00, 0x00, 0x00, 0x00, 0x00, 0x00, 0x00, 0x00, 0x00, 0x00, 0x00, 0x00, 0x00
.byte 0x00, 0x00, 0x00, 0x00, 0x00, 0x00, 0x00, 0x00, 0x00, 0x00, 0x00, 0x00, 0x00, 0x00, 0x00, 0x00
.byte 0x00, 0x00, 0x00, 0x00, 0x00, 0x00, 0xdf, 0xff, 0x3c, 0xe7, 0x38, 0xc6, 0xb6, 0xb5, 0xd3, 0x9c
.byte 0xf0, 0x7b, 0xf0, 0x7b, 0x6d, 0x6b, 0x6d, 0x6b, 0x6d, 0x6b, 0xcb, 0x5a, 0xcb, 0x5a, 0xcb, 0x5a
.byte 0x69, 0x4a, 0x69, 0x4a, 0x69, 0x4a, 0x69, 0x4a, 0x69, 0x4a, 0x08, 0x42, 0x08, 0x42, 0x08, 0x42
.byte 0x08, 0x42, 0x08, 0x42, 0x08, 0x42, 0x08, 0x42, 0x08, 0x42, 0x08, 0x42, 0xcd, 0x39, 0xcd, 0x39
.byte 0xcd, 0x39, 0xb3, 0x31, 0xb3, 0x31, 0xb3, 0x31, 0xb3, 0x31, 0x99, 0x31, 0x99, 0x31, 0x99, 0x31
.byte 0x99, 0x31, 0x99, 0x31, 0x99, 0x31, 0x99, 0x31, 0x99, 0x31, 0x99, 0x31, 0x99, 0x31, 0x99, 0x31
.byte 0x99, 0x31, 0x99, 0x31, 0x99, 0x31, 0x99, 0x31, 0x99, 0x31, 0x99, 0x31, 0x99, 0x31, 0x99, 0x31
.byte 0x99, 0x31, 0x99, 0x31, 0x99, 0x31, 0x99, 0x31, 0x99, 0x31, 0x99, 0x31, 0x99, 0x31, 0x99, 0x31
.byte 0x99, 0x31, 0x99, 0x31, 0x99, 0x31, 0x99, 0x31, 0x99, 0x31, 0x99, 0x31, 0x99, 0x31, 0x99, 0x31
.byte 0x99, 0x31, 0xcd, 0x39, 0x6d, 0x6b, 0xd3, 0x9c, 0xb6, 0xb5, 0x3c, 0xe7, 0x9e, 0xf7, 0xdf, 0xff
.byte 0x00, 0x00, 0x00, 0x00, 0x00, 0x00, 0x00, 0x00, 0x00, 0x00, 0x00, 0x00, 0x00, 0x00, 0x00, 0x00
.byte 0x00, 0x00, 0x00, 0x00, 0x00, 0x00, 0x00, 0x00, 0x00, 0x00, 0x00, 0x00, 0x00, 0x00, 0x00, 0x00
.byte 0x00, 0x00, 0x00, 0x00, 0x00, 0x00, 0x00, 0x00, 0x1e, 0xe7, 0xfb, 0x7b, 0x99, 0x31, 0x99, 0x31
.byte 0x99, 0x31, 0x99, 0x31, 0x99, 0x31, 0x99, 0x31, 0x99, 0x31, 0x99, 0x31, 0x99, 0x31, 0x99, 0x31
.byte 0x99, 0x31, 0x99, 0x31, 0x99, 0x31, 0x99, 0x31, 0x99, 0x31, 0x99, 0x31, 0x99, 0x31, 0x99, 0x31
.byte 0x99, 0x31, 0x99, 0x31, 0x99, 0x31, 0x99, 0x31, 0x99, 0x31, 0x99, 0x31, 0x99, 0x31, 0x99, 0x31
.byte 0x99, 0x31, 0x99, 0x31, 0x99, 0x31, 0x99, 0x31, 0x99, 0x31, 0x99, 0x31, 0x99, 0x31, 0x99, 0x31
.byte 0x99, 0x31, 0x99, 0x31, 0x99, 0x31, 0xb3, 0x31, 0x08, 0x42, 0x08, 0x42, 0x08, 0x42, 0x08, 0x42
.byte 0x08, 0x42, 0x08, 0x42, 0x08, 0x42, 0x69, 0x4a, 0x69, 0x4a, 0x69, 0x4a, 0x69, 0x4a, 0xcd, 0x39
.byte 0x99, 0x31, 0x99, 0x31, 0x99, 0x31, 0x99, 0x31, 0x99, 0x31, 0x99, 0x31, 0x99, 0x31, 0x99, 0x31
.byte 0x99, 0x31, 0x99, 0x31, 0x99, 0x31, 0x99, 0x31, 0x99, 0x31, 0x99, 0x31, 0x99, 0x31, 0x99, 0x31
.byte 0x99, 0x31, 0x99, 0x31, 0x99, 0x31, 0x99, 0x31, 0x99, 0x31, 0x50, 0x4a, 0xf0, 0x7b, 0xb6, 0xb5
.byte 0x3c, 0xe7, 0xdf, 0xff, 0x00, 0x00, 0x00, 0x00, 0x00, 0x00, 0x00, 0x00, 0x00, 0x00, 0x00, 0x00
.byte 0x00, 0x00, 0x00, 0x00, 0x00, 0x00, 0x00, 0x00, 0x00, 0x00, 0x00, 0x00, 0x00, 0x00, 0x00, 0x00
.byte 0x99, 0x31, 0x99, 0x31, 0x99, 0x31, 0x99, 0x31, 0x99, 0x31, 0x99, 0x31, 0x99, 0x31, 0x99, 0x31
.byte 0x99, 0x31, 0x99, 0x31, 0x99, 0x31, 0x99, 0x31, 0x99, 0x31, 0x99, 0x31, 0x99, 0x31, 0x99, 0x31
.byte 0x50, 0x4a, 0x71, 0x8c, 0x38, 0xc6, 0x3c, 0xe7, 0xdf, 0xff, 0x00, 0x00, 0x00, 0x00, 0x00, 0x00
.byte 0x00, 0x00, 0x00, 0x00, 0x00, 0x00, 0x00, 0x00, 0x00, 0x00, 0x00, 0x00, 0x00, 0x00, 0x00, 0x00
.byte 0x00, 0x00, 0x00, 0x00, 0x00, 0x00, 0x00, 0x00, 0x00, 0x00, 0x00, 0x00, 0x00, 0x00, 0x00, 0x00
.byte 0x00, 0x00, 0x00, 0x00, 0x00, 0x00, 0x00, 0x00, 0x00, 0x00, 0x00, 0x00, 0x00, 0x00, 0x00, 0x00
.byte 0x00, 0x00, 0x00, 0x00, 0x00, 0x00, 0x00, 0x00, 0xdf, 0xff, 0x9e, 0xf7, 0xdb, 0xde, 0x38, 0xc6
.byte 0x38, 0xc6, 0xb6, 0xb5, 0x35, 0xa5, 0xd3, 0x9c, 0xd3, 0x9c, 0x71, 0x8c, 0x71, 0x8c, 0xf0, 0x7b
.byte 0xf0, 0x7b, 0x6d, 0x6b, 0x6d, 0x6b, 0x6d, 0x6b, 0xcb, 0x5a, 0xcb, 0x5a, 0xcb, 0x5a, 0xcb, 0x5a
.byte 0x69, 0x4a, 0x69, 0x4a, 0x69, 0x4a, 0x69, 0x4a, 0x69, 0x4a, 0x08, 0x42, 0x08, 0x42, 0x08, 0x42
.byte 0x08, 0x42, 0x08, 0x42, 0x08, 0x42, 0x08, 0x42, 0x08, 0x42, 0x08, 0x42, 0x08, 0x42, 0xcd, 0x39
.byte 0xcd, 0x39, 0xcd, 0x39, 0xb3, 0x31, 0xb3, 0x31, 0xb3, 0x31, 0x99, 0x31, 0x99, 0x31, 0x99, 0x31
.byte 0x99, 0x31, 0x99, 0x31, 0x99, 0x31, 0x99, 0x31, 0x99, 0x31, 0x99, 0x31, 0x99, 0x31, 0x99, 0x31
.byte 0x99, 0x31, 0x99, 0x31, 0x99, 0x31, 0x99, 0x31, 0x99, 0x31, 0x99, 0x31, 0x99, 0x31, 0x99, 0x31
.byte 0x99, 0x31, 0x99, 0x31, 0x99, 0x31, 0x99, 0x31, 0x99, 0x31, 0x99, 0x31, 0x99, 0x31, 0x99, 0x31
.byte 0x99, 0x31, 0x99, 0x31, 0xf4, 0x5a, 0xb6, 0xb5, 0xdb, 0xde, 0x9e, 0xf7, 0x00, 0x00, 0x00, 0x00
.byte 0x00, 0x00, 0x00, 0x00, 0x00, 0x00, 0x00, 0x00, 0x00, 0x00, 0x00, 0x00, 0x00, 0x00, 0x00, 0x00
.byte 0x00, 0x00, 0x00, 0x00, 0x00, 0x00, 0x00, 0x00, 0x00, 0x00, 0x00, 0x00, 0x00, 0x00, 0x00, 0x00
.byte 0x00, 0x00, 0x00, 0x00, 0x9f, 0xf7, 0x78, 0x8c, 0xd8, 0x39, 0x99, 0x31, 0x99, 0x31, 0x99, 0x31
.byte 0x99, 0x31, 0x99, 0x31, 0x99, 0x31, 0x99, 0x31, 0x99, 0x31, 0x99, 0x31, 0x99, 0x31, 0x99, 0x31
.byte 0x99, 0x31, 0x99, 0x31, 0x99, 0x31, 0x99, 0x31, 0x99, 0x31, 0x99, 0x31, 0x99, 0x31, 0x99, 0x31
.byte 0x99, 0x31, 0x99, 0x31, 0x99, 0x31, 0x99, 0x31, 0x99, 0x31, 0x99, 0x31, 0x99, 0x31, 0x99, 0x31
.byte 0x99, 0x31, 0x99, 0x31, 0x99, 0x31, 0x99, 0x31, 0x99, 0x31, 0x99, 0x31, 0x99, 0x31, 0x99, 0x31
.byte 0x99, 0x31, 0xd8, 0x39, 0xcd, 0x39, 0x08, 0x42, 0x08, 0x42, 0x08, 0x42, 0x08, 0x42, 0x08, 0x42
.byte 0x69, 0x4a, 0x69, 0x4a, 0xcb, 0x5a, 0x6d, 0x6b, 0x6d, 0x6b, 0x6d, 0x6b, 0x6d, 0x6b, 0xcb, 0x5a
.byte 0x50, 0x4a, 0x99, 0x31, 0x99, 0x31, 0x99, 0x31, 0x99, 0x31, 0x99, 0x31, 0x99, 0x31, 0x99, 0x31
.byte 0x99, 0x31, 0x99, 0x31, 0x99, 0x31, 0x99, 0x31, 0x99, 0x31, 0x99, 0x31, 0x99, 0x31, 0x99, 0x31
.byte 0x99, 0x31, 0x99, 0x31, 0x99, 0x31, 0x99, 0x31, 0x99, 0x31, 0xcd, 0x39, 0x6d, 0x6b, 0xd3, 0x9c
.byte 0xdb, 0xde, 0x9e, 0xf7, 0x00, 0x00, 0x00, 0x00, 0x00, 0x00, 0x00, 0x00, 0x00, 0x00, 0x00, 0x00
.byte 0x00, 0x00, 0x00, 0x00, 0x00, 0x00, 0x00, 0x00, 0x00, 0x00, 0x00, 0x00, 0x00, 0x00, 0x00, 0x00
.byte 0x99, 0x31, 0x99, 0x31, 0x99, 0x31, 0x99, 0x31, 0x99, 0x31, 0x99, 0x31, 0x99, 0x31, 0x99, 0x31
.byte 0x99, 0x31, 0x99, 0x31, 0x99, 0x31, 0x99, 0x31, 0x99, 0x31, 0x99, 0x31, 0x99, 0x31, 0x99, 0x31
.byte 0xd8, 0x39, 0xf0, 0x7b, 0xb6, 0xb5, 0xdb, 0xde, 0xdf, 0xff, 0x00, 0x00, 0x00, 0x00, 0x00, 0x00
.byte 0x00, 0x00, 0x00, 0x00, 0x00, 0x00, 0x00, 0x00, 0x00, 0x00, 0x00, 0x00, 0x00, 0x00, 0x00, 0x00
.byte 0x00, 0x00, 0x00, 0x00, 0x00, 0x00, 0x00, 0x00, 0x00, 0x00, 0x00, 0x00, 0x00, 0x00, 0x00, 0x00
.byte 0x00, 0x00, 0x00, 0x00, 0x00, 0x00, 0x00, 0x00, 0x00, 0x00, 0x00, 0x00, 0x00, 0x00, 0x00, 0x00
.byte 0x00, 0x00, 0x00, 0x00, 0x00, 0x00, 0x00, 0x00, 0x00, 0x00, 0xdf, 0xff, 0x9e, 0xf7, 0x9e, 0xf7
.byte 0x3c, 0xe7, 0x3c, 0xe7, 0xdb, 0xde, 0xdb, 0xde, 0x38, 0xc6, 0x38, 0xc6, 0x38, 0xc6, 0xb6, 0xb5
.byte 0xb6, 0xb5, 0x35, 0xa5, 0x35, 0xa5, 0xd3, 0x9c, 0xd3, 0x9c, 0x71, 0x8c, 0xf0, 0x7b, 0xf0, 0x7b
.byte 0xf0, 0x7b, 0x6d, 0x6b, 0x6d, 0x6b, 0x6d, 0x6b, 0x6d, 0x6b, 0xcb, 0x5a, 0xcb, 0x5a, 0xcb, 0x5a
.byte 0xcb, 0x5a, 0x69, 0x4a, 0x69, 0x4a, 0x69, 0x4a, 0x69, 0x4a, 0x69, 0x4a, 0x08, 0x42, 0x08, 0x42
.byte 0x08, 0x42, 0x08, 0x42, 0x08, 0x42, 0x08, 0x42, 0x08, 0x42, 0x08, 0x42, 0x08, 0x42, 0xcd, 0x39
.byte 0xcd, 0x39, 0xcd, 0x39, 0xcd, 0x39, 0xb3, 0x31, 0xb3, 0x31, 0xb3, 0x31, 0xd8, 0x39, 0x99, 0x31
.byte 0x99, 0x31, 0x99, 0x31, 0x99, 0x31, 0x99, 0x31, 0x99, 0x31, 0x99, 0x31, 0x99, 0x31, 0x99, 0x31
.byte 0x99, 0x31, 0x99, 0x31, 0x99, 0x31, 0x99, 0x31, 0x99, 0x31, 0x99, 0x31, 0x99, 0x31, 0x99, 0x31
.byte 0x99, 0x31, 0x99, 0x31, 0xd8, 0x39, 0x78, 0x8c, 0xdb, 0xde, 0xdf, 0xff, 0x00, 0x00, 0x00, 0x00
.byte 0x00, 0x00, 0x00, 0x00, 0x00, 0x00, 0x00, 0x00, 0x00, 0x00, 0x00, 0x00, 0x00, 0x00, 0x00, 0x00
.byte 0x00, 0x00, 0x00, 0x00, 0x00, 0x00, 0x00, 0x00, 0x00, 0x00, 0x00, 0x00, 0x00, 0x00, 0x00, 0x00
.byte 0xdf, 0xff, 0x9c, 0xb5, 0x99, 0x52, 0x99, 0x31, 0x99, 0x31, 0x99, 0x31, 0x99, 0x31, 0x99, 0x31
.byte 0x99, 0x31, 0x99, 0x31, 0x99, 0x31, 0x99, 0x31, 0x99, 0x31, 0x99, 0x31, 0x99, 0x31, 0x99, 0x31
.byte 0x99, 0x31, 0x99, 0x31, 0x99, 0x31, 0x99, 0x31, 0x99, 0x31, 0x99, 0x31, 0x99, 0x31, 0x99, 0x31
.byte 0x99, 0x31, 0x99, 0x31, 0x99, 0x31, 0x99, 0x31, 0x99, 0x31, 0x99, 0x31, 0x99, 0x31, 0x99, 0x31
.byte 0x99, 0x31, 0x99, 0x31, 0x99, 0x31, 0x99, 0x31, 0x99, 0x31, 0x99, 0x31, 0x99, 0x31, 0x99, 0x31
.byte 0xb3, 0x31, 0x08, 0x42, 0x08, 0x42, 0x08, 0x42, 0x08, 0x42, 0x08, 0x42, 0x69, 0x4a, 0xcb, 0x5a
.byte 0x6d, 0x6b, 0xf0, 0x7b, 0x71, 0x8c, 0xd3, 0x9c, 0xd3, 0x9c, 0x35, 0xa5, 0xd3, 0x9c, 0x71, 0x8c
.byte 0xf0, 0x7b, 0xd8, 0x39, 0x99, 0x31, 0x99, 0x31, 0x99, 0x31, 0x99, 0x31, 0x99, 0x31, 0x99, 0x31
.byte 0x99, 0x31, 0x99, 0x31, 0x99, 0x31, 0x99, 0x31, 0x99, 0x31, 0x99, 0x31, 0x99, 0x31, 0x99, 0x31
.byte 0x99, 0x31, 0x99, 0x31, 0x99, 0x31, 0x99, 0x31, 0x99, 0x31, 0xb3, 0x31, 0xcb, 0x5a, 0x71, 0x8c
.byte 0x38, 0xc6, 0x9e, 0xf7, 0x00, 0x00, 0x00, 0x00, 0x00, 0x00, 0x00, 0x00, 0x00, 0x00, 0x00, 0x00
.byte 0x00, 0x00, 0x00, 0x00, 0x00, 0x00, 0x00, 0x00, 0x00, 0x00, 0x00, 0x00, 0x00, 0x00, 0x00, 0x00
.byte 0x99, 0x31, 0x99, 0x31, 0x99, 0x31, 0x99, 0x31, 0x99, 0x31, 0x99, 0x31, 0x99, 0x31, 0x99, 0x31
.byte 0x99, 0x31, 0x99, 0x31, 0x99, 0x31, 0x99, 0x31, 0x99, 0x31, 0x99, 0x31, 0x99, 0x31, 0x99, 0x31
.byte 0x99, 0x31, 0x50, 0x4a, 0xd3, 0x9c, 0x38, 0xc6, 0x9e, 0xf7, 0x00, 0x00, 0x00, 0x00, 0x00, 0x00
.byte 0x00, 0x00, 0x00, 0x00, 0x00, 0x00, 0x00, 0x00, 0x00, 0x00, 0x00, 0x00, 0x00, 0x00, 0x00, 0x00
.byte 0x00, 0x00, 0x00, 0x00, 0x00, 0x00, 0x00, 0x00, 0x00, 0x00, 0x00, 0x00, 0x00, 0x00, 0x00, 0x00
.byte 0x00, 0x00, 0x00, 0x00, 0x00, 0x00, 0x00, 0x00, 0x00, 0x00, 0x00, 0x00, 0x00, 0x00, 0x00, 0x00
.byte 0x00, 0x00, 0x00, 0x00, 0x00, 0x00, 0x00, 0x00, 0x00, 0x00, 0x00, 0x00, 0x00, 0x00, 0x00, 0x00
.byte 0xdf, 0xff, 0xdf, 0xff, 0xdf, 0xff, 0x9e, 0xf7, 0x9e, 0xf7, 0x9e, 0xf7, 0x3c, 0xe7, 0x3c, 0xe7
.byte 0xdb, 0xde, 0xdb, 0xde, 0xdb, 0xde, 0xdb, 0xde, 0x38, 0xc6, 0x38, 0xc6, 0x38, 0xc6, 0xb6, 0xb5
.byte 0xb6, 0xb5, 0x35, 0xa5, 0x35, 0xa5, 0xd3, 0x9c, 0xd3, 0x9c, 0x71, 0x8c, 0x71, 0x8c, 0xf0, 0x7b
.byte 0xf0, 0x7b, 0x6d, 0x6b, 0x6d, 0x6b, 0x6d, 0x6b, 0x6d, 0x6b, 0xcb, 0x5a, 0xcb, 0x5a, 0xcb, 0x5a
.byte 0xcb, 0x5a, 0x69, 0x4a, 0x69, 0x4a, 0x69, 0x4a, 0x69, 0x4a, 0x69, 0x4a, 0x69, 0x4a, 0x08, 0x42
.byte 0x08, 0x42, 0x08, 0x42, 0x08, 0x42, 0x08, 0x42, 0x08, 0x42, 0x08, 0x42, 0x08, 0x42, 0xb3, 0x31
.byte 0x99, 0x31, 0x99, 0x31, 0x99, 0x31, 0x99, 0x31, 0x99, 0x31, 0x99, 0x31, 0x99, 0x31, 0x99, 0x31
.byte 0x99, 0x31, 0x99, 0x31, 0x99, 0x31, 0x99, 0x31, 0x99, 0x31, 0x99, 0x31, 0x99, 0x31, 0x99, 0x31
.byte 0x99, 0x31, 0x99, 0x31, 0x99, 0x31, 0x99, 0x31, 0x78, 0x8c, 0x3c, 0xe7, 0xdf, 0xff, 0x00, 0x00
.byte 0x00, 0x00, 0x00, 0x00, 0x00, 0x00, 0x00, 0x00, 0x00, 0x00, 0x00, 0x00, 0x00, 0x00, 0x00, 0x00
.byte 0x00, 0x00, 0x00, 0x00, 0x00, 0x00, 0x00, 0x00, 0x00, 0x00, 0x00, 0x00, 0x9f, 0xf7, 0x1b, 0xa5
.byte 0x5a, 0x6b, 0x99, 0x31, 0x99, 0x31, 0x99, 0x31, 0x99, 0x31, 0x99, 0x31, 0x99, 0x31, 0x99, 0x31
.byte 0x99, 0x31, 0x99, 0x31, 0x99, 0x31, 0x99, 0x31, 0x99, 0x31, 0x99, 0x31, 0x99, 0x31, 0x99, 0x31
.byte 0x99, 0x31, 0x99, 0x31, 0x99, 0x31, 0x99, 0x31, 0x99, 0x31, 0x99, 0x31, 0x99, 0x31, 0x99, 0x31
.byte 0x99, 0x31, 0x99, 0x31, 0x99, 0x31, 0x99, 0x31, 0x99, 0x31, 0x99, 0x31, 0x99, 0x31, 0x99, 0x31
.byte 0x99, 0x31, 0x99, 0x31, 0x99, 0x31, 0x99, 0x31, 0x99, 0x31, 0x99, 0x31, 0x99, 0x31, 0xcd, 0x39
.byte 0x08, 0x42, 0x08, 0x42, 0x08, 0x42, 0x08, 0x42, 0x69, 0x4a, 0xcb, 0x5a, 0x6d, 0x6b, 0xf0, 0x7b
.byte 0xd3, 0x9c, 0xb6, 0xb5, 0x38, 0xc6, 0x38, 0xc6, 0xdb, 0xde, 0xdb, 0xde, 0xdb, 0xde, 0x38, 0xc6
.byte 0x35, 0xa5, 0xf0, 0x7b, 0x99, 0x31, 0x99, 0x31, 0x99, 0x31, 0x99, 0x31, 0x99, 0x31, 0x99, 0x31
.byte 0x99, 0x31, 0x99, 0x31, 0x99, 0x31, 0x99, 0x31, 0x99, 0x31, 0x99, 0x31, 0x99, 0x31, 0x99, 0x31
.byte 0x99, 0x31, 0x99, 0x31, 0x99, 0x31, 0x99, 0x31, 0x99, 0x31, 0xd8, 0x39, 0xcb, 0x5a, 0xf0, 0x7b
.byte 0x38, 0xc6, 0x3c, 0xe7, 0xdf, 0xff, 0x00, 0x00, 0x00, 0x00, 0x00, 0x00, 0x00, 0x00, 0x00, 0x00
.byte 0x00, 0x00, 0x00, 0x00, 0x00, 0x00, 0x00, 0x00, 0x00, 0x00, 0x00, 0x00, 0x00, 0x00, 0x00, 0x00
.byte 0x99, 0x31, 0x99, 0x31, 0x99, 0x31, 0x99, 0x31, 0x99, 0x31, 0x99, 0x31, 0x99, 0x31, 0x99, 0x31
.byte 0x99, 0x31, 0x99, 0x31, 0x99, 0x31, 0x99, 0x31, 0x99, 0x31, 0x99, 0x31, 0x99, 0x31, 0x99, 0x31
.byte 0x99, 0x31, 0xd8, 0x39, 0xf0, 0x7b, 0xb6, 0xb5, 0x3c, 0xe7, 0xdf, 0xff, 0x00, 0x00, 0x00, 0x00
.byte 0x00, 0x00, 0x00, 0x00, 0x00, 0x00, 0x00, 0x00, 0x00, 0x00, 0x00, 0x00, 0x00, 0x00, 0x00, 0x00
.byte 0x00, 0x00, 0x00, 0x00, 0x00, 0x00, 0x00, 0x00, 0x00, 0x00, 0x00, 0x00, 0x00, 0x00, 0x00, 0x00
.byte 0x00, 0x00, 0x00, 0x00, 0x00, 0x00, 0x00, 0x00, 0x00, 0x00, 0x00, 0x00, 0x00, 0x00, 0x00, 0x00
.byte 0x00, 0x00, 0x00, 0x00, 0x00, 0x00, 0x00, 0x00, 0x00, 0x00, 0x00, 0x00, 0x00, 0x00, 0x00, 0x00
.byte 0x00, 0x00, 0x00, 0x00, 0x00, 0x00, 0x00, 0x00, 0x00, 0x00, 0x00, 0x00, 0x00, 0x00, 0xdf, 0xff
.byte 0xdf, 0xff, 0xdf, 0xff, 0x9e, 0xf7, 0x9e, 0xf7, 0x9e, 0xf7, 0x9e, 0xf7, 0x3c, 0xe7, 0x3c, 0xe7
.byte 0x3c, 0xe7, 0xdb, 0xde, 0xdb, 0xde, 0xdb, 0xde, 0x38, 0xc6, 0x38, 0xc6, 0x38, 0xc6, 0xb6, 0xb5
.byte 0xb6, 0xb5, 0xb6, 0xb5, 0x35, 0xa5, 0x35, 0xa5, 0xd3, 0x9c, 0xd3, 0x9c, 0x71, 0x8c, 0x71, 0x8c
.byte 0xf0, 0x7b, 0xf0, 0x7b, 0xf0, 0x7b, 0x6d, 0x6b, 0x6d, 0x6b, 0x6d, 0x6b, 0x6d, 0x6b, 0xcb, 0x5a
.byte 0xcb, 0x5a, 0xcb, 0x5a, 0x69, 0x4a, 0x69, 0x4a, 0x69, 0x4a, 0x69, 0x4a, 0x69, 0x4a, 0x08, 0x42
.byte 0xd8, 0x39, 0x99, 0x31, 0x99, 0x31, 0x99, 0x31, 0x99, 0x31, 0x99, 0x31, 0x99, 0x31, 0x99, 0x31
.byte 0x99, 0x31, 0x99, 0x31, 0x99, 0x31, 0x99, 0x31, 0x99, 0x31, 0x99, 0x31, 0x99, 0x31, 0x99, 0x31
.byte 0x99, 0x31, 0x99, 0x31, 0x99, 0x31, 0x99, 0x31, 0x99, 0x31, 0x5a, 0x6b, 0x1d, 0xc6, 0xdf, 0xff
.byte 0x00, 0x00, 0x00, 0x00, 0x00, 0x00, 0x00, 0x00, 0x00, 0x00, 0x00, 0x00, 0x00, 0x00, 0x00, 0x00
.byte 0x00, 0x00, 0x00, 0x00, 0x00, 0x00, 0xdf, 0xff, 0x9e, 0xd6, 0x9c, 0x94, 0x99, 0x52, 0x99, 0x31
.byte 0x99, 0x31, 0x99, 0x31, 0x99, 0x31, 0x99, 0x31, 0x99, 0x31, 0x99, 0x31, 0x99, 0x31, 0x99, 0x31
.byte 0x99, 0x31, 0x99, 0x31, 0x99, 0x31, 0x99, 0x31, 0x99, 0x31, 0x99, 0x31, 0x99, 0x31, 0x99, 0x31
.byte 0x99, 0x31, 0x99, 0x31, 0x99, 0x31, 0x99, 0x31, 0x99, 0x31, 0x99, 0x31, 0x99, 0x31, 0x99, 0x31
.byte 0x99, 0x31, 0x99, 0x31, 0x99, 0x31, 0x99, 0x31, 0x99, 0x31, 0x99, 0x31, 0x99, 0x31, 0x99, 0x31
.byte 0x99, 0x31, 0x99, 0x31, 0x99, 0x31, 0x99, 0x31, 0x99, 0x31, 0xd8, 0x39, 0x08, 0x42, 0x08, 0x42
.byte 0x08, 0x42, 0x08, 0x42, 0x08, 0x42, 0x69, 0x4a, 0xcb, 0x5a, 0xf0, 0x7b, 0xd3, 0x9c, 0xb6, 0xb5
.byte 0x38, 0xc6, 0xdb, 0xde, 0x3c, 0xe7, 0x9e, 0xf7, 0x9e, 0xf7, 0x9e, 0xf7, 0x9e, 0xf7, 0x3c, 0xe7
.byte 0xdb, 0xde, 0x38, 0xc6, 0xf4, 0x5a, 0x99, 0x31, 0x99, 0x31, 0x99, 0x31, 0x99, 0x31, 0x99, 0x31
.byte 0x99, 0x31, 0x99, 0x31, 0x99, 0x31, 0x99, 0x31, 0x99, 0x31, 0x99, 0x31, 0x99, 0x31, 0x99, 0x31
.byte 0x99, 0x31, 0x99, 0x31, 0x99, 0x31, 0x99, 0x31, 0x99, 0x31, 0x99, 0x31, 0x69, 0x4a, 0xf0, 0x7b
.byte 0xb6, 0xb5, 0x3c, 0xe7, 0xdf, 0xff, 0x00, 0x00, 0x00, 0x00, 0x00, 0x00, 0x00, 0x00, 0x00, 0x00
.byte 0x00, 0x00, 0x00, 0x00, 0x00, 0x00, 0x00, 0x00, 0x00, 0x00, 0x00, 0x00, 0x00, 0x00, 0x00, 0x00
.byte 0x99, 0x52, 0x99, 0x31, 0x99, 0x31, 0x99, 0x31, 0x99, 0x31, 0x99, 0x31, 0x99, 0x31, 0x99, 0x31
.byte 0x99, 0x31, 0x99, 0x31, 0x99, 0x31, 0x99, 0x31, 0x99, 0x31, 0x99, 0x31, 0x99, 0x31, 0x99, 0x31
.byte 0x99, 0x31, 0x99, 0x31, 0xf4, 0x5a, 0xd3, 0x9c, 0xdb, 0xde, 0x9e, 0xf7, 0x00, 0x00, 0x00, 0x00
.byte 0x00, 0x00, 0x00, 0x00, 0x00, 0x00, 0x00, 0x00, 0x00, 0x00, 0x00, 0x00, 0x00, 0x00, 0x00, 0x00
.byte 0x00, 0x00, 0x00, 0x00, 0x00, 0x00, 0x00, 0x00, 0x00, 0x00, 0x00, 0x00, 0x00, 0x00, 0x00, 0x00
.byte 0x00, 0x00, 0x00, 0x00, 0x00, 0x00, 0x00, 0x00, 0x00, 0x00, 0x00, 0x00, 0x00, 0x00, 0x00, 0x00
.byte 0x00, 0x00, 0x00, 0x00, 0x00, 0x00, 0x00, 0x00, 0x00, 0x00, 0x00, 0x00, 0x00, 0x00, 0x00, 0x00
.byte 0x00, 0x00, 0x00, 0x00, 0x00, 0x00, 0x00, 0x00, 0x00, 0x00, 0x00, 0x00, 0x00, 0x00, 0x00, 0x00
.byte 0x00, 0x00, 0x00, 0x00, 0x00, 0x00, 0x00, 0x00, 0x00, 0x00, 0x00, 0x00, 0x00, 0x00, 0xdf, 0xff
.byte 0xdf, 0xff, 0xdf, 0xff, 0x9e, 0xf7, 0x9e, 0xf7, 0x9e, 0xf7, 0x9e, 0xf7, 0x3c, 0xe7, 0x3c, 0xe7
.byte 0x3c, 0xe7, 0xdb, 0xde, 0xdb, 0xde, 0xdb, 0xde, 0xdb, 0xde, 0x38, 0xc6, 0x38, 0xc6, 0x38, 0xc6
.byte 0xb6, 0xb5, 0xb6, 0xb5, 0xb6, 0xb5, 0x35, 0xa5, 0x35, 0xa5, 0xd3, 0x9c, 0x71, 0x8c, 0x71, 0x8c
.byte 0xf0, 0x7b, 0xf0, 0x7b, 0xf0, 0x7b, 0x6d, 0x6b, 0x6d, 0x6b, 0x6d, 0x6b, 0x6d, 0x6b, 0xcb, 0x5a
.byte 0xcb, 0x5a, 0xd8, 0x39, 0x99, 0x31, 0x99, 0x31, 0x99, 0x31, 0x99, 0x31, 0x99, 0x31, 0x99, 0x31
.byte 0x99, 0x31, 0x99, 0x31, 0x99, 0x31, 0x99, 0x31, 0x99, 0x31, 0x99, 0x31, 0x99, 0x31, 0x99, 0x31
.byte 0x99, 0x31, 0x99, 0x31, 0x99, 0x31, 0x99, 0x31, 0x99, 0x31, 0x99, 0x31, 0x99, 0x31, 0x5a, 0x6b
.byte 0x1b, 0xa5, 0x9e, 0xd6, 0x9f, 0xf7, 0xdf, 0xff, 0x00, 0x00, 0x00, 0x00, 0xdf, 0xff, 0x9f, 0xf7
.byte 0x1e, 0xe7, 0x9c, 0xb5, 0xfb, 0x7b, 0x99, 0x52, 0x99, 0x31, 0x99, 0x31, 0x99, 0x31, 0x99, 0x31
.byte 0x99, 0x31, 0x99, 0x31, 0x99, 0x31, 0x99, 0x31, 0x99, 0x31, 0x99, 0x31, 0x99, 0x31, 0x99, 0x31
.byte 0x99, 0x31, 0x99, 0x31, 0x99, 0x31, 0x99, 0x31, 0x99, 0x31, 0x99, 0x31, 0x99, 0x31, 0x99, 0x31
.byte 0x99, 0x31, 0x99, 0x31, 0x99, 0x31, 0x99, 0x31, 0x99, 0x31, 0x99, 0x31, 0x99, 0x31, 0x99, 0x31
.byte 0x99, 0x31, 0x99, 0x31, 0x99, 0x31, 0x99, 0x31, 0x99, 0x31, 0x99, 0x31, 0x99, 0x31, 0x99, 0x31
.byte 0x99, 0x31, 0x99, 0x31, 0x99, 0x31, 0x99, 0x31, 0xb3, 0x31, 0x08, 0x42, 0x08, 0x42, 0x08, 0x42
.byte 0x08, 0x42, 0x69, 0x4a, 0xcb, 0x5a, 0x6d, 0x6b, 0x71, 0x8c, 0x35, 0xa5, 0x38, 0xc6, 0x3c, 0xe7
.byte 0x9e, 0xf7, 0xdf, 0xff, 0xdf, 0xff, 0x00, 0x00, 0x00, 0x00, 0x00, 0x00, 0x00, 0x00, 0xdf, 0xff
.byte 0x9e, 0xf7, 0x3c, 0xe7, 0x38, 0xc6, 0xd8, 0x39, 0x99, 0x31, 0x99, 0x31, 0x99, 0x31, 0x99, 0x31
.byte 0x99, 0x31, 0x99, 0x31, 0x99, 0x31, 0x99, 0x31, 0x99, 0x31, 0x99, 0x31, 0x99, 0x31, 0x99, 0x31
.byte 0x99, 0x31, 0x99, 0x31, 0x99, 0x31, 0x99, 0x31, 0x99, 0x31, 0x99, 0x31, 0xcd, 0x39, 0x6d, 0x6b
.byte 0x35, 0xa5, 0xdb, 0xde, 0x9e, 0xf7, 0x00, 0x00, 0x00, 0x00, 0x00, 0x00, 0x00, 0x00, 0x00, 0x00
.byte 0x00, 0x00, 0x00, 0x00, 0x00, 0x00, 0x00, 0x00, 0x00, 0x00, 0x00, 0x00, 0x00, 0x00, 0x00, 0x00
.byte 0x99, 0x52, 0x99, 0x31, 0x99, 0x31, 0x99, 0x31, 0x99, 0x31, 0x99, 0x31, 0x99, 0x31, 0x99, 0x31
.byte 0x99, 0x31, 0x99, 0x31, 0x99, 0x31, 0x99, 0x31, 0x99, 0x31, 0x99, 0x31, 0x99, 0x31, 0x99, 0x31
.byte 0x99, 0x31, 0x99, 0x31, 0xb3, 0x31, 0x71, 0x8c, 0x38, 0xc6, 0x3c, 0xe7, 0xdf, 0xff, 0x00, 0x00
.byte 0x00, 0x00, 0x00, 0x00, 0x00, 0x00, 0x00, 0x00, 0x00, 0x00, 0x00, 0x00, 0x00, 0x00, 0x00, 0x00
.byte 0x00, 0x00, 0x00, 0x00, 0x00, 0x00, 0x00, 0x00, 0x00, 0x00, 0x00, 0x00, 0x00, 0x00, 0x00, 0x00
.byte 0x00, 0x00, 0x00, 0x00, 0x00, 0x00, 0x00, 0x00, 0x00, 0x00, 0x00, 0x00, 0x00, 0x00, 0x00, 0x00
.byte 0x00, 0x00, 0x00, 0x00, 0x00, 0x00, 0x00, 0x00, 0x00, 0x00, 0x00, 0x00, 0x00, 0x00, 0x00, 0x00
.byte 0x00, 0x00, 0x00, 0x00, 0x00, 0x00, 0x00, 0x00, 0x00, 0x00, 0x00, 0x00, 0x00, 0x00, 0x00, 0x00
.byte 0x00, 0x00, 0x00, 0x00, 0x00, 0x00, 0x00, 0x00, 0x00, 0x00, 0x00, 0x00, 0x00, 0x00, 0x00, 0x00
.byte 0x00, 0x00, 0x00, 0x00, 0x00, 0x00, 0x00, 0x00, 0x00, 0x00, 0x00, 0x00, 0x00, 0x00, 0x00, 0x00
.byte 0xdf, 0xff, 0xdf, 0xff, 0xdf, 0xff, 0x9e, 0xf7, 0x9e, 0xf7, 0x9e, 0xf7, 0x9e, 0xf7, 0x3c, 0xe7
.byte 0x3c, 0xe7, 0x3c, 0xe7, 0x3c, 0xe7, 0xdb, 0xde, 0xdb, 0xde, 0xdb, 0xde, 0x38, 0xc6, 0x38, 0xc6
.byte 0x38, 0xc6, 0xb6, 0xb5, 0xb6, 0xb5, 0x35, 0xa5, 0x35, 0xa5, 0xd3, 0x9c, 0xd3, 0x9c, 0xd3, 0x9c
.byte 0x71, 0x8c, 0xf4, 0x5a, 0x99, 0x31, 0x99, 0x31, 0x99, 0x31, 0x99, 0x31, 0x99, 0x31, 0x99, 0x31
.byte 0x99, 0x31, 0x99, 0x31, 0x99, 0x31, 0x99, 0x31, 0x99, 0x31, 0x99, 0x31, 0x99, 0x31, 0x99, 0x31
.byte 0x99, 0x31, 0x99, 0x31, 0x99, 0x31, 0x99, 0x31, 0x99, 0x31, 0x99, 0x31, 0x99, 0x31, 0x99, 0x31
.byte 0x99, 0x31, 0x99, 0x31, 0x99, 0x52, 0x99, 0x52, 0x5a, 0x6b, 0x99, 0x52, 0x99, 0x52, 0x99, 0x52
.byte 0xd8, 0x39, 0x99, 0x31, 0x99, 0x31, 0x99, 0x31, 0x99, 0x31, 0x99, 0x31, 0x99, 0x31, 0x99, 0x31
.byte 0x99, 0x31, 0x99, 0x31, 0x99, 0x31, 0x99, 0x31, 0x99, 0x31, 0x99, 0x31, 0x99, 0x31, 0x99, 0x31
.byte 0x99, 0x31, 0x99, 0x31, 0x99, 0x31, 0x99, 0x31, 0x99, 0x31, 0x99, 0x31, 0x99, 0x31, 0x99, 0x31
.byte 0x99, 0x31, 0x99, 0x31, 0x99, 0x31, 0x99, 0x31, 0x99, 0x31, 0x99, 0x31, 0x99, 0x31, 0x99, 0x31
.byte 0x99, 0x31, 0x99, 0x31, 0x99, 0x31, 0x99, 0x31, 0x99, 0x31, 0x99, 0x31, 0x99, 0x31, 0x99, 0x31
.byte 0x99, 0x31, 0x99, 0x31, 0x99, 0x31, 0xb3, 0x31, 0x08, 0x42, 0x08, 0x42, 0x08, 0x42, 0x08, 0x42
.byte 0x69, 0x4a, 0xcb, 0x5a, 0x6d, 0x6b, 0xd3, 0x9c, 0xb6, 0xb5, 0xdb, 0xde, 0x3c, 0xe7, 0xdf, 0xff
.byte 0x00, 0x00, 0x00, 0x00, 0x00, 0x00, 0x00, 0x00, 0x00, 0x00, 0x00, 0x00, 0x00, 0x00, 0x00, 0x00
.byte 0x00, 0x00, 0xdf, 0xff, 0x3c, 0xe7, 0x78, 0x8c, 0x99, 0x31, 0x99, 0x31, 0x99, 0x31, 0x99, 0x31
.byte 0x99, 0x31, 0x99, 0x31, 0x99, 0x31, 0x99, 0x31, 0x99, 0x31, 0x99, 0x31, 0x99, 0x31, 0x99, 0x31
.byte 0x99, 0x31, 0x99, 0x31, 0x99, 0x31, 0x99, 0x31, 0x99, 0x31, 0x99, 0x31, 0xcd, 0x39, 0x6d, 0x6b
.byte 0xd3, 0x9c, 0x38, 0xc6, 0x9e, 0xf7, 0x00, 0x00, 0x00, 0x00, 0x00, 0x00, 0x00, 0x00, 0x00, 0x00
.byte 0x00, 0x00, 0x00, 0x00, 0x00, 0x00, 0x00, 0x00, 0x00, 0x00, 0x00, 0x00, 0x00, 0x00, 0x00, 0x00
.byte 0x99, 0x52, 0x99, 0x31, 0x99, 0x31, 0x99, 0x31, 0x99, 0x31, 0x99, 0x31, 0x99, 0x31, 0x99, 0x31
.byte 0x99, 0x31, 0x99, 0x31, 0x99, 0x31, 0x99, 0x31, 0x99, 0x31, 0x99, 0x31, 0x99, 0x31, 0x99, 0x31
.byte 0x99, 0x31, 0x99, 0x31, 0x99, 0x31, 0xf4, 0x5a, 0x35, 0xa5, 0xdb, 0xde, 0x9e, 0xf7, 0x00, 0x00
.byte 0x00, 0x00, 0x00, 0x00, 0x00, 0x00, 0x00, 0x00, 0x00, 0x00, 0x00, 0x00, 0x00, 0x00, 0x00, 0x00
.byte 0x00, 0x00, 0x00, 0x00, 0x00, 0x00, 0x00, 0x00, 0x00, 0x00, 0x00, 0x00, 0x00, 0x00, 0x00, 0x00
.byte 0x00, 0x00, 0x00, 0x00, 0x00, 0x00, 0x00, 0x00, 0x00, 0x00, 0x00, 0x00, 0x00, 0x00, 0x00, 0x00
.byte 0x00, 0x00, 0x00, 0x00, 0x00, 0x00, 0x00, 0x00, 0x00, 0x00, 0x00, 0x00, 0x00, 0x00, 0x00, 0x00
.byte 0x00, 0x00, 0x00, 0x00, 0x00, 0x00, 0x00, 0x00, 0x00, 0x00, 0x00, 0x00, 0x00, 0x00, 0x00, 0x00
.byte 0x00, 0x00, 0x00, 0x00, 0x00, 0x00, 0x00, 0x00, 0x00, 0x00, 0x00, 0x00, 0x00, 0x00, 0x00, 0x00
.byte 0x00, 0x00, 0x00, 0x00, 0x00, 0x00, 0x00, 0x00, 0x00, 0x00, 0x00, 0x00, 0x00, 0x00, 0x00, 0x00
.byte 0x00, 0x00, 0x00, 0x00, 0x00, 0x00, 0x00, 0x00, 0x00, 0x00, 0x00, 0x00, 0x00, 0x00, 0x00, 0x00
.byte 0xdf, 0xff, 0xdf, 0xff, 0xdf, 0xff, 0xdf, 0xff, 0x9e, 0xf7, 0x9e, 0xf7, 0x9e, 0xf7, 0x9e, 0xf7
.byte 0x3c, 0xe7, 0x3c, 0xe7, 0x3c, 0xe7, 0xdb, 0xde, 0xdb, 0xde, 0xdb, 0xde, 0xdb, 0xde, 0x38, 0xc6
.byte 0x38, 0xc6, 0xb6, 0xb5, 0xf4, 0x5a, 0x99, 0x31, 0x99, 0x31, 0x99, 0x31, 0x99, 0x31, 0x99, 0x31
.byte 0x99, 0x31, 0x99, 0x31, 0x99, 0x31, 0x99, 0x31, 0x99, 0x31, 0x99, 0x31, 0x99, 0x31, 0x99, 0x31
.byte 0x99, 0x31, 0x99, 0x31, 0x99, 0x31, 0x99, 0x31, 0x99, 0x31, 0x99, 0x31, 0x99, 0x31, 0x99, 0x31
.byte 0x99, 0x31, 0x99, 0x31, 0x99, 0x31, 0x99, 0x31, 0x99, 0x31, 0x99, 0x31, 0x99, 0x31, 0x99, 0x31
.byte 0x99, 0x31, 0x99, 0x31, 0x99, 0x31, 0x99, 0x31, 0x99, 0x31, 0x99, 0x31, 0x99, 0x31, 0x99, 0x31
.byte 0x99, 0x31, 0x99, 0x31, 0x99, 0x31, 0x99, 0x31, 0x99, 0x31, 0x99, 0x31, 0x99, 0x31, 0x99, 0x31
.byte 0x99, 0x31, 0x99, 0x31, 0x99, 0x31, 0x99, 0x31, 0x99, 0x31, 0x99, 0x31, 0x99, 0x31, 0x99, 0x31
.byte 0x99, 0x31, 0x99, 0x31, 0x99, 0x31, 0x99, 0x31, 0x99, 0x31, 0x99, 0x31, 0x99, 0x31, 0x99, 0x31
.byte 0x99, 0x31, 0x99, 0x31, 0x99, 0x31, 0x99, 0x31, 0x99, 0x31, 0x99, 0x31, 0x99, 0x31, 0x99, 0x31
.byte 0x99, 0x31, 0x99, 0x31, 0xcd, 0x39, 0x08, 0x42, 0x08, 0x42, 0x08, 0x42, 0x08, 0x42, 0x69, 0x4a
.byte 0x6d, 0x6b, 0xf0, 0x7b, 0x35, 0xa5, 0x38, 0xc6, 0x3c, 0xe7, 0x9e, 0xf7, 0xdf, 0xff, 0x00, 0x00
.byte 0x00, 0x00, 0x00, 0x00, 0x00, 0x00, 0x00, 0x00, 0x00, 0x00, 0x00, 0x00, 0x00, 0x00, 0x00, 0x00
.byte 0x00, 0x00, 0x00, 0x00, 0x9e, 0xf7, 0xdb, 0xde, 0xd8, 0x39, 0x99, 0x31, 0x99, 0x31, 0x99, 0x31
.byte 0x99, 0x31, 0x99, 0x31, 0x99, 0x31, 0x99, 0x31, 0x99, 0x31, 0x99, 0x31, 0x99, 0x31, 0x99, 0x31
.byte 0x99, 0x31, 0x99, 0x31, 0x99, 0x31, 0x99, 0x31, 0x99, 0x31, 0x99, 0x31, 0xcd, 0x39, 0xcb, 0x5a
.byte 0x71, 0x8c, 0x38, 0xc6, 0x3c, 0xe7, 0x00, 0x00, 0x00, 0x00, 0x00, 0x00, 0x00, 0x00, 0x00, 0x00
.byte 0x00, 0x00, 0x00, 0x00, 0x00, 0x00, 0x00, 0x00, 0x00, 0x00, 0x00, 0x00, 0x00, 0x00, 0x00, 0x00
.byte 0x5a, 0x6b, 0x99, 0x31, 0x99, 0x31, 0x99, 0x31, 0x99, 0x31, 0x99, 0x31, 0x99, 0x31, 0x99, 0x31
.byte 0x99, 0x31, 0x99, 0x31, 0x99, 0x31, 0x99, 0x31, 0x99, 0x31, 0x99, 0x31, 0x99, 0x31, 0x99, 0x31
.byte 0x99, 0x31, 0x99, 0x31, 0x99, 0x31, 0x99, 0x31, 0xf0, 0x7b, 0x38, 0xc6, 0x3c, 0xe7, 0xdf, 0xff
.byte 0x00, 0x00, 0x00, 0x00, 0x00, 0x00, 0x00, 0x00, 0x00, 0x00, 0x00, 0x00, 0x00, 0x00, 0x00, 0x00
.byte 0x00, 0x00, 0x00, 0x00, 0x00, 0x00, 0x00, 0x00, 0x00, 0x00, 0x00, 0x00, 0x00, 0x00, 0x00, 0x00
.byte 0x00, 0x00, 0x00, 0x00, 0x00, 0x00, 0x00, 0x00, 0x00, 0x00, 0x00, 0x00, 0x00, 0x00, 0x00, 0x00
.byte 0x00, 0x00, 0x00, 0x00, 0x00, 0x00, 0x00, 0x00, 0x00, 0x00, 0x00, 0x00, 0x00, 0x00, 0x00, 0x00
.byte 0x00, 0x00, 0x00, 0x00, 0x00, 0x00, 0x00, 0x00, 0x00, 0x00, 0x00, 0x00, 0x00, 0x00, 0x00, 0x00
.byte 0x00, 0x00, 0x00, 0x00, 0x00, 0x00, 0x00, 0x00, 0x00, 0x00, 0x00, 0x00, 0x00, 0x00, 0x00, 0x00
.byte 0x00, 0x00, 0x00, 0x00, 0x00, 0x00, 0x00, 0x00, 0x00, 0x00, 0x00, 0x00, 0x00, 0x00, 0x00, 0x00
.byte 0x00, 0x00, 0x00, 0x00, 0x00, 0x00, 0x00, 0x00, 0x00, 0x00, 0x00, 0x00, 0x00, 0x00, 0x00, 0x00
.byte 0x00, 0x00, 0x00, 0x00, 0x00, 0x00, 0x00, 0x00, 0x00, 0x00, 0x00, 0x00, 0x00, 0x00, 0x00, 0x00
.byte 0x00, 0x00, 0xdf, 0xff, 0xdf, 0xff, 0xdf, 0xff, 0xdf, 0xff, 0x9e, 0xf7, 0x9e, 0xf7, 0x9e, 0xf7
.byte 0x3c, 0xe7, 0xdb, 0xde, 0xb6, 0xb5, 0xd8, 0x39, 0x99, 0x31, 0x99, 0x31, 0x99, 0x31, 0x99, 0x31
.byte 0x99, 0x31, 0x99, 0x31, 0x99, 0x31, 0x99, 0x31, 0x99, 0x31, 0x99, 0x31, 0x99, 0x31, 0x99, 0x31
.byte 0x99, 0x31, 0x99, 0x31, 0x99, 0x31, 0x99, 0x31, 0x99, 0x31, 0x99, 0x31, 0x99, 0x31, 0x99, 0x31
.byte 0x99, 0x31, 0x99, 0x31, 0x99, 0x31, 0x99, 0x31, 0x99, 0x31, 0x99, 0x31, 0x99, 0x31, 0x99, 0x31
.byte 0x99, 0x31, 0x99, 0x31, 0x99, 0x31, 0x99, 0x31, 0x99, 0x31, 0x99, 0x31, 0x99, 0x31, 0x99, 0x31
.byte 0x99, 0x31, 0x99, 0x31, 0x99, 0x31, 0x99, 0x31, 0x99, 0x31, 0x99, 0x31, 0x99, 0x31, 0x99, 0x31
.byte 0x99, 0x31, 0x99, 0x31, 0x99, 0x31, 0x99, 0x31, 0x99, 0x31, 0x99, 0x31, 0x99, 0x31, 0x99, 0x31
.byte 0x99, 0x31, 0x99, 0x31, 0x99, 0x31, 0x99, 0x31, 0x99, 0x31, 0x99, 0x31, 0x99, 0x31, 0x99, 0x31
.byte 0x99, 0x31, 0x99, 0x31, 0x99, 0x31, 0x99, 0x31, 0x99, 0x31, 0x99, 0x31, 0x99, 0x31, 0x99, 0x31
.byte 0x99, 0x31, 0xcd, 0x39, 0x08, 0x42, 0x08, 0x42, 0x08, 0x42, 0x08, 0x42, 0xcb, 0x5a, 0x6d, 0x6b
.byte 0x71, 0x8c, 0xb6, 0xb5, 0xdb, 0xde, 0x3c, 0xe7, 0xdf, 0xff, 0x00, 0x00, 0x00, 0x00, 0x00, 0x00
.byte 0x00, 0x00, 0x00, 0x00, 0x00, 0x00, 0x00, 0x00, 0x00, 0x00, 0x00, 0x00, 0x00, 0x00, 0x00, 0x00
.byte 0x00, 0x00, 0x00, 0x00, 0xdf, 0xff, 0x9e, 0xf7, 0x5a, 0x6b, 0x99, 0x31, 0x99, 0x31, 0x99, 0x31
.byte 0x99, 0x31, 0x99, 0x31, 0x99, 0x31, 0x99, 0x31, 0x99, 0x31, 0x99, 0x31, 0x99, 0x31, 0x99, 0x31
.byte 0x99, 0x31, 0x99, 0x31, 0x99, 0x31, 0x99, 0x31, 0x99, 0x31, 0x99, 0x31, 0xb3, 0x31, 0xcb, 0x5a
.byte 0xf0, 0x7b, 0xb6, 0xb5, 0x3c, 0xe7, 0xdf, 0xff, 0x00, 0x00, 0x00, 0x00, 0x00, 0x00, 0x00, 0x00
.byte 0x00, 0x00, 0x00, 0x00, 0x00, 0x00, 0x00, 0x00, 0x00, 0x00, 0x00, 0x00, 0x00, 0x00, 0x00, 0x00
.byte 0x5a, 0x6b, 0x99, 0x31, 0x99, 0x31, 0x99, 0x31, 0x99, 0x31, 0x99, 0x31, 0x99, 0x31, 0x99, 0x31
.byte 0x99, 0x31, 0x99, 0x31, 0x99, 0x31, 0x99, 0x31, 0x99, 0x31, 0x99, 0x31, 0x99, 0x31, 0x99, 0x31
.byte 0x99, 0x31, 0x99, 0x31, 0x99, 0x31, 0x99, 0x31, 0x99, 0x52, 0x35, 0xa5, 0xdb, 0xde, 0x9e, 0xf7
.byte 0x00, 0x00, 0x00, 0x00, 0x00, 0x00, 0x00, 0x00, 0x00, 0x00, 0x00, 0x00, 0x00, 0x00, 0x00, 0x00
.byte 0x00, 0x00, 0x00, 0x00, 0x00, 0x00, 0x00, 0x00, 0x00, 0x00, 0x00, 0x00, 0x00, 0x00, 0x00, 0x00
.byte 0x00, 0x00, 0x00, 0x00, 0x00, 0x00, 0x00, 0x00, 0x00, 0x00, 0x00, 0x00, 0x00, 0x00, 0x00, 0x00
.byte 0x00, 0x00, 0x00, 0x00, 0x00, 0x00, 0x00, 0x00, 0x00, 0x00, 0x00, 0x00, 0x00, 0x00, 0x00, 0x00
.byte 0x00, 0x00, 0x00, 0x00, 0x00, 0x00, 0x00, 0x00, 0x00, 0x00, 0x00, 0x00, 0x00, 0x00, 0x00, 0x00
.byte 0x00, 0x00, 0x00, 0x00, 0x00, 0x00, 0x00, 0x00, 0x00, 0x00, 0x00, 0x00, 0x00, 0x00, 0x00, 0x00
.byte 0x00, 0x00, 0x00, 0x00, 0x00, 0x00, 0x00, 0x00, 0x00, 0x00, 0x00, 0x00, 0x00, 0x00, 0x00, 0x00
.byte 0x00, 0x00, 0x00, 0x00, 0x00, 0x00, 0x00, 0x00, 0x00, 0x00, 0x00, 0x00, 0x00, 0x00, 0x00, 0x00
.byte 0x00, 0x00, 0x00, 0x00, 0x00, 0x00, 0x00, 0x00, 0x00, 0x00, 0x00, 0x00, 0x00, 0x00, 0x00, 0x00
.byte 0x00, 0x00, 0x00, 0x00, 0x00, 0x00, 0x00, 0x00, 0x00, 0x00, 0x00, 0x00, 0x00, 0x00, 0x00, 0x00
.byte 0x00, 0x00, 0x9e, 0xf7, 0xdb, 0xde, 0x78, 0x8c, 0x99, 0x31, 0x99, 0x31, 0x99, 0x31, 0x99, 0x31
.byte 0x99, 0x31, 0x99, 0x31, 0x99, 0x31, 0x99, 0x31, 0x99, 0x31, 0x99, 0x31, 0x99, 0x31, 0x99, 0x31
.byte 0x99, 0x31, 0x99, 0x31, 0x99, 0x31, 0x99, 0x31, 0x99, 0x31, 0x99, 0x31, 0x99, 0x31, 0x99, 0x31
.byte 0x99, 0x31, 0x99, 0x31, 0x99, 0x31, 0x99, 0x31, 0x99, 0x31, 0x99, 0x31, 0x99, 0x31, 0x99, 0x31
.byte 0x99, 0x31, 0x99, 0x31, 0x99, 0x31, 0x99, 0x31, 0x99, 0x31, 0x99, 0x31, 0x99, 0x31, 0x99, 0x31
.byte 0x99, 0x31, 0x99, 0x31, 0x99, 0x31, 0x99, 0x31, 0x99, 0x31, 0x99, 0x31, 0x99, 0x31, 0x99, 0x31
.byte 0x99, 0x31, 0x99, 0x31, 0x99, 0x31, 0x99, 0x31, 0x99, 0x31, 0x99, 0x31, 0x99, 0x31, 0x99, 0x31
.byte 0x99, 0x31, 0x99, 0x31, 0x99, 0x31, 0x99, 0x31, 0x99, 0x31, 0x99, 0x31, 0x99, 0x31, 0x99, 0x31
.byte 0x99, 0x31, 0x99, 0x31, 0x99, 0x31, 0x99, 0x31, 0x99, 0x31, 0x99, 0x31, 0x99, 0x31, 0xd8, 0x39
.byte 0xcd, 0x39, 0x08, 0x42, 0x08, 0x42, 0x08, 0x42, 0x69, 0x4a, 0xcb, 0x5a, 0x6d, 0x6b, 0xd3, 0x9c
.byte 0xb6, 0xb5, 0xdb, 0xde, 0x9e, 0xf7, 0xdf, 0xff, 0x00, 0x00, 0x00, 0x00, 0x00, 0x00, 0x00, 0x00
.byte 0x00, 0x00, 0x00, 0x00, 0x00, 0x00, 0x00, 0x00, 0x00, 0x00, 0x00, 0x00, 0x00, 0x00, 0x00, 0x00
.byte 0x00, 0x00, 0x00, 0x00, 0x00, 0x00, 0xdf, 0xff, 0x1b, 0xa5, 0x99, 0x31, 0x99, 0x31, 0x99, 0x31
.byte 0x99, 0x31, 0x99, 0x31, 0x99, 0x31, 0x99, 0x31, 0x99, 0x31, 0x99, 0x31, 0x99, 0x31, 0x99, 0x31
.byte 0x99, 0x31, 0x99, 0x31, 0x99, 0x31, 0x99, 0x31, 0x99, 0x31, 0x99, 0x31, 0xb3, 0x31, 0x69, 0x4a
.byte 0xf0, 0x7b, 0xb6, 0xb5, 0x3c, 0xe7, 0xdf, 0xff, 0x00, 0x00, 0x00, 0x00, 0x00, 0x00, 0x00, 0x00
.byte 0x00, 0x00, 0x00, 0x00, 0x00, 0x00, 0x00, 0x00, 0x00, 0x00, 0x00, 0x00, 0x00, 0x00, 0x00, 0x00
.byte 0x5a, 0x6b, 0x99, 0x31, 0x99, 0x31, 0x99, 0x31, 0x99, 0x31, 0x99, 0x31, 0x99, 0x31, 0x99, 0x31
.byte 0x99, 0x31, 0x99, 0x31, 0x99, 0x31, 0x99, 0x31, 0x99, 0x31, 0x99, 0x31, 0x99, 0x31, 0x99, 0x31
.byte 0x99, 0x31, 0x99, 0x31, 0x99, 0x31, 0x99, 0x31, 0x99, 0x31, 0xf4, 0x5a, 0x38, 0xc6, 0x3c, 0xe7
.byte 0xdf, 0xff, 0x00, 0x00, 0x00, 0x00, 0x00, 0x00, 0x00, 0x00, 0x00, 0x00, 0x00, 0x00, 0x00, 0x00
.byte 0x00, 0x00, 0x00, 0x00, 0x00, 0x00, 0x00, 0x00, 0x00, 0x00, 0x00, 0x00, 0x00, 0x00, 0x00, 0x00
.byte 0x00, 0x00, 0x00, 0x00, 0x00, 0x00, 0x00, 0x00, 0x00, 0x00, 0x00, 0x00, 0x00, 0x00, 0x00, 0x00
.byte 0x00, 0x00, 0x00, 0x00, 0x00, 0x00, 0x00, 0x00, 0x00, 0x00, 0x00, 0x00, 0x00, 0x00, 0x00, 0x00
.byte 0x00, 0x00, 0x00, 0x00, 0x00, 0x00, 0x00, 0x00, 0x00, 0x00, 0x00, 0x00, 0x00, 0x00, 0x00, 0x00
.byte 0x00, 0x00, 0x00, 0x00, 0x00, 0x00, 0x00, 0x00, 0x00, 0x00, 0x00, 0x00, 0x00, 0x00, 0x00, 0x00
.byte 0x00, 0x00, 0x00, 0x00, 0x00, 0x00, 0x00, 0x00, 0x00, 0x00, 0x00, 0x00, 0x00, 0x00, 0x00, 0x00
.byte 0x00, 0x00, 0x00, 0x00, 0x00, 0x00, 0x00, 0x00, 0x00, 0x00, 0x00, 0x00, 0x00, 0x00, 0x00, 0x00
.byte 0x00, 0x00, 0x00, 0x00, 0x00, 0x00, 0x00, 0x00, 0x00, 0x00, 0x00, 0x00, 0x00, 0x00, 0x00, 0x00
.byte 0x00, 0x00, 0x00, 0x00, 0x00, 0x00, 0x00, 0x00, 0x00, 0x00, 0x00, 0x00, 0x00, 0x00, 0x00, 0x00
.byte 0x00, 0x00, 0xdf, 0xff, 0x9e, 0xf7, 0xdb, 0xde, 0x99, 0x52, 0x99, 0x31, 0x99, 0x31, 0x99, 0x31
.byte 0x99, 0x31, 0x99, 0x31, 0x99, 0x31, 0x99, 0x31, 0x99, 0x31, 0x99, 0x31, 0x99, 0x31, 0x99, 0x31
.byte 0x99, 0x31, 0x99, 0x31, 0x99, 0x31, 0x99, 0x31, 0x99, 0x31, 0x99, 0x31, 0x99, 0x31, 0x99, 0x31
.byte 0x99, 0x31, 0x99, 0x31, 0x99, 0x31, 0x99, 0x31, 0x99, 0x31, 0x99, 0x31, 0x99, 0x31, 0x99, 0x31
.byte 0x99, 0x31, 0x99, 0x31, 0x99, 0x31, 0x99, 0x31, 0x99, 0x31, 0x99, 0x31, 0x99, 0x31, 0x99, 0x31
.byte 0x99, 0x31, 0x99, 0x31, 0x99, 0x31, 0x99, 0x31, 0x99, 0x31, 0x99, 0x31, 0x99, 0x31, 0x99, 0x31
.byte 0x99, 0x31, 0x99, 0x31, 0x99, 0x31, 0x99, 0x31, 0x99, 0x31, 0x99, 0x31, 0x99, 0x31, 0x99, 0x31
.byte 0x99, 0x31, 0x99, 0x31, 0x99, 0x31, 0x99, 0x31, 0x99, 0x31, 0x99, 0x31, 0x99, 0x31, 0x99, 0x31
.byte 0x99, 0x31, 0x99, 0x31, 0x99, 0x31, 0x99, 0x31, 0x99, 0x31, 0x99, 0x31, 0xd8, 0x39, 0x08, 0x42
.byte 0x08, 0x42, 0x08, 0x42, 0x08, 0x42, 0x69, 0x4a, 0xcb, 0x5a, 0xf0, 0x7b, 0xd3, 0x9c, 0x38, 0xc6
.byte 0x3c, 0xe7, 0x9e, 0xf7, 0xdf, 0xff, 0x00, 0x00, 0x00, 0x00, 0x00, 0x00, 0x00, 0x00, 0x00, 0x00
.byte 0x00, 0x00, 0x00, 0x00, 0x00, 0x00, 0x00, 0x00, 0x00, 0x00, 0x00, 0x00, 0x00, 0x00, 0x00, 0x00
.byte 0x00, 0x00, 0x00, 0x00, 0x00, 0x00, 0x00, 0x00, 0x1e, 0xe7, 0xd8, 0x39, 0x99, 0x31, 0x99, 0x31
.byte 0x99, 0x31, 0x99, 0x31, 0x99, 0x31, 0x99, 0x31, 0x99, 0x31, 0x99, 0x31, 0x99, 0x31, 0x99, 0x31
.byte 0x99, 0x31, 0x99, 0x31, 0x99, 0x31, 0x99, 0x31, 0x99, 0x31, 0x99, 0x31, 0xd8, 0x39, 0x69, 0x4a
.byte 0x6d, 0x6b, 0x35, 0xa5, 0xdb, 0xde, 0xdf, 0xff, 0x00, 0x00, 0x00, 0x00, 0x00, 0x00, 0x00, 0x00
.byte 0x00, 0x00, 0x00, 0x00, 0x00, 0x00, 0x00, 0x00, 0x00, 0x00, 0x00, 0x00, 0x00, 0x00, 0x00, 0x00
.byte 0xfb, 0x7b, 0x99, 0x31, 0x99, 0x31, 0x99, 0x31, 0x99, 0x31, 0x99, 0x31, 0x99, 0x31, 0x99, 0x31
.byte 0x99, 0x31, 0x99, 0x31, 0x99, 0x31, 0x99, 0x31, 0x99, 0x31, 0x99, 0x31, 0x99, 0x31, 0x99, 0x31
.byte 0x99, 0x31, 0x99, 0x31, 0x99, 0x31, 0x99, 0x31, 0x99, 0x31, 0xd8, 0x39, 0xd3, 0x9c, 0xdb, 0xde
.byte 0x9e, 0xf7, 0x00, 0x00, 0x00, 0x00, 0x00, 0x00, 0x00, 0x00, 0x00, 0x00, 0x00, 0x00, 0x00, 0x00
.byte 0x00, 0x00, 0x00, 0x00, 0x00, 0x00, 0x00, 0x00, 0x00, 0x00, 0x00, 0x00, 0x00, 0x00, 0x00, 0x00
.byte 0x00, 0x00, 0x00, 0x00, 0x00, 0x00, 0x00, 0x00, 0x00, 0x00, 0x00, 0x00, 0x00, 0x00, 0x00, 0x00
.byte 0x00, 0x00, 0x00, 0x00, 0x00, 0x00, 0x00, 0x00, 0x00, 0x00, 0x00, 0x00, 0x00, 0x00, 0x00, 0x00
.byte 0x00, 0x00, 0x00, 0x00, 0x00, 0x00, 0x00, 0x00, 0x00, 0x00, 0x00, 0x00, 0x00, 0x00, 0x00, 0x00
.byte 0x00, 0x00, 0x00, 0x00, 0x00, 0x00, 0x00, 0x00, 0x00, 0x00, 0x00, 0x00, 0x00, 0x00, 0x00, 0x00
.byte 0x00, 0x00, 0x00, 0x00, 0x00, 0x00, 0x00, 0x00, 0x00, 0x00, 0x00, 0x00, 0x00, 0x00, 0x00, 0x00
.byte 0x00, 0x00, 0x00, 0x00, 0x00, 0x00, 0x00, 0x00, 0x00, 0x00, 0x00, 0x00, 0x00, 0x00, 0x00, 0x00
.byte 0x00, 0x00, 0x00, 0x00, 0x00, 0x00, 0x00, 0x00, 0x00, 0x00, 0x00, 0x00, 0x00, 0x00, 0x00, 0x00
.byte 0x00, 0x00, 0x00, 0x00, 0x00, 0x00, 0x00, 0x00, 0x00, 0x00, 0x00, 0x00, 0x00, 0x00, 0x00, 0x00
.byte 0x00, 0x00, 0x00, 0x00, 0xdf, 0xff, 0x3c, 0xe7, 0x78, 0x8c, 0x99, 0x31, 0x99, 0x31, 0x99, 0x31
.byte 0x99, 0x31, 0x99, 0x31, 0x99, 0x31, 0x99, 0x31, 0x99, 0x31, 0x99, 0x31, 0x99, 0x31, 0x99, 0x31
.byte 0x99, 0x31, 0x99, 0x31, 0x99, 0x31, 0x99, 0x31, 0x99, 0x31, 0x99, 0x31, 0x99, 0x31, 0x99, 0x31
.byte 0x99, 0x31, 0x99, 0x31, 0x99, 0x31, 0x99, 0x31, 0x99, 0x31, 0x99, 0x31, 0x99, 0x31, 0x99, 0x31
.byte 0x99, 0x31, 0x99, 0x31, 0x99, 0x31, 0x99, 0x31, 0x99, 0x31, 0x99, 0x31, 0x99, 0x31, 0x99, 0x31
.byte 0x99, 0x31, 0x99, 0x31, 0x99, 0x31, 0x99, 0x31, 0x99, 0x31, 0x99, 0x31, 0x99, 0x31, 0x99, 0x31
.byte 0x99, 0x31, 0x99, 0x31, 0x99, 0x31, 0x99, 0x31, 0x99, 0x31, 0x99, 0x31, 0x99, 0x31, 0x99, 0x31
.byte 0x99, 0x31, 0x99, 0x31, 0x99, 0x31, 0x99, 0x31, 0x99, 0x31, 0x99, 0x31, 0x99, 0x31, 0x99, 0x31
.byte 0x99, 0x31, 0x99, 0x31, 0x99, 0x31, 0x99, 0x31, 0x99, 0x31, 0xb3, 0x31, 0x08, 0x42, 0x08, 0x42
.byte 0x08, 0x42, 0x08, 0x42, 0x69, 0x4a, 0xcb, 0x5a, 0xf0, 0x7b, 0x35, 0xa5, 0x38, 0xc6, 0x3c, 0xe7
.byte 0xdf, 0xff, 0x00, 0x00, 0x00, 0x00, 0x00, 0x00, 0x00, 0x00, 0x00, 0x00, 0x00, 0x00, 0x00, 0x00
.byte 0x00, 0x00, 0x00, 0x00, 0x00, 0x00, 0x00, 0x00, 0x00, 0x00, 0x00, 0x00, 0x00, 0x00, 0x00, 0x00
.byte 0x00, 0x00, 0x00, 0x00, 0x00, 0x00, 0x00, 0x00, 0xdf, 0xff, 0x99, 0x52, 0x99, 0x31, 0x99, 0x31
.byte 0x99, 0x31, 0x99, 0x31, 0x99, 0x31, 0x99, 0x31, 0x99, 0x31, 0x99, 0x31, 0x99, 0x31, 0x99, 0x31
.byte 0x99, 0x31, 0x99, 0x31, 0x99, 0x31, 0x99, 0x31, 0x99, 0x31, 0x99, 0x31, 0xd8, 0x39, 0x69, 0x4a
.byte 0x6d, 0x6b, 0x35, 0xa5, 0xdb, 0xde, 0x9e, 0xf7, 0x00, 0x00, 0x00, 0x00, 0x00, 0x00, 0x00, 0x00
.byte 0x00, 0x00, 0x00, 0x00, 0x00, 0x00, 0x00, 0x00, 0x00, 0x00, 0x00, 0x00, 0x00, 0x00, 0x00, 0x00
.byte 0x9c, 0x94, 0x99, 0x31, 0x99, 0x31, 0x99, 0x31, 0x99, 0x31, 0x99, 0x31, 0x99, 0x31, 0x99, 0x31
.byte 0x99, 0x31, 0x99, 0x31, 0x99, 0x31, 0x99, 0x31, 0x99, 0x31, 0x99, 0x31, 0x99, 0x31, 0x99, 0x31
.byte 0x99, 0x31, 0x99, 0x31, 0x99, 0x31, 0x99, 0x31, 0x99, 0x31, 0x99, 0x31, 0xd8, 0x39, 0xb6, 0xb5
.byte 0x3c, 0xe7, 0xdf, 0xff, 0x00, 0x00, 0x00, 0x00, 0x00, 0x00, 0x00, 0x00, 0x00, 0x00, 0x00, 0x00
.byte 0x00, 0x00, 0x00, 0x00, 0x00, 0x00, 0x00, 0x00, 0x00, 0x00, 0x00, 0x00, 0x00, 0x00, 0x00, 0x00
.byte 0x00, 0x00, 0x00, 0x00, 0x00, 0x00, 0x00, 0x00, 0x00, 0x00, 0x00, 0x00, 0x00, 0x00, 0x00, 0x00
.byte 0x00, 0x00, 0x00, 0x00, 0x00, 0x00, 0x00, 0x00, 0x00, 0x00, 0x00, 0x00, 0x00, 0x00, 0x00, 0x00
.byte 0x00, 0x00, 0x00, 0x00, 0x00, 0x00, 0x00, 0x00, 0x00, 0x00, 0x00, 0x00, 0x00, 0x00, 0x00, 0x00
.byte 0x00, 0x00, 0x00, 0x00, 0x00, 0x00, 0x00, 0x00, 0x00, 0x00, 0x00, 0x00, 0x00, 0x00, 0x00, 0x00
.byte 0x00, 0x00, 0x00, 0x00, 0x00, 0x00, 0x00, 0x00, 0x00, 0x00, 0x00, 0x00, 0x00, 0x00, 0x00, 0x00
.byte 0x00, 0x00, 0x00, 0x00, 0x00, 0x00, 0x00, 0x00, 0x00, 0x00, 0x00, 0x00, 0x00, 0x00, 0x00, 0x00
.byte 0x00, 0x00, 0x00, 0x00, 0x00, 0x00, 0x00, 0x00, 0x00, 0x00, 0x00, 0x00, 0x00, 0x00, 0x00, 0x00
.byte 0x00, 0x00, 0x00, 0x00, 0x00, 0x00, 0x00, 0x00, 0x00, 0x00, 0x00, 0x00, 0x00, 0x00, 0x00, 0x00
.byte 0x00, 0x00, 0x00, 0x00, 0x00, 0x00, 0xdf, 0xff, 0xdb, 0xde, 0xd8, 0x39, 0x99, 0x31, 0x99, 0x31
.byte 0x99, 0x31, 0x99, 0x31, 0x99, 0x31, 0x99, 0x31, 0x99, 0x31, 0x99, 0x31, 0x99, 0x31, 0x99, 0x31
.byte 0x99, 0x31, 0x99, 0x31, 0x99, 0x31, 0x99, 0x31, 0x99, 0x31, 0x99, 0x31, 0x99, 0x31, 0x99, 0x31
.byte 0x99, 0x31, 0x99, 0x31, 0x99, 0x31, 0x99, 0x31, 0x99, 0x31, 0x99, 0x31, 0x99, 0x31, 0x99, 0x31
.byte 0x99, 0x31, 0x99, 0x31, 0x99, 0x31, 0x99, 0x31, 0x99, 0x31, 0x99, 0x31, 0x99, 0x31, 0x99, 0x31
.byte 0x99, 0x31, 0x99, 0x31, 0x99, 0x31, 0x99, 0x31, 0x99, 0x31, 0x99, 0x31, 0x99, 0x31, 0x99, 0x31
.byte 0x99, 0x31, 0x99, 0x31, 0x99, 0x31, 0x99, 0x31, 0x99, 0x31, 0x99, 0x31, 0x99, 0x31, 0x99, 0x31
.byte 0x99, 0x31, 0x99, 0x31, 0x99, 0x31, 0x99, 0x31, 0x99, 0x31, 0x99, 0x31, 0x99, 0x31, 0x99, 0x31
.byte 0x99, 0x31, 0x99, 0x31, 0x99, 0x31, 0x99, 0x31, 0xb3, 0x31, 0x08, 0x42, 0x08, 0x42, 0x08, 0x42
.byte 0x08, 0x42, 0x69, 0x4a, 0xcb, 0x5a, 0xf0, 0x7b, 0x35, 0xa5, 0x38, 0xc6, 0x3c, 0xe7, 0xdf, 0xff
.byte 0x00, 0x00, 0x00, 0x00, 0x00, 0x00, 0x00, 0x00, 0x00, 0x00, 0x00, 0x00, 0x00, 0x00, 0x00, 0x00
.byte 0x00, 0x00, 0x00, 0x00, 0x00, 0x00, 0x00, 0x00, 0x00, 0x00, 0x00, 0x00, 0x00, 0x00, 0x00, 0x00
.byte 0x00, 0x00, 0x00, 0x00, 0x00, 0x00, 0x00, 0x00, 0xdf, 0xff, 0x5a, 0x6b, 0x99, 0x31, 0x99, 0x31
.byte 0x99, 0x31, 0x99, 0x31, 0x99, 0x31, 0x99, 0x31, 0x99, 0x31, 0x99, 0x31, 0x99, 0x31, 0x99, 0x31
.byte 0x99, 0x31, 0x99, 0x31, 0x99, 0x31, 0x99, 0x31, 0x99, 0x31, 0x99, 0x31, 0x99, 0x31, 0x08, 0x42
.byte 0x6d, 0x6b, 0xd3, 0x9c, 0xdb, 0xde, 0x9e, 0xf7, 0x00, 0x00, 0x00, 0x00, 0x00, 0x00, 0x00, 0x00
.byte 0x00, 0x00, 0x00, 0x00, 0x00, 0x00, 0x00, 0x00, 0x00, 0x00, 0x00, 0x00, 0x00, 0x00, 0x00, 0x00
.byte 0x9c, 0xb5, 0x99, 0x31, 0x99, 0x31, 0x99, 0x31, 0x99, 0x31, 0x99, 0x31, 0x99, 0x31, 0x99, 0x31
.byte 0x99, 0x31, 0x99, 0x31, 0x99, 0x31, 0x99, 0x31, 0x99, 0x31, 0x99, 0x31, 0x99, 0x31, 0x99, 0x31
.byte 0x99, 0x31, 0x99, 0x31, 0x99, 0x31, 0x99, 0x31, 0x99, 0x31, 0x99, 0x31, 0x99, 0x31, 0xf4, 0x5a
.byte 0x38, 0xc6, 0x3c, 0xe7, 0xdf, 0xff, 0x00, 0x00, 0x00, 0x00, 0x00, 0x00, 0x00, 0x00, 0x00, 0x00
.byte 0x00, 0x00, 0x00, 0x00, 0x00, 0x00, 0x00, 0x00, 0x00, 0x00, 0x00, 0x00, 0x00, 0x00, 0x00, 0x00
.byte 0x00, 0x00, 0x00, 0x00, 0x00, 0x00, 0x00, 0x00, 0x00, 0x00, 0x00, 0x00, 0x00, 0x00, 0x00, 0x00
.byte 0x00, 0x00, 0x00, 0x00, 0x00, 0x00, 0x00, 0x00, 0x00, 0x00, 0x00, 0x00, 0x00, 0x00, 0x00, 0x00
.byte 0x00, 0x00, 0x00, 0x00, 0x00, 0x00, 0x00, 0x00, 0x00, 0x00, 0x00, 0x00, 0x00, 0x00, 0x00, 0x00
.byte 0x00, 0x00, 0x00, 0x00, 0x00, 0x00, 0x00, 0x00, 0x00, 0x00, 0x00, 0x00, 0x00, 0x00, 0x00, 0x00
.byte 0x00, 0x00, 0x00, 0x00, 0x00, 0x00, 0x00, 0x00, 0x00, 0x00, 0x00, 0x00, 0x00, 0x00, 0x00, 0x00
.byte 0x00, 0x00, 0x00, 0x00, 0x00, 0x00, 0x00, 0x00, 0x00, 0x00, 0x00, 0x00, 0x00, 0x00, 0x00, 0x00
.byte 0x00, 0x00, 0x00, 0x00, 0x00, 0x00, 0x00, 0x00, 0x00, 0x00, 0x00, 0x00, 0x00, 0x00, 0x00, 0x00
.byte 0x00, 0x00, 0x00, 0x00, 0x00, 0x00, 0x00, 0x00, 0x00, 0x00, 0x00, 0x00, 0x00, 0x00, 0x00, 0x00
.byte 0x00, 0x00, 0x00, 0x00, 0x00, 0x00, 0x00, 0x00, 0x9e, 0xf7, 0x5a, 0x6b, 0x99, 0x31, 0x99, 0x31
.byte 0x99, 0x31, 0x99, 0x31, 0x99, 0x31, 0x99, 0x31, 0x99, 0x31, 0x99, 0x31, 0x99, 0x31, 0x99, 0x31
.byte 0x99, 0x31, 0x99, 0x31, 0x99, 0x31, 0x99, 0x31, 0x99, 0x31, 0x99, 0x31, 0x99, 0x31, 0x99, 0x31
.byte 0x99, 0x31, 0x99, 0x31, 0x99, 0x31, 0x99, 0x31, 0x99, 0x31, 0x99, 0x31, 0x99, 0x31, 0x99, 0x31
.byte 0x99, 0x31, 0x99, 0x31, 0x99, 0x31, 0x99, 0x31, 0x99, 0x31, 0x99, 0x31, 0x99, 0x31, 0x99, 0x31
.byte 0x99, 0x31, 0x99, 0x31, 0x99, 0x31, 0x99, 0x31, 0x99, 0x31, 0x99, 0x31, 0x99, 0x31, 0x99, 0x31
.byte 0x99, 0x31, 0x99, 0x31, 0x99, 0x31, 0x99, 0x31, 0x99, 0x31, 0x99, 0x31, 0x99, 0x31, 0x99, 0x31
.byte 0x99, 0x31, 0x99, 0x31, 0x99, 0x31, 0x99, 0x31, 0x99, 0x31, 0x99, 0x31, 0x99, 0x31, 0x99, 0x31
.byte 0x99, 0x31, 0x99, 0x31, 0x99, 0x31, 0xb3, 0x31, 0x08, 0x42, 0x08, 0x42, 0x08, 0x42, 0x08, 0x42
.byte 0x69, 0x4a, 0x6d, 0x6b, 0x71, 0x8c, 0xb6, 0xb5, 0xdb, 0xde, 0x9e, 0xf7, 0xdf, 0xff, 0x00, 0x00
.byte 0x00, 0x00, 0x00, 0x00, 0x00, 0x00, 0x00, 0x00, 0x00, 0x00, 0x00, 0x00, 0x00, 0x00, 0x00, 0x00
.byte 0x00, 0x00, 0x00, 0x00, 0x00, 0x00, 0x00, 0x00, 0x00, 0x00, 0x00, 0x00, 0x00, 0x00, 0x00, 0x00
.byte 0x00, 0x00, 0x00, 0x00, 0x00, 0x00, 0x00, 0x00, 0x00, 0x00, 0x5a, 0x6b, 0x99, 0x31, 0x99, 0x31
.byte 0x99, 0x31, 0x99, 0x31, 0x99, 0x31, 0x99, 0x31, 0x99, 0x31, 0x99, 0x31, 0x99, 0x31, 0x99, 0x31
.byte 0x99, 0x31, 0x99, 0x31, 0x99, 0x31, 0x99, 0x31, 0x99, 0x31, 0x99, 0x31, 0x99, 0x31, 0x69, 0x4a
.byte 0xcb, 0x5a, 0x71, 0x8c, 0x38, 0xc6, 0x9e, 0xf7, 0x00, 0x00, 0x00, 0x00, 0x00, 0x00, 0x00, 0x00
.byte 0x00, 0x00, 0x00, 0x00, 0x00, 0x00, 0x00, 0x00, 0x00, 0x00, 0x00, 0x00, 0x00, 0x00, 0x00, 0x00
.byte 0x1d, 0xc6, 0x99, 0x31, 0x99, 0x31, 0x99, 0x31, 0x99, 0x31, 0x99, 0x31, 0x99, 0x31, 0x99, 0x31
.byte 0x99, 0x31, 0x99, 0x31, 0x99, 0x31, 0x99, 0x31, 0x99, 0x31, 0x99, 0x31, 0x99, 0x31, 0x99, 0x31
.byte 0x99, 0x31, 0x99, 0x31, 0x99, 0x31, 0x99, 0x31, 0x99, 0x31, 0x99, 0x31, 0x99, 0x31, 0x99, 0x31
.byte 0x5a, 0x6b, 0xdb, 0xde, 0x9e, 0xf7, 0xdf, 0xff, 0x00, 0x00, 0x00, 0x00, 0x00, 0x00, 0x00, 0x00
.byte 0x00, 0x00, 0x00, 0x00, 0x00, 0x00, 0x00, 0x00, 0x00, 0x00, 0x00, 0x00, 0x00, 0x00, 0x00, 0x00
.byte 0x00, 0x00, 0x00, 0x00, 0x00, 0x00, 0x00, 0x00, 0x00, 0x00, 0x00, 0x00, 0x00, 0x00, 0x00, 0x00
.byte 0x00, 0x00, 0x00, 0x00, 0x00, 0x00, 0x00, 0x00, 0x00, 0x00, 0x00, 0x00, 0x00, 0x00, 0x00, 0x00
.byte 0x00, 0x00, 0x00, 0x00, 0x00, 0x00, 0x00, 0x00, 0x00, 0x00, 0x00, 0x00, 0x00, 0x00, 0x00, 0x00
.byte 0x00, 0x00, 0x00, 0x00, 0x00, 0x00, 0x00, 0x00, 0x00, 0x00, 0x00, 0x00, 0x00, 0x00, 0x00, 0x00
.byte 0x00, 0x00, 0x00, 0x00, 0x00, 0x00, 0x00, 0x00, 0x00, 0x00, 0x00, 0x00, 0x00, 0x00, 0x00, 0x00
.byte 0x00, 0x00, 0x00, 0x00, 0x00, 0x00, 0x00, 0x00, 0x00, 0x00, 0x00, 0x00, 0x00, 0x00, 0x00, 0x00
.byte 0x00, 0x00, 0x00, 0x00, 0x00, 0x00, 0x00, 0x00, 0x00, 0x00, 0x00, 0x00, 0x00, 0x00, 0x00, 0x00
.byte 0x00, 0x00, 0x00, 0x00, 0x00, 0x00, 0x00, 0x00, 0x00, 0x00, 0x00, 0x00, 0x00, 0x00, 0x00, 0x00
.byte 0x00, 0x00, 0x00, 0x00, 0x00, 0x00, 0x00, 0x00, 0xdf, 0xff, 0x9c, 0x94, 0x99, 0x31, 0x99, 0x31
.byte 0x99, 0x31, 0x99, 0x31, 0x99, 0x31, 0x99, 0x31, 0x99, 0x31, 0x99, 0x31, 0x99, 0x31, 0x99, 0x31
.byte 0x99, 0x31, 0x99, 0x31, 0x99, 0x31, 0x99, 0x31, 0x99, 0x31, 0x99, 0x31, 0x99, 0x31, 0x99, 0x31
.byte 0x99, 0x31, 0x99, 0x31, 0x99, 0x31, 0x99, 0x31, 0x99, 0x31, 0x99, 0x31, 0x99, 0x31, 0x99, 0x31
.byte 0x99, 0x31, 0x99, 0x31, 0x99, 0x31, 0x99, 0x31, 0x99, 0x31, 0x99, 0x31, 0x99, 0x31, 0x99, 0x31
.byte 0x99, 0x31, 0x99, 0x31, 0x99, 0x31, 0x99, 0x31, 0x99, 0x31, 0x99, 0x31, 0x99, 0x31, 0x99, 0x31
.byte 0x99, 0x31, 0x99, 0x31, 0x99, 0x31, 0x99, 0x31, 0x99, 0x31, 0x99, 0x31, 0x99, 0x31, 0x99, 0x31
.byte 0x99, 0x31, 0x99, 0x31, 0x99, 0x31, 0x99, 0x31, 0x99, 0x31, 0x99, 0x31, 0x99, 0x31, 0x99, 0x31
.byte 0x99, 0x31, 0x99, 0x31, 0xcd, 0x39, 0x08, 0x42, 0x08, 0x42, 0x08, 0x42, 0x08, 0x42, 0x69, 0x4a
.byte 0x6d, 0x6b, 0x71, 0x8c, 0xb6, 0xb5, 0xdb, 0xde, 0x9e, 0xf7, 0xdf, 0xff, 0x00, 0x00, 0x00, 0x00
.byte 0x00, 0x00, 0x00, 0x00, 0x00, 0x00, 0x00, 0x00, 0x00, 0x00, 0x00, 0x00, 0x00, 0x00, 0x00, 0x00
.byte 0x00, 0x00, 0x00, 0x00, 0x00, 0x00, 0x00, 0x00, 0x00, 0x00, 0x00, 0x00, 0x00, 0x00, 0x00, 0x00
.byte 0x00, 0x00, 0x00, 0x00, 0x00, 0x00, 0x00, 0x00, 0x00, 0x00, 0x5a, 0x6b, 0x99, 0x31, 0x99, 0x31
.byte 0x99, 0x31, 0x99, 0x31, 0x99, 0x31, 0x99, 0x31, 0x99, 0x31, 0x99, 0x31, 0x99, 0x31, 0x99, 0x31
.byte 0x99, 0x31, 0x99, 0x31, 0x99, 0x31, 0x99, 0x31, 0x99, 0x31, 0x99, 0x31, 0x99, 0x31, 0x08, 0x42
.byte 0xcb, 0x5a, 0x71, 0x8c, 0x38, 0xc6, 0x9e, 0xf7, 0x00, 0x00, 0x00, 0x00, 0x00, 0x00, 0x00, 0x00
.byte 0x00, 0x00, 0x00, 0x00, 0x00, 0x00, 0x00, 0x00, 0x00, 0x00, 0x00, 0x00, 0x00, 0x00, 0x00, 0x00
.byte 0x9e, 0xd6, 0xd8, 0x39, 0x99, 0x31, 0x99, 0x31, 0x99, 0x31, 0x99, 0x31, 0x99, 0x31, 0x99, 0x31
.byte 0x99, 0x31, 0x99, 0x31, 0x99, 0x31, 0x99, 0x31, 0x99, 0x31, 0x99, 0x31, 0x99, 0x31, 0x99, 0x31
.byte 0x99, 0x31, 0x99, 0x31, 0x99, 0x31, 0x99, 0x31, 0x99, 0x31, 0x99, 0x31, 0x99, 0x31, 0x99, 0x31
.byte 0x99, 0x31, 0xfb, 0x7b, 0xdb, 0xde, 0x9e, 0xf7, 0x00, 0x00, 0x00, 0x00, 0x00, 0x00, 0x00, 0x00
.byte 0x00, 0x00, 0x00, 0x00, 0x00, 0x00, 0x00, 0x00, 0x00, 0x00, 0x00, 0x00, 0x00, 0x00, 0x00, 0x00
.byte 0x00, 0x00, 0x00, 0x00, 0x00, 0x00, 0x00, 0x00, 0x00, 0x00, 0x00, 0x00, 0x00, 0x00, 0x00, 0x00
.byte 0x00, 0x00, 0x00, 0x00, 0x00, 0x00, 0x00, 0x00, 0x00, 0x00, 0x00, 0x00, 0x00, 0x00, 0x00, 0x00
.byte 0x00, 0x00, 0x00, 0x00, 0x00, 0x00, 0x00, 0x00, 0x00, 0x00, 0x00, 0x00, 0x00, 0x00, 0x00, 0x00
.byte 0x00, 0x00, 0x00, 0x00, 0x00, 0x00, 0x00, 0x00, 0x00, 0x00, 0x00, 0x00, 0x00, 0x00, 0x00, 0x00
.byte 0x00, 0x00, 0x00, 0x00, 0x00, 0x00, 0x00, 0x00, 0x00, 0x00, 0x00, 0x00, 0x00, 0x00, 0x00, 0x00
.byte 0x00, 0x00, 0x00, 0x00, 0x00, 0x00, 0x00, 0x00, 0x00, 0x00, 0x00, 0x00, 0x00, 0x00, 0x00, 0x00
.byte 0x00, 0x00, 0x00, 0x00, 0x00, 0x00, 0x00, 0x00, 0x00, 0x00, 0x00, 0x00, 0x00, 0x00, 0x00, 0x00
.byte 0x00, 0x00, 0x00, 0x00, 0x00, 0x00, 0x00, 0x00, 0x00, 0x00, 0x00, 0x00, 0x00, 0x00, 0x00, 0x00
.byte 0x00, 0x00, 0x00, 0x00, 0x00, 0x00, 0x00, 0x00, 0x00, 0x00, 0x1b, 0xa5, 0x99, 0x31, 0x99, 0x31
.byte 0x99, 0x31, 0x99, 0x31, 0x99, 0x31, 0x99, 0x31, 0x99, 0x31, 0x99, 0x31, 0x99, 0x31, 0x99, 0x31
.byte 0x99, 0x31, 0x99, 0x31, 0x99, 0x31, 0x99, 0x31, 0x99, 0x31, 0x99, 0x31, 0x99, 0x31, 0x99, 0x31
.byte 0x99, 0x31, 0x99, 0x31, 0x99, 0x31, 0x99, 0x31, 0x99, 0x31, 0x99, 0x31, 0x99, 0x31, 0x99, 0x31
.byte 0x99, 0x31, 0x99, 0x31, 0x99, 0x31, 0x99, 0x31, 0x99, 0x31, 0x99, 0x31, 0x99, 0x31, 0x99, 0x31
.byte 0x99, 0x31, 0x99, 0x31, 0x99, 0x31, 0x99, 0x31, 0x99, 0x31, 0x99, 0x31, 0x99, 0x31, 0x99, 0x31
.byte 0x99, 0x31, 0x99, 0x31, 0x99, 0x31, 0x99, 0x31, 0x99, 0x31, 0x99, 0x31, 0x99, 0x31, 0x99, 0x31
.byte 0x99, 0x31, 0x99, 0x31, 0x99, 0x31, 0x99, 0x31, 0x99, 0x31, 0x99, 0x31, 0x99, 0x31, 0x99, 0x31
.byte 0x99, 0x31, 0xcd, 0x39, 0x08, 0x42, 0x08, 0x42, 0x08, 0x42, 0x08, 0x42, 0xcb, 0x5a, 0x6d, 0x6b
.byte 0x71, 0x8c, 0xb6, 0xb5, 0xdb, 0xde, 0x9e, 0xf7, 0xdf, 0xff, 0x00, 0x00, 0x00, 0x00, 0x00, 0x00
.byte 0x00, 0x00, 0x00, 0x00, 0x00, 0x00, 0x00, 0x00, 0x00, 0x00, 0x00, 0x00, 0x00, 0x00, 0x00, 0x00
.byte 0x00, 0x00, 0x00, 0x00, 0x00, 0x00, 0x00, 0x00, 0x00, 0x00, 0x00, 0x00, 0x00, 0x00, 0x00, 0x00
.byte 0x00, 0x00, 0x00, 0x00, 0x00, 0x00, 0x00, 0x00, 0xdf, 0xff, 0x99, 0x52, 0x99, 0x31, 0x99, 0x31
.byte 0x99, 0x31, 0x99, 0x31, 0x99, 0x31, 0x99, 0x31, 0x99, 0x31, 0x99, 0x31, 0x99, 0x31, 0x99, 0x31
.byte 0x99, 0x31, 0x99, 0x31, 0x99, 0x31, 0x99, 0x31, 0x99, 0x31, 0x99, 0x31, 0x99, 0x31, 0x08, 0x42
.byte 0xcb, 0x5a, 0x71, 0x8c, 0x38, 0xc6, 0x3c, 0xe7, 0x00, 0x00, 0x00, 0x00, 0x00, 0x00, 0x00, 0x00
.byte 0x00, 0x00, 0x00, 0x00, 0x00, 0x00, 0x00, 0x00, 0x00, 0x00, 0x00, 0x00, 0x00, 0x00, 0x00, 0x00
.byte 0x1e, 0xe7, 0x99, 0x52, 0x99, 0x31, 0x99, 0x31, 0x99, 0x31, 0x99, 0x31, 0x99, 0x31, 0x99, 0x31
.byte 0x99, 0x31, 0x99, 0x31, 0x99, 0x31, 0x99, 0x31, 0x99, 0x31, 0x99, 0x31, 0x99, 0x31, 0x99, 0x31
.byte 0x99, 0x31, 0x99, 0x31, 0x99, 0x31, 0x99, 0x31, 0x99, 0x31, 0x99, 0x31, 0x99, 0x31, 0x99, 0x31
.byte 0x99, 0x31, 0xd8, 0x39, 0x78, 0x8c, 0x3c, 0xe7, 0xdf, 0xff, 0x00, 0x00, 0x00, 0x00, 0x00, 0x00
.byte 0x00, 0x00, 0x00, 0x00, 0x00, 0x00, 0x00, 0x00, 0x00, 0x00, 0x00, 0x00, 0x00, 0x00, 0x00, 0x00
.byte 0x00, 0x00, 0x00, 0x00, 0x00, 0x00, 0x00, 0x00, 0x00, 0x00, 0x00, 0x00, 0x00, 0x00, 0x00, 0x00
.byte 0x00, 0x00, 0x00, 0x00, 0x00, 0x00, 0x00, 0x00, 0x00, 0x00, 0x00, 0x00, 0x00, 0x00, 0x00, 0x00
.byte 0x00, 0x00, 0x00, 0x00, 0x00, 0x00, 0x00, 0x00, 0x00, 0x00, 0x00, 0x00, 0x00, 0x00, 0x00, 0x00
.byte 0x00, 0x00, 0x00, 0x00, 0x00, 0x00, 0x00, 0x00, 0x00, 0x00, 0x00, 0x00, 0x00, 0x00, 0x00, 0x00
.byte 0x00, 0x00, 0x00, 0x00, 0x00, 0x00, 0x00, 0x00, 0x00, 0x00, 0x00, 0x00, 0x00, 0x00, 0x00, 0x00
.byte 0x00, 0x00, 0x00, 0x00, 0x00, 0x00, 0x00, 0x00, 0x00, 0x00, 0x00, 0x00, 0x00, 0x00, 0x00, 0x00
.byte 0x00, 0x00, 0x00, 0x00, 0x00, 0x00, 0x00, 0x00, 0x00, 0x00, 0x00, 0x00, 0x00, 0x00, 0x00, 0x00
.byte 0x00, 0x00, 0x00, 0x00, 0x00, 0x00, 0x00, 0x00, 0x00, 0x00, 0x00, 0x00, 0x00, 0x00, 0x00, 0x00
.byte 0x00, 0x00, 0x00, 0x00, 0x00, 0x00, 0x00, 0x00, 0x00, 0x00, 0x9c, 0x94, 0x99, 0x31, 0x99, 0x31
.byte 0x99, 0x31, 0x99, 0x31, 0x99, 0x31, 0x99, 0x31, 0x99, 0x31, 0x99, 0x31, 0x99, 0x31, 0x99, 0x31
.byte 0x99, 0x31, 0x99, 0x31, 0x99, 0x31, 0x99, 0x31, 0x99, 0x31, 0x99, 0x31, 0x99, 0x31, 0x99, 0x31
.byte 0x99, 0x31, 0x99, 0x31, 0x99, 0x31, 0x99, 0x31, 0x99, 0x31, 0x99, 0x31, 0x99, 0x31, 0x99, 0x31
.byte 0x99, 0x31, 0x99, 0x31, 0x99, 0x31, 0x99, 0x31, 0x99, 0x31, 0x99, 0x31, 0x99, 0x31, 0x99, 0x31
.byte 0x99, 0x31, 0x99, 0x31, 0x99, 0x31, 0x99, 0x31, 0x99, 0x31, 0x99, 0x31, 0x99, 0x31, 0x99, 0x31
.byte 0x99, 0x31, 0x99, 0x31, 0x99, 0x31, 0x99, 0x31, 0x99, 0x31, 0x99, 0x31, 0x99, 0x31, 0x99, 0x31
.byte 0x99, 0x31, 0x99, 0x31, 0x99, 0x31, 0x99, 0x31, 0x99, 0x31, 0x99, 0x31, 0x99, 0x31, 0xd8, 0x39
.byte 0xcd, 0x39, 0x08, 0x42, 0x08, 0x42, 0x08, 0x42, 0x69, 0x4a, 0xcb, 0x5a, 0x6d, 0x6b, 0xd3, 0x9c
.byte 0x38, 0xc6, 0xdb, 0xde, 0x9e, 0xf7, 0xdf, 0xff, 0x00, 0x00, 0x00, 0x00, 0x00, 0x00, 0x00, 0x00
.byte 0x00, 0x00, 0x00, 0x00, 0x00, 0x00, 0x00, 0x00, 0x00, 0x00, 0x00, 0x00, 0x00, 0x00, 0x00, 0x00
.byte 0x00, 0x00, 0x00, 0x00, 0x00, 0x00, 0x00, 0x00, 0x00, 0x00, 0x00, 0x00, 0x00, 0x00, 0x00, 0x00
.byte 0x00, 0x00, 0x00, 0x00, 0x00, 0x00, 0x00, 0x00, 0x1e, 0xe7, 0xd8, 0x39, 0x99, 0x31, 0x99, 0x31
.byte 0x99, 0x31, 0x99, 0x31, 0x99, 0x31, 0x99, 0x31, 0x99, 0x31, 0x99, 0x31, 0x99, 0x31, 0x99, 0x31
.byte 0x99, 0x31, 0x99, 0x31, 0x99, 0x31, 0x99, 0x31, 0x99, 0x31, 0x99, 0x31, 0x99, 0x31, 0x08, 0x42
.byte 0xcb, 0x5a, 0xf0, 0x7b, 0x38, 0xc6, 0x3c, 0xe7, 0x00, 0x00, 0x00, 0x00, 0x00, 0x00, 0x00, 0x00
.byte 0x00, 0x00, 0x00, 0x00, 0x00, 0x00, 0x00, 0x00, 0x00, 0x00, 0x00, 0x00, 0x00, 0x00, 0x00, 0x00
.byte 0x9f, 0xf7, 0x99, 0x52, 0x99, 0x31, 0x99, 0x31, 0x99, 0x31, 0x99, 0x31, 0x99, 0x31, 0x99, 0x31
.byte 0x99, 0x31, 0x99, 0x31, 0x99, 0x31, 0x99, 0x31, 0x99, 0x31, 0x99, 0x31, 0x99, 0x31, 0x99, 0x31
.byte 0x99, 0x31, 0x99, 0x31, 0x99, 0x31, 0x99, 0x31, 0x99, 0x31, 0x99, 0x31, 0x99, 0x31, 0x99, 0x31
.byte 0x99, 0x31, 0x99, 0x31, 0x99, 0x31, 0x1b, 0xa5, 0x3c, 0xe7, 0xdf, 0xff, 0x00, 0x00, 0x00, 0x00
.byte 0x00, 0x00, 0x00, 0x00, 0x00, 0x00, 0x00, 0x00, 0x00, 0x00, 0x00, 0x00, 0x00, 0x00, 0x00, 0x00
.byte 0x00, 0x00, 0x00, 0x00, 0x00, 0x00, 0x00, 0x00, 0x00, 0x00, 0x00, 0x00, 0x00, 0x00, 0x00, 0x00
.byte 0x00, 0x00, 0x00, 0x00, 0x00, 0x00, 0x00, 0x00, 0x00, 0x00, 0x00, 0x00, 0x00, 0x00, 0x00, 0x00
.byte 0x00, 0x00, 0x00, 0x00, 0x00, 0x00, 0x00, 0x00, 0x00, 0x00, 0x00, 0x00, 0x00, 0x00, 0x00, 0x00
.byte 0x00, 0x00, 0x00, 0x00, 0x00, 0x00, 0x00, 0x00, 0x00, 0x00, 0x00, 0x00, 0x00, 0x00, 0x00, 0x00
.byte 0x00, 0x00, 0x00, 0x00, 0x00, 0x00, 0x00, 0x00, 0x00, 0x00, 0x00, 0x00, 0x00, 0x00, 0x00, 0x00
.byte 0x00, 0x00, 0x00, 0x00, 0x00, 0x00, 0x00, 0x00, 0x00, 0x00, 0x00, 0x00, 0x00, 0x00, 0x00, 0x00
.byte 0x00, 0x00, 0x00, 0x00, 0x00, 0x00, 0x00, 0x00, 0x00, 0x00, 0x00, 0x00, 0x00, 0x00, 0x00, 0x00
.byte 0x00, 0x00, 0x00, 0x00, 0x00, 0x00, 0x00, 0x00, 0x00, 0x00, 0x00, 0x00, 0x00, 0x00, 0x00, 0x00
.byte 0x00, 0x00, 0x00, 0x00, 0x00, 0x00, 0x00, 0x00, 0x00, 0x00, 0x5a, 0x6b, 0x99, 0x31, 0x99, 0x31
.byte 0x99, 0x31, 0x99, 0x31, 0x99, 0x31, 0x99, 0x31, 0x99, 0x31, 0x99, 0x31, 0x99, 0x31, 0x99, 0x31
.byte 0x99, 0x31, 0x99, 0x31, 0x99, 0x31, 0x99, 0x31, 0x99, 0x31, 0x99, 0x31, 0x99, 0x31, 0x99, 0x31
.byte 0x99, 0x31, 0x99, 0x31, 0x99, 0x31, 0x99, 0x31, 0x99, 0x31, 0x99, 0x31, 0x99, 0x31, 0x99, 0x31
.byte 0x99, 0x31, 0x99, 0x31, 0x99, 0x31, 0x99, 0x31, 0x99, 0x31, 0x99, 0x31, 0x99, 0x31, 0x99, 0x31
.byte 0x99, 0x31, 0x99, 0x31, 0x99, 0x31, 0x99, 0x31, 0x99, 0x31, 0x99, 0x31, 0x99, 0x31, 0x99, 0x31
.byte 0x99, 0x31, 0x99, 0x31, 0x99, 0x31, 0x99, 0x31, 0x99, 0x31, 0x99, 0x31, 0x99, 0x31, 0x99, 0x31
.byte 0x99, 0x31, 0x99, 0x31, 0x99, 0x31, 0x99, 0x31, 0x99, 0x31, 0x99, 0x31, 0xb3, 0x31, 0x08, 0x42
.byte 0x08, 0x42, 0x08, 0x42, 0x08, 0x42, 0x69, 0x4a, 0xcb, 0x5a, 0x6d, 0x6b, 0xd3, 0x9c, 0x38, 0xc6
.byte 0x3c, 0xe7, 0x9e, 0xf7, 0xdf, 0xff, 0x00, 0x00, 0x00, 0x00, 0x00, 0x00, 0x00, 0x00, 0x00, 0x00
.byte 0x00, 0x00, 0x00, 0x00, 0x00, 0x00, 0x00, 0x00, 0x00, 0x00, 0x00, 0x00, 0x00, 0x00, 0x00, 0x00
.byte 0x00, 0x00, 0x00, 0x00, 0x00, 0x00, 0x00, 0x00, 0x00, 0x00, 0x00, 0x00, 0x00, 0x00, 0x00, 0x00
.byte 0x00, 0x00, 0x00, 0x00, 0x00, 0x00, 0x00, 0x00, 0x9c, 0xb5, 0x99, 0x31, 0x99, 0x31, 0x99, 0x31
.byte 0x99, 0x31, 0x99, 0x31, 0x99, 0x31, 0x99, 0x31, 0x99, 0x31, 0x99, 0x31, 0x99, 0x31, 0x99, 0x31
.byte 0x99, 0x31, 0x99, 0x31, 0x99, 0x31, 0x99, 0x31, 0x99, 0x31, 0x99, 0x31, 0x99, 0x31, 0x08, 0x42
.byte 0xcb, 0x5a, 0xf0, 0x7b, 0x38, 0xc6, 0x3c, 0xe7, 0x00, 0x00, 0x00, 0x00, 0x00, 0x00, 0x00, 0x00
.byte 0x00, 0x00, 0x00, 0x00, 0x00, 0x00, 0x00, 0x00, 0x00, 0x00, 0x00, 0x00, 0x00, 0x00, 0x00, 0x00
.byte 0xdf, 0xff, 0x5a, 0x6b, 0x99, 0x31, 0x99, 0x31, 0x99, 0x31, 0x99, 0x31, 0x99, 0x31, 0x99, 0x31
.byte 0x99, 0x31, 0x99, 0x31, 0x99, 0x31, 0x99, 0x31, 0x99, 0x31, 0x99, 0x31, 0x99, 0x31, 0x99, 0x31
.byte 0x99, 0x31, 0x99, 0x31, 0x99, 0x31, 0x99, 0x31, 0x99, 0x31, 0x99, 0x31, 0x99, 0x31, 0x99, 0x31
.byte 0x99, 0x31, 0x99, 0x31, 0x99, 0x31, 0xd8, 0x39, 0x1b, 0xa5, 0x3c, 0xe7, 0xdf, 0xff, 0x00, 0x00
.byte 0x00, 0x00, 0x00, 0x00, 0x00, 0x00, 0x00, 0x00, 0x00, 0x00, 0x00, 0x00, 0x00, 0x00, 0x00, 0x00
.byte 0x00, 0x00, 0x00, 0x00, 0x00, 0x00, 0x00, 0x00, 0x00, 0x00, 0x00, 0x00, 0x00, 0x00, 0x00, 0x00
.byte 0x00, 0x00, 0x00, 0x00, 0x00, 0x00, 0x00, 0x00, 0x00, 0x00, 0x00, 0x00, 0x00, 0x00, 0x00, 0x00
.byte 0x00, 0x00, 0x00, 0x00, 0x00, 0x00, 0x00, 0x00, 0x00, 0x00, 0x00, 0x00, 0x00, 0x00, 0x00, 0x00
.byte 0x00, 0x00, 0x00, 0x00, 0x00, 0x00, 0x00, 0x00, 0x00, 0x00, 0x00, 0x00, 0x00, 0x00, 0x00, 0x00
.byte 0x00, 0x00, 0x00, 0x00, 0x00, 0x00, 0x00, 0x00, 0x00, 0x00, 0x00, 0x00, 0x00, 0x00, 0x00, 0x00
.byte 0x00, 0x00, 0x00, 0x00, 0x00, 0x00, 0x00, 0x00, 0x00, 0x00, 0x00, 0x00, 0x00, 0x00, 0x00, 0x00
.byte 0x00, 0x00, 0x00, 0x00, 0x00, 0x00, 0x00, 0x00, 0x00, 0x00, 0x00, 0x00, 0x00, 0x00, 0x00, 0x00
.byte 0x00, 0x00, 0x00, 0x00, 0x00, 0x00, 0x00, 0x00, 0x00, 0x00, 0x00, 0x00, 0x00, 0x00, 0x00, 0x00
.byte 0x00, 0x00, 0x00, 0x00, 0x00, 0x00, 0x00, 0x00, 0xdf, 0xff, 0x99, 0x52, 0x99, 0x31, 0x99, 0x31
.byte 0x99, 0x31, 0x99, 0x31, 0x99, 0x31, 0x99, 0x31, 0x99, 0x31, 0x99, 0x31, 0x99, 0x31, 0x99, 0x31
.byte 0x99, 0x31, 0x99, 0x31, 0x99, 0x31, 0x99, 0x31, 0x99, 0x31, 0x99, 0x31, 0x99, 0x31, 0x99, 0x31
.byte 0x99, 0x31, 0x99, 0x31, 0x99, 0x31, 0x99, 0x31, 0x99, 0x31, 0x99, 0x31, 0x99, 0x31, 0x99, 0x31
.byte 0x99, 0x31, 0x99, 0x31, 0x99, 0x31, 0x99, 0x31, 0x99, 0x31, 0x99, 0x31, 0x99, 0x31, 0x99, 0x31
.byte 0x99, 0x31, 0x99, 0x31, 0x99, 0x31, 0x99, 0x31, 0x99, 0x31, 0x99, 0x31, 0x99, 0x31, 0x99, 0x31
.byte 0x99, 0x31, 0x99, 0x31, 0x99, 0x31, 0x99, 0x31, 0x99, 0x31, 0x99, 0x31, 0x99, 0x31, 0x99, 0x31
.byte 0x99, 0x31, 0x99, 0x31, 0x99, 0x31, 0x99, 0x31, 0x99, 0x31, 0xb3, 0x31, 0x08, 0x42, 0x08, 0x42
.byte 0x08, 0x42, 0x08, 0x42, 0x69, 0x4a, 0xcb, 0x5a, 0xf0, 0x7b, 0x35, 0xa5, 0x38, 0xc6, 0x3c, 0xe7
.byte 0x9e, 0xf7, 0x00, 0x00, 0x00, 0x00, 0x00, 0x00, 0x00, 0x00, 0x00, 0x00, 0x00, 0x00, 0x00, 0x00
.byte 0x00, 0x00, 0x00, 0x00, 0x00, 0x00, 0x00, 0x00, 0x00, 0x00, 0x00, 0x00, 0x00, 0x00, 0x00, 0x00
.byte 0x00, 0x00, 0x00, 0x00, 0x00, 0x00, 0x00, 0x00, 0x00, 0x00, 0x00, 0x00, 0x00, 0x00, 0x00, 0x00
.byte 0x00, 0x00, 0x00, 0x00, 0x00, 0x00, 0x00, 0x00, 0xfb, 0x7b, 0x99, 0x31, 0x99, 0x31, 0x99, 0x31
.byte 0x99, 0x31, 0x99, 0x31, 0x99, 0x31, 0x99, 0x31, 0x99, 0x31, 0x99, 0x31, 0x99, 0x31, 0x99, 0x31
.byte 0x99, 0x31, 0x99, 0x31, 0x99, 0x31, 0x99, 0x31, 0x99, 0x31, 0x99, 0x31, 0x99, 0x31, 0x08, 0x42
.byte 0xcb, 0x5a, 0xf0, 0x7b, 0x38, 0xc6, 0x3c, 0xe7, 0x00, 0x00, 0x00, 0x00, 0x00, 0x00, 0x00, 0x00
.byte 0x00, 0x00, 0x00, 0x00, 0x00, 0x00, 0x00, 0x00, 0x00, 0x00, 0x00, 0x00, 0x00, 0x00, 0x00, 0x00
.byte 0x00, 0x00, 0x5a, 0x6b, 0x99, 0x31, 0x99, 0x31, 0x99, 0x31, 0x99, 0x31, 0x99, 0x31, 0x99, 0x31
.byte 0x99, 0x31, 0x99, 0x31, 0x99, 0x31, 0x99, 0x31, 0x99, 0x31, 0x99, 0x31, 0x99, 0x31, 0x99, 0x31
.byte 0x99, 0x31, 0x99, 0x31, 0x99, 0x31, 0x99, 0x31, 0x99, 0x31, 0x99, 0x31, 0x99, 0x31, 0x99, 0x31
.byte 0x99, 0x31, 0x99, 0x31, 0x99, 0x31, 0x99, 0x31, 0xd8, 0x39, 0x1b, 0xa5, 0x3c, 0xe7, 0xdf, 0xff
.byte 0x00, 0x00, 0x00, 0x00, 0x00, 0x00, 0x00, 0x00, 0x00, 0x00, 0x00, 0x00, 0x00, 0x00, 0x00, 0x00
.byte 0x00, 0x00, 0x00, 0x00, 0x00, 0x00, 0x00, 0x00, 0x00, 0x00, 0x00, 0x00, 0x00, 0x00, 0x00, 0x00
.byte 0x00, 0x00, 0x00, 0x00, 0x00, 0x00, 0x00, 0x00, 0x00, 0x00, 0x00, 0x00, 0x00, 0x00, 0x00, 0x00
.byte 0x00, 0x00, 0x00, 0x00, 0x00, 0x00, 0x00, 0x00, 0x00, 0x00, 0x00, 0x00, 0x00, 0x00, 0x00, 0x00
.byte 0x00, 0x00, 0x00, 0x00, 0x00, 0x00, 0x00, 0x00, 0x00, 0x00, 0x00, 0x00, 0x00, 0x00, 0x00, 0x00
.byte 0x00, 0x00, 0x00, 0x00, 0x00, 0x00, 0x00, 0x00, 0x00, 0x00, 0x00, 0x00, 0x00, 0x00, 0x00, 0x00
.byte 0x00, 0x00, 0x00, 0x00, 0x00, 0x00, 0x00, 0x00, 0x00, 0x00, 0x00, 0x00, 0x00, 0x00, 0x00, 0x00
.byte 0x00, 0x00, 0x00, 0x00, 0x00, 0x00, 0x00, 0x00, 0x00, 0x00, 0x00, 0x00, 0x00, 0x00, 0x00, 0x00
.byte 0x00, 0x00, 0x00, 0x00, 0x00, 0x00, 0x00, 0x00, 0x00, 0x00, 0x00, 0x00, 0x00, 0x00, 0x00, 0x00
.byte 0x00, 0x00, 0x00, 0x00, 0x00, 0x00, 0x00, 0x00, 0x1b, 0xa5, 0x99, 0x31, 0x99, 0x31, 0x99, 0x31
.byte 0x99, 0x31, 0x99, 0x31, 0x99, 0x31, 0x99, 0x31, 0x99, 0x31, 0x99, 0x31, 0x99, 0x31, 0x99, 0x31
.byte 0x99, 0x31, 0x99, 0x31, 0x99, 0x31, 0x99, 0x31, 0x99, 0x31, 0x99, 0x31, 0x99, 0x31, 0x99, 0x31
.byte 0x99, 0x31, 0x99, 0x31, 0x99, 0x31, 0x99, 0x31, 0x99, 0x31, 0x99, 0x31, 0x99, 0x31, 0x99, 0x31
.byte 0x99, 0x31, 0x99, 0x31, 0x99, 0x31, 0x99, 0x31, 0x99, 0x31, 0x99, 0x31, 0x99, 0x31, 0x99, 0x31
.byte 0x99, 0x31, 0x99, 0x31, 0x99, 0x31, 0x99, 0x31, 0x99, 0x31, 0x99, 0x31, 0x99, 0x31, 0x99, 0x31
.byte 0x99, 0x31, 0x99, 0x31, 0x99, 0x31, 0x99, 0x31, 0x99, 0x31, 0x99, 0x31, 0x99, 0x31, 0x99, 0x31
.byte 0x99, 0x31, 0x99, 0x31, 0x99, 0x31, 0x99, 0x31, 0xcd, 0x39, 0x08, 0x42, 0x08, 0x42, 0x08, 0x42
.byte 0x08, 0x42, 0x69, 0x4a, 0xcb, 0x5a, 0xf0, 0x7b, 0x35, 0xa5, 0x38, 0xc6, 0x3c, 0xe7, 0xdf, 0xff
.byte 0x00, 0x00, 0x00, 0x00, 0x00, 0x00, 0x00, 0x00, 0x00, 0x00, 0x00, 0x00, 0x00, 0x00, 0x00, 0x00
.byte 0x00, 0x00, 0x00, 0x00, 0x00, 0x00, 0x00, 0x00, 0x00, 0x00, 0x00, 0x00, 0x00, 0x00, 0x00, 0x00
.byte 0x00, 0x00, 0x00, 0x00, 0x00, 0x00, 0x00, 0x00, 0x00, 0x00, 0x00, 0x00, 0x00, 0x00, 0x00, 0x00
.byte 0x00, 0x00, 0x00, 0x00, 0x00, 0x00, 0x1e, 0xe7, 0x99, 0x31, 0x99, 0x31, 0x99, 0x31, 0x99, 0x31
.byte 0x99, 0x31, 0x99, 0x31, 0x99, 0x31, 0x99, 0x31, 0x99, 0x31, 0x99, 0x31, 0x99, 0x31, 0x99, 0x31
.byte 0x99, 0x31, 0x99, 0x31, 0x99, 0x31, 0x99, 0x31, 0x99, 0x31, 0x99, 0x31, 0x99, 0x31, 0x08, 0x42
.byte 0xcb, 0x5a, 0xf0, 0x7b, 0x38, 0xc6, 0x3c, 0xe7, 0x00, 0x00, 0x00, 0x00, 0x00, 0x00, 0x00, 0x00
.byte 0x00, 0x00, 0x00, 0x00, 0x00, 0x00, 0x00, 0x00, 0x00, 0x00, 0x00, 0x00, 0x00, 0x00, 0x00, 0x00
.byte 0x00, 0x00, 0x9c, 0x94, 0x99, 0x31, 0x99, 0x31, 0x99, 0x31, 0x99, 0x31, 0x99, 0x31, 0x99, 0x31
.byte 0x99, 0x31, 0x99, 0x31, 0x99, 0x31, 0x99, 0x31, 0x99, 0x31, 0x99, 0x31, 0x99, 0x31, 0x99, 0x31
.byte 0x99, 0x31, 0x99, 0x31, 0x99, 0x31, 0x99, 0x31, 0x99, 0x31, 0x99, 0x31, 0x99, 0x31, 0x99, 0x31
.byte 0x99, 0x31, 0x99, 0x31, 0x99, 0x31, 0x99, 0x31, 0x99, 0x31, 0xd8, 0x39, 0x1b, 0xa5, 0x9e, 0xf7
.byte 0xdf, 0xff, 0x00, 0x00, 0x00, 0x00, 0x00, 0x00, 0x00, 0x00, 0x00, 0x00, 0x00, 0x00, 0x00, 0x00
.byte 0x00, 0x00, 0x00, 0x00, 0x00, 0x00, 0x00, 0x00, 0x00, 0x00, 0x00, 0x00, 0x00, 0x00, 0x00, 0x00
.byte 0x00, 0x00, 0x00, 0x00, 0x00, 0x00, 0x00, 0x00, 0x00, 0x00, 0x00, 0x00, 0x00, 0x00, 0x00, 0x00
.byte 0x00, 0x00, 0x00, 0x00, 0x00, 0x00, 0x00, 0x00, 0x00, 0x00, 0x00, 0x00, 0x00, 0x00, 0x00, 0x00
.byte 0x00, 0x00, 0x00, 0x00, 0x00, 0x00, 0x00, 0x00, 0x00, 0x00, 0x00, 0x00, 0x00, 0x00, 0x00, 0x00
.byte 0x00, 0x00, 0x00, 0x00, 0x00, 0x00, 0x00, 0x00, 0x00, 0x00, 0x00, 0x00, 0x00, 0x00, 0x00, 0x00
.byte 0x00, 0x00, 0x00, 0x00, 0x00, 0x00, 0x00, 0x00, 0x00, 0x00, 0x00, 0x00, 0x00, 0x00, 0x00, 0x00
.byte 0x00, 0x00, 0x00, 0x00, 0x00, 0x00, 0x00, 0x00, 0x00, 0x00, 0x00, 0x00, 0x00, 0x00, 0x00, 0x00
.byte 0x00, 0x00, 0x00, 0x00, 0x00, 0x00, 0x00, 0x00, 0x00, 0x00, 0x00, 0x00, 0x00, 0x00, 0x00, 0x00
.byte 0x00, 0x00, 0x00, 0x00, 0x00, 0x00, 0xdf, 0xff, 0x99, 0x52, 0x99, 0x31, 0x99, 0x31, 0x99, 0x31
.byte 0x99, 0x31, 0x99, 0x31, 0x99, 0x31, 0x99, 0x31, 0x99, 0x31, 0x99, 0x31, 0x99, 0x31, 0x99, 0x31
.byte 0x99, 0x31, 0x99, 0x31, 0x99, 0x31, 0x99, 0x31, 0x99, 0x31, 0x99, 0x31, 0x99, 0x31, 0x99, 0x31
.byte 0x99, 0x31, 0x99, 0x31, 0x99, 0x31, 0x99, 0x31, 0x99, 0x31, 0x99, 0x31, 0x99, 0x31, 0x99, 0x31
.byte 0x99, 0x31, 0x99, 0x31, 0x99, 0x31, 0x99, 0x31, 0x99, 0x31, 0x99, 0x31, 0x99, 0x31, 0x99, 0x31
.byte 0x99, 0x31, 0x99, 0x31, 0x99, 0x31, 0x99, 0x31, 0x99, 0x31, 0x99, 0x31, 0x99, 0x31, 0x99, 0x31
.byte 0x99, 0x31, 0x99, 0x31, 0x99, 0x31, 0x99, 0x31, 0x99, 0x31, 0x99, 0x31, 0x99, 0x31, 0x99, 0x31
.byte 0x99, 0x31, 0x99, 0x31, 0xd8, 0x39, 0xcd, 0x39, 0x08, 0x42, 0x08, 0x42, 0x08, 0x42, 0x08, 0x42
.byte 0x69, 0x4a, 0x6d, 0x6b, 0x71, 0x8c, 0xb6, 0xb5, 0xdb, 0xde, 0x9e, 0xf7, 0xdf, 0xff, 0x00, 0x00
.byte 0x00, 0x00, 0x00, 0x00, 0x00, 0x00, 0x00, 0x00, 0x00, 0x00, 0x00, 0x00, 0x00, 0x00, 0x00, 0x00
.byte 0x00, 0x00, 0x00, 0x00, 0x00, 0x00, 0x00, 0x00, 0x00, 0x00, 0x00, 0x00, 0x00, 0x00, 0x00, 0x00
.byte 0x00, 0x00, 0x00, 0x00, 0x00, 0x00, 0x00, 0x00, 0x00, 0x00, 0x00, 0x00, 0x00, 0x00, 0x00, 0x00
.byte 0x00, 0x00, 0x00, 0x00, 0x00, 0x00, 0xfb, 0x7b, 0x99, 0x31, 0x99, 0x31, 0x99, 0x31, 0x99, 0x31
.byte 0x99, 0x31, 0x99, 0x31, 0x99, 0x31, 0x99, 0x31, 0x99, 0x31, 0x99, 0x31, 0x99, 0x31, 0x99, 0x31
.byte 0x99, 0x31, 0x99, 0x31, 0x99, 0x31, 0x99, 0x31, 0x99, 0x31, 0x99, 0x31, 0xd8, 0x39, 0x08, 0x42
.byte 0xcb, 0x5a, 0xf0, 0x7b, 0x38, 0xc6, 0x3c, 0xe7, 0x00, 0x00, 0x00, 0x00, 0x00, 0x00, 0x00, 0x00
.byte 0x00, 0x00, 0x00, 0x00, 0x00, 0x00, 0x00, 0x00, 0x00, 0x00, 0x00, 0x00, 0x00, 0x00, 0x00, 0x00
.byte 0x00, 0x00, 0x1b, 0xa5, 0x99, 0x31, 0x99, 0x31, 0x99, 0x31, 0x99, 0x31, 0x99, 0x31, 0x99, 0x31
.byte 0x99, 0x31, 0x99, 0x31, 0x99, 0x31, 0x99, 0x31, 0x99, 0x31, 0x99, 0x31, 0x99, 0x31, 0x99, 0x31
.byte 0x99, 0x31, 0x99, 0x31, 0x99, 0x31, 0x99, 0x31, 0x99, 0x31, 0x99, 0x31, 0x99, 0x31, 0x99, 0x31
.byte 0x99, 0x31, 0x99, 0x31, 0x99, 0x31, 0x99, 0x31, 0x99, 0x31, 0x99, 0x31, 0x99, 0x31, 0xfb, 0x7b
.byte 0x9e, 0xf7, 0xdf, 0xff, 0x00, 0x00, 0x00, 0x00, 0x00, 0x00, 0x00, 0x00, 0x00, 0x00, 0x00, 0x00
.byte 0x00, 0x00, 0x00, 0x00, 0x00, 0x00, 0x00, 0x00, 0x00, 0x00, 0x00, 0x00, 0x00, 0x00, 0x00, 0x00
.byte 0x00, 0x00, 0x00, 0x00, 0x00, 0x00, 0x00, 0x00, 0x00, 0x00, 0x00, 0x00, 0x00, 0x00, 0x00, 0x00
.byte 0x00, 0x00, 0x00, 0x00, 0x00, 0x00, 0x00, 0x00, 0x00, 0x00, 0x00, 0x00, 0x00, 0x00, 0x00, 0x00
.byte 0x00, 0x00, 0x00, 0x00, 0x00, 0x00, 0x00, 0x00, 0x00, 0x00, 0x00, 0x00, 0x00, 0x00, 0x00, 0x00
.byte 0x00, 0x00, 0x00, 0x00, 0x00, 0x00, 0x00, 0x00, 0x00, 0x00, 0x00, 0x00, 0x00, 0x00, 0x00, 0x00
.byte 0x00, 0x00, 0x00, 0x00, 0x00, 0x00, 0x00, 0x00, 0x00, 0x00, 0x00, 0x00, 0x00, 0x00, 0x00, 0x00
.byte 0x00, 0x00, 0x00, 0x00, 0x00, 0x00, 0x00, 0x00, 0x00, 0x00, 0x00, 0x00, 0x00, 0x00, 0x00, 0x00
.byte 0x00, 0x00, 0x00, 0x00, 0x00, 0x00, 0x00, 0x00, 0x00, 0x00, 0x00, 0x00, 0x00, 0x00, 0x00, 0x00
.byte 0x00, 0x00, 0x00, 0x00, 0x00, 0x00, 0xfb, 0x7b, 0x99, 0x31, 0x99, 0x31, 0x99, 0x31, 0x99, 0x31
.byte 0x99, 0x31, 0x99, 0x31, 0x99, 0x31, 0x99, 0x31, 0x99, 0x31, 0x99, 0x31, 0x99, 0x31, 0x99, 0x31
.byte 0x99, 0x31, 0x99, 0x31, 0x99, 0x31, 0x99, 0x31, 0x99, 0x31, 0x99, 0x31, 0x99, 0x31, 0x99, 0x31
.byte 0x99, 0x31, 0x99, 0x31, 0x99, 0x31, 0x99, 0x31, 0x99, 0x31, 0x99, 0x31, 0x99, 0x31, 0x99, 0x31
.byte 0x99, 0x31, 0x99, 0x31, 0x99, 0x31, 0x99, 0x31, 0x99, 0x31, 0x99, 0x31, 0x99, 0x31, 0x99, 0x31
.byte 0x99, 0x31, 0x99, 0x31, 0x99, 0x31, 0x99, 0x31, 0x99, 0x31, 0x99, 0x31, 0x99, 0x31, 0x99, 0x31
.byte 0x99, 0x31, 0x99, 0x31, 0x99, 0x31, 0x99, 0x31, 0x99, 0x31, 0x99, 0x31, 0x99, 0x31, 0x99, 0x31
.byte 0x99, 0x31, 0xb3, 0x31, 0x08, 0x42, 0x08, 0x42, 0x08, 0x42, 0x08, 0x42, 0x69, 0x4a, 0xcb, 0x5a
.byte 0x6d, 0x6b, 0x71, 0x8c, 0xb6, 0xb5, 0xdb, 0xde, 0x9e, 0xf7, 0xdf, 0xff, 0x00, 0x00, 0x00, 0x00
.byte 0x00, 0x00, 0x00, 0x00, 0x00, 0x00, 0x00, 0x00, 0x00, 0x00, 0x00, 0x00, 0x00, 0x00, 0x00, 0x00
.byte 0x00, 0x00, 0x00, 0x00, 0x00, 0x00, 0x00, 0x00, 0x00, 0x00, 0x00, 0x00, 0x00, 0x00, 0x00, 0x00
.byte 0x00, 0x00, 0x00, 0x00, 0x00, 0x00, 0x00, 0x00, 0x00, 0x00, 0x00, 0x00, 0x00, 0x00, 0x00, 0x00
.byte 0x00, 0x00, 0x00, 0x00, 0x9c, 0xb5, 0x99, 0x31, 0x99, 0x31, 0x99, 0x31, 0x99, 0x31, 0x99, 0x31
.byte 0x99, 0x31, 0x99, 0x31, 0x99, 0x31, 0x99, 0x31, 0x99, 0x31, 0x99, 0x31, 0x99, 0x31, 0x99, 0x31
.byte 0x99, 0x31, 0x99, 0x31, 0x99, 0x31, 0x99, 0x31, 0x99, 0x31, 0x99, 0x31, 0xd8, 0x39, 0x08, 0x42
.byte 0xcb, 0x5a, 0xf0, 0x7b, 0x38, 0xc6, 0x3c, 0xe7, 0x00, 0x00, 0x00, 0x00, 0x00, 0x00, 0x00, 0x00
.byte 0x00, 0x00, 0x00, 0x00, 0x00, 0x00, 0x00, 0x00, 0x00, 0x00, 0x00, 0x00, 0x00, 0x00, 0x00, 0x00
.byte 0x00, 0x00, 0x9e, 0xd6, 0x99, 0x31, 0x99, 0x31, 0x99, 0x31, 0x99, 0x31, 0x99, 0x31, 0x99, 0x31
.byte 0x99, 0x31, 0x99, 0x31, 0x99, 0x31, 0x99, 0x31, 0x99, 0x31, 0x99, 0x31, 0x99, 0x31, 0x99, 0x31
.byte 0x99, 0x31, 0x99, 0x31, 0x99, 0x31, 0x99, 0x31, 0x99, 0x31, 0x99, 0x31, 0x99, 0x31, 0x99, 0x31
.byte 0x99, 0x31, 0x99, 0x31, 0x99, 0x31, 0x99, 0x31, 0x99, 0x31, 0x99, 0x31, 0x99, 0x31, 0x99, 0x31
.byte 0x5a, 0x6b, 0x3c, 0xe7, 0xdf, 0xff, 0x00, 0x00, 0x00, 0x00, 0x00, 0x00, 0x00, 0x00, 0x00, 0x00
.byte 0x00, 0x00, 0x00, 0x00, 0x00, 0x00, 0x00, 0x00, 0x00, 0x00, 0x00, 0x00, 0x00, 0x00, 0x00, 0x00
.byte 0x00, 0x00, 0x00, 0x00, 0x00, 0x00, 0x00, 0x00, 0x00, 0x00, 0x00, 0x00, 0x00, 0x00, 0x00, 0x00
.byte 0x00, 0x00, 0x00, 0x00, 0x00, 0x00, 0x00, 0x00, 0x00, 0x00, 0x00, 0x00, 0x00, 0x00, 0x00, 0x00
.byte 0x00, 0x00, 0x00, 0x00, 0x00, 0x00, 0x00, 0x00, 0x00, 0x00, 0x00, 0x00, 0x00, 0x00, 0x00, 0x00
.byte 0x00, 0x00, 0x00, 0x00, 0x00, 0x00, 0x00, 0x00, 0x00, 0x00, 0x00, 0x00, 0x00, 0x00, 0x00, 0x00
.byte 0x00, 0x00, 0x00, 0x00, 0x00, 0x00, 0x00, 0x00, 0x00, 0x00, 0x00, 0x00, 0x00, 0x00, 0x00, 0x00
.byte 0x00, 0x00, 0x00, 0x00, 0x00, 0x00, 0x00, 0x00, 0x00, 0x00, 0x00, 0x00, 0x00, 0x00, 0x00, 0x00
.byte 0x00, 0x00, 0x00, 0x00, 0x00, 0x00, 0x00, 0x00, 0x00, 0x00, 0x00, 0x00, 0x00, 0x00, 0x00, 0x00
.byte 0x00, 0x00, 0x00, 0x00, 0x9c, 0xb5, 0x99, 0x31, 0x99, 0x31, 0x99, 0x31, 0x99, 0x31, 0x99, 0x31
.byte 0x99, 0x31, 0x99, 0x31, 0x99, 0x31, 0x99, 0x31, 0x99, 0x31, 0x99, 0x31, 0x99, 0x31, 0x99, 0x31
.byte 0x99, 0x31, 0x99, 0x31, 0x99, 0x31, 0x99, 0x31, 0x99, 0x31, 0x99, 0x31, 0x99, 0x31, 0x99, 0x31
.byte 0x99, 0x31, 0x99, 0x31, 0x99, 0x31, 0x99, 0x31, 0x99, 0x31, 0x99, 0x31, 0x99, 0x31, 0x99, 0x31
.byte 0x99, 0x31, 0x99, 0x31, 0x99, 0x31, 0x99, 0x31, 0x99, 0x31, 0x99, 0x31, 0x99, 0x31, 0x99, 0x31
.byte 0x99, 0x31, 0x99, 0x31, 0x99, 0x31, 0x99, 0x31, 0x99, 0x31, 0x99, 0x31, 0x99, 0x31, 0x99, 0x31
.byte 0x99, 0x31, 0x99, 0x31, 0x99, 0x31, 0x99, 0x31, 0x99, 0x31, 0x99, 0x31, 0x99, 0x31, 0x99, 0x31
.byte 0xb3, 0x31, 0x08, 0x42, 0x08, 0x42, 0x08, 0x42, 0x08, 0x42, 0x69, 0x4a, 0xcb, 0x5a, 0x6d, 0x6b
.byte 0xd3, 0x9c, 0x38, 0xc6, 0xdb, 0xde, 0x9e, 0xf7, 0xdf, 0xff, 0x00, 0x00, 0x00, 0x00, 0x00, 0x00
.byte 0x00, 0x00, 0x00, 0x00, 0x00, 0x00, 0x00, 0x00, 0x00, 0x00, 0x00, 0x00, 0x00, 0x00, 0x00, 0x00
.byte 0x00, 0x00, 0x00, 0x00, 0x00, 0x00, 0x00, 0x00, 0x00, 0x00, 0x00, 0x00, 0x00, 0x00, 0x00, 0x00
.byte 0x00, 0x00, 0x00, 0x00, 0x00, 0x00, 0x00, 0x00, 0x00, 0x00, 0x00, 0x00, 0x00, 0x00, 0x00, 0x00
.byte 0x00, 0x00, 0x1e, 0xe7, 0x99, 0x52, 0x99, 0x31, 0x99, 0x31, 0x99, 0x31, 0x99, 0x31, 0x99, 0x31
.byte 0x99, 0x31, 0x99, 0x31, 0x99, 0x31, 0x99, 0x31, 0x99, 0x31, 0x99, 0x31, 0x99, 0x31, 0x99, 0x31
.byte 0x99, 0x31, 0x99, 0x31, 0x99, 0x31, 0x99, 0x31, 0x99, 0x31, 0x99, 0x31, 0xb3, 0x31, 0x08, 0x42
.byte 0xcb, 0x5a, 0xf0, 0x7b, 0x38, 0xc6, 0x3c, 0xe7, 0x00, 0x00, 0x00, 0x00, 0x00, 0x00, 0x00, 0x00
.byte 0x00, 0x00, 0x00, 0x00, 0x00, 0x00, 0x00, 0x00, 0x00, 0x00, 0x00, 0x00, 0x00, 0x00, 0x00, 0x00
.byte 0x00, 0x00, 0x1e, 0xe7, 0xd8, 0x39, 0x99, 0x31, 0x99, 0x31, 0x99, 0x31, 0x99, 0x31, 0x99, 0x31
.byte 0x99, 0x31, 0x99, 0x31, 0x99, 0x31, 0x99, 0x31, 0x99, 0x31, 0x99, 0x31, 0x99, 0x31, 0x99, 0x31
.byte 0x99, 0x31, 0x99, 0x31, 0x99, 0x31, 0x99, 0x31, 0x99, 0x31, 0x99, 0x31, 0x99, 0x31, 0x99, 0x31
.byte 0x99, 0x31, 0x99, 0x31, 0x99, 0x31, 0x99, 0x31, 0x99, 0x31, 0x99, 0x31, 0x99, 0x31, 0x99, 0x31
.byte 0x99, 0x31, 0x99, 0x52, 0x9e, 0xd6, 0xdf, 0xff, 0x00, 0x00, 0x00, 0x00, 0x00, 0x00, 0x00, 0x00
.byte 0x00, 0x00, 0x00, 0x00, 0x00, 0x00, 0x00, 0x00, 0x00, 0x00, 0x00, 0x00, 0x00, 0x00, 0x00, 0x00
.byte 0x00, 0x00, 0x00, 0x00, 0x00, 0x00, 0x00, 0x00, 0x00, 0x00, 0x00, 0x00, 0x00, 0x00, 0x00, 0x00
.byte 0x00, 0x00, 0x00, 0x00, 0x00, 0x00, 0x00, 0x00, 0x00, 0x00, 0x00, 0x00, 0x00, 0x00, 0x00, 0x00
.byte 0x00, 0x00, 0x00, 0x00, 0x00, 0x00, 0x00, 0x00, 0x00, 0x00, 0x00, 0x00, 0x00, 0x00, 0x00, 0x00
.byte 0x00, 0x00, 0x00, 0x00, 0x00, 0x00, 0x00, 0x00, 0x00, 0x00, 0x00, 0x00, 0x00, 0x00, 0x00, 0x00
.byte 0x00, 0x00, 0x00, 0x00, 0x00, 0x00, 0x00, 0x00, 0x00, 0x00, 0x00, 0x00, 0x00, 0x00, 0x00, 0x00
.byte 0x00, 0x00, 0x00, 0x00, 0x00, 0x00, 0x00, 0x00, 0x00, 0x00, 0x00, 0x00, 0x00, 0x00, 0x00, 0x00
.byte 0x00, 0x00, 0x00, 0x00, 0x00, 0x00, 0x00, 0x00, 0x00, 0x00, 0x00, 0x00, 0x00, 0x00, 0x00, 0x00
.byte 0x00, 0x00, 0x1d, 0xc6, 0xd8, 0x39, 0x99, 0x31, 0x99, 0x31, 0x99, 0x31, 0x99, 0x31, 0x99, 0x31
.byte 0x99, 0x31, 0x99, 0x31, 0x99, 0x31, 0x99, 0x31, 0x99, 0x31, 0x99, 0x31, 0x99, 0x31, 0x99, 0x31
.byte 0x99, 0x31, 0x99, 0x31, 0x99, 0x31, 0x99, 0x31, 0x99, 0x31, 0x99, 0x31, 0x99, 0x31, 0x99, 0x31
.byte 0x99, 0x31, 0x99, 0x31, 0x99, 0x31, 0x99, 0x31, 0x99, 0x31, 0x99, 0x31, 0x99, 0x31, 0x99, 0x31
.byte 0x99, 0x31, 0x99, 0x31, 0x99, 0x31, 0x99, 0x31, 0x99, 0x31, 0x99, 0x31, 0x99, 0x31, 0x99, 0x31
.byte 0x99, 0x31, 0x99, 0x31, 0x99, 0x31, 0x99, 0x31, 0x99, 0x31, 0x99, 0x31, 0x99, 0x31, 0x99, 0x31
.byte 0x99, 0x31, 0x99, 0x31, 0x99, 0x31, 0x99, 0x31, 0x99, 0x31, 0x99, 0x31, 0xb3, 0x31, 0xcd, 0x39
.byte 0x08, 0x42, 0x08, 0x42, 0x08, 0x42, 0x08, 0x42, 0x69, 0x4a, 0xcb, 0x5a, 0xf0, 0x7b, 0xd3, 0x9c
.byte 0x38, 0xc6, 0x3c, 0xe7, 0x9e, 0xf7, 0xdf, 0xff, 0x00, 0x00, 0x00, 0x00, 0x00, 0x00, 0x00, 0x00
.byte 0x00, 0x00, 0x00, 0x00, 0x00, 0x00, 0x00, 0x00, 0x00, 0x00, 0x00, 0x00, 0x00, 0x00, 0x00, 0x00
.byte 0x00, 0x00, 0x00, 0x00, 0x00, 0x00, 0x00, 0x00, 0x00, 0x00, 0x00, 0x00, 0x00, 0x00, 0x00, 0x00
.byte 0x00, 0x00, 0x00, 0x00, 0x00, 0x00, 0x00, 0x00, 0x00, 0x00, 0x00, 0x00, 0x00, 0x00, 0x00, 0x00
.byte 0x1e, 0xe7, 0x99, 0x52, 0x99, 0x31, 0x99, 0x31, 0x99, 0x31, 0x99, 0x31, 0x99, 0x31, 0x99, 0x31
.byte 0x99, 0x31, 0x99, 0x31, 0x99, 0x31, 0x99, 0x31, 0x99, 0x31, 0x99, 0x31, 0x99, 0x31, 0x99, 0x31
.byte 0x99, 0x31, 0x99, 0x31, 0x99, 0x31, 0x99, 0x31, 0x99, 0x31, 0x99, 0x31, 0xb3, 0x31, 0x08, 0x42
.byte 0xcb, 0x5a, 0xf0, 0x7b, 0x38, 0xc6, 0x3c, 0xe7, 0x00, 0x00, 0x00, 0x00, 0x00, 0x00, 0x00, 0x00
.byte 0x00, 0x00, 0x00, 0x00, 0x00, 0x00, 0x00, 0x00, 0x00, 0x00, 0x00, 0x00, 0x00, 0x00, 0x00, 0x00
.byte 0x00, 0x00, 0xdf, 0xff, 0x99, 0x52, 0x99, 0x31, 0x99, 0x31, 0x99, 0x31, 0x99, 0x31, 0x99, 0x31
.byte 0x99, 0x31, 0x99, 0x31, 0x99, 0x31, 0x99, 0x31, 0x99, 0x31, 0x99, 0x31, 0x99, 0x31, 0x99, 0x31
.byte 0x99, 0x31, 0x99, 0x31, 0x99, 0x31, 0x99, 0x31, 0x99, 0x31, 0x99, 0x31, 0x99, 0x31, 0x99, 0x31
.byte 0x99, 0x31, 0x99, 0x31, 0x99, 0x31, 0x99, 0x31, 0x99, 0x31, 0x99, 0x31, 0x99, 0x31, 0x99, 0x31
.byte 0x99, 0x31, 0x99, 0x31, 0xd8, 0x39, 0x9c, 0xb5, 0xdf, 0xff, 0x00, 0x00, 0x00, 0x00, 0x00, 0x00
.byte 0x00, 0x00, 0x00, 0x00, 0x00, 0x00, 0x00, 0x00, 0x00, 0x00, 0x00, 0x00, 0x00, 0x00, 0x00, 0x00
.byte 0x00, 0x00, 0x00, 0x00, 0x00, 0x00, 0x00, 0x00, 0x00, 0x00, 0x00, 0x00, 0x00, 0x00, 0x00, 0x00
.byte 0x00, 0x00, 0x00, 0x00, 0x00, 0x00, 0x00, 0x00, 0x00, 0x00, 0x00, 0x00, 0x00, 0x00, 0x00, 0x00
.byte 0x00, 0x00, 0x00, 0x00, 0x00, 0x00, 0x00, 0x00, 0x00, 0x00, 0x00, 0x00, 0x00, 0x00, 0x00, 0x00
.byte 0x00, 0x00, 0x00, 0x00, 0x00, 0x00, 0x00, 0x00, 0x00, 0x00, 0x00, 0x00, 0x00, 0x00, 0x00, 0x00
.byte 0x00, 0x00, 0x00, 0x00, 0x00, 0x00, 0x00, 0x00, 0x00, 0x00, 0x00, 0x00, 0x00, 0x00, 0x00, 0x00
.byte 0x00, 0x00, 0x00, 0x00, 0x00, 0x00, 0x00, 0x00, 0x00, 0x00, 0x00, 0x00, 0x00, 0x00, 0x00, 0x00
.byte 0x00, 0x00, 0x00, 0x00, 0x00, 0x00, 0x00, 0x00, 0x00, 0x00, 0x00, 0x00, 0x00, 0x00, 0x00, 0x00
.byte 0x1d, 0xc6, 0xd8, 0x39, 0x99, 0x31, 0x99, 0x31, 0x99, 0x31, 0x99, 0x31, 0x99, 0x31, 0x99, 0x31
.byte 0x99, 0x31, 0x99, 0x31, 0x99, 0x31, 0x99, 0x31, 0x99, 0x31, 0x99, 0x31, 0x99, 0x31, 0x99, 0x31
.byte 0x99, 0x31, 0x99, 0x31, 0x99, 0x31, 0x99, 0x31, 0x99, 0x31, 0x99, 0x31, 0x99, 0x31, 0x99, 0x31
.byte 0x99, 0x31, 0x99, 0x31, 0x99, 0x31, 0x99, 0x31, 0x99, 0x31, 0x99, 0x31, 0x99, 0x31, 0x99, 0x31
.byte 0x99, 0x31, 0x99, 0x31, 0x99, 0x31, 0x99, 0x31, 0x99, 0x31, 0x99, 0x31, 0x99, 0x31, 0x99, 0x31
.byte 0x99, 0x31, 0x99, 0x31, 0x99, 0x31, 0x99, 0x31, 0x99, 0x31, 0x99, 0x31, 0x99, 0x31, 0x99, 0x31
.byte 0x99, 0x31, 0x99, 0x31, 0x99, 0x31, 0x99, 0x31, 0x99, 0x31, 0xb3, 0x31, 0x08, 0x42, 0x08, 0x42
.byte 0x08, 0x42, 0x08, 0x42, 0x08, 0x42, 0x69, 0x4a, 0x6d, 0x6b, 0x71, 0x8c, 0x35, 0xa5, 0x38, 0xc6
.byte 0x3c, 0xe7, 0xdf, 0xff, 0x00, 0x00, 0x00, 0x00, 0x00, 0x00, 0x00, 0x00, 0x00, 0x00, 0x00, 0x00
.byte 0x00, 0x00, 0x00, 0x00, 0x00, 0x00, 0x00, 0x00, 0x00, 0x00, 0x00, 0x00, 0x00, 0x00, 0x00, 0x00
.byte 0x00, 0x00, 0x00, 0x00, 0x00, 0x00, 0x00, 0x00, 0x00, 0x00, 0x00, 0x00, 0x00, 0x00, 0x00, 0x00
.byte 0x00, 0x00, 0x00, 0x00, 0x00, 0x00, 0x00, 0x00, 0x00, 0x00, 0x00, 0x00, 0x00, 0x00, 0x1e, 0xe7
.byte 0x99, 0x52, 0x99, 0x31, 0x99, 0x31, 0x99, 0x31, 0x99, 0x31, 0x99, 0x31, 0x99, 0x31, 0x99, 0x31
.byte 0x99, 0x31, 0x99, 0x31, 0x99, 0x31, 0x99, 0x31, 0x99, 0x31, 0x99, 0x31, 0x99, 0x31, 0x99, 0x31
.byte 0x99, 0x31, 0x99, 0x31, 0x99, 0x31, 0x99, 0x31, 0x99, 0x31, 0x99, 0x31, 0xcd, 0x39, 0x08, 0x42
.byte 0xcb, 0x5a, 0x71, 0x8c, 0x38, 0xc6, 0x3c, 0xe7, 0x00, 0x00, 0x00, 0x00, 0x00, 0x00, 0x00, 0x00
.byte 0x00, 0x00, 0x00, 0x00, 0x00, 0x00, 0x00, 0x00, 0x00, 0x00, 0x00, 0x00, 0x00, 0x00, 0x00, 0x00
.byte 0x00, 0x00, 0x00, 0x00, 0x5a, 0x6b, 0x99, 0x31, 0x99, 0x31, 0x99, 0x31, 0x99, 0x31, 0x99, 0x31
.byte 0x99, 0x31, 0x99, 0x31, 0x99, 0x31, 0x99, 0x31, 0x99, 0x31, 0x99, 0x31, 0x99, 0x31, 0x99, 0x31
.byte 0x99, 0x31, 0x99, 0x31, 0x99, 0x31, 0x99, 0x31, 0x99, 0x31, 0x99, 0x31, 0x99, 0x31, 0x99, 0x31
.byte 0x99, 0x31, 0x99, 0x31, 0x99, 0x31, 0x99, 0x31, 0x99, 0x31, 0x99, 0x31, 0x99, 0x31, 0x99, 0x31
.byte 0x99, 0x31, 0x99, 0x31, 0x99, 0x31, 0x99, 0x31, 0x9c, 0x94, 0x9e, 0xf7, 0xdf, 0xff, 0x00, 0x00
.byte 0x00, 0x00, 0x00, 0x00, 0x00, 0x00, 0x00, 0x00, 0x00, 0x00, 0x00, 0x00, 0x00, 0x00, 0x00, 0x00
.byte 0x00, 0x00, 0x00, 0x00, 0x00, 0x00, 0x00, 0x00, 0x00, 0x00, 0x00, 0x00, 0x00, 0x00, 0x00, 0x00
.byte 0x00, 0x00, 0x00, 0x00, 0x00, 0x00, 0x00, 0x00, 0x00, 0x00, 0x00, 0x00, 0x00, 0x00, 0x00, 0x00
.byte 0x00, 0x00, 0x00, 0x00, 0x00, 0x00, 0x00, 0x00, 0x00, 0x00, 0x00, 0x00, 0x00, 0x00, 0x00, 0x00
.byte 0x00, 0x00, 0x00, 0x00, 0x00, 0x00, 0x00, 0x00, 0x00, 0x00, 0x00, 0x00, 0x00, 0x00, 0x00, 0x00
.byte 0x00, 0x00, 0x00, 0x00, 0x00, 0x00, 0x00, 0x00, 0x00, 0x00, 0x00, 0x00, 0x00, 0x00, 0x00, 0x00
.byte 0x00, 0x00, 0x00, 0x00, 0x00, 0x00, 0x00, 0x00, 0x00, 0x00, 0x00, 0x00, 0x00, 0x00, 0x00, 0x00
.byte 0x00, 0x00, 0x00, 0x00, 0x00, 0x00, 0x00, 0x00, 0x00, 0x00, 0x00, 0x00, 0x00, 0x00, 0x9c, 0xb5
.byte 0xd8, 0x39, 0x99, 0x31, 0x99, 0x31, 0x99, 0x31, 0x99, 0x31, 0x99, 0x31, 0x99, 0x31, 0x99, 0x31
.byte 0x99, 0x31, 0x99, 0x31, 0x99, 0x31, 0x99, 0x31, 0x99, 0x31, 0x99, 0x31, 0x99, 0x31, 0x99, 0x31
.byte 0x99, 0x31, 0x99, 0x31, 0x99, 0x31, 0x99, 0x31, 0x99, 0x31, 0x99, 0x31, 0x99, 0x31, 0x99, 0x31
.byte 0x99, 0x31, 0x99, 0x31, 0x99, 0x31, 0x99, 0x31, 0x99, 0x31, 0x99, 0x31, 0x99, 0x31, 0x99, 0x31
.byte 0x99, 0x31, 0x99, 0x31, 0x99, 0x31, 0x99, 0x31, 0x99, 0x31, 0x99, 0x31, 0x99, 0x31, 0x99, 0x31
.byte 0x99, 0x31, 0x99, 0x31, 0x99, 0x31, 0x99, 0x31, 0x99, 0x31, 0x99, 0x31, 0x99, 0x31, 0x99, 0x31
.byte 0x99, 0x31, 0x99, 0x31, 0x99, 0x31, 0xb3, 0x31, 0x08, 0x42, 0x08, 0x42, 0x08, 0x42, 0x08, 0x42
.byte 0x08, 0x42, 0x69, 0x4a, 0xcb, 0x5a, 0x6d, 0x6b, 0x71, 0x8c, 0xb6, 0xb5, 0xdb, 0xde, 0x3c, 0xe7
.byte 0xdf, 0xff, 0x00, 0x00, 0x00, 0x00, 0x00, 0x00, 0x00, 0x00, 0x00, 0x00, 0x00, 0x00, 0x00, 0x00
.byte 0x00, 0x00, 0x00, 0x00, 0x00, 0x00, 0x00, 0x00, 0x00, 0x00, 0x00, 0x00, 0x00, 0x00, 0x00, 0x00
.byte 0x00, 0x00, 0x00, 0x00, 0x00, 0x00, 0x00, 0x00, 0x00, 0x00, 0x00, 0x00, 0x00, 0x00, 0x00, 0x00
.byte 0x00, 0x00, 0x00, 0x00, 0x00, 0x00, 0x00, 0x00, 0x00, 0x00, 0x00, 0x00, 0x1d, 0xc6, 0x99, 0x52
.byte 0x99, 0x31, 0x99, 0x31, 0x99, 0x31, 0x99, 0x31, 0x99, 0x31, 0x99, 0x31, 0x99, 0x31, 0x99, 0x31
.byte 0x99, 0x31, 0x99, 0x31, 0x99, 0x31, 0x99, 0x31, 0x99, 0x31, 0x99, 0x31, 0x99, 0x31, 0x99, 0x31
.byte 0x99, 0x31, 0x99, 0x31, 0x99, 0x31, 0x99, 0x31, 0x99, 0x31, 0x99, 0x31, 0xcd, 0x39, 0x08, 0x42
.byte 0xcb, 0x5a, 0x71, 0x8c, 0x38, 0xc6, 0x9e, 0xf7, 0x00, 0x00, 0x00, 0x00, 0x00, 0x00, 0x00, 0x00
.byte 0x00, 0x00, 0x00, 0x00, 0x00, 0x00, 0x00, 0x00, 0x00, 0x00, 0x00, 0x00, 0x00, 0x00, 0x00, 0x00
.byte 0x00, 0x00, 0x00, 0x00, 0x9c, 0x94, 0x99, 0x31, 0x99, 0x31, 0x99, 0x31, 0x99, 0x31, 0x99, 0x31
.byte 0x99, 0x31, 0x99, 0x31, 0x99, 0x31, 0x99, 0x31, 0x99, 0x31, 0x99, 0x31, 0x99, 0x31, 0x99, 0x31
.byte 0x99, 0x31, 0x99, 0x31, 0x99, 0x31, 0x99, 0x31, 0x99, 0x31, 0x99, 0x31, 0x99, 0x31, 0x99, 0x31
.byte 0x99, 0x31, 0x99, 0x31, 0x99, 0x31, 0x99, 0x31, 0x99, 0x31, 0x99, 0x31, 0x99, 0x31, 0x99, 0x31
.byte 0x99, 0x31, 0x99, 0x31, 0x99, 0x31, 0x99, 0x31, 0x99, 0x31, 0x99, 0x52, 0x1d, 0xc6, 0xdf, 0xff
.byte 0x00, 0x00, 0x00, 0x00, 0x00, 0x00, 0x00, 0x00, 0x00, 0x00, 0x00, 0x00, 0x00, 0x00, 0x00, 0x00
.byte 0x00, 0x00, 0x00, 0x00, 0x00, 0x00, 0x00, 0x00, 0x00, 0x00, 0x00, 0x00, 0x00, 0x00, 0x00, 0x00
.byte 0x00, 0x00, 0x00, 0x00, 0x00, 0x00, 0x00, 0x00, 0x00, 0x00, 0x00, 0x00, 0x00, 0x00, 0x00, 0x00
.byte 0x00, 0x00, 0x00, 0x00, 0x00, 0x00, 0x00, 0x00, 0x00, 0x00, 0x00, 0x00, 0x00, 0x00, 0x00, 0x00
.byte 0x00, 0x00, 0x00, 0x00, 0x00, 0x00, 0x00, 0x00, 0x00, 0x00, 0x00, 0x00, 0x00, 0x00, 0x00, 0x00
.byte 0x00, 0x00, 0x00, 0x00, 0x00, 0x00, 0x00, 0x00, 0x00, 0x00, 0x00, 0x00, 0x00, 0x00, 0x00, 0x00
.byte 0x00, 0x00, 0x00, 0x00, 0x00, 0x00, 0x00, 0x00, 0x00, 0x00, 0x00, 0x00, 0x00, 0x00, 0x00, 0x00
.byte 0x00, 0x00, 0x00, 0x00, 0x00, 0x00, 0x00, 0x00, 0x00, 0x00, 0xdf, 0xff, 0x9c, 0x94, 0x99, 0x31
.byte 0x99, 0x31, 0x99, 0x31, 0x99, 0x31, 0x99, 0x31, 0x99, 0x31, 0x99, 0x31, 0x99, 0x31, 0x99, 0x31
.byte 0x99, 0x31, 0x99, 0x31, 0x99, 0x31, 0x99, 0x31, 0x99, 0x31, 0x99, 0x31, 0x99, 0x31, 0x99, 0x31
.byte 0x99, 0x31, 0x99, 0x31, 0x99, 0x31, 0x99, 0x31, 0x99, 0x31, 0xd8, 0x39, 0xb3, 0x31, 0x99, 0x31
.byte 0x99, 0x31, 0x99, 0x31, 0x99, 0x31, 0x99, 0x31, 0x99, 0x31, 0x99, 0x31, 0x99, 0x31, 0x99, 0x31
.byte 0x99, 0x31, 0x99, 0x31, 0x99, 0x31, 0x99, 0x31, 0x99, 0x31, 0x99, 0x31, 0x99, 0x31, 0x99, 0x31
.byte 0x99, 0x31, 0x99, 0x31, 0x99, 0x31, 0x99, 0x31, 0x99, 0x31, 0x99, 0x31, 0x99, 0x31, 0x99, 0x31
.byte 0x99, 0x31, 0xb3, 0x31, 0xcd, 0x39, 0x08, 0x42, 0x08, 0x42, 0x08, 0x42, 0x08, 0x42, 0x08, 0x42
.byte 0x69, 0x4a, 0xcb, 0x5a, 0xf0, 0x7b, 0xd3, 0x9c, 0x38, 0xc6, 0xdb, 0xde, 0x9e, 0xf7, 0xdf, 0xff
.byte 0x00, 0x00, 0x00, 0x00, 0x00, 0x00, 0x00, 0x00, 0x00, 0x00, 0x00, 0x00, 0x00, 0x00, 0x00, 0x00
.byte 0x00, 0x00, 0x00, 0x00, 0x00, 0x00, 0x00, 0x00, 0x00, 0x00, 0x00, 0x00, 0x00, 0x00, 0x00, 0x00
.byte 0x00, 0x00, 0x00, 0x00, 0x00, 0x00, 0x00, 0x00, 0x00, 0x00, 0x00, 0x00, 0x00, 0x00, 0x00, 0x00
.byte 0x00, 0x00, 0x00, 0x00, 0x00, 0x00, 0x00, 0x00, 0x9f, 0xf7, 0x9c, 0x94, 0x99, 0x31, 0x99, 0x31
.byte 0x99, 0x31, 0x99, 0x31, 0x99, 0x31, 0x99, 0x31, 0x99, 0x31, 0x99, 0x31, 0x99, 0x31, 0x99, 0x31
.byte 0x99, 0x31, 0x99, 0x31, 0x99, 0x31, 0x99, 0x31, 0x99, 0x31, 0x99, 0x31, 0x99, 0x31, 0x99, 0x31
.byte 0x99, 0x31, 0x99, 0x31, 0x99, 0x31, 0x99, 0x31, 0x99, 0x31, 0xd8, 0x39, 0x08, 0x42, 0x69, 0x4a
.byte 0xcb, 0x5a, 0x71, 0x8c, 0x38, 0xc6, 0x9e, 0xf7, 0x00, 0x00, 0x00, 0x00, 0x00, 0x00, 0x00, 0x00
.byte 0x00, 0x00, 0x00, 0x00, 0x00, 0x00, 0x00, 0x00, 0x00, 0x00, 0x00, 0x00, 0x00, 0x00, 0x00, 0x00
.byte 0x00, 0x00, 0x00, 0x00, 0x1d, 0xc6, 0x99, 0x31, 0x99, 0x31, 0x99, 0x31, 0x99, 0x31, 0x99, 0x31
.byte 0x99, 0x31, 0x99, 0x31, 0x99, 0x31, 0x99, 0x31, 0x99, 0x31, 0x99, 0x31, 0x99, 0x31, 0x99, 0x31
.byte 0x99, 0x31, 0x99, 0x31, 0x99, 0x31, 0x99, 0x31, 0x99, 0x31, 0x99, 0x31, 0x99, 0x31, 0x99, 0x31
.byte 0x99, 0x31, 0x99, 0x31, 0x99, 0x31, 0x99, 0x31, 0x99, 0x31, 0x99, 0x31, 0x99, 0x31, 0x99, 0x31
.byte 0x99, 0x31, 0x99, 0x31, 0x99, 0x31, 0x99, 0x31, 0x99, 0x31, 0x99, 0x31, 0xd8, 0x39, 0xfb, 0x7b
.byte 0x1e, 0xe7, 0x00, 0x00, 0x00, 0x00, 0x00, 0x00, 0x00, 0x00, 0x00, 0x00, 0x00, 0x00, 0x00, 0x00
.byte 0x00, 0x00, 0x00, 0x00, 0x00, 0x00, 0x00, 0x00, 0x00, 0x00, 0x00, 0x00, 0x00, 0x00, 0x00, 0x00
.byte 0x00, 0x00, 0x00, 0x00, 0x00, 0x00, 0x00, 0x00, 0x00, 0x00, 0x00, 0x00, 0x00, 0x00, 0x00, 0x00
.byte 0x00, 0x00, 0x00, 0x00, 0x00, 0x00, 0x00, 0x00, 0x00, 0x00, 0x00, 0x00, 0x00, 0x00, 0x00, 0x00
.byte 0x00, 0x00, 0x00, 0x00, 0x00, 0x00, 0x00, 0x00, 0x00, 0x00, 0x00, 0x00, 0x00, 0x00, 0x00, 0x00
.byte 0x00, 0x00, 0x00, 0x00, 0x00, 0x00, 0x00, 0x00, 0x00, 0x00, 0x00, 0x00, 0x00, 0x00, 0x00, 0x00
.byte 0x00, 0x00, 0x00, 0x00, 0x00, 0x00, 0x00, 0x00, 0x00, 0x00, 0x00, 0x00, 0x00, 0x00, 0x00, 0x00
.byte 0x00, 0x00, 0x00, 0x00, 0x00, 0x00, 0x00, 0x00, 0x9f, 0xf7, 0x5a, 0x6b, 0x99, 0x31, 0x99, 0x31
.byte 0x99, 0x31, 0x99, 0x31, 0x99, 0x31, 0x99, 0x31, 0x99, 0x31, 0x99, 0x31, 0x99, 0x31, 0x99, 0x31
.byte 0x99, 0x31, 0x99, 0x31, 0x99, 0x31, 0x99, 0x31, 0x99, 0x31, 0x99, 0x31, 0x99, 0x31, 0x99, 0x31
.byte 0x99, 0x31, 0x99, 0x31, 0x99, 0x31, 0x99, 0x31, 0x99, 0x31, 0xb3, 0x31, 0x08, 0x42, 0xcd, 0x39
.byte 0xb3, 0x31, 0x99, 0x31, 0x99, 0x31, 0x99, 0x31, 0x99, 0x31, 0x99, 0x31, 0x99, 0x31, 0x99, 0x31
.byte 0x99, 0x31, 0x99, 0x31, 0x99, 0x31, 0x99, 0x31, 0x99, 0x31, 0x99, 0x31, 0x99, 0x31, 0x99, 0x31
.byte 0x99, 0x31, 0x99, 0x31, 0x99, 0x31, 0x99, 0x31, 0x99, 0x31, 0x99, 0x31, 0x99, 0x31, 0xb3, 0x31
.byte 0xcd, 0x39, 0x08, 0x42, 0x08, 0x42, 0x08, 0x42, 0x08, 0x42, 0x08, 0x42, 0x69, 0x4a, 0xcb, 0x5a
.byte 0x6d, 0x6b, 0x71, 0x8c, 0xb6, 0xb5, 0x38, 0xc6, 0x3c, 0xe7, 0x9e, 0xf7, 0xdf, 0xff, 0x00, 0x00
.byte 0x00, 0x00, 0x00, 0x00, 0x00, 0x00, 0x00, 0x00, 0x00, 0x00, 0x00, 0x00, 0x00, 0x00, 0x00, 0x00
.byte 0x00, 0x00, 0x00, 0x00, 0x00, 0x00, 0x00, 0x00, 0x00, 0x00, 0x00, 0x00, 0x00, 0x00, 0x00, 0x00
.byte 0x00, 0x00, 0x00, 0x00, 0x00, 0x00, 0x00, 0x00, 0x00, 0x00, 0x00, 0x00, 0x00, 0x00, 0x00, 0x00
.byte 0x00, 0x00, 0x00, 0x00, 0x00, 0x00, 0x1d, 0xc6, 0x99, 0x52, 0x99, 0x31, 0x99, 0x31, 0x99, 0x31
.byte 0x99, 0x31, 0x99, 0x31, 0x99, 0x31, 0x99, 0x31, 0x99, 0x31, 0x99, 0x31, 0x99, 0x31, 0x99, 0x31
.byte 0x99, 0x31, 0x99, 0x31, 0x99, 0x31, 0x99, 0x31, 0x99, 0x31, 0x99, 0x31, 0x99, 0x31, 0x99, 0x31
.byte 0x99, 0x31, 0x99, 0x31, 0x99, 0x31, 0x99, 0x31, 0x99, 0x31, 0xb3, 0x31, 0x08, 0x42, 0x69, 0x4a
.byte 0x6d, 0x6b, 0xd3, 0x9c, 0xdb, 0xde, 0x9e, 0xf7, 0x00, 0x00, 0x00, 0x00, 0x00, 0x00, 0x00, 0x00
.byte 0x00, 0x00, 0x00, 0x00, 0x00, 0x00, 0x00, 0x00, 0x00, 0x00, 0x00, 0x00, 0x00, 0x00, 0x00, 0x00
.byte 0x00, 0x00, 0x00, 0x00, 0x1e, 0xe7, 0xd8, 0x39, 0x99, 0x31, 0x99, 0x31, 0x99, 0x31, 0x99, 0x31
.byte 0x99, 0x31, 0x99, 0x31, 0x99, 0x31, 0x99, 0x31, 0x99, 0x31, 0x99, 0x31, 0x99, 0x31, 0x99, 0x31
.byte 0x99, 0x31, 0x99, 0x31, 0x99, 0x31, 0x99, 0x31, 0x99, 0x31, 0x99, 0x31, 0x99, 0x31, 0x99, 0x31
.byte 0x99, 0x31, 0x99, 0x31, 0x99, 0x31, 0x99, 0x31, 0x99, 0x31, 0x99, 0x31, 0x99, 0x31, 0x99, 0x31
.byte 0x99, 0x31, 0x99, 0x31, 0x99, 0x31, 0x99, 0x31, 0x99, 0x31, 0x99, 0x31, 0x99, 0x31, 0x99, 0x31
.byte 0x99, 0x52, 0x9c, 0xb5, 0xdf, 0xff, 0x00, 0x00, 0x00, 0x00, 0x00, 0x00, 0x00, 0x00, 0x00, 0x00
.byte 0x00, 0x00, 0x00, 0x00, 0x00, 0x00, 0x00, 0x00, 0x00, 0x00, 0x00, 0x00, 0x00, 0x00, 0x00, 0x00
.byte 0x00, 0x00, 0x00, 0x00, 0x00, 0x00, 0x00, 0x00, 0x00, 0x00, 0x00, 0x00, 0x00, 0x00, 0x00, 0x00
.byte 0x00, 0x00, 0x00, 0x00, 0x00, 0x00, 0x00, 0x00, 0x00, 0x00, 0x00, 0x00, 0x00, 0x00, 0x00, 0x00
.byte 0x00, 0x00, 0x00, 0x00, 0x00, 0x00, 0x00, 0x00, 0x00, 0x00, 0x00, 0x00, 0x00, 0x00, 0x00, 0x00
.byte 0x00, 0x00, 0x00, 0x00, 0x00, 0x00, 0x00, 0x00, 0x00, 0x00, 0x00, 0x00, 0x00, 0x00, 0x00, 0x00
.byte 0x00, 0x00, 0x00, 0x00, 0x00, 0x00, 0x00, 0x00, 0x00, 0x00, 0x00, 0x00, 0x00, 0x00, 0x00, 0x00
.byte 0x00, 0x00, 0x00, 0x00, 0x00, 0x00, 0x9e, 0xd6, 0x99, 0x52, 0x99, 0x31, 0x99, 0x31, 0x99, 0x31
.byte 0x99, 0x31, 0x99, 0x31, 0x99, 0x31, 0x99, 0x31, 0x99, 0x31, 0x99, 0x31, 0x99, 0x31, 0x99, 0x31
.byte 0x99, 0x31, 0x99, 0x31, 0x99, 0x31, 0x99, 0x31, 0x99, 0x31, 0x99, 0x31, 0x99, 0x31, 0x99, 0x31
.byte 0x99, 0x31, 0x99, 0x31, 0x99, 0x31, 0x99, 0x31, 0x99, 0x31, 0xcd, 0x39, 0x08, 0x42, 0x08, 0x42
.byte 0x08, 0x42, 0xcd, 0x39, 0xb3, 0x31, 0x99, 0x31, 0x99, 0x31, 0x99, 0x31, 0x99, 0x31, 0x99, 0x31
.byte 0x99, 0x31, 0x99, 0x31, 0x99, 0x31, 0x99, 0x31, 0x99, 0x31, 0x99, 0x31, 0x99, 0x31, 0x99, 0x31
.byte 0x99, 0x31, 0x99, 0x31, 0x99, 0x31, 0x99, 0x31, 0xd8, 0x39, 0xb3, 0x31, 0x08, 0x42, 0x08, 0x42
.byte 0x08, 0x42, 0x08, 0x42, 0x08, 0x42, 0x08, 0x42, 0x69, 0x4a, 0xcb, 0x5a, 0x50, 0x4a, 0xd8, 0x39
.byte 0x99, 0x52, 0x35, 0xa5, 0xdb, 0xde, 0x9e, 0xf7, 0xdf, 0xff, 0x00, 0x00, 0x00, 0x00, 0x00, 0x00
.byte 0x00, 0x00, 0x00, 0x00, 0x00, 0x00, 0x00, 0x00, 0x00, 0x00, 0x00, 0x00, 0x00, 0x00, 0x00, 0x00
.byte 0x00, 0x00, 0x00, 0x00, 0x00, 0x00, 0x00, 0x00, 0x00, 0x00, 0x00, 0x00, 0x00, 0x00, 0x00, 0x00
.byte 0x00, 0x00, 0x00, 0x00, 0x00, 0x00, 0x00, 0x00, 0x00, 0x00, 0x00, 0x00, 0x00, 0x00, 0x00, 0x00
.byte 0x00, 0x00, 0x9e, 0xd6, 0x5a, 0x6b, 0x99, 0x31, 0x99, 0x31, 0x99, 0x31, 0x99, 0x31, 0x99, 0x31
.byte 0x99, 0x31, 0x99, 0x31, 0x99, 0x31, 0x99, 0x31, 0x99, 0x31, 0x99, 0x31, 0x99, 0x31, 0x99, 0x31
.byte 0x99, 0x31, 0x99, 0x31, 0x99, 0x31, 0x99, 0x31, 0x99, 0x31, 0x99, 0x31, 0x99, 0x31, 0x99, 0x31
.byte 0x99, 0x31, 0x99, 0x31, 0x99, 0x31, 0x99, 0x31, 0x99, 0x31, 0xb3, 0x31, 0x08, 0x42, 0x69, 0x4a
.byte 0x6d, 0x6b, 0x35, 0xa5, 0xdb, 0xde, 0x9e, 0xf7, 0x00, 0x00, 0x00, 0x00, 0x00, 0x00, 0x00, 0x00
.byte 0x00, 0x00, 0x00, 0x00, 0x00, 0x00, 0x00, 0x00, 0x00, 0x00, 0x00, 0x00, 0x00, 0x00, 0x00, 0x00
.byte 0x00, 0x00, 0x00, 0x00, 0xdf, 0xff, 0x99, 0x52, 0x99, 0x31, 0x99, 0x31, 0x99, 0x31, 0x99, 0x31
.byte 0x99, 0x31, 0x99, 0x31, 0x99, 0x31, 0x99, 0x31, 0x99, 0x31, 0x99, 0x31, 0x99, 0x31, 0x99, 0x31
.byte 0x99, 0x31, 0x99, 0x31, 0x99, 0x31, 0x99, 0x31, 0x99, 0x31, 0x99, 0x31, 0x99, 0x31, 0x99, 0x31
.byte 0x99, 0x31, 0x99, 0x31, 0x99, 0x31, 0x99, 0x31, 0x99, 0x31, 0x99, 0x31, 0x99, 0x31, 0x99, 0x31
.byte 0x99, 0x31, 0x99, 0x31, 0x99, 0x31, 0x99, 0x31, 0x99, 0x31, 0x99, 0x31, 0x99, 0x31, 0x99, 0x31
.byte 0x99, 0x31, 0x99, 0x31, 0x5a, 0x6b, 0x9e, 0xd6, 0x00, 0x00, 0x00, 0x00, 0x00, 0x00, 0x00, 0x00
.byte 0x00, 0x00, 0x00, 0x00, 0x00, 0x00, 0x00, 0x00, 0x00, 0x00, 0x00, 0x00, 0x00, 0x00, 0x00, 0x00
.byte 0x00, 0x00, 0x00, 0x00, 0x00, 0x00, 0x00, 0x00, 0x00, 0x00, 0x00, 0x00, 0x00, 0x00, 0x00, 0x00
.byte 0x00, 0x00, 0x00, 0x00, 0x00, 0x00, 0x00, 0x00, 0x00, 0x00, 0x00, 0x00, 0x00, 0x00, 0x00, 0x00
.byte 0x00, 0x00, 0x00, 0x00, 0x00, 0x00, 0x00, 0x00, 0x00, 0x00, 0x00, 0x00, 0x00, 0x00, 0x00, 0x00
.byte 0x00, 0x00, 0x00, 0x00, 0x00, 0x00, 0x00, 0x00, 0x00, 0x00, 0x00, 0x00, 0x00, 0x00, 0x00, 0x00
.byte 0x00, 0x00, 0x00, 0x00, 0x00, 0x00, 0x00, 0x00, 0x00, 0x00, 0x00, 0x00, 0x00, 0x00, 0x00, 0x00
.byte 0x00, 0x00, 0x00, 0x00, 0x9c, 0xb5, 0xd8, 0x39, 0x99, 0x31, 0x99, 0x31, 0x99, 0x31, 0x99, 0x31
.byte 0x99, 0x31, 0x99, 0x31, 0x99, 0x31, 0x99, 0x31, 0x99, 0x31, 0x99, 0x31, 0x99, 0x31, 0x99, 0x31
.byte 0x99, 0x31, 0x99, 0x31, 0x99, 0x31, 0x99, 0x31, 0x99, 0x31, 0x99, 0x31, 0x99, 0x31, 0x99, 0x31
.byte 0x99, 0x31, 0x99, 0x31, 0x99, 0x31, 0x99, 0x31, 0xd8, 0x39, 0x08, 0x42, 0x08, 0x42, 0x69, 0x4a
.byte 0x69, 0x4a, 0xcb, 0x5a, 0x69, 0x4a, 0x69, 0x4a, 0xcd, 0x39, 0xb3, 0x31, 0xd8, 0x39, 0x99, 0x31
.byte 0x99, 0x31, 0x99, 0x31, 0x99, 0x31, 0x99, 0x31, 0x99, 0x31, 0x99, 0x31, 0x99, 0x31, 0x99, 0x31
.byte 0xd8, 0x39, 0xb3, 0x31, 0xb3, 0x31, 0xcd, 0x39, 0x08, 0x42, 0x08, 0x42, 0x08, 0x42, 0x08, 0x42
.byte 0x08, 0x42, 0x08, 0x42, 0x69, 0x4a, 0x69, 0x4a, 0xcb, 0x5a, 0xf0, 0x7b, 0xd8, 0x39, 0x99, 0x31
.byte 0x99, 0x31, 0xd8, 0x39, 0xfb, 0x7b, 0x9e, 0xd6, 0x00, 0x00, 0x00, 0x00, 0x00, 0x00, 0x00, 0x00
.byte 0x00, 0x00, 0x00, 0x00, 0x00, 0x00, 0x00, 0x00, 0x00, 0x00, 0x00, 0x00, 0x00, 0x00, 0x00, 0x00
.byte 0x00, 0x00, 0x00, 0x00, 0x00, 0x00, 0x00, 0x00, 0x00, 0x00, 0x00, 0x00, 0x00, 0x00, 0x00, 0x00
.byte 0x00, 0x00, 0x00, 0x00, 0x00, 0x00, 0x00, 0x00, 0x00, 0x00, 0x00, 0x00, 0x3c, 0xe7, 0x9c, 0xb5
.byte 0x5a, 0x6b, 0x99, 0x31, 0x99, 0x31, 0x99, 0x31, 0x99, 0x31, 0x99, 0x31, 0x99, 0x31, 0x99, 0x31
.byte 0x99, 0x31, 0x99, 0x31, 0x99, 0x31, 0x99, 0x31, 0x99, 0x31, 0x99, 0x31, 0x99, 0x31, 0x99, 0x31
.byte 0x99, 0x31, 0x99, 0x31, 0x99, 0x31, 0x99, 0x31, 0x99, 0x31, 0x99, 0x31, 0x99, 0x31, 0x99, 0x31
.byte 0x99, 0x31, 0x99, 0x31, 0x99, 0x31, 0x99, 0x31, 0x99, 0x31, 0xcd, 0x39, 0x08, 0x42, 0x69, 0x4a
.byte 0xf0, 0x7b, 0xb6, 0xb5, 0xdb, 0xde, 0xdf, 0xff, 0x00, 0x00, 0x00, 0x00, 0x00, 0x00, 0x00, 0x00
.byte 0x00, 0x00, 0x00, 0x00, 0x00, 0x00, 0x00, 0x00, 0x00, 0x00, 0x00, 0x00, 0x00, 0x00, 0x00, 0x00
.byte 0x00, 0x00, 0x00, 0x00, 0x00, 0x00, 0xfb, 0x7b, 0x99, 0x31, 0x99, 0x31, 0x99, 0x31, 0x99, 0x31
.byte 0x99, 0x31, 0x99, 0x31, 0x99, 0x31, 0x99, 0x31, 0x99, 0x31, 0x99, 0x31, 0x99, 0x31, 0x99, 0x31
.byte 0x99, 0x31, 0x99, 0x31, 0x99, 0x31, 0x99, 0x31, 0x99, 0x31, 0x99, 0x31, 0x99, 0x31, 0x99, 0x31
.byte 0x99, 0x31, 0x99, 0x31, 0x99, 0x31, 0x99, 0x31, 0x99, 0x31, 0x99, 0x31, 0x99, 0x31, 0x99, 0x31
.byte 0x99, 0x31, 0x99, 0x31, 0x99, 0x31, 0x99, 0x31, 0x99, 0x31, 0x99, 0x31, 0x99, 0x31, 0x99, 0x31
.byte 0x99, 0x31, 0x99, 0x31, 0x99, 0x31, 0x99, 0x31, 0xfb, 0x7b, 0x1e, 0xe7, 0x00, 0x00, 0x00, 0x00
.byte 0x00, 0x00, 0x00, 0x00, 0x00, 0x00, 0x00, 0x00, 0x00, 0x00, 0x00, 0x00, 0x00, 0x00, 0x00, 0x00
.byte 0x00, 0x00, 0x00, 0x00, 0x00, 0x00, 0x00, 0x00, 0x00, 0x00, 0x00, 0x00, 0x00, 0x00, 0x00, 0x00
.byte 0x00, 0x00, 0x00, 0x00, 0x00, 0x00, 0x00, 0x00, 0x00, 0x00, 0x00, 0x00, 0x00, 0x00, 0x00, 0x00
.byte 0x00, 0x00, 0x00, 0x00, 0x00, 0x00, 0x00, 0x00, 0x00, 0x00, 0x00, 0x00, 0x00, 0x00, 0x00, 0x00
.byte 0x00, 0x00, 0x00, 0x00, 0x00, 0x00, 0x00, 0x00, 0x00, 0x00, 0x00, 0x00, 0x00, 0x00, 0x00, 0x00
.byte 0x00, 0x00, 0x00, 0x00, 0x00, 0x00, 0x00, 0x00, 0x00, 0x00, 0x00, 0x00, 0x00, 0x00, 0x00, 0x00
.byte 0x9f, 0xf7, 0xfb, 0x7b, 0x99, 0x31, 0x99, 0x31, 0x99, 0x31, 0x99, 0x31, 0x99, 0x31, 0x99, 0x31
.byte 0x99, 0x31, 0x99, 0x31, 0x99, 0x31, 0x99, 0x31, 0x99, 0x31, 0x99, 0x31, 0x99, 0x31, 0x99, 0x31
.byte 0x99, 0x31, 0x99, 0x31, 0x99, 0x31, 0x99, 0x31, 0x99, 0x31, 0x99, 0x31, 0x99, 0x31, 0x99, 0x31
.byte 0x99, 0x31, 0x99, 0x31, 0x99, 0x31, 0x99, 0x31, 0xb3, 0x31, 0x08, 0x42, 0x08, 0x42, 0x69, 0x4a
.byte 0x6d, 0x6b, 0x6d, 0x6b, 0x6d, 0x6b, 0x6d, 0x6b, 0xcb, 0x5a, 0x69, 0x4a, 0x08, 0x42, 0x08, 0x42
.byte 0xcd, 0x39, 0xcd, 0x39, 0xcd, 0x39, 0xcd, 0x39, 0xb3, 0x31, 0xcd, 0x39, 0xcd, 0x39, 0x08, 0x42
.byte 0x08, 0x42, 0x08, 0x42, 0x08, 0x42, 0x08, 0x42, 0x08, 0x42, 0x08, 0x42, 0x08, 0x42, 0x08, 0x42
.byte 0x69, 0x4a, 0xcb, 0x5a, 0x6d, 0x6b, 0xf0, 0x7b, 0x71, 0x8c, 0xfb, 0x7b, 0x99, 0x31, 0x99, 0x31
.byte 0x99, 0x31, 0x99, 0x31, 0x99, 0x31, 0xd8, 0x39, 0x5a, 0x6b, 0x9c, 0xb5, 0x3c, 0xe7, 0x00, 0x00
.byte 0x00, 0x00, 0x00, 0x00, 0x00, 0x00, 0x00, 0x00, 0x00, 0x00, 0x00, 0x00, 0x00, 0x00, 0x00, 0x00
.byte 0x00, 0x00, 0x00, 0x00, 0x00, 0x00, 0x00, 0x00, 0x00, 0x00, 0x00, 0x00, 0x00, 0x00, 0x00, 0x00
.byte 0x00, 0x00, 0x00, 0x00, 0x00, 0x00, 0x1e, 0xe7, 0x1d, 0xc6, 0xfb, 0x7b, 0x99, 0x52, 0x99, 0x31
.byte 0x99, 0x31, 0x99, 0x31, 0x99, 0x31, 0x99, 0x31, 0x99, 0x31, 0x99, 0x31, 0x99, 0x31, 0x99, 0x31
.byte 0x99, 0x31, 0x99, 0x31, 0x99, 0x31, 0x99, 0x31, 0x99, 0x31, 0x99, 0x31, 0x99, 0x31, 0x99, 0x31
.byte 0x99, 0x31, 0x99, 0x31, 0x99, 0x31, 0x99, 0x31, 0x99, 0x31, 0x99, 0x31, 0x99, 0x31, 0x99, 0x31
.byte 0x99, 0x31, 0x99, 0x31, 0x99, 0x31, 0x99, 0x31, 0xd8, 0x39, 0x08, 0x42, 0x08, 0x42, 0xcb, 0x5a
.byte 0xf0, 0x7b, 0xb6, 0xb5, 0x3c, 0xe7, 0xdf, 0xff, 0x00, 0x00, 0x00, 0x00, 0x00, 0x00, 0x00, 0x00
.byte 0x00, 0x00, 0x00, 0x00, 0x00, 0x00, 0x00, 0x00, 0x00, 0x00, 0x00, 0x00, 0x00, 0x00, 0x00, 0x00
.byte 0x00, 0x00, 0x00, 0x00, 0x00, 0x00, 0x9c, 0xb5, 0x99, 0x31, 0x99, 0x31, 0x99, 0x31, 0x99, 0x31
.byte 0x99, 0x31, 0x99, 0x31, 0x99, 0x31, 0x99, 0x31, 0x99, 0x31, 0x99, 0x31, 0x99, 0x31, 0x99, 0x31
.byte 0x99, 0x31, 0x99, 0x31, 0x99, 0x31, 0x99, 0x31, 0x99, 0x31, 0x99, 0x31, 0x99, 0x31, 0x99, 0x31
.byte 0x99, 0x31, 0x99, 0x31, 0x99, 0x31, 0x99, 0x31, 0x99, 0x31, 0x99, 0x31, 0x99, 0x31, 0x99, 0x31
.byte 0x99, 0x31, 0x99, 0x31, 0x99, 0x31, 0x99, 0x31, 0x99, 0x31, 0x99, 0x31, 0x99, 0x31, 0x99, 0x31
.byte 0x99, 0x31, 0x99, 0x31, 0x99, 0x31, 0x99, 0x31, 0x99, 0x31, 0xd8, 0x39, 0x9c, 0x94, 0x1e, 0xe7
.byte 0x00, 0x00, 0x00, 0x00, 0x00, 0x00, 0x00, 0x00, 0x00, 0x00, 0x00, 0x00, 0x00, 0x00, 0x00, 0x00
.byte 0x00, 0x00, 0x00, 0x00, 0x00, 0x00, 0x00, 0x00, 0x00, 0x00, 0x00, 0x00, 0x00, 0x00, 0x00, 0x00
.byte 0x00, 0x00, 0x00, 0x00, 0x00, 0x00, 0x00, 0x00, 0x00, 0x00, 0x00, 0x00, 0x00, 0x00, 0x00, 0x00
.byte 0x00, 0x00, 0x00, 0x00, 0x00, 0x00, 0x00, 0x00, 0x00, 0x00, 0x00, 0x00, 0x00, 0x00, 0x00, 0x00
.byte 0x00, 0x00, 0x00, 0x00, 0x00, 0x00, 0x00, 0x00, 0x00, 0x00, 0x00, 0x00, 0x00, 0x00, 0x00, 0x00
.byte 0x00, 0x00, 0x00, 0x00, 0x00, 0x00, 0x00, 0x00, 0x00, 0x00, 0x00, 0x00, 0x00, 0x00, 0x1d, 0xc6
.byte 0x99, 0x52, 0x99, 0x31, 0x99, 0x31, 0x99, 0x31, 0x99, 0x31, 0x99, 0x31, 0x99, 0x31, 0x99, 0x31
.byte 0x99, 0x31, 0x99, 0x31, 0x99, 0x31, 0x99, 0x31, 0x99, 0x31, 0x99, 0x31, 0x99, 0x31, 0x99, 0x31
.byte 0x99, 0x31, 0x99, 0x31, 0x99, 0x31, 0x99, 0x31, 0x99, 0x31, 0x99, 0x31, 0x99, 0x31, 0x99, 0x31
.byte 0x99, 0x31, 0x99, 0x31, 0x99, 0x31, 0x99, 0x31, 0xcd, 0x39, 0x08, 0x42, 0x69, 0x4a, 0x6d, 0x6b
.byte 0x71, 0x8c, 0x35, 0xa5, 0x35, 0xa5, 0x71, 0x8c, 0xf0, 0x7b, 0x6d, 0x6b, 0xcb, 0x5a, 0x69, 0x4a
.byte 0x69, 0x4a, 0x08, 0x42, 0x08, 0x42, 0x08, 0x42, 0x08, 0x42, 0x08, 0x42, 0x08, 0x42, 0x08, 0x42
.byte 0x08, 0x42, 0x08, 0x42, 0x08, 0x42, 0x08, 0x42, 0x69, 0x4a, 0x69, 0x4a, 0x69, 0x4a, 0xcb, 0x5a
.byte 0x6d, 0x6b, 0xf0, 0x7b, 0x71, 0x8c, 0x35, 0xa5, 0x38, 0xc6, 0x5a, 0x6b, 0x99, 0x31, 0x99, 0x31
.byte 0x99, 0x31, 0x99, 0x31, 0x99, 0x31, 0x99, 0x31, 0x99, 0x31, 0x99, 0x31, 0x99, 0x52, 0x5a, 0x6b
.byte 0x78, 0x8c, 0x1d, 0xc6, 0x1e, 0xe7, 0x9f, 0xf7, 0x00, 0x00, 0x00, 0x00, 0x00, 0x00, 0x00, 0x00
.byte 0x00, 0x00, 0x00, 0x00, 0x00, 0x00, 0x00, 0x00, 0x00, 0x00, 0xdf, 0xff, 0x9e, 0xf7, 0xdb, 0xde
.byte 0x1d, 0xc6, 0x9c, 0x94, 0x5a, 0x6b, 0xd8, 0x39, 0x99, 0x31, 0x99, 0x31, 0x99, 0x31, 0x99, 0x31
.byte 0x99, 0x31, 0x99, 0x31, 0x99, 0x31, 0x99, 0x31, 0x99, 0x31, 0x99, 0x31, 0x99, 0x31, 0x99, 0x31
.byte 0x99, 0x31, 0x99, 0x31, 0x99, 0x31, 0x99, 0x31, 0x99, 0x31, 0x99, 0x31, 0x99, 0x31, 0x99, 0x31
.byte 0x99, 0x31, 0x99, 0x31, 0x99, 0x31, 0x99, 0x31, 0x99, 0x31, 0x99, 0x31, 0x99, 0x31, 0x99, 0x31
.byte 0x99, 0x31, 0x99, 0x31, 0x99, 0x31, 0x99, 0x31, 0xb3, 0x31, 0x08, 0x42, 0x69, 0x4a, 0xcb, 0x5a
.byte 0x71, 0x8c, 0x38, 0xc6, 0x9e, 0xf7, 0x00, 0x00, 0x00, 0x00, 0x00, 0x00, 0x00, 0x00, 0x00, 0x00
.byte 0x00, 0x00, 0x00, 0x00, 0x00, 0x00, 0x00, 0x00, 0x00, 0x00, 0x00, 0x00, 0x00, 0x00, 0x00, 0x00
.byte 0x00, 0x00, 0x00, 0x00, 0x00, 0x00, 0x9e, 0xd6, 0xd8, 0x39, 0x99, 0x31, 0x99, 0x31, 0x99, 0x31
.byte 0x99, 0x31, 0x99, 0x31, 0x99, 0x31, 0x99, 0x31, 0x99, 0x31, 0x99, 0x31, 0x99, 0x31, 0x99, 0x31
.byte 0x99, 0x31, 0x99, 0x31, 0x99, 0x31, 0x99, 0x31, 0x99, 0x31, 0x99, 0x31, 0x99, 0x31, 0x99, 0x31
.byte 0x99, 0x31, 0x99, 0x31, 0x99, 0x31, 0x99, 0x31, 0x99, 0x31, 0x99, 0x31, 0x99, 0x31, 0x99, 0x31
.byte 0x99, 0x31, 0x99, 0x31, 0x99, 0x31, 0x99, 0x31, 0x99, 0x31, 0x99, 0x31, 0x99, 0x31, 0x99, 0x31
.byte 0x99, 0x31, 0x99, 0x31, 0x99, 0x31, 0x99, 0x31, 0x99, 0x31, 0x99, 0x31, 0x99, 0x31, 0xd8, 0x39
.byte 0x9c, 0x94, 0x1e, 0xe7, 0x00, 0x00, 0x00, 0x00, 0x00, 0x00, 0x00, 0x00, 0x00, 0x00, 0x00, 0x00
.byte 0x00, 0x00, 0x00, 0x00, 0x00, 0x00, 0x00, 0x00, 0x00, 0x00, 0x00, 0x00, 0x00, 0x00, 0x00, 0x00
.byte 0x00, 0x00, 0x00, 0x00, 0x00, 0x00, 0x00, 0x00, 0x00, 0x00, 0x00, 0x00, 0x00, 0x00, 0x00, 0x00
.byte 0x00, 0x00, 0x00, 0x00, 0x00, 0x00, 0x00, 0x00, 0x00, 0x00, 0x00, 0x00, 0x00, 0x00, 0x00, 0x00
.byte 0x00, 0x00, 0x00, 0x00, 0x00, 0x00, 0x00, 0x00, 0x00, 0x00, 0x00, 0x00, 0x00, 0x00, 0x00, 0x00
.byte 0x00, 0x00, 0x00, 0x00, 0x00, 0x00, 0x00, 0x00, 0x00, 0x00, 0x9e, 0xd6, 0x5a, 0x6b, 0x99, 0x31
.byte 0x99, 0x31, 0x99, 0x31, 0x99, 0x31, 0x99, 0x31, 0x99, 0x31, 0x99, 0x31, 0x99, 0x31, 0x99, 0x31
.byte 0x99, 0x31, 0x99, 0x31, 0x99, 0x31, 0x99, 0x31, 0x99, 0x31, 0x99, 0x31, 0x99, 0x31, 0x99, 0x31
.byte 0x99, 0x31, 0x99, 0x31, 0x99, 0x31, 0x99, 0x31, 0x99, 0x31, 0x99, 0x31, 0x99, 0x31, 0x99, 0x31
.byte 0x99, 0x31, 0x99, 0x31, 0x99, 0x31, 0x99, 0x31, 0x08, 0x42, 0x08, 0x42, 0x69, 0x4a, 0x6d, 0x6b
.byte 0x35, 0xa5, 0x38, 0xc6, 0xdb, 0xde, 0x38, 0xc6, 0x35, 0xa5, 0xd3, 0x9c, 0xf0, 0x7b, 0x6d, 0x6b
.byte 0x6d, 0x6b, 0xcb, 0x5a, 0xcb, 0x5a, 0x69, 0x4a, 0x69, 0x4a, 0x69, 0x4a, 0x69, 0x4a, 0x69, 0x4a
.byte 0x69, 0x4a, 0x69, 0x4a, 0x69, 0x4a, 0xcb, 0x5a, 0xcb, 0x5a, 0x6d, 0x6b, 0xf0, 0x7b, 0x71, 0x8c
.byte 0xd3, 0x9c, 0xb6, 0xb5, 0x38, 0xc6, 0xdb, 0xde, 0xdb, 0xde, 0x99, 0x52, 0x99, 0x31, 0x99, 0x31
.byte 0x99, 0x31, 0x99, 0x31, 0x99, 0x31, 0x99, 0x31, 0x99, 0x31, 0x99, 0x31, 0x99, 0x31, 0x99, 0x31
.byte 0x99, 0x31, 0x99, 0x31, 0xd8, 0x39, 0x99, 0x52, 0x99, 0x52, 0xfb, 0x7b, 0xfb, 0x7b, 0xfb, 0x7b
.byte 0x9c, 0x94, 0x9c, 0x94, 0xfb, 0x7b, 0xfb, 0x7b, 0x5a, 0x6b, 0x99, 0x52, 0x99, 0x52, 0x99, 0x31
.byte 0x99, 0x31, 0x99, 0x31, 0x99, 0x31, 0x99, 0x31, 0x99, 0x31, 0x99, 0x31, 0x99, 0x31, 0x99, 0x31
.byte 0x99, 0x31, 0x99, 0x31, 0x99, 0x31, 0x99, 0x31, 0x99, 0x31, 0x99, 0x31, 0x99, 0x31, 0x99, 0x31
.byte 0x99, 0x31, 0x99, 0x31, 0x99, 0x31, 0x99, 0x31, 0x99, 0x31, 0x99, 0x31, 0x99, 0x31, 0x99, 0x31
.byte 0x99, 0x31, 0x99, 0x31, 0x99, 0x31, 0x99, 0x31, 0x99, 0x31, 0x99, 0x31, 0x99, 0x31, 0x99, 0x31
.byte 0x99, 0x31, 0x99, 0x31, 0x99, 0x31, 0x99, 0x31, 0xcd, 0x39, 0x08, 0x42, 0x69, 0x4a, 0x6d, 0x6b
.byte 0xd3, 0x9c, 0xdb, 0xde, 0x9e, 0xf7, 0x00, 0x00, 0x00, 0x00, 0x00, 0x00, 0x00, 0x00, 0x00, 0x00
.byte 0x00, 0x00, 0x00, 0x00, 0x00, 0x00, 0x00, 0x00, 0x00, 0x00, 0x00, 0x00, 0x00, 0x00, 0x00, 0x00
.byte 0x00, 0x00, 0x00, 0x00, 0x00, 0x00, 0xdf, 0xff, 0x99, 0x52, 0x99, 0x31, 0x99, 0x31, 0x99, 0x31
.byte 0x99, 0x31, 0x99, 0x31, 0x99, 0x31, 0x99, 0x31, 0x99, 0x31, 0x99, 0x31, 0x99, 0x31, 0x99, 0x31
.byte 0x99, 0x31, 0x99, 0x31, 0x99, 0x31, 0x99, 0x31, 0x99, 0x31, 0x99, 0x31, 0x99, 0x31, 0x99, 0x31
.byte 0x99, 0x31, 0x99, 0x31, 0x99, 0x31, 0x99, 0x31, 0x99, 0x31, 0x99, 0x31, 0x99, 0x31, 0x99, 0x31
.byte 0x99, 0x31, 0x99, 0x31, 0x99, 0x31, 0x99, 0x31, 0x99, 0x31, 0x99, 0x31, 0x99, 0x31, 0x99, 0x31
.byte 0x99, 0x31, 0x99, 0x31, 0x99, 0x31, 0x99, 0x31, 0x99, 0x31, 0x99, 0x31, 0x99, 0x31, 0x99, 0x31
.byte 0x99, 0x31, 0xd8, 0x39, 0xfb, 0x7b, 0x1d, 0xc6, 0x00, 0x00, 0x00, 0x00, 0x00, 0x00, 0x00, 0x00
.byte 0x00, 0x00, 0x00, 0x00, 0x00, 0x00, 0x00, 0x00, 0x00, 0x00, 0x00, 0x00, 0x00, 0x00, 0x00, 0x00
.byte 0x00, 0x00, 0x00, 0x00, 0x00, 0x00, 0x00, 0x00, 0x00, 0x00, 0x00, 0x00, 0x00, 0x00, 0x00, 0x00
.byte 0x00, 0x00, 0x00, 0x00, 0x00, 0x00, 0x00, 0x00, 0x00, 0x00, 0x00, 0x00, 0x00, 0x00, 0x00, 0x00
.byte 0x00, 0x00, 0x00, 0x00, 0x00, 0x00, 0x00, 0x00, 0x00, 0x00, 0x00, 0x00, 0x00, 0x00, 0x00, 0x00
.byte 0x00, 0x00, 0x00, 0x00, 0x00, 0x00, 0x1d, 0xc6, 0x5a, 0x6b, 0x99, 0x31, 0x99, 0x31, 0x99, 0x31
.byte 0x99, 0x31, 0x99, 0x31, 0x99, 0x31, 0x99, 0x31, 0x99, 0x31, 0x99, 0x31, 0x99, 0x31, 0x99, 0x31
.byte 0x99, 0x31, 0x99, 0x31, 0x99, 0x31, 0x99, 0x31, 0x99, 0x31, 0x99, 0x31, 0x99, 0x31, 0x99, 0x31
.byte 0x99, 0x31, 0x99, 0x31, 0x99, 0x31, 0x99, 0x31, 0x99, 0x31, 0x99, 0x31, 0x99, 0x31, 0x99, 0x31
.byte 0x99, 0x31, 0x99, 0x31, 0x99, 0x31, 0xb3, 0x31, 0x08, 0x42, 0x08, 0x42, 0xcb, 0x5a, 0xf0, 0x7b
.byte 0xb6, 0xb5, 0x3c, 0xe7, 0x9e, 0xf7, 0x3c, 0xe7, 0xdb, 0xde, 0x38, 0xc6, 0xb6, 0xb5, 0x35, 0xa5
.byte 0xd3, 0x9c, 0xf0, 0x7b, 0xf0, 0x7b, 0xf0, 0x7b, 0x6d, 0x6b, 0x6d, 0x6b, 0x6d, 0x6b, 0x6d, 0x6b
.byte 0x6d, 0x6b, 0x6d, 0x6b, 0xf0, 0x7b, 0xf0, 0x7b, 0x71, 0x8c, 0xd3, 0x9c, 0xb6, 0xb5, 0x38, 0xc6
.byte 0xdb, 0xde, 0x3c, 0xe7, 0x9e, 0xf7, 0xdf, 0xff, 0x1e, 0xe7, 0x99, 0x31, 0x99, 0x31, 0x99, 0x31
.byte 0x99, 0x31, 0x99, 0x31, 0x99, 0x31, 0x99, 0x31, 0x99, 0x31, 0x99, 0x31, 0x99, 0x31, 0x99, 0x31
.byte 0x99, 0x31, 0x99, 0x31, 0x99, 0x31, 0x99, 0x31, 0x99, 0x31, 0x99, 0x31, 0x99, 0x31, 0x99, 0x31
.byte 0x99, 0x31, 0x99, 0x31, 0x99, 0x31, 0x99, 0x31, 0x99, 0x31, 0x99, 0x31, 0x99, 0x31, 0x99, 0x31
.byte 0x99, 0x31, 0x99, 0x31, 0x99, 0x31, 0x99, 0x31, 0x99, 0x31, 0x99, 0x31, 0x99, 0x31, 0x99, 0x31
.byte 0x99, 0x31, 0x99, 0x31, 0x99, 0x31, 0x99, 0x31, 0x99, 0x31, 0x99, 0x31, 0x99, 0x31, 0x99, 0x31
.byte 0x99, 0x31, 0x99, 0x31, 0x99, 0x31, 0x99, 0x31, 0x99, 0x31, 0x99, 0x31, 0x99, 0x31, 0x99, 0x31
.byte 0x99, 0x31, 0x99, 0x31, 0x99, 0x31, 0x99, 0x31, 0x99, 0x31, 0x99, 0x31, 0x99, 0x31, 0x99, 0x31
.byte 0x99, 0x31, 0x99, 0x31, 0x99, 0x31, 0xd8, 0x39, 0x08, 0x42, 0x08, 0x42, 0x69, 0x4a, 0xf0, 0x7b
.byte 0xb6, 0xb5, 0xdb, 0xde, 0xdf, 0xff, 0x00, 0x00, 0x00, 0x00, 0x00, 0x00, 0x00, 0x00, 0x00, 0x00
.byte 0x00, 0x00, 0x00, 0x00, 0x00, 0x00, 0x00, 0x00, 0x00, 0x00, 0x00, 0x00, 0x00, 0x00, 0x00, 0x00
.byte 0x00, 0x00, 0x00, 0x00, 0x00, 0x00, 0x00, 0x00, 0xfb, 0x7b, 0x99, 0x31, 0x99, 0x31, 0x99, 0x31
.byte 0x99, 0x31, 0x99, 0x31, 0x99, 0x31, 0x99, 0x31, 0x99, 0x31, 0x99, 0x31, 0x99, 0x31, 0x99, 0x31
.byte 0x99, 0x31, 0x99, 0x31, 0x99, 0x31, 0x99, 0x31, 0x99, 0x31, 0x99, 0x31, 0x99, 0x31, 0x99, 0x31
.byte 0x99, 0x31, 0x99, 0x31, 0x99, 0x31, 0x99, 0x31, 0x99, 0x31, 0x99, 0x31, 0x99, 0x31, 0x99, 0x31
.byte 0x99, 0x31, 0x99, 0x31, 0x99, 0x31, 0x99, 0x31, 0x99, 0x31, 0x99, 0x31, 0x99, 0x31, 0x99, 0x31
.byte 0x99, 0x31, 0x99, 0x31, 0x99, 0x31, 0x99, 0x31, 0x99, 0x31, 0x99, 0x31, 0x99, 0x31, 0x99, 0x31
.byte 0x99, 0x31, 0x99, 0x31, 0x99, 0x31, 0x99, 0x31, 0x5a, 0x6b, 0x9c, 0xb5, 0x9f, 0xf7, 0x00, 0x00
.byte 0x00, 0x00, 0x00, 0x00, 0x00, 0x00, 0x00, 0x00, 0x00, 0x00, 0x00, 0x00, 0x00, 0x00, 0x00, 0x00
.byte 0x00, 0x00, 0x00, 0x00, 0x00, 0x00, 0x00, 0x00, 0x00, 0x00, 0x00, 0x00, 0x00, 0x00, 0x00, 0x00
.byte 0x00, 0x00, 0x00, 0x00, 0x00, 0x00, 0x00, 0x00, 0x00, 0x00, 0x00, 0x00, 0x00, 0x00, 0x00, 0x00
.byte 0x00, 0x00, 0x00, 0x00, 0x00, 0x00, 0x00, 0x00, 0x00, 0x00, 0x00, 0x00, 0x00, 0x00, 0x00, 0x00
.byte 0x00, 0x00, 0x38, 0xc6, 0xfb, 0x7b, 0x99, 0x31, 0x99, 0x31, 0x99, 0x31, 0x99, 0x31, 0x99, 0x31
.byte 0x99, 0x31, 0x99, 0x31, 0x99, 0x31, 0x99, 0x31, 0x99, 0x31, 0x99, 0x31, 0x99, 0x31, 0x99, 0x31
.byte 0x99, 0x31, 0x99, 0x31, 0x99, 0x31, 0x99, 0x31, 0x99, 0x31, 0x99, 0x31, 0x99, 0x31, 0x99, 0x31
.byte 0x99, 0x31, 0x99, 0x31, 0x99, 0x31, 0x99, 0x31, 0x99, 0x31, 0x99, 0x31, 0x99, 0x31, 0x99, 0x31
.byte 0x99, 0x31, 0x99, 0x31, 0x99, 0x31, 0xcd, 0x39, 0x08, 0x42, 0x69, 0x4a, 0x6d, 0x6b, 0xd3, 0x9c
.byte 0x38, 0xc6, 0x9e, 0xf7, 0x00, 0x00, 0xdf, 0xff, 0xdf, 0xff, 0x9e, 0xf7, 0x3c, 0xe7, 0xdb, 0xde
.byte 0x38, 0xc6, 0x38, 0xc6, 0xb6, 0xb5, 0xb6, 0xb5, 0x35, 0xa5, 0x35, 0xa5, 0x35, 0xa5, 0x35, 0xa5
.byte 0x35, 0xa5, 0x35, 0xa5, 0xb6, 0xb5, 0x38, 0xc6, 0x38, 0xc6, 0xdb, 0xde, 0xdb, 0xde, 0x3c, 0xe7
.byte 0x9e, 0xf7, 0xdf, 0xff, 0x00, 0x00, 0x00, 0x00, 0x1d, 0xc6, 0x99, 0x31, 0x99, 0x31, 0x99, 0x31
.byte 0x99, 0x31, 0x99, 0x31, 0x99, 0x31, 0x99, 0x31, 0x99, 0x31, 0x99, 0x31, 0x99, 0x31, 0x99, 0x31
.byte 0x99, 0x31, 0x99, 0x31, 0x99, 0x31, 0x99, 0x31, 0x99, 0x31, 0x99, 0x31, 0x99, 0x31, 0x99, 0x31
.byte 0x99, 0x31, 0x99, 0x31, 0x99, 0x31, 0x99, 0x31, 0x99, 0x31, 0x99, 0x31, 0x99, 0x31, 0x99, 0x31
.byte 0x99, 0x31, 0x99, 0x31, 0x99, 0x31, 0x99, 0x31, 0x99, 0x31, 0x99, 0x31, 0x99, 0x31, 0x99, 0x31
.byte 0x99, 0x31, 0x99, 0x31, 0x99, 0x31, 0x99, 0x31, 0x99, 0x31, 0x99, 0x31, 0x99, 0x31, 0x99, 0x31
.byte 0x99, 0x31, 0x99, 0x31, 0x99, 0x31, 0x99, 0x31, 0x99, 0x31, 0x99, 0x31, 0x99, 0x31, 0x99, 0x31
.byte 0x99, 0x31, 0x99, 0x31, 0x99, 0x31, 0x99, 0x31, 0x99, 0x31, 0x99, 0x31, 0x99, 0x31, 0x99, 0x31
.byte 0x99, 0x31, 0x99, 0x31, 0x99, 0x31, 0xb3, 0x31, 0x08, 0x42, 0x08, 0x42, 0xcb, 0x5a, 0xf0, 0x7b
.byte 0x38, 0xc6, 0x3c, 0xe7, 0xdf, 0xff, 0x00, 0x00, 0x00, 0x00, 0x00, 0x00, 0x00, 0x00, 0x00, 0x00
.byte 0x00, 0x00, 0x00, 0x00, 0x00, 0x00, 0x00, 0x00, 0x00, 0x00, 0x00, 0x00, 0x00, 0x00, 0x00, 0x00
.byte 0x00, 0x00, 0x00, 0x00, 0x00, 0x00, 0x00, 0x00, 0x1d, 0xc6, 0x99, 0x31, 0x99, 0x31, 0x99, 0x31
.byte 0x99, 0x31, 0x99, 0x31, 0x99, 0x31, 0x99, 0x31, 0x99, 0x31, 0x99, 0x31, 0x99, 0x31, 0x99, 0x31
.byte 0x99, 0x31, 0x99, 0x31, 0x99, 0x31, 0x99, 0x31, 0x99, 0x31, 0x99, 0x31, 0x99, 0x31, 0x99, 0x31
.byte 0x99, 0x31, 0x99, 0x31, 0x99, 0x31, 0x99, 0x31, 0x99, 0x31, 0x99, 0x31, 0x99, 0x31, 0x99, 0x31
.byte 0x99, 0x31, 0x99, 0x31, 0x99, 0x31, 0x99, 0x31, 0x99, 0x31, 0x99, 0x31, 0x99, 0x31, 0x99, 0x31
.byte 0x99, 0x31, 0x99, 0x31, 0x99, 0x31, 0x99, 0x31, 0x99, 0x31, 0x99, 0x31, 0x99, 0x31, 0x99, 0x31
.byte 0x99, 0x31, 0x99, 0x31, 0x99, 0x31, 0x99, 0x31, 0x99, 0x31, 0x99, 0x31, 0x99, 0x52, 0xfb, 0x7b
.byte 0x9c, 0xb5, 0x1e, 0xe7, 0x00, 0x00, 0x00, 0x00, 0x00, 0x00, 0x00, 0x00, 0x00, 0x00, 0x00, 0x00
.byte 0x00, 0x00, 0x00, 0x00, 0x00, 0x00, 0x00, 0x00, 0x00, 0x00, 0x00, 0x00, 0x00, 0x00, 0x00, 0x00
.byte 0x00, 0x00, 0x00, 0x00, 0x00, 0x00, 0x00, 0x00, 0x00, 0x00, 0x00, 0x00, 0x00, 0x00, 0x00, 0x00
.byte 0x00, 0x00, 0x00, 0x00, 0x00, 0x00, 0x00, 0x00, 0x00, 0x00, 0xdf, 0xff, 0x9e, 0xd6, 0x78, 0x8c
.byte 0x5a, 0x6b, 0x99, 0x31, 0x99, 0x31, 0x99, 0x31, 0x99, 0x31, 0x99, 0x31, 0x99, 0x31, 0x99, 0x31
.byte 0x99, 0x31, 0x99, 0x31, 0x99, 0x31, 0x99, 0x31, 0x99, 0x31, 0x99, 0x31, 0x99, 0x31, 0x99, 0x31
.byte 0x99, 0x31, 0x99, 0x31, 0x99, 0x31, 0x99, 0x31, 0x99, 0x31, 0x99, 0x31, 0x99, 0x31, 0x99, 0x31
.byte 0x99, 0x31, 0x99, 0x31, 0x99, 0x31, 0x99, 0x31, 0x99, 0x31, 0x99, 0x31, 0x99, 0x31, 0x99, 0x31
.byte 0x99, 0x31, 0x99, 0x31, 0xd8, 0x39, 0x08, 0x42, 0x08, 0x42, 0x69, 0x4a, 0x6d, 0x6b, 0x35, 0xa5
.byte 0xdb, 0xde, 0xdf, 0xff, 0x00, 0x00, 0x00, 0x00, 0x00, 0x00, 0x00, 0x00, 0xdf, 0xff, 0x9e, 0xf7
.byte 0x9e, 0xf7, 0x3c, 0xe7, 0x3c, 0xe7, 0xdb, 0xde, 0xdb, 0xde, 0xdb, 0xde, 0xdb, 0xde, 0xdb, 0xde
.byte 0xdb, 0xde, 0xdb, 0xde, 0x3c, 0xe7, 0x3c, 0xe7, 0x9e, 0xf7, 0x9e, 0xf7, 0xdf, 0xff, 0xdf, 0xff
.byte 0x00, 0x00, 0x00, 0x00, 0x00, 0x00, 0x00, 0x00, 0x9c, 0xb5, 0x99, 0x31, 0x99, 0x31, 0x99, 0x31
.byte 0x99, 0x31, 0x99, 0x31, 0x99, 0x31, 0x99, 0x31, 0x99, 0x31, 0x99, 0x31, 0x99, 0x31, 0x99, 0x31
.byte 0x99, 0x31, 0x99, 0x31, 0x99, 0x31, 0x99, 0x31, 0x99, 0x31, 0x99, 0x31, 0x99, 0x31, 0x99, 0x31
.byte 0x99, 0x31, 0x99, 0x31, 0x99, 0x31, 0x99, 0x31, 0x99, 0x31, 0x99, 0x31, 0x99, 0x31, 0x99, 0x31
.byte 0x99, 0x31, 0x99, 0x31, 0x99, 0x31, 0x99, 0x31, 0x99, 0x31, 0x99, 0x31, 0x99, 0x31, 0x99, 0x31
.byte 0x99, 0x31, 0x99, 0x31, 0x99, 0x31, 0x99, 0x31, 0x99, 0x31, 0x99, 0x31, 0x99, 0x31, 0x99, 0x31
.byte 0x99, 0x31, 0x99, 0x31, 0x99, 0x31, 0x99, 0x31, 0x99, 0x31, 0x99, 0x31, 0x99, 0x31, 0x99, 0x31
.byte 0x99, 0x31, 0x99, 0x31, 0x99, 0x31, 0x99, 0x31, 0x99, 0x31, 0x99, 0x31, 0x99, 0x31, 0x99, 0x31
.byte 0x99, 0x31, 0x99, 0x31, 0x99, 0x31, 0x08, 0x42, 0x08, 0x42, 0x69, 0x4a, 0x6d, 0x6b, 0xd3, 0x9c
.byte 0x38, 0xc6, 0x9e, 0xf7, 0x00, 0x00, 0x00, 0x00, 0x00, 0x00, 0x00, 0x00, 0x00, 0x00, 0x00, 0x00
.byte 0x00, 0x00, 0x00, 0x00, 0x00, 0x00, 0x00, 0x00, 0x00, 0x00, 0x00, 0x00, 0x00, 0x00, 0x00, 0x00
.byte 0x00, 0x00, 0x00, 0x00, 0x00, 0x00, 0x00, 0x00, 0x1e, 0xe7, 0xd8, 0x39, 0x99, 0x31, 0x99, 0x31
.byte 0x99, 0x31, 0x99, 0x31, 0x99, 0x31, 0x99, 0x31, 0x99, 0x31, 0x99, 0x31, 0x99, 0x31, 0x99, 0x31
.byte 0x99, 0x31, 0x99, 0x31, 0x99, 0x31, 0x99, 0x31, 0x99, 0x31, 0x99, 0x31, 0x99, 0x31, 0x99, 0x31
.byte 0x99, 0x31, 0x99, 0x31, 0x99, 0x31, 0x99, 0x31, 0x99, 0x31, 0x99, 0x31, 0x99, 0x31, 0x99, 0x31
.byte 0x99, 0x31, 0x99, 0x31, 0x99, 0x31, 0x99, 0x31, 0x99, 0x31, 0x99, 0x31, 0x99, 0x31, 0x99, 0x31
.byte 0x99, 0x31, 0x99, 0x31, 0x99, 0x31, 0x99, 0x31, 0x99, 0x31, 0x99, 0x31, 0x99, 0x31, 0x99, 0x31
.byte 0x99, 0x31, 0x99, 0x31, 0x99, 0x31, 0x99, 0x31, 0x99, 0x31, 0x99, 0x31, 0x99, 0x31, 0x99, 0x31
.byte 0x99, 0x31, 0xd8, 0x39, 0x5a, 0x6b, 0x9c, 0x94, 0x9c, 0xb5, 0x1e, 0xe7, 0xdf, 0xff, 0x00, 0x00
.byte 0x00, 0x00, 0x00, 0x00, 0x00, 0x00, 0x00, 0x00, 0x00, 0x00, 0x00, 0x00, 0x00, 0x00, 0x00, 0x00
.byte 0x00, 0x00, 0x00, 0x00, 0x00, 0x00, 0x00, 0x00, 0x00, 0x00, 0x00, 0x00, 0x00, 0x00, 0x00, 0x00
.byte 0x00, 0x00, 0xdf, 0xff, 0x3c, 0xe7, 0x1d, 0xc6, 0xfb, 0x7b, 0x99, 0x52, 0x99, 0x31, 0x99, 0x31
.byte 0x99, 0x31, 0x99, 0x31, 0x99, 0x31, 0x99, 0x31, 0x99, 0x31, 0x99, 0x31, 0x99, 0x31, 0x99, 0x31
.byte 0x99, 0x31, 0x99, 0x31, 0x99, 0x31, 0x99, 0x31, 0x99, 0x31, 0x99, 0x31, 0x99, 0x31, 0x99, 0x31
.byte 0x99, 0x31, 0x99, 0x31, 0x99, 0x31, 0x99, 0x31, 0x99, 0x31, 0x99, 0x31, 0x99, 0x31, 0x99, 0x31
.byte 0x99, 0x31, 0x99, 0x31, 0x99, 0x31, 0x99, 0x31, 0x99, 0x31, 0x99, 0x31, 0x99, 0x31, 0x99, 0x31
.byte 0x99, 0x31, 0x99, 0x31, 0xb3, 0x31, 0x08, 0x42, 0x08, 0x42, 0xcb, 0x5a, 0xf0, 0x7b, 0xb6, 0xb5
.byte 0x3c, 0xe7, 0xdf, 0xff, 0x00, 0x00, 0x00, 0x00, 0x00, 0x00, 0x00, 0x00, 0x00, 0x00, 0x00, 0x00
.byte 0x00, 0x00, 0x00, 0x00, 0xdf, 0xff, 0xdf, 0xff, 0xdf, 0xff, 0xdf, 0xff, 0x9e, 0xf7, 0x9e, 0xf7
.byte 0xdf, 0xff, 0xdf, 0xff, 0xdf, 0xff, 0x00, 0x00, 0x00, 0x00, 0x00, 0x00, 0x00, 0x00, 0x00, 0x00
.byte 0x00, 0x00, 0x00, 0x00, 0x00, 0x00, 0x00, 0x00, 0x9c, 0x94, 0x99, 0x31, 0x99, 0x31, 0x99, 0x31
.byte 0x99, 0x31, 0x99, 0x31, 0x99, 0x31, 0x99, 0x31, 0x99, 0x31, 0x99, 0x31, 0x99, 0x31, 0x99, 0x31
.byte 0x99, 0x31, 0x99, 0x31, 0x99, 0x31, 0x99, 0x31, 0x99, 0x31, 0x99, 0x31, 0x99, 0x31, 0x99, 0x31
.byte 0x99, 0x31, 0x99, 0x31, 0x99, 0x31, 0x99, 0x31, 0x99, 0x31, 0x99, 0x31, 0x99, 0x31, 0x99, 0x31
.byte 0x99, 0x31, 0x99, 0x31, 0x99, 0x31, 0x99, 0x31, 0x99, 0x31, 0x99, 0x31, 0x99, 0x31, 0x99, 0x31
.byte 0x99, 0x31, 0x99, 0x31, 0x99, 0x31, 0x99, 0x31, 0x99, 0x31, 0x99, 0x31, 0x99, 0x31, 0x99, 0x31
.byte 0x99, 0x31, 0x99, 0x31, 0x99, 0x31, 0x99, 0x31, 0x99, 0x31, 0x99, 0x31, 0x99, 0x31, 0x99, 0x31
.byte 0x99, 0x31, 0x99, 0x31, 0x99, 0x31, 0x99, 0x31, 0x99, 0x31, 0x99, 0x31, 0x99, 0x31, 0x99, 0x31
.byte 0x99, 0x31, 0x99, 0x31, 0xb3, 0x31, 0x08, 0x42, 0x08, 0x42, 0x69, 0x4a, 0xf0, 0x7b, 0x35, 0xa5
.byte 0xdb, 0xde, 0xdf, 0xff, 0x00, 0x00, 0x00, 0x00, 0x00, 0x00, 0x00, 0x00, 0x00, 0x00, 0x00, 0x00
.byte 0x00, 0x00, 0x00, 0x00, 0x00, 0x00, 0x00, 0x00, 0x00, 0x00, 0x00, 0x00, 0x00, 0x00, 0x00, 0x00
.byte 0x00, 0x00, 0x00, 0x00, 0x00, 0x00, 0x00, 0x00, 0x00, 0x00, 0x5a, 0x6b, 0x99, 0x31, 0x99, 0x31
.byte 0x99, 0x31, 0x99, 0x31, 0x99, 0x31, 0x99, 0x31, 0x99, 0x31, 0x99, 0x31, 0x99, 0x31, 0x99, 0x31
.byte 0x99, 0x31, 0x99, 0x31, 0x99, 0x31, 0x99, 0x31, 0x99, 0x31, 0x99, 0x31, 0x99, 0x31, 0x99, 0x31
.byte 0x99, 0x31, 0x99, 0x31, 0x99, 0x31, 0x99, 0x31, 0x99, 0x31, 0x99, 0x31, 0x99, 0x31, 0x99, 0x31
.byte 0x99, 0x31, 0x99, 0x31, 0x99, 0x31, 0x99, 0x31, 0x99, 0x31, 0x99, 0x31, 0x99, 0x31, 0x99, 0x31
.byte 0x99, 0x31, 0x99, 0x31, 0x99, 0x31, 0x99, 0x31, 0x99, 0x31, 0x99, 0x31, 0x99, 0x31, 0x99, 0x31
.byte 0x99, 0x31, 0x99, 0x31, 0x99, 0x31, 0x99, 0x31, 0x99, 0x31, 0x99, 0x31, 0x99, 0x31, 0x99, 0x31
.byte 0x99, 0x31, 0x99, 0x31, 0x99, 0x31, 0x99, 0x31, 0x99, 0x31, 0xd8, 0x39, 0x99, 0x52, 0x5a, 0x6b
.byte 0x9c, 0x94, 0x1b, 0xa5, 0x1d, 0xc6, 0x9e, 0xd6, 0x1e, 0xe7, 0x1e, 0xe7, 0x9f, 0xf7, 0x1e, 0xe7
.byte 0x9f, 0xf7, 0x9f, 0xf7, 0x1e, 0xe7, 0x1e, 0xe7, 0x9e, 0xd6, 0x1d, 0xc6, 0x9c, 0xb5, 0x9c, 0x94
.byte 0x5a, 0x6b, 0x99, 0x52, 0x99, 0x31, 0x99, 0x31, 0x99, 0x31, 0x99, 0x31, 0x99, 0x31, 0x99, 0x31
.byte 0x99, 0x31, 0x99, 0x31, 0x99, 0x31, 0x99, 0x31, 0x99, 0x31, 0x99, 0x31, 0x99, 0x31, 0x99, 0x31
.byte 0x99, 0x31, 0x99, 0x31, 0x99, 0x31, 0x99, 0x31, 0x99, 0x31, 0x99, 0x31, 0x99, 0x31, 0x99, 0x31
.byte 0x99, 0x31, 0x99, 0x31, 0x99, 0x31, 0x99, 0x31, 0x99, 0x31, 0x99, 0x31, 0x99, 0x31, 0x99, 0x31
.byte 0x99, 0x31, 0x99, 0x31, 0x99, 0x31, 0x99, 0x31, 0x99, 0x31, 0x99, 0x31, 0x99, 0x31, 0x99, 0x31
.byte 0x99, 0x31, 0x99, 0x31, 0xcd, 0x39, 0x08, 0x42, 0x69, 0x4a, 0x6d, 0x6b, 0xd3, 0x9c, 0x38, 0xc6
.byte 0x9e, 0xf7, 0x00, 0x00, 0x00, 0x00, 0x00, 0x00, 0x00, 0x00, 0x00, 0x00, 0x00, 0x00, 0x00, 0x00
.byte 0x00, 0x00, 0x00, 0x00, 0x00, 0x00, 0x00, 0x00, 0x00, 0x00, 0x00, 0x00, 0x00, 0x00, 0x00, 0x00
.byte 0x00, 0x00, 0x00, 0x00, 0x00, 0x00, 0x00, 0x00, 0x00, 0x00, 0x00, 0x00, 0x00, 0x00, 0x00, 0x00
.byte 0x00, 0x00, 0x00, 0x00, 0x00, 0x00, 0x00, 0x00, 0xfb, 0x7b, 0x99, 0x31, 0x99, 0x31, 0x99, 0x31
.byte 0x99, 0x31, 0x99, 0x31, 0x99, 0x31, 0x99, 0x31, 0x99, 0x31, 0x99, 0x31, 0x99, 0x31, 0x99, 0x31
.byte 0x99, 0x31, 0x99, 0x31, 0x99, 0x31, 0x99, 0x31, 0x99, 0x31, 0x99, 0x31, 0x99, 0x31, 0x99, 0x31
.byte 0x99, 0x31, 0x99, 0x31, 0x99, 0x31, 0x99, 0x31, 0x99, 0x31, 0x99, 0x31, 0x99, 0x31, 0x99, 0x31
.byte 0x99, 0x31, 0x99, 0x31, 0x99, 0x31, 0x99, 0x31, 0x99, 0x31, 0x99, 0x31, 0x99, 0x31, 0x99, 0x31
.byte 0x99, 0x31, 0x99, 0x31, 0x99, 0x31, 0x99, 0x31, 0x99, 0x31, 0x99, 0x31, 0x99, 0x31, 0x99, 0x31
.byte 0x99, 0x31, 0x99, 0x31, 0x99, 0x31, 0x99, 0x31, 0x99, 0x31, 0x99, 0x31, 0x99, 0x31, 0x99, 0x31
.byte 0x99, 0x31, 0x99, 0x31, 0x99, 0x31, 0x99, 0x31, 0x99, 0x31, 0x99, 0x31, 0x99, 0x31, 0x99, 0x31
.byte 0x99, 0x31, 0x99, 0x31, 0x08, 0x42, 0x08, 0x42, 0x08, 0x42, 0xcb, 0x5a, 0x71, 0x8c, 0x38, 0xc6
.byte 0x3c, 0xe7, 0xdf, 0xff, 0x00, 0x00, 0x00, 0x00, 0x00, 0x00, 0x00, 0x00, 0x00, 0x00, 0x00, 0x00
.byte 0x00, 0x00, 0x00, 0x00, 0x00, 0x00, 0x00, 0x00, 0x00, 0x00, 0x00, 0x00, 0x00, 0x00, 0x00, 0x00
.byte 0x00, 0x00, 0x00, 0x00, 0x00, 0x00, 0x00, 0x00, 0x00, 0x00, 0x9c, 0xb5, 0x99, 0x31, 0x99, 0x31
.byte 0x99, 0x31, 0x99, 0x31, 0x99, 0x31, 0x99, 0x31, 0x99, 0x31, 0x99, 0x31, 0x99, 0x31, 0x99, 0x31
.byte 0x99, 0x31, 0x99, 0x31, 0x99, 0x31, 0x99, 0x31, 0x99, 0x31, 0x99, 0x31, 0x99, 0x31, 0x99, 0x31
.byte 0x99, 0x31, 0x99, 0x31, 0x99, 0x31, 0x99, 0x31, 0x99, 0x31, 0x99, 0x31, 0x99, 0x31, 0x99, 0x31
.byte 0x99, 0x31, 0x99, 0x31, 0x99, 0x31, 0x99, 0x31, 0x99, 0x31, 0x99, 0x31, 0x99, 0x31, 0x99, 0x31
.byte 0x99, 0x31, 0x99, 0x31, 0x99, 0x31, 0x99, 0x31, 0x99, 0x31, 0x99, 0x31, 0x99, 0x31, 0x99, 0x31
.byte 0x99, 0x31, 0x99, 0x31, 0x99, 0x31, 0x99, 0x31, 0x99, 0x31, 0x99, 0x31, 0x99, 0x31, 0x99, 0x31
.byte 0x99, 0x31, 0x99, 0x31, 0x99, 0x31, 0x99, 0x31, 0x99, 0x31, 0x99, 0x31, 0x99, 0x31, 0x99, 0x31
.byte 0x99, 0x31, 0x99, 0x31, 0x99, 0x31, 0x99, 0x31, 0x99, 0x31, 0xd8, 0x39, 0x99, 0x52, 0xd8, 0x39
.byte 0xd8, 0x39, 0x99, 0x52, 0xd8, 0x39, 0xd8, 0x39, 0x99, 0x31, 0x99, 0x31, 0x99, 0x31, 0x99, 0x31
.byte 0x99, 0x31, 0x99, 0x31, 0x99, 0x31, 0x99, 0x31, 0x99, 0x31, 0x99, 0x31, 0x99, 0x31, 0x99, 0x31
.byte 0x99, 0x31, 0x99, 0x31, 0x99, 0x31, 0x99, 0x31, 0x99, 0x31, 0x99, 0x31, 0x99, 0x31, 0x99, 0x31
.byte 0x99, 0x31, 0x99, 0x31, 0x99, 0x31, 0x99, 0x31, 0x99, 0x31, 0x99, 0x31, 0x99, 0x31, 0x99, 0x31
.byte 0x99, 0x31, 0x99, 0x31, 0x99, 0x31, 0x99, 0x31, 0x99, 0x31, 0x99, 0x31, 0x99, 0x31, 0x99, 0x31
.byte 0x99, 0x31, 0x99, 0x31, 0x99, 0x31, 0x99, 0x31, 0x99, 0x31, 0x99, 0x31, 0x99, 0x31, 0x99, 0x31
.byte 0x99, 0x31, 0xb3, 0x31, 0x08, 0x42, 0x08, 0x42, 0x69, 0x4a, 0x6d, 0x6b, 0x35, 0xa5, 0xdb, 0xde
.byte 0xdf, 0xff, 0x00, 0x00, 0x00, 0x00, 0x00, 0x00, 0x00, 0x00, 0x00, 0x00, 0x00, 0x00, 0x00, 0x00
.byte 0x00, 0x00, 0x00, 0x00, 0x00, 0x00, 0x00, 0x00, 0x00, 0x00, 0x00, 0x00, 0x00, 0x00, 0x00, 0x00
.byte 0x00, 0x00, 0x00, 0x00, 0x00, 0x00, 0x00, 0x00, 0x00, 0x00, 0x00, 0x00, 0x00, 0x00, 0x00, 0x00
.byte 0x00, 0x00, 0x00, 0x00, 0x00, 0x00, 0x00, 0x00, 0x5a, 0x6b, 0x99, 0x31, 0x99, 0x31, 0x99, 0x31
.byte 0x99, 0x31, 0x99, 0x31, 0x99, 0x31, 0x99, 0x31, 0x99, 0x31, 0x99, 0x31, 0x99, 0x31, 0x99, 0x31
.byte 0x99, 0x31, 0x99, 0x31, 0x99, 0x31, 0x99, 0x31, 0x99, 0x31, 0x99, 0x31, 0x99, 0x31, 0x99, 0x31
.byte 0x99, 0x31, 0x99, 0x31, 0x99, 0x31, 0x99, 0x31, 0x99, 0x31, 0x99, 0x31, 0x99, 0x31, 0x99, 0x31
.byte 0x99, 0x31, 0x99, 0x31, 0x99, 0x31, 0x99, 0x31, 0x99, 0x31, 0x99, 0x31, 0x99, 0x31, 0x99, 0x31
.byte 0x99, 0x31, 0x99, 0x31, 0x99, 0x31, 0x99, 0x31, 0x99, 0x31, 0x99, 0x31, 0x99, 0x31, 0x99, 0x31
.byte 0x99, 0x31, 0x99, 0x31, 0x99, 0x31, 0x99, 0x31, 0x99, 0x31, 0x99, 0x31, 0x99, 0x31, 0x99, 0x31
.byte 0x99, 0x31, 0x99, 0x31, 0x99, 0x31, 0x99, 0x31, 0x99, 0x31, 0x99, 0x31, 0x99, 0x31, 0x99, 0x31
.byte 0x99, 0x31, 0xcd, 0x39, 0x08, 0x42, 0x08, 0x42, 0x69, 0x4a, 0x6d, 0x6b, 0xd3, 0x9c, 0xdb, 0xde
.byte 0x9e, 0xf7, 0x00, 0x00, 0x00, 0x00, 0x00, 0x00, 0x00, 0x00, 0x00, 0x00, 0x00, 0x00, 0x00, 0x00
.byte 0x00, 0x00, 0x00, 0x00, 0x00, 0x00, 0x00, 0x00, 0x00, 0x00, 0x00, 0x00, 0x00, 0x00, 0x00, 0x00
.byte 0x00, 0x00, 0x00, 0x00, 0x00, 0x00, 0x00, 0x00, 0x00, 0x00, 0x3c, 0xe7, 0x99, 0x52, 0x99, 0x31
.byte 0x99, 0x31, 0x99, 0x31, 0x99, 0x31, 0x99, 0x31, 0x99, 0x31, 0x99, 0x31, 0x99, 0x31, 0x99, 0x31
.byte 0x99, 0x31, 0x99, 0x31, 0x99, 0x31, 0x99, 0x31, 0x99, 0x31, 0x99, 0x31, 0x99, 0x31, 0x99, 0x31
.byte 0x99, 0x31, 0x99, 0x31, 0x99, 0x31, 0x99, 0x31, 0x99, 0x31, 0x99, 0x31, 0x99, 0x31, 0x99, 0x31
.byte 0x99, 0x31, 0x99, 0x31, 0x99, 0x31, 0x99, 0x31, 0x99, 0x31, 0x99, 0x31, 0x99, 0x31, 0x99, 0x31
.byte 0x99, 0x31, 0x99, 0x31, 0x99, 0x31, 0x99, 0x31, 0x99, 0x31, 0x99, 0x31, 0x99, 0x31, 0x99, 0x31
.byte 0x99, 0x31, 0x99, 0x31, 0x99, 0x31, 0x99, 0x31, 0x99, 0x31, 0x99, 0x31, 0x99, 0x31, 0x99, 0x31
.byte 0x99, 0x31, 0x99, 0x31, 0x99, 0x31, 0x99, 0x31, 0x99, 0x31, 0x99, 0x31, 0x99, 0x31, 0x99, 0x31
.byte 0x99, 0x31, 0x99, 0x31, 0x99, 0x31, 0x99, 0x31, 0x99, 0x31, 0x99, 0x31, 0x99, 0x31, 0x99, 0x31
.byte 0x99, 0x31, 0x99, 0x31, 0x99, 0x31, 0x99, 0x31, 0x99, 0x31, 0x99, 0x31, 0x99, 0x31, 0x99, 0x31
.byte 0x99, 0x31, 0x99, 0x31, 0x99, 0x31, 0x99, 0x31, 0x99, 0x31, 0x99, 0x31, 0x99, 0x31, 0x99, 0x31
.byte 0x99, 0x31, 0x99, 0x31, 0x99, 0x31, 0x99, 0x31, 0x99, 0x31, 0x99, 0x31, 0x99, 0x31, 0x99, 0x31
.byte 0x99, 0x31, 0x99, 0x31, 0x99, 0x31, 0x99, 0x31, 0x99, 0x31, 0x99, 0x31, 0x99, 0x31, 0x99, 0x31
.byte 0x99, 0x31, 0x99, 0x31, 0x99, 0x31, 0x99, 0x31, 0x99, 0x31, 0x99, 0x31, 0x99, 0x31, 0x99, 0x31
.byte 0x99, 0x31, 0x99, 0x31, 0x99, 0x31, 0x99, 0x31, 0x99, 0x31, 0x99, 0x31, 0x99, 0x31, 0x99, 0x31
.byte 0x99, 0x31, 0xcd, 0x39, 0x08, 0x42, 0x08, 0x42, 0xcb, 0x5a, 0x71, 0x8c, 0xb6, 0xb5, 0x3c, 0xe7
.byte 0xdf, 0xff, 0x00, 0x00, 0x00, 0x00, 0x00, 0x00, 0x00, 0x00, 0x00, 0x00, 0x00, 0x00, 0x00, 0x00
.byte 0x00, 0x00, 0x00, 0x00, 0x00, 0x00, 0x00, 0x00, 0x00, 0x00, 0x00, 0x00, 0x00, 0x00, 0x00, 0x00
.byte 0x00, 0x00, 0x00, 0x00, 0x00, 0x00, 0x00, 0x00, 0x00, 0x00, 0x00, 0x00, 0x00, 0x00, 0x00, 0x00
.byte 0x00, 0x00, 0x00, 0x00, 0x00, 0x00, 0x00, 0x00, 0x5a, 0x6b, 0x99, 0x31, 0x99, 0x31, 0x99, 0x31
.byte 0x99, 0x31, 0x99, 0x31, 0x99, 0x31, 0x99, 0x31, 0x99, 0x31, 0x99, 0x31, 0x99, 0x31, 0x99, 0x31
.byte 0x99, 0x31, 0x99, 0x31, 0x99, 0x31, 0x99, 0x31, 0x99, 0x31, 0x99, 0x31, 0x99, 0x31, 0x99, 0x31
.byte 0x99, 0x31, 0x99, 0x31, 0x99, 0x31, 0x99, 0x31, 0x99, 0x31, 0x99, 0x31, 0x99, 0x31, 0x99, 0x31
.byte 0x99, 0x31, 0x99, 0x31, 0x99, 0x31, 0x99, 0x31, 0x99, 0x31, 0x99, 0x31, 0x99, 0x31, 0x99, 0x31
.byte 0x99, 0x31, 0x99, 0x31, 0x99, 0x31, 0x99, 0x31, 0x99, 0x31, 0x99, 0x31, 0x99, 0x31, 0x99, 0x31
.byte 0x99, 0x31, 0x99, 0x31, 0x99, 0x31, 0x99, 0x31, 0x99, 0x31, 0x99, 0x31, 0x99, 0x31, 0x99, 0x31
.byte 0x99, 0x31, 0x99, 0x31, 0x99, 0x31, 0x99, 0x31, 0x99, 0x31, 0x99, 0x31, 0x99, 0x31, 0x99, 0x31
.byte 0xd8, 0x39, 0x08, 0x42, 0x08, 0x42, 0x08, 0x42, 0xcb, 0x5a, 0xf0, 0x7b, 0xb6, 0xb5, 0x3c, 0xe7
.byte 0xdf, 0xff, 0x00, 0x00, 0x00, 0x00, 0x00, 0x00, 0x00, 0x00, 0x00, 0x00, 0x00, 0x00, 0x00, 0x00
.byte 0x00, 0x00, 0x00, 0x00, 0x00, 0x00, 0x00, 0x00, 0x00, 0x00, 0x00, 0x00, 0x00, 0x00, 0x00, 0x00
.byte 0x00, 0x00, 0x00, 0x00, 0x00, 0x00, 0x00, 0x00, 0x00, 0x00, 0xdf, 0xff, 0xfb, 0x7b, 0x99, 0x31
.byte 0x99, 0x31, 0x99, 0x31, 0x99, 0x31, 0x99, 0x31, 0x99, 0x31, 0x99, 0x31, 0x99, 0x31, 0x99, 0x31
.byte 0x99, 0x31, 0x99, 0x31, 0x99, 0x31, 0x99, 0x31, 0x99, 0x31, 0x99, 0x31, 0x99, 0x31, 0x99, 0x31
.byte 0x99, 0x31, 0x99, 0x31, 0x99, 0x31, 0x99, 0x31, 0x99, 0x31, 0x99, 0x31, 0x99, 0x31, 0x99, 0x31
.byte 0x99, 0x31, 0x99, 0x31, 0x99, 0x31, 0x99, 0x31, 0x99, 0x31, 0x99, 0x31, 0x99, 0x31, 0x99, 0x31
.byte 0x99, 0x31, 0x99, 0x31, 0x99, 0x31, 0x99, 0x31, 0x99, 0x31, 0x99, 0x31, 0x99, 0x31, 0x99, 0x31
.byte 0x99, 0x31, 0x99, 0x31, 0x99, 0x31, 0x99, 0x31, 0x99, 0x31, 0x99, 0x31, 0x99, 0x31, 0x99, 0x31
.byte 0x99, 0x31, 0x99, 0x31, 0x99, 0x31, 0x99, 0x31, 0x99, 0x31, 0x99, 0x31, 0x99, 0x31, 0x99, 0x31
.byte 0x99, 0x31, 0x99, 0x31, 0x99, 0x31, 0x99, 0x31, 0x99, 0x31, 0x99, 0x31, 0x99, 0x31, 0x99, 0x31
.byte 0x99, 0x31, 0x99, 0x31, 0x99, 0x31, 0x99, 0x31, 0x99, 0x31, 0x99, 0x31, 0x99, 0x31, 0x99, 0x31
.byte 0x99, 0x31, 0x99, 0x31, 0x99, 0x31, 0x99, 0x31, 0x99, 0x31, 0x99, 0x31, 0x99, 0x31, 0x99, 0x31
.byte 0x99, 0x31, 0x99, 0x31, 0x99, 0x31, 0x99, 0x31, 0x99, 0x31, 0x99, 0x31, 0x99, 0x31, 0x99, 0x31
.byte 0x99, 0x31, 0x99, 0x31, 0x99, 0x31, 0x99, 0x31, 0x99, 0x31, 0x99, 0x31, 0x99, 0x31, 0x99, 0x31
.byte 0x99, 0x31, 0x99, 0x31, 0x99, 0x31, 0x99, 0x31, 0x99, 0x31, 0x99, 0x31, 0x99, 0x31, 0x99, 0x31
.byte 0x99, 0x31, 0x99, 0x31, 0x99, 0x31, 0x99, 0x31, 0x99, 0x31, 0x99, 0x31, 0x99, 0x31, 0x99, 0x31
.byte 0xd8, 0x39, 0x08, 0x42, 0x08, 0x42, 0x69, 0x4a, 0x6d, 0x6b, 0xd3, 0x9c, 0xdb, 0xde, 0x9e, 0xf7
.byte 0x00, 0x00, 0x00, 0x00, 0x00, 0x00, 0x00, 0x00, 0x00, 0x00, 0x00, 0x00, 0x00, 0x00, 0x00, 0x00
.byte 0x00, 0x00, 0x00, 0x00, 0x00, 0x00, 0x00, 0x00, 0x00, 0x00, 0x00, 0x00, 0x00, 0x00, 0x00, 0x00
.byte 0x00, 0x00, 0x00, 0x00, 0x00, 0x00, 0x00, 0x00, 0x00, 0x00, 0x00, 0x00, 0x00, 0x00, 0x00, 0x00
.byte 0x00, 0x00, 0x00, 0x00, 0x00, 0x00, 0x00, 0x00, 0x5a, 0x6b, 0x99, 0x31, 0x99, 0x31, 0x99, 0x31
.byte 0x99, 0x31, 0x99, 0x31, 0x99, 0x31, 0x99, 0x31, 0x99, 0x31, 0x99, 0x31, 0x99, 0x31, 0x99, 0x31
.byte 0x99, 0x31, 0x99, 0x31, 0x99, 0x31, 0x99, 0x31, 0x99, 0x31, 0x99, 0x31, 0x99, 0x31, 0x99, 0x31
.byte 0x99, 0x31, 0x99, 0x31, 0x99, 0x31, 0x99, 0x31, 0x99, 0x31, 0x99, 0x31, 0x99, 0x31, 0x99, 0x31
.byte 0x99, 0x31, 0x99, 0x31, 0x99, 0x31, 0x99, 0x31, 0x99, 0x31, 0x99, 0x31, 0x99, 0x31, 0x99, 0x31
.byte 0x99, 0x31, 0x99, 0x31, 0x99, 0x31, 0x99, 0x31, 0x99, 0x31, 0x99, 0x31, 0x99, 0x31, 0x99, 0x31
.byte 0x99, 0x31, 0x99, 0x31, 0x99, 0x31, 0x99, 0x31, 0x99, 0x31, 0x99, 0x31, 0x99, 0x31, 0x99, 0x31
.byte 0x99, 0x31, 0x99, 0x31, 0x99, 0x31, 0x99, 0x31, 0x99, 0x31, 0x99, 0x31, 0x99, 0x31, 0x99, 0x31
.byte 0xcd, 0x39, 0x08, 0x42, 0x08, 0x42, 0x69, 0x4a, 0x6d, 0x6b, 0xd3, 0x9c, 0x38, 0xc6, 0x9e, 0xf7
.byte 0x00, 0x00, 0x00, 0x00, 0x00, 0x00, 0x00, 0x00, 0x00, 0x00, 0x00, 0x00, 0x00, 0x00, 0x00, 0x00
.byte 0x00, 0x00, 0x00, 0x00, 0x00, 0x00, 0x00, 0x00, 0x00, 0x00, 0x00, 0x00, 0x00, 0x00, 0x00, 0x00
.byte 0x00, 0x00, 0x00, 0x00, 0x00, 0x00, 0x00, 0x00, 0x00, 0x00, 0x00, 0x00, 0x1d, 0xc6, 0x99, 0x31
.byte 0x99, 0x31, 0x99, 0x31, 0x99, 0x31, 0x99, 0x31, 0x99, 0x31, 0x99, 0x31, 0x99, 0x31, 0x99, 0x31
.byte 0x99, 0x31, 0x99, 0x31, 0x99, 0x31, 0x99, 0x31, 0x99, 0x31, 0x99, 0x31, 0x99, 0x31, 0x99, 0x31
.byte 0x99, 0x31, 0x99, 0x31, 0x99, 0x31, 0x99, 0x31, 0x99, 0x31, 0x99, 0x31, 0x99, 0x31, 0x99, 0x31
.byte 0x99, 0x31, 0x99, 0x31, 0x99, 0x31, 0x99, 0x31, 0x99, 0x31, 0x99, 0x31, 0x99, 0x31, 0x99, 0x31
.byte 0x99, 0x31, 0x99, 0x31, 0x99, 0x31, 0x99, 0x31, 0x99, 0x31, 0x99, 0x31, 0x99, 0x31, 0x99, 0x31
.byte 0x99, 0x31, 0x99, 0x31, 0x99, 0x31, 0x99, 0x31, 0x99, 0x31, 0x99, 0x31, 0x99, 0x31, 0x99, 0x31
.byte 0x99, 0x31, 0x99, 0x31, 0x99, 0x31, 0x99, 0x31, 0x99, 0x31, 0x99, 0x31, 0x99, 0x31, 0x99, 0x31
.byte 0x99, 0x31, 0x99, 0x31, 0x99, 0x31, 0x99, 0x31, 0x99, 0x31, 0x99, 0x31, 0x99, 0x31, 0x99, 0x31
.byte 0x99, 0x31, 0x99, 0x31, 0x99, 0x31, 0x99, 0x31, 0x99, 0x31, 0x99, 0x31, 0x99, 0x31, 0x99, 0x31
.byte 0x99, 0x31, 0x99, 0x31, 0x99, 0x31, 0x99, 0x31, 0x99, 0x31, 0x99, 0x31, 0x99, 0x31, 0x99, 0x31
.byte 0x99, 0x31, 0x99, 0x31, 0x99, 0x31, 0x99, 0x31, 0x99, 0x31, 0x99, 0x31, 0x99, 0x31, 0x99, 0x31
.byte 0x99, 0x31, 0x99, 0x31, 0x99, 0x31, 0x99, 0x31, 0x99, 0x31, 0x99, 0x31, 0x99, 0x31, 0x99, 0x31
.byte 0x99, 0x31, 0x99, 0x31, 0x99, 0x31, 0x99, 0x31, 0x99, 0x31, 0x99, 0x31, 0x99, 0x31, 0x99, 0x31
.byte 0x99, 0x31, 0x99, 0x31, 0x99, 0x31, 0x99, 0x31, 0x99, 0x31, 0x99, 0x31, 0x99, 0x31, 0x99, 0x31
.byte 0xcd, 0x39, 0x08, 0x42, 0x08, 0x42, 0xcb, 0x5a, 0xf0, 0x7b, 0xb6, 0xb5, 0xdb, 0xde, 0xdf, 0xff
.byte 0x00, 0x00, 0x00, 0x00, 0x00, 0x00, 0x00, 0x00, 0x00, 0x00, 0x00, 0x00, 0x00, 0x00, 0x00, 0x00
.byte 0x00, 0x00, 0x00, 0x00, 0x00, 0x00, 0x00, 0x00, 0x00, 0x00, 0x00, 0x00, 0x00, 0x00, 0x00, 0x00
.byte 0x00, 0x00, 0x00, 0x00, 0x00, 0x00, 0x00, 0x00, 0x00, 0x00, 0x00, 0x00, 0x00, 0x00, 0x00, 0x00
.byte 0x00, 0x00, 0x00, 0x00, 0x00, 0x00, 0x00, 0x00, 0x5a, 0x6b, 0x99, 0x31, 0x99, 0x31, 0x99, 0x31
.byte 0x99, 0x31, 0x99, 0x31, 0x99, 0x31, 0x99, 0x31, 0x99, 0x31, 0x99, 0x31, 0x99, 0x31, 0x99, 0x31
.byte 0x99, 0x31, 0x99, 0x31, 0x99, 0x31, 0x99, 0x31, 0x99, 0x31, 0x99, 0x31, 0x99, 0x31, 0x99, 0x31
.byte 0x99, 0x31, 0x99, 0x31, 0x99, 0x31, 0x99, 0x31, 0x99, 0x31, 0x99, 0x31, 0x99, 0x31, 0x99, 0x31
.byte 0x99, 0x31, 0x99, 0x31, 0x99, 0x31, 0x99, 0x31, 0x99, 0x31, 0x99, 0x31, 0x99, 0x31, 0x99, 0x31
.byte 0x99, 0x31, 0x99, 0x31, 0x99, 0x31, 0x99, 0x31, 0x99, 0x31, 0x99, 0x31, 0x99, 0x31, 0x99, 0x31
.byte 0x99, 0x31, 0x99, 0x31, 0x99, 0x31, 0x99, 0x31, 0x99, 0x31, 0x99, 0x31, 0x99, 0x31, 0x99, 0x31
.byte 0x99, 0x31, 0x99, 0x31, 0x99, 0x31, 0x99, 0x31, 0x99, 0x31, 0x99, 0x31, 0x99, 0x31, 0xb3, 0x31
.byte 0x08, 0x42, 0x08, 0x42, 0x08, 0x42, 0xcb, 0x5a, 0xf0, 0x7b, 0xb6, 0xb5, 0x3c, 0xe7, 0xdf, 0xff
.byte 0x00, 0x00, 0x00, 0x00, 0x00, 0x00, 0x00, 0x00, 0x00, 0x00, 0x00, 0x00, 0x00, 0x00, 0x00, 0x00
.byte 0x00, 0x00, 0x00, 0x00, 0x00, 0x00, 0x00, 0x00, 0x00, 0x00, 0x00, 0x00, 0x00, 0x00, 0x00, 0x00
.byte 0x00, 0x00, 0x00, 0x00, 0x00, 0x00, 0x00, 0x00, 0x00, 0x00, 0x00, 0x00, 0xdf, 0xff, 0x99, 0x52
.byte 0x99, 0x31, 0x99, 0x31, 0x99, 0x31, 0x99, 0x31, 0x99, 0x31, 0x99, 0x31, 0x99, 0x31, 0x99, 0x31
.byte 0x99, 0x31, 0x99, 0x31, 0x99, 0x31, 0x99, 0x31, 0x99, 0x31, 0x99, 0x31, 0x99, 0x31, 0x99, 0x31
.byte 0x99, 0x31, 0x99, 0x31, 0x99, 0x31, 0x99, 0x31, 0x99, 0x31, 0x99, 0x31, 0x99, 0x31, 0x99, 0x31
.byte 0x99, 0x31, 0x99, 0x31, 0x99, 0x31, 0x99, 0x31, 0x99, 0x31, 0x99, 0x31, 0x99, 0x31, 0x99, 0x31
.byte 0x99, 0x31, 0x99, 0x31, 0x99, 0x31, 0x99, 0x31, 0x99, 0x31, 0x99, 0x31, 0x99, 0x31, 0x99, 0x31
.byte 0x99, 0x31, 0x99, 0x31, 0x99, 0x31, 0x99, 0x31, 0x99, 0x31, 0x99, 0x31, 0x99, 0x31, 0x99, 0x31
.byte 0x99, 0x31, 0x99, 0x31, 0x99, 0x31, 0x99, 0x31, 0x99, 0x31, 0x99, 0x31, 0x99, 0x31, 0x99, 0x31
.byte 0x99, 0x31, 0x99, 0x31, 0x99, 0x31, 0x99, 0x31, 0x99, 0x31, 0x99, 0x31, 0x99, 0x31, 0x99, 0x31
.byte 0x99, 0x31, 0x99, 0x31, 0x99, 0x31, 0x99, 0x31, 0x99, 0x31, 0x99, 0x31, 0x99, 0x31, 0x99, 0x31
.byte 0x99, 0x31, 0x99, 0x31, 0x99, 0x31, 0x99, 0x31, 0x99, 0x31, 0x99, 0x31, 0x99, 0x31, 0x99, 0x31
.byte 0x99, 0x31, 0x99, 0x31, 0x99, 0x31, 0x99, 0x31, 0x99, 0x31, 0x99, 0x31, 0x99, 0x31, 0x99, 0x31
.byte 0x99, 0x31, 0x99, 0x31, 0x99, 0x31, 0x99, 0x31, 0x99, 0x31, 0x99, 0x31, 0x99, 0x31, 0x99, 0x31
.byte 0x99, 0x31, 0x99, 0x31, 0x99, 0x31, 0x99, 0x31, 0x99, 0x31, 0x99, 0x31, 0x99, 0x31, 0x99, 0x31
.byte 0x99, 0x31, 0x99, 0x31, 0x99, 0x31, 0x99, 0x31, 0x99, 0x31, 0x99, 0x31, 0x99, 0x31, 0xd8, 0x39
.byte 0x08, 0x42, 0x08, 0x42, 0x69, 0x4a, 0xcb, 0x5a, 0x71, 0x8c, 0x38, 0xc6, 0x9e, 0xf7, 0xdf, 0xff
.byte 0x00, 0x00, 0x00, 0x00, 0x00, 0x00, 0x00, 0x00, 0x00, 0x00, 0x00, 0x00, 0x00, 0x00, 0x00, 0x00
.byte 0x00, 0x00, 0x00, 0x00, 0x00, 0x00, 0x00, 0x00, 0x00, 0x00, 0x00, 0x00, 0x00, 0x00, 0x00, 0x00
.byte 0x00, 0x00, 0x00, 0x00, 0x00, 0x00, 0x00, 0x00, 0x00, 0x00, 0x00, 0x00, 0x00, 0x00, 0x00, 0x00
.byte 0x00, 0x00, 0x00, 0x00, 0x00, 0x00, 0x00, 0x00, 0x5a, 0x6b, 0x99, 0x31, 0x99, 0x31, 0x99, 0x31
.byte 0x99, 0x31, 0x99, 0x31, 0x99, 0x31, 0x99, 0x31, 0x99, 0x31, 0x99, 0x31, 0x99, 0x31, 0x99, 0x31
.byte 0x99, 0x31, 0x99, 0x31, 0x99, 0x31, 0x99, 0x31, 0x99, 0x31, 0x99, 0x31, 0x99, 0x31, 0x99, 0x31
.byte 0x99, 0x31, 0x99, 0x31, 0x99, 0x31, 0x99, 0x31, 0x99, 0x31, 0x99, 0x31, 0x99, 0x31, 0x99, 0x31
.byte 0x99, 0x31, 0x99, 0x31, 0x99, 0x31, 0x99, 0x31, 0x99, 0x31, 0x99, 0x31, 0x99, 0x31, 0x99, 0x31
.byte 0x99, 0x31, 0x99, 0x31, 0x99, 0x31, 0x99, 0x31, 0x99, 0x31, 0x99, 0x31, 0x99, 0x31, 0x99, 0x31
.byte 0x99, 0x31, 0x99, 0x31, 0x99, 0x31, 0x99, 0x31, 0x99, 0x31, 0x99, 0x31, 0x99, 0x31, 0x99, 0x31
.byte 0x99, 0x31, 0x99, 0x31, 0x99, 0x31, 0x99, 0x31, 0x99, 0x31, 0x99, 0x31, 0xb3, 0x31, 0x08, 0x42
.byte 0x08, 0x42, 0x08, 0x42, 0x69, 0x4a, 0x6d, 0x6b, 0xd3, 0x9c, 0xdb, 0xde, 0x9e, 0xf7, 0x00, 0x00
.byte 0x00, 0x00, 0x00, 0x00, 0x00, 0x00, 0x00, 0x00, 0x00, 0x00, 0x00, 0x00, 0x00, 0x00, 0x00, 0x00
.byte 0x00, 0x00, 0x00, 0x00, 0x00, 0x00, 0x00, 0x00, 0x00, 0x00, 0x00, 0x00, 0x00, 0x00, 0x00, 0x00
.byte 0x00, 0x00, 0x00, 0x00, 0x00, 0x00, 0x00, 0x00, 0x00, 0x00, 0x00, 0x00, 0xdf, 0xff, 0x9c, 0xb5
.byte 0x99, 0x31, 0x99, 0x31, 0x99, 0x31, 0x99, 0x31, 0x99, 0x31, 0x99, 0x31, 0x99, 0x31, 0x99, 0x31
.byte 0x99, 0x31, 0x99, 0x31, 0x99, 0x31, 0x99, 0x31, 0x99, 0x31, 0x99, 0x31, 0x99, 0x31, 0x99, 0x31
.byte 0x99, 0x31, 0x99, 0x31, 0x99, 0x31, 0x99, 0x31, 0x99, 0x31, 0x99, 0x31, 0x99, 0x31, 0x99, 0x31
.byte 0x99, 0x31, 0x99, 0x31, 0x99, 0x31, 0x99, 0x31, 0x99, 0x31, 0x99, 0x31, 0x99, 0x31, 0x99, 0x31
.byte 0x99, 0x31, 0x99, 0x31, 0x99, 0x31, 0x99, 0x31, 0x99, 0x31, 0x99, 0x31, 0x99, 0x31, 0x99, 0x31
.byte 0x99, 0x31, 0x99, 0x31, 0x99, 0x31, 0x99, 0x31, 0x99, 0x31, 0x99, 0x31, 0x99, 0x31, 0x99, 0x31
.byte 0x99, 0x31, 0x99, 0x31, 0x99, 0x31, 0x99, 0x31, 0x99, 0x31, 0x99, 0x31, 0x99, 0x31, 0x99, 0x31
.byte 0x99, 0x31, 0x99, 0x31, 0x99, 0x31, 0x99, 0x31, 0x99, 0x31, 0x99, 0x31, 0x99, 0x31, 0x99, 0x31
.byte 0x99, 0x31, 0x99, 0x31, 0x99, 0x31, 0x99, 0x31, 0x99, 0x31, 0x99, 0x31, 0x99, 0x31, 0x99, 0x31
.byte 0x99, 0x31, 0x99, 0x31, 0x99, 0x31, 0x99, 0x31, 0x99, 0x31, 0x99, 0x31, 0x99, 0x31, 0x99, 0x31
.byte 0x99, 0x31, 0x99, 0x31, 0x99, 0x31, 0x99, 0x31, 0x99, 0x31, 0x99, 0x31, 0x99, 0x31, 0x99, 0x31
.byte 0x99, 0x31, 0x99, 0x31, 0x99, 0x31, 0x99, 0x31, 0x99, 0x31, 0x99, 0x31, 0x99, 0x31, 0x99, 0x31
.byte 0x99, 0x31, 0x99, 0x31, 0x99, 0x31, 0x99, 0x31, 0x99, 0x31, 0x99, 0x31, 0x99, 0x31, 0x99, 0x31
.byte 0x99, 0x31, 0x99, 0x31, 0x99, 0x31, 0x99, 0x31, 0x99, 0x31, 0x99, 0x31, 0x99, 0x31, 0xcd, 0x39
.byte 0x08, 0x42, 0x08, 0x42, 0x69, 0x4a, 0xf0, 0x7b, 0x35, 0xa5, 0xdb, 0xde, 0x9e, 0xf7, 0x00, 0x00
.byte 0x00, 0x00, 0x00, 0x00, 0x00, 0x00, 0x00, 0x00, 0x00, 0x00, 0x00, 0x00, 0x00, 0x00, 0x00, 0x00
.byte 0x00, 0x00, 0x00, 0x00, 0x00, 0x00, 0x00, 0x00, 0x00, 0x00, 0x00, 0x00, 0x00, 0x00, 0x00, 0x00
.byte 0x00, 0x00, 0x00, 0x00, 0x00, 0x00, 0x00, 0x00, 0x00, 0x00, 0x00, 0x00, 0x00, 0x00, 0x00, 0x00
.byte 0x00, 0x00, 0x00, 0x00, 0x00, 0x00, 0x00, 0x00, 0xfb, 0x7b, 0x99, 0x31, 0x99, 0x31, 0x99, 0x31
.byte 0x99, 0x31, 0x99, 0x31, 0x99, 0x31, 0x99, 0x31, 0x99, 0x31, 0x99, 0x31, 0x99, 0x31, 0x99, 0x31
.byte 0x99, 0x31, 0x99, 0x31, 0x99, 0x31, 0x99, 0x31, 0x99, 0x31, 0x99, 0x31, 0x99, 0x31, 0x99, 0x31
.byte 0x99, 0x31, 0x99, 0x31, 0x99, 0x31, 0x99, 0x31, 0x99, 0x31, 0x99, 0x31, 0x99, 0x31, 0x99, 0x31
.byte 0x99, 0x31, 0x99, 0x31, 0x99, 0x31, 0x99, 0x31, 0x99, 0x31, 0x99, 0x31, 0x99, 0x31, 0x99, 0x31
.byte 0x99, 0x31, 0x99, 0x31, 0x99, 0x31, 0x99, 0x31, 0x99, 0x31, 0x99, 0x31, 0x99, 0x31, 0x99, 0x31
.byte 0x99, 0x31, 0x99, 0x31, 0x99, 0x31, 0x99, 0x31, 0x99, 0x31, 0x99, 0x31, 0x99, 0x31, 0x99, 0x31
.byte 0x99, 0x31, 0x99, 0x31, 0x99, 0x31, 0x99, 0x31, 0x99, 0x31, 0xd8, 0x39, 0x08, 0x42, 0x08, 0x42
.byte 0x08, 0x42, 0x69, 0x4a, 0xcb, 0x5a, 0x71, 0x8c, 0x38, 0xc6, 0x3c, 0xe7, 0xdf, 0xff, 0x00, 0x00
.byte 0x00, 0x00, 0x00, 0x00, 0x00, 0x00, 0x00, 0x00, 0x00, 0x00, 0x00, 0x00, 0x00, 0x00, 0x00, 0x00
.byte 0x00, 0x00, 0x00, 0x00, 0x00, 0x00, 0x00, 0x00, 0x00, 0x00, 0x00, 0x00, 0x00, 0x00, 0x00, 0x00
.byte 0x00, 0x00, 0x00, 0x00, 0x00, 0x00, 0x00, 0x00, 0x00, 0x00, 0x00, 0x00, 0x00, 0x00, 0x9e, 0xf7
.byte 0x99, 0x52, 0x99, 0x31, 0x99, 0x31, 0x99, 0x31, 0x99, 0x31, 0x99, 0x31, 0x99, 0x31, 0x99, 0x31
.byte 0x99, 0x31, 0x99, 0x31, 0x99, 0x31, 0x99, 0x31, 0x99, 0x31, 0x99, 0x31, 0x99, 0x31, 0x99, 0x31
.byte 0x99, 0x31, 0x99, 0x31, 0x99, 0x31, 0x99, 0x31, 0x99, 0x31, 0x99, 0x31, 0x99, 0x31, 0x99, 0x31
.byte 0x99, 0x31, 0x99, 0x31, 0x99, 0x31, 0x99, 0x31, 0x99, 0x31, 0x99, 0x31, 0x99, 0x31, 0x99, 0x31
.byte 0x99, 0x31, 0x99, 0x31, 0x99, 0x31, 0x99, 0x31, 0x99, 0x31, 0x99, 0x31, 0x99, 0x31, 0x99, 0x31
.byte 0x99, 0x31, 0x99, 0x31, 0x99, 0x31, 0x99, 0x31, 0x99, 0x31, 0x99, 0x31, 0x99, 0x31, 0x99, 0x31
.byte 0x99, 0x31, 0x99, 0x31, 0x99, 0x31, 0x99, 0x31, 0x99, 0x31, 0x99, 0x31, 0x99, 0x31, 0x99, 0x31
.byte 0x99, 0x31, 0x99, 0x31, 0x99, 0x31, 0x99, 0x31, 0x99, 0x31, 0x99, 0x31, 0x99, 0x31, 0x99, 0x31
.byte 0x99, 0x31, 0x99, 0x31, 0x99, 0x31, 0x99, 0x31, 0x99, 0x31, 0x99, 0x31, 0x99, 0x31, 0x99, 0x31
.byte 0x99, 0x31, 0x99, 0x31, 0x99, 0x31, 0x99, 0x31, 0x99, 0x31, 0x99, 0x31, 0x99, 0x31, 0x99, 0x31
.byte 0x99, 0x31, 0x99, 0x31, 0x99, 0x31, 0x99, 0x31, 0x99, 0x31, 0x99, 0x31, 0x99, 0x31, 0x99, 0x31
.byte 0x99, 0x31, 0x99, 0x31, 0x99, 0x31, 0x99, 0x31, 0x99, 0x31, 0x99, 0x31, 0x99, 0x31, 0x99, 0x31
.byte 0x99, 0x31, 0x99, 0x31, 0x99, 0x31, 0x99, 0x31, 0x99, 0x31, 0x99, 0x31, 0x99, 0x31, 0x99, 0x31
.byte 0x99, 0x31, 0x99, 0x31, 0x99, 0x31, 0x99, 0x31, 0x99, 0x31, 0x99, 0x31, 0xb3, 0x31, 0x08, 0x42
.byte 0x08, 0x42, 0x69, 0x4a, 0xcb, 0x5a, 0x71, 0x8c, 0x38, 0xc6, 0x3c, 0xe7, 0xdf, 0xff, 0x00, 0x00
.byte 0x00, 0x00, 0x00, 0x00, 0x00, 0x00, 0x00, 0x00, 0x00, 0x00, 0x00, 0x00, 0x00, 0x00, 0x00, 0x00
.byte 0x00, 0x00, 0x00, 0x00, 0x00, 0x00, 0x00, 0x00, 0x00, 0x00, 0x00, 0x00, 0x00, 0x00, 0x00, 0x00
.byte 0x00, 0x00, 0x00, 0x00, 0x00, 0x00, 0x00, 0x00, 0x00, 0x00, 0x00, 0x00, 0x00, 0x00, 0x00, 0x00
.byte 0x00, 0x00, 0x00, 0x00, 0x00, 0x00, 0x00, 0x00, 0xfb, 0x7b, 0x99, 0x31, 0x99, 0x31, 0x99, 0x31
.byte 0x99, 0x31, 0x99, 0x31, 0x99, 0x31, 0x99, 0x31, 0x99, 0x31, 0x99, 0x31, 0x99, 0x31, 0x99, 0x31
.byte 0x99, 0x31, 0x99, 0x31, 0x99, 0x31, 0x99, 0x31, 0x99, 0x31, 0x99, 0x31, 0x99, 0x31, 0x99, 0x31
.byte 0x99, 0x31, 0x99, 0x31, 0x99, 0x31, 0x99, 0x31, 0x99, 0x31, 0x99, 0x31, 0x99, 0x31, 0x99, 0x31
.byte 0x99, 0x31, 0x99, 0x31, 0x99, 0x31, 0x99, 0x31, 0x99, 0x31, 0x99, 0x31, 0x99, 0x31, 0x99, 0x31
.byte 0x99, 0x31, 0x99, 0x31, 0x99, 0x31, 0x99, 0x31, 0x99, 0x31, 0x99, 0x31, 0x99, 0x31, 0x99, 0x31
.byte 0x99, 0x31, 0x99, 0x31, 0x99, 0x31, 0x99, 0x31, 0x99, 0x31, 0x99, 0x31, 0x99, 0x31, 0x99, 0x31
.byte 0x99, 0x31, 0x99, 0x31, 0x99, 0x31, 0x99, 0x31, 0xd8, 0x39, 0x08, 0x42, 0x08, 0x42, 0x08, 0x42
.byte 0x08, 0x42, 0xcb, 0x5a, 0xf0, 0x7b, 0x35, 0xa5, 0xdb, 0xde, 0x9e, 0xf7, 0x00, 0x00, 0x00, 0x00
.byte 0x00, 0x00, 0x00, 0x00, 0x00, 0x00, 0x00, 0x00, 0x00, 0x00, 0x00, 0x00, 0x00, 0x00, 0x00, 0x00
.byte 0x00, 0x00, 0x00, 0x00, 0x00, 0x00, 0x00, 0x00, 0x00, 0x00, 0x00, 0x00, 0x00, 0x00, 0x00, 0x00
.byte 0x00, 0x00, 0x00, 0x00, 0x00, 0x00, 0x00, 0x00, 0x00, 0x00, 0x00, 0x00, 0x00, 0x00, 0xdf, 0xff
.byte 0x9c, 0xb5, 0x99, 0x31, 0x99, 0x31, 0x99, 0x31, 0x99, 0x31, 0x99, 0x31, 0x99, 0x31, 0x99, 0x31
.byte 0x99, 0x31, 0x99, 0x31, 0x99, 0x31, 0x99, 0x31, 0x99, 0x31, 0x99, 0x31, 0x99, 0x31, 0x99, 0x31
.byte 0x99, 0x31, 0x99, 0x31, 0x99, 0x31, 0x99, 0x31, 0x99, 0x31, 0x99, 0x31, 0x99, 0x31, 0x99, 0x31
.byte 0x99, 0x31, 0x99, 0x31, 0x99, 0x31, 0x99, 0x31, 0x99, 0x31, 0x99, 0x31, 0x99, 0x31, 0x99, 0x31
.byte 0x99, 0x31, 0x99, 0x31, 0x99, 0x31, 0x99, 0x31, 0x99, 0x31, 0x99, 0x31, 0x99, 0x31, 0x99, 0x31
.byte 0x99, 0x31, 0x99, 0x31, 0x99, 0x31, 0x99, 0x31, 0x99, 0x31, 0x99, 0x31, 0x99, 0x31, 0x99, 0x31
.byte 0x99, 0x31, 0x99, 0x31, 0x99, 0x31, 0x99, 0x31, 0x99, 0x31, 0x99, 0x31, 0x99, 0x31, 0x99, 0x31
.byte 0x99, 0x31, 0x99, 0x31, 0x99, 0x31, 0x99, 0x31, 0x99, 0x31, 0x99, 0x31, 0x99, 0x31, 0x99, 0x31
.byte 0x99, 0x31, 0x99, 0x31, 0x99, 0x31, 0x99, 0x31, 0x99, 0x31, 0x99, 0x31, 0x99, 0x31, 0x99, 0x31
.byte 0x99, 0x31, 0x99, 0x31, 0x99, 0x31, 0x99, 0x31, 0x99, 0x31, 0x99, 0x31, 0x99, 0x31, 0x99, 0x31
.byte 0x99, 0x31, 0x99, 0x31, 0x99, 0x31, 0x99, 0x31, 0x99, 0x31, 0x99, 0x31, 0x99, 0x31, 0x99, 0x31
.byte 0x99, 0x31, 0x99, 0x31, 0x99, 0x31, 0x99, 0x31, 0x99, 0x31, 0x99, 0x31, 0x99, 0x31, 0x99, 0x31
.byte 0x99, 0x31, 0x99, 0x31, 0x99, 0x31, 0x99, 0x31, 0x99, 0x31, 0x99, 0x31, 0x99, 0x31, 0x99, 0x31
.byte 0x99, 0x31, 0x99, 0x31, 0x99, 0x31, 0x99, 0x31, 0x99, 0x31, 0x99, 0x31, 0x08, 0x42, 0x08, 0x42
.byte 0x08, 0x42, 0x69, 0x4a, 0x6d, 0x6b, 0x35, 0xa5, 0xdb, 0xde, 0x9e, 0xf7, 0x00, 0x00, 0x00, 0x00
.byte 0x00, 0x00, 0x00, 0x00, 0x00, 0x00, 0x00, 0x00, 0x00, 0x00, 0x00, 0x00, 0x00, 0x00, 0x00, 0x00
.byte 0x00, 0x00, 0x00, 0x00, 0x00, 0x00, 0x00, 0x00, 0x00, 0x00, 0x00, 0x00, 0x00, 0x00, 0x00, 0x00
.byte 0x00, 0x00, 0x00, 0x00, 0x00, 0x00, 0x00, 0x00, 0x00, 0x00, 0x00, 0x00, 0x00, 0x00, 0x00, 0x00
.byte 0x00, 0x00, 0x00, 0x00, 0x00, 0x00, 0x00, 0x00, 0x9c, 0x94, 0x99, 0x31, 0x99, 0x31, 0x99, 0x31
.byte 0x99, 0x31, 0x99, 0x31, 0x99, 0x31, 0x99, 0x31, 0x99, 0x31, 0x99, 0x31, 0x99, 0x31, 0x99, 0x31
.byte 0x99, 0x31, 0x99, 0x31, 0x99, 0x31, 0x99, 0x31, 0x99, 0x31, 0x99, 0x31, 0x99, 0x31, 0x99, 0x31
.byte 0x99, 0x31, 0x99, 0x31, 0x99, 0x31, 0x99, 0x31, 0x99, 0x31, 0x99, 0x31, 0x99, 0x31, 0x99, 0x31
.byte 0x99, 0x31, 0x99, 0x31, 0x99, 0x31, 0x99, 0x31, 0x99, 0x31, 0x99, 0x31, 0x99, 0x31, 0x99, 0x31
.byte 0x99, 0x31, 0x99, 0x31, 0x99, 0x31, 0x99, 0x31, 0x99, 0x31, 0x99, 0x31, 0x99, 0x31, 0x99, 0x31
.byte 0x99, 0x31, 0x99, 0x31, 0x99, 0x31, 0x99, 0x31, 0x99, 0x31, 0x99, 0x31, 0x99, 0x31, 0x99, 0x31
.byte 0x99, 0x31, 0x99, 0x31, 0x99, 0x31, 0x99, 0x31, 0xcd, 0x39, 0x08, 0x42, 0x08, 0x42, 0x08, 0x42
.byte 0xcb, 0x5a, 0x6d, 0x6b, 0xd3, 0x9c, 0x38, 0xc6, 0x9e, 0xf7, 0xdf, 0xff, 0x00, 0x00, 0x00, 0x00
.byte 0x00, 0x00, 0x00, 0x00, 0x00, 0x00, 0x00, 0x00, 0x00, 0x00, 0x00, 0x00, 0x00, 0x00, 0x00, 0x00
.byte 0x00, 0x00, 0x00, 0x00, 0x00, 0x00, 0x00, 0x00, 0x00, 0x00, 0x00, 0x00, 0x00, 0x00, 0x00, 0x00
.byte 0x00, 0x00, 0x00, 0x00, 0x00, 0x00, 0x00, 0x00, 0x00, 0x00, 0x00, 0x00, 0x00, 0x00, 0xdf, 0xff
.byte 0x9e, 0xf7, 0x99, 0x52, 0x99, 0x31, 0x99, 0x31, 0x99, 0x31, 0x99, 0x31, 0x99, 0x31, 0x99, 0x31
.byte 0x99, 0x31, 0x99, 0x31, 0x99, 0x31, 0x99, 0x31, 0x99, 0x31, 0x99, 0x31, 0x99, 0x31, 0x99, 0x31
.byte 0x99, 0x31, 0x99, 0x31, 0x99, 0x31, 0x99, 0x31, 0x99, 0x31, 0x99, 0x31, 0x99, 0x31, 0x99, 0x31
.byte 0x99, 0x31, 0x99, 0x31, 0x99, 0x31, 0x99, 0x31, 0x99, 0x31, 0x99, 0x31, 0x99, 0x31, 0x99, 0x31
.byte 0x99, 0x31, 0x99, 0x31, 0x99, 0x31, 0x99, 0x31, 0x99, 0x31, 0x99, 0x31, 0x99, 0x31, 0x99, 0x31
.byte 0x99, 0x31, 0x99, 0x31, 0x99, 0x31, 0x99, 0x31, 0x99, 0x31, 0x99, 0x31, 0x99, 0x31, 0x99, 0x31
.byte 0x99, 0x31, 0x99, 0x31, 0x99, 0x31, 0x99, 0x31, 0x99, 0x31, 0x99, 0x31, 0x99, 0x31, 0x99, 0x31
.byte 0x99, 0x31, 0x99, 0x31, 0x99, 0x31, 0x99, 0x31, 0x99, 0x31, 0x99, 0x31, 0x99, 0x31, 0x99, 0x31
.byte 0x99, 0x31, 0x99, 0x31, 0x99, 0x31, 0x99, 0x31, 0x99, 0x31, 0x99, 0x31, 0x99, 0x31, 0x99, 0x31
.byte 0x99, 0x31, 0x99, 0x31, 0x99, 0x31, 0x99, 0x31, 0x99, 0x31, 0x99, 0x31, 0x99, 0x31, 0x99, 0x31
.byte 0x99, 0x31, 0x99, 0x31, 0x99, 0x31, 0x99, 0x31, 0x99, 0x31, 0x99, 0x31, 0x99, 0x31, 0x99, 0x31
.byte 0x99, 0x31, 0x99, 0x31, 0x99, 0x31, 0x99, 0x31, 0x99, 0x31, 0x99, 0x31, 0x99, 0x31, 0x99, 0x31
.byte 0x99, 0x31, 0x99, 0x31, 0x99, 0x31, 0x99, 0x31, 0x99, 0x31, 0x99, 0x31, 0x99, 0x31, 0x99, 0x31
.byte 0x99, 0x31, 0x99, 0x31, 0x99, 0x31, 0x99, 0x31, 0x99, 0x31, 0xb3, 0x31, 0x08, 0x42, 0x08, 0x42
.byte 0x69, 0x4a, 0xcb, 0x5a, 0x71, 0x8c, 0x38, 0xc6, 0x3c, 0xe7, 0xdf, 0xff, 0x00, 0x00, 0x00, 0x00
.byte 0x00, 0x00, 0x00, 0x00, 0x00, 0x00, 0x00, 0x00, 0x00, 0x00, 0x00, 0x00, 0x00, 0x00, 0x00, 0x00
.byte 0x00, 0x00, 0x00, 0x00, 0x00, 0x00, 0x00, 0x00, 0x00, 0x00, 0x00, 0x00, 0x00, 0x00, 0x00, 0x00
.byte 0x00, 0x00, 0x00, 0x00, 0x00, 0x00, 0x00, 0x00, 0x00, 0x00, 0x00, 0x00, 0x00, 0x00, 0x00, 0x00
.byte 0x00, 0x00, 0x00, 0x00, 0x00, 0x00, 0x00, 0x00, 0x1b, 0xa5, 0x99, 0x31, 0x99, 0x31, 0x99, 0x31
.byte 0x99, 0x31, 0x99, 0x31, 0x99, 0x31, 0x99, 0x31, 0x99, 0x31, 0x99, 0x31, 0x99, 0x31, 0x99, 0x31
.byte 0x99, 0x31, 0x99, 0x31, 0x99, 0x31, 0x99, 0x31, 0x99, 0x31, 0x99, 0x31, 0x99, 0x31, 0x99, 0x31
.byte 0x99, 0x31, 0x99, 0x31, 0x99, 0x31, 0x99, 0x31, 0x99, 0x31, 0x99, 0x31, 0x99, 0x31, 0x99, 0x31
.byte 0x99, 0x31, 0x99, 0x31, 0x99, 0x31, 0x99, 0x31, 0x99, 0x31, 0x99, 0x31, 0x99, 0x31, 0x99, 0x31
.byte 0x99, 0x31, 0x99, 0x31, 0x99, 0x31, 0x99, 0x31, 0x99, 0x31, 0x99, 0x31, 0x99, 0x31, 0x99, 0x31
.byte 0x99, 0x31, 0x99, 0x31, 0x99, 0x31, 0x99, 0x31, 0x99, 0x31, 0x99, 0x31, 0x99, 0x31, 0x99, 0x31
.byte 0x99, 0x31, 0x99, 0x31, 0x99, 0x31, 0xcd, 0x39, 0x08, 0x42, 0x08, 0x42, 0x08, 0x42, 0x69, 0x4a
.byte 0x6d, 0x6b, 0xd3, 0x9c, 0x38, 0xc6, 0x3c, 0xe7, 0xdf, 0xff, 0x00, 0x00, 0x00, 0x00, 0x00, 0x00
.byte 0x00, 0x00, 0x00, 0x00, 0x00, 0x00, 0x00, 0x00, 0x00, 0x00, 0x00, 0x00, 0x00, 0x00, 0x00, 0x00
.byte 0x00, 0x00, 0x00, 0x00, 0x00, 0x00, 0x00, 0x00, 0x00, 0x00, 0x00, 0x00, 0x00, 0x00, 0x00, 0x00
.byte 0x00, 0x00, 0x00, 0x00, 0x00, 0x00, 0x00, 0x00, 0x00, 0x00, 0x00, 0x00, 0x00, 0x00, 0x00, 0x00
.byte 0x9e, 0xf7, 0x9c, 0xb5, 0x99, 0x31, 0x99, 0x31, 0x99, 0x31, 0x99, 0x31, 0x99, 0x31, 0x99, 0x31
.byte 0x99, 0x31, 0x99, 0x31, 0x99, 0x31, 0x99, 0x31, 0x99, 0x31, 0x99, 0x31, 0x99, 0x31, 0x99, 0x31
.byte 0x99, 0x31, 0x99, 0x31, 0x99, 0x31, 0x99, 0x31, 0x99, 0x31, 0x99, 0x31, 0x99, 0x31, 0x99, 0x31
.byte 0x99, 0x31, 0x99, 0x31, 0x99, 0x31, 0x99, 0x31, 0x99, 0x31, 0x99, 0x31, 0x99, 0x31, 0x99, 0x31
.byte 0x99, 0x31, 0x99, 0x31, 0x99, 0x31, 0x99, 0x31, 0x99, 0x31, 0x99, 0x31, 0x99, 0x31, 0x99, 0x31
.byte 0x99, 0x31, 0x99, 0x31, 0x99, 0x31, 0x99, 0x31, 0x99, 0x31, 0x99, 0x31, 0x99, 0x31, 0x99, 0x31
.byte 0x99, 0x31, 0x99, 0x31, 0x99, 0x31, 0x99, 0x31, 0x99, 0x31, 0x99, 0x31, 0x99, 0x31, 0x99, 0x31
.byte 0x99, 0x31, 0x99, 0x31, 0x99, 0x31, 0x99, 0x31, 0x99, 0x31, 0x99, 0x31, 0x99, 0x31, 0x99, 0x31
.byte 0x99, 0x31, 0x99, 0x31, 0x99, 0x31, 0x99, 0x31, 0x99, 0x31, 0x99, 0x31, 0x99, 0x31, 0x99, 0x31
.byte 0x99, 0x31, 0x99, 0x31, 0x99, 0x31, 0x99, 0x31, 0x99, 0x31, 0x99, 0x31, 0x99, 0x31, 0x99, 0x31
.byte 0x99, 0x31, 0x99, 0x31, 0x99, 0x31, 0x99, 0x31, 0x99, 0x31, 0x99, 0x31, 0x99, 0x31, 0x99, 0x31
.byte 0x99, 0x31, 0x99, 0x31, 0x99, 0x31, 0x99, 0x31, 0x99, 0x31, 0x99, 0x31, 0x99, 0x31, 0x99, 0x31
.byte 0x99, 0x31, 0x99, 0x31, 0x99, 0x31, 0x99, 0x31, 0x99, 0x31, 0x99, 0x31, 0x99, 0x31, 0x99, 0x31
.byte 0x99, 0x31, 0x99, 0x31, 0x99, 0x31, 0x99, 0x31, 0x99, 0x31, 0x08, 0x42, 0x08, 0x42, 0x08, 0x42
.byte 0x69, 0x4a, 0xf0, 0x7b, 0x35, 0xa5, 0xdb, 0xde, 0x9e, 0xf7, 0x00, 0x00, 0x00, 0x00, 0x00, 0x00
.byte 0x00, 0x00, 0x00, 0x00, 0x00, 0x00, 0x00, 0x00, 0x00, 0x00, 0x00, 0x00, 0x00, 0x00, 0x00, 0x00
.byte 0x00, 0x00, 0x00, 0x00, 0x00, 0x00, 0x00, 0x00, 0x00, 0x00, 0x00, 0x00, 0x00, 0x00, 0x00, 0x00
.byte 0x00, 0x00, 0x00, 0x00, 0x00, 0x00, 0x00, 0x00, 0x00, 0x00, 0x00, 0x00, 0x00, 0x00, 0x00, 0x00
.byte 0x00, 0x00, 0x00, 0x00, 0x00, 0x00, 0x00, 0x00, 0x1d, 0xc6, 0x99, 0x31, 0x99, 0x31, 0x99, 0x31
.byte 0x99, 0x31, 0x99, 0x31, 0x99, 0x31, 0x99, 0x31, 0x99, 0x31, 0x99, 0x31, 0x99, 0x31, 0x99, 0x31
.byte 0x99, 0x31, 0x99, 0x31, 0x99, 0x31, 0x99, 0x31, 0x99, 0x31, 0x99, 0x31, 0x99, 0x31, 0x99, 0x31
.byte 0x99, 0x31, 0x99, 0x31, 0x99, 0x31, 0x99, 0x31, 0x99, 0x31, 0x99, 0x31, 0x99, 0x31, 0x99, 0x31
.byte 0x99, 0x31, 0x99, 0x31, 0x99, 0x31, 0x99, 0x31, 0x99, 0x31, 0x99, 0x31, 0x99, 0x31, 0x99, 0x31
.byte 0x99, 0x31, 0x99, 0x31, 0x99, 0x31, 0x99, 0x31, 0x99, 0x31, 0x99, 0x31, 0x99, 0x31, 0x99, 0x31
.byte 0x99, 0x31, 0x99, 0x31, 0x99, 0x31, 0x99, 0x31, 0x99, 0x31, 0x99, 0x31, 0x99, 0x31, 0x99, 0x31
.byte 0x99, 0x31, 0x99, 0x31, 0xcd, 0x39, 0x08, 0x42, 0x08, 0x42, 0x08, 0x42, 0x69, 0x4a, 0x6d, 0x6b
.byte 0x71, 0x8c, 0xb6, 0xb5, 0x3c, 0xe7, 0xdf, 0xff, 0x00, 0x00, 0x00, 0x00, 0x00, 0x00, 0x00, 0x00
.byte 0x00, 0x00, 0x00, 0x00, 0x00, 0x00, 0x00, 0x00, 0x00, 0x00, 0x00, 0x00, 0x00, 0x00, 0x00, 0x00
.byte 0x00, 0x00, 0x00, 0x00, 0x00, 0x00, 0x00, 0x00, 0x00, 0x00, 0x00, 0x00, 0x00, 0x00, 0x00, 0x00
.byte 0x00, 0x00, 0x00, 0x00, 0x00, 0x00, 0x00, 0x00, 0x00, 0x00, 0x00, 0x00, 0x00, 0x00, 0x00, 0x00
.byte 0xdf, 0xff, 0x3c, 0xe7, 0x5a, 0x6b, 0x99, 0x31, 0x99, 0x31, 0x99, 0x31, 0x99, 0x31, 0x99, 0x31
.byte 0x99, 0x31, 0x99, 0x31, 0x99, 0x31, 0x99, 0x31, 0x99, 0x31, 0x99, 0x31, 0x99, 0x31, 0x99, 0x31
.byte 0x99, 0x31, 0x99, 0x31, 0x99, 0x31, 0x99, 0x31, 0x99, 0x31, 0x99, 0x31, 0x99, 0x31, 0x99, 0x31
.byte 0x99, 0x31, 0x99, 0x31, 0x99, 0x31, 0x99, 0x31, 0x99, 0x31, 0x99, 0x31, 0x99, 0x31, 0x99, 0x31
.byte 0x99, 0x31, 0x99, 0x31, 0x99, 0x31, 0x99, 0x31, 0x99, 0x31, 0x99, 0x31, 0x99, 0x31, 0x99, 0x31
.byte 0x99, 0x31, 0x99, 0x31, 0x99, 0x31, 0x99, 0x31, 0x99, 0x31, 0x99, 0x31, 0x99, 0x31, 0x99, 0x31
.byte 0x99, 0x31, 0x99, 0x31, 0x99, 0x31, 0x99, 0x31, 0x99, 0x31, 0x99, 0x31, 0x99, 0x31, 0x99, 0x31
.byte 0x99, 0x31, 0x99, 0x31, 0x99, 0x31, 0x99, 0x31, 0x99, 0x31, 0x99, 0x31, 0x99, 0x31, 0x99, 0x31
.byte 0x99, 0x31, 0x99, 0x31, 0x99, 0x31, 0x99, 0x31, 0x99, 0x31, 0x99, 0x31, 0x99, 0x31, 0x99, 0x31
.byte 0x99, 0x31, 0x99, 0x31, 0x99, 0x31, 0x99, 0x31, 0x99, 0x31, 0x99, 0x31, 0x99, 0x31, 0x99, 0x31
.byte 0x99, 0x31, 0x99, 0x31, 0x99, 0x31, 0x99, 0x31, 0x99, 0x31, 0x99, 0x31, 0x99, 0x31, 0x99, 0x31
.byte 0x99, 0x31, 0x99, 0x31, 0x99, 0x31, 0x99, 0x31, 0x99, 0x31, 0x99, 0x31, 0x99, 0x31, 0x99, 0x31
.byte 0x99, 0x31, 0x99, 0x31, 0x99, 0x31, 0x99, 0x31, 0x99, 0x31, 0x99, 0x31, 0x99, 0x31, 0x99, 0x31
.byte 0x99, 0x31, 0x99, 0x31, 0x99, 0x31, 0x99, 0x31, 0xcd, 0x39, 0x08, 0x42, 0x08, 0x42, 0x69, 0x4a
.byte 0x6d, 0x6b, 0x71, 0x8c, 0x38, 0xc6, 0x3c, 0xe7, 0xdf, 0xff, 0x00, 0x00, 0x00, 0x00, 0x00, 0x00
.byte 0x00, 0x00, 0x00, 0x00, 0x00, 0x00, 0x00, 0x00, 0x00, 0x00, 0x00, 0x00, 0x00, 0x00, 0x00, 0x00
.byte 0x00, 0x00, 0x00, 0x00, 0x00, 0x00, 0x00, 0x00, 0x00, 0x00, 0x00, 0x00, 0x00, 0x00, 0x00, 0x00
.byte 0x00, 0x00, 0x00, 0x00, 0x00, 0x00, 0x00, 0x00, 0x00, 0x00, 0x00, 0x00, 0x00, 0x00, 0x00, 0x00
.byte 0x00, 0x00, 0x00, 0x00, 0x00, 0x00, 0x00, 0x00, 0x1e, 0xe7, 0x99, 0x31, 0x99, 0x31, 0x99, 0x31
.byte 0x99, 0x31, 0x99, 0x31, 0x99, 0x31, 0x99, 0x31, 0x99, 0x31, 0x99, 0x31, 0x99, 0x31, 0x99, 0x31
.byte 0x99, 0x31, 0x99, 0x31, 0x99, 0x31, 0x99, 0x31, 0x99, 0x31, 0x99, 0x31, 0x99, 0x31, 0x99, 0x31
.byte 0x99, 0x31, 0x99, 0x31, 0x99, 0x31, 0x99, 0x31, 0x99, 0x31, 0x99, 0x31, 0x99, 0x31, 0x99, 0x31
.byte 0x99, 0x31, 0x99, 0x31, 0x99, 0x31, 0x99, 0x31, 0x99, 0x31, 0x99, 0x31, 0x99, 0x31, 0x99, 0x31
.byte 0x99, 0x31, 0x99, 0x31, 0x99, 0x31, 0x99, 0x31, 0x99, 0x31, 0x99, 0x31, 0x99, 0x31, 0x99, 0x31
.byte 0x99, 0x31, 0x99, 0x31, 0x99, 0x31, 0x99, 0x31, 0x99, 0x31, 0x99, 0x31, 0x99, 0x31, 0x99, 0x31
.byte 0x99, 0x31, 0xcd, 0x39, 0x08, 0x42, 0x08, 0x42, 0x08, 0x42, 0x69, 0x4a, 0xcb, 0x5a, 0xf0, 0x7b
.byte 0xb6, 0xb5, 0xdb, 0xde, 0x9e, 0xf7, 0x00, 0x00, 0x00, 0x00, 0x00, 0x00, 0x00, 0x00, 0x00, 0x00
.byte 0x00, 0x00, 0x00, 0x00, 0x00, 0x00, 0x00, 0x00, 0x00, 0x00, 0x00, 0x00, 0x00, 0x00, 0x00, 0x00
.byte 0x00, 0x00, 0x00, 0x00, 0x00, 0x00, 0x00, 0x00, 0x00, 0x00, 0x00, 0x00, 0x00, 0x00, 0x00, 0x00
.byte 0x00, 0x00, 0x00, 0x00, 0x00, 0x00, 0x00, 0x00, 0x00, 0x00, 0x00, 0x00, 0x00, 0x00, 0x00, 0x00
.byte 0x00, 0x00, 0x9e, 0xf7, 0x38, 0xc6, 0xd8, 0x39, 0x99, 0x31, 0x99, 0x31, 0x99, 0x31, 0x99, 0x31
.byte 0x99, 0x31, 0x99, 0x31, 0x99, 0x31, 0x99, 0x31, 0x99, 0x31, 0x99, 0x31, 0x99, 0x31, 0x99, 0x31
.byte 0x99, 0x31, 0x99, 0x31, 0x99, 0x31, 0x99, 0x31, 0x99, 0x31, 0x99, 0x31, 0x99, 0x31, 0x99, 0x31
.byte 0x99, 0x31, 0x99, 0x31, 0x99, 0x31, 0x99, 0x31, 0x99, 0x31, 0x99, 0x31, 0x99, 0x31, 0x99, 0x31
.byte 0x99, 0x31, 0x99, 0x31, 0x99, 0x31, 0x99, 0x31, 0x99, 0x31, 0x99, 0x31, 0x99, 0x31, 0x99, 0x31
.byte 0x99, 0x31, 0x99, 0x31, 0x99, 0x31, 0x99, 0x31, 0x99, 0x31, 0x99, 0x31, 0x99, 0x31, 0x99, 0x31
.byte 0x99, 0x31, 0x99, 0x31, 0x99, 0x31, 0x99, 0x31, 0x99, 0x31, 0x99, 0x31, 0x99, 0x31, 0x99, 0x31
.byte 0x99, 0x31, 0x99, 0x31, 0x99, 0x31, 0x99, 0x31, 0x99, 0x31, 0x99, 0x31, 0x99, 0x31, 0x99, 0x31
.byte 0x99, 0x31, 0x99, 0x31, 0x99, 0x31, 0x99, 0x31, 0x99, 0x31, 0x99, 0x31, 0x99, 0x31, 0x99, 0x31
.byte 0x99, 0x31, 0x99, 0x31, 0x99, 0x31, 0x99, 0x31, 0x99, 0x31, 0x99, 0x31, 0x99, 0x31, 0x99, 0x31
.byte 0x99, 0x31, 0x99, 0x31, 0x99, 0x31, 0x99, 0x31, 0x99, 0x31, 0x99, 0x31, 0x99, 0x31, 0x99, 0x31
.byte 0x99, 0x31, 0x99, 0x31, 0x99, 0x31, 0x99, 0x31, 0x99, 0x31, 0x99, 0x31, 0x99, 0x31, 0x99, 0x31
.byte 0x99, 0x31, 0x99, 0x31, 0x99, 0x31, 0x99, 0x31, 0x99, 0x31, 0x99, 0x31, 0x99, 0x31, 0x99, 0x31
.byte 0x99, 0x31, 0x99, 0x31, 0x99, 0x31, 0xb3, 0x31, 0x08, 0x42, 0x08, 0x42, 0x08, 0x42, 0xcb, 0x5a
.byte 0xf0, 0x7b, 0xb6, 0xb5, 0xdb, 0xde, 0xdf, 0xff, 0x00, 0x00, 0x00, 0x00, 0x00, 0x00, 0x00, 0x00
.byte 0x00, 0x00, 0x00, 0x00, 0x00, 0x00, 0x00, 0x00, 0x00, 0x00, 0x00, 0x00, 0x00, 0x00, 0x00, 0x00
.byte 0x00, 0x00, 0x00, 0x00, 0x00, 0x00, 0x00, 0x00, 0x00, 0x00, 0x00, 0x00, 0x00, 0x00, 0x00, 0x00
.byte 0x00, 0x00, 0x00, 0x00, 0x00, 0x00, 0x00, 0x00, 0x00, 0x00, 0x00, 0x00, 0x00, 0x00, 0x00, 0x00
.byte 0x00, 0x00, 0x00, 0x00, 0x00, 0x00, 0x00, 0x00, 0x1e, 0xe7, 0xd8, 0x39, 0x99, 0x31, 0x99, 0x31
.byte 0x99, 0x31, 0x99, 0x31, 0x99, 0x31, 0x99, 0x31, 0x99, 0x31, 0x99, 0x31, 0x99, 0x31, 0x99, 0x31
.byte 0x99, 0x31, 0x99, 0x31, 0x99, 0x31, 0x99, 0x31, 0x99, 0x31, 0x99, 0x31, 0x99, 0x31, 0x99, 0x31
.byte 0x99, 0x31, 0x99, 0x31, 0x99, 0x31, 0x99, 0x31, 0x99, 0x31, 0x99, 0x31, 0x99, 0x31, 0x99, 0x31
.byte 0x99, 0x31, 0x99, 0x31, 0x99, 0x31, 0x99, 0x31, 0x99, 0x31, 0x99, 0x31, 0x99, 0x31, 0x99, 0x31
.byte 0x99, 0x31, 0x99, 0x31, 0x99, 0x31, 0x99, 0x31, 0x99, 0x31, 0x99, 0x31, 0x99, 0x31, 0x99, 0x31
.byte 0x99, 0x31, 0x99, 0x31, 0x99, 0x31, 0x99, 0x31, 0x99, 0x31, 0x99, 0x31, 0x99, 0x31, 0xd8, 0x39
.byte 0x08, 0x42, 0x08, 0x42, 0x08, 0x42, 0x08, 0x42, 0x69, 0x4a, 0xcb, 0x5a, 0xf0, 0x7b, 0xb6, 0xb5
.byte 0xdb, 0xde, 0x9e, 0xf7, 0xdf, 0xff, 0x00, 0x00, 0x00, 0x00, 0x00, 0x00, 0x00, 0x00, 0x00, 0x00
.byte 0x00, 0x00, 0x00, 0x00, 0x00, 0x00, 0x00, 0x00, 0x00, 0x00, 0x00, 0x00, 0x00, 0x00, 0x00, 0x00
.byte 0x00, 0x00, 0x00, 0x00, 0x00, 0x00, 0x00, 0x00, 0x00, 0x00, 0x00, 0x00, 0x00, 0x00, 0x00, 0x00
.byte 0x00, 0x00, 0x00, 0x00, 0x00, 0x00, 0x00, 0x00, 0x00, 0x00, 0x00, 0x00, 0x00, 0x00, 0x00, 0x00
.byte 0x00, 0x00, 0xdf, 0xff, 0x3c, 0xe7, 0xfb, 0x7b, 0x99, 0x31, 0x99, 0x31, 0x99, 0x31, 0x99, 0x31
.byte 0x99, 0x31, 0x99, 0x31, 0x99, 0x31, 0x99, 0x31, 0x99, 0x31, 0x99, 0x31, 0x99, 0x31, 0x99, 0x31
.byte 0x99, 0x31, 0x99, 0x31, 0x99, 0x31, 0x99, 0x31, 0x99, 0x31, 0x99, 0x31, 0x99, 0x31, 0x99, 0x31
.byte 0x99, 0x31, 0x99, 0x31, 0x99, 0x31, 0x99, 0x31, 0x99, 0x31, 0x99, 0x31, 0x99, 0x31, 0x99, 0x31
.byte 0x99, 0x31, 0x99, 0x31, 0x99, 0x31, 0x99, 0x31, 0x99, 0x31, 0x99, 0x31, 0x99, 0x31, 0x99, 0x31
.byte 0x99, 0x31, 0x99, 0x31, 0x99, 0x31, 0x99, 0x31, 0x99, 0x31, 0x99, 0x31, 0x99, 0x31, 0x99, 0x31
.byte 0x99, 0x31, 0x99, 0x31, 0x99, 0x31, 0x99, 0x31, 0x99, 0x31, 0x99, 0x31, 0x99, 0x31, 0x99, 0x31
.byte 0x99, 0x31, 0x99, 0x31, 0x99, 0x31, 0x99, 0x31, 0x99, 0x31, 0x99, 0x31, 0x99, 0x31, 0x99, 0x31
.byte 0x99, 0x31, 0x99, 0x31, 0x99, 0x31, 0x99, 0x31, 0x99, 0x31, 0x99, 0x31, 0x99, 0x31, 0x99, 0x31
.byte 0x99, 0x31, 0x99, 0x31, 0x99, 0x31, 0x99, 0x31, 0x99, 0x31, 0x99, 0x31, 0x99, 0x31, 0x99, 0x31
.byte 0x99, 0x31, 0x99, 0x31, 0x99, 0x31, 0x99, 0x31, 0x99, 0x31, 0x99, 0x31, 0x99, 0x31, 0x99, 0x31
.byte 0x99, 0x31, 0x99, 0x31, 0x99, 0x31, 0x99, 0x31, 0x99, 0x31, 0x99, 0x31, 0x99, 0x31, 0x99, 0x31
.byte 0x99, 0x31, 0x99, 0x31, 0x99, 0x31, 0x99, 0x31, 0x99, 0x31, 0x99, 0x31, 0x99, 0x31, 0x99, 0x31
.byte 0x99, 0x31, 0x99, 0x31, 0x99, 0x31, 0xcd, 0x39, 0x08, 0x42, 0x08, 0x42, 0x69, 0x4a, 0x6d, 0x6b
.byte 0xd3, 0x9c, 0x38, 0xc6, 0x9e, 0xf7, 0xdf, 0xff, 0x00, 0x00, 0x00, 0x00, 0x00, 0x00, 0x00, 0x00
.byte 0x00, 0x00, 0x00, 0x00, 0x00, 0x00, 0x00, 0x00, 0x00, 0x00, 0x00, 0x00, 0x00, 0x00, 0x00, 0x00
.byte 0x00, 0x00, 0x00, 0x00, 0x00, 0x00, 0x00, 0x00, 0x00, 0x00, 0x00, 0x00, 0x00, 0x00, 0x00, 0x00
.byte 0x00, 0x00, 0x00, 0x00, 0x00, 0x00, 0x00, 0x00, 0x00, 0x00, 0x00, 0x00, 0x00, 0x00, 0x00, 0x00
.byte 0x00, 0x00, 0x00, 0x00, 0x00, 0x00, 0x00, 0x00, 0xdf, 0xff, 0x99, 0x52, 0x99, 0x31, 0x99, 0x31
.byte 0x99, 0x31, 0x99, 0x31, 0x99, 0x31, 0x99, 0x31, 0x99, 0x31, 0x99, 0x31, 0x99, 0x31, 0x99, 0x31
.byte 0x99, 0x31, 0x99, 0x31, 0x99, 0x31, 0x99, 0x31, 0x99, 0x31, 0x99, 0x31, 0x99, 0x31, 0x99, 0x31
.byte 0x99, 0x31, 0x99, 0x31, 0x99, 0x31, 0x99, 0x31, 0x99, 0x31, 0x99, 0x31, 0x99, 0x31, 0x99, 0x31
.byte 0x99, 0x31, 0x99, 0x31, 0x99, 0x31, 0x99, 0x31, 0x99, 0x31, 0x99, 0x31, 0x99, 0x31, 0x99, 0x31
.byte 0x99, 0x31, 0x99, 0x31, 0x99, 0x31, 0x99, 0x31, 0x99, 0x31, 0x99, 0x31, 0x99, 0x31, 0x99, 0x31
.byte 0x99, 0x31, 0x99, 0x31, 0x99, 0x31, 0x99, 0x31, 0x99, 0x31, 0x99, 0x31, 0xb3, 0x31, 0x08, 0x42
.byte 0x08, 0x42, 0x08, 0x42, 0x08, 0x42, 0x69, 0x4a, 0xcb, 0x5a, 0xf0, 0x7b, 0x35, 0xa5, 0xdb, 0xde
.byte 0x9e, 0xf7, 0xdf, 0xff, 0x00, 0x00, 0x00, 0x00, 0x00, 0x00, 0x00, 0x00, 0x00, 0x00, 0x00, 0x00
.byte 0x00, 0x00, 0x00, 0x00, 0x00, 0x00, 0x00, 0x00, 0x00, 0x00, 0x00, 0x00, 0x00, 0x00, 0x00, 0x00
.byte 0x00, 0x00, 0x00, 0x00, 0x00, 0x00, 0x00, 0x00, 0x00, 0x00, 0x00, 0x00, 0x00, 0x00, 0x00, 0x00
.byte 0x00, 0x00, 0x00, 0x00, 0x00, 0x00, 0x00, 0x00, 0x00, 0x00, 0x00, 0x00, 0x00, 0x00, 0x00, 0x00
.byte 0x00, 0x00, 0x00, 0x00, 0xdf, 0xff, 0xdb, 0xde, 0x99, 0x52, 0x99, 0x31, 0x99, 0x31, 0x99, 0x31
.byte 0x99, 0x31, 0x99, 0x31, 0x99, 0x31, 0x99, 0x31, 0x99, 0x31, 0x99, 0x31, 0x99, 0x31, 0x99, 0x31
.byte 0x99, 0x31, 0x99, 0x31, 0x99, 0x31, 0x99, 0x31, 0x99, 0x31, 0x99, 0x31, 0x99, 0x31, 0x99, 0x31
.byte 0x99, 0x31, 0x99, 0x31, 0x99, 0x31, 0x99, 0x31, 0x99, 0x31, 0x99, 0x31, 0x99, 0x31, 0x99, 0x31
.byte 0x99, 0x31, 0x99, 0x31, 0x99, 0x31, 0x99, 0x31, 0x99, 0x31, 0x99, 0x31, 0x99, 0x31, 0x99, 0x31
.byte 0x99, 0x31, 0x99, 0x31, 0x99, 0x31, 0x99, 0x31, 0x99, 0x31, 0x99, 0x31, 0x99, 0x31, 0x99, 0x31
.byte 0x99, 0x31, 0x99, 0x31, 0x99, 0x31, 0x99, 0x31, 0x99, 0x31, 0x99, 0x31, 0x99, 0x31, 0x99, 0x31
.byte 0x99, 0x31, 0x99, 0x31, 0x99, 0x31, 0x99, 0x31, 0x99, 0x31, 0x99, 0x31, 0x99, 0x31, 0x99, 0x31
.byte 0x99, 0x31, 0x99, 0x31, 0x99, 0x31, 0x99, 0x31, 0x99, 0x31, 0x99, 0x31, 0x99, 0x31, 0x99, 0x31
.byte 0x99, 0x31, 0x99, 0x31, 0x99, 0x31, 0x99, 0x31, 0x99, 0x31, 0x99, 0x31, 0x99, 0x31, 0x99, 0x31
.byte 0x99, 0x31, 0x99, 0x31, 0x99, 0x31, 0x99, 0x31, 0x99, 0x31, 0x99, 0x31, 0x99, 0x31, 0x99, 0x31
.byte 0x99, 0x31, 0x99, 0x31, 0x99, 0x31, 0x99, 0x31, 0x99, 0x31, 0x99, 0x31, 0x99, 0x31, 0x99, 0x31
.byte 0x99, 0x31, 0x99, 0x31, 0x99, 0x31, 0x99, 0x31, 0x99, 0x31, 0x99, 0x31, 0x99, 0x31, 0x99, 0x31
.byte 0x99, 0x31, 0x99, 0x31, 0xb3, 0x31, 0x08, 0x42, 0x08, 0x42, 0x69, 0x4a, 0xcb, 0x5a, 0xf0, 0x7b
.byte 0xb6, 0xb5, 0x3c, 0xe7, 0xdf, 0xff, 0x00, 0x00, 0x00, 0x00, 0x00, 0x00, 0x00, 0x00, 0x00, 0x00
.byte 0x00, 0x00, 0x00, 0x00, 0x00, 0x00, 0x00, 0x00, 0x00, 0x00, 0x00, 0x00, 0x00, 0x00, 0x00, 0x00
.byte 0x00, 0x00, 0x00, 0x00, 0x00, 0x00, 0x00, 0x00, 0x00, 0x00, 0x00, 0x00, 0x00, 0x00, 0x00, 0x00
.byte 0x00, 0x00, 0x00, 0x00, 0x00, 0x00, 0x00, 0x00, 0x00, 0x00, 0x00, 0x00, 0x00, 0x00, 0x00, 0x00
.byte 0x00, 0x00, 0x00, 0x00, 0x00, 0x00, 0x00, 0x00, 0x00, 0x00, 0xfb, 0x7b, 0x99, 0x31, 0x99, 0x31
.byte 0x99, 0x31, 0x99, 0x31, 0x99, 0x31, 0x99, 0x31, 0x99, 0x31, 0x99, 0x31, 0x99, 0x31, 0x99, 0x31
.byte 0x99, 0x31, 0x99, 0x31, 0x99, 0x31, 0x99, 0x31, 0x99, 0x31, 0x99, 0x31, 0x99, 0x31, 0x99, 0x31
.byte 0x99, 0x31, 0x99, 0x31, 0x99, 0x31, 0x99, 0x31, 0x99, 0x31, 0x99, 0x31, 0x99, 0x31, 0x99, 0x31
.byte 0x99, 0x31, 0x99, 0x31, 0x99, 0x31, 0x99, 0x31, 0x99, 0x31, 0x99, 0x31, 0x99, 0x31, 0x99, 0x31
.byte 0x99, 0x31, 0x99, 0x31, 0x99, 0x31, 0x99, 0x31, 0x99, 0x31, 0x99, 0x31, 0x99, 0x31, 0x99, 0x31
.byte 0x99, 0x31, 0x99, 0x31, 0x99, 0x31, 0x99, 0x31, 0x99, 0x31, 0xb3, 0x31, 0x08, 0x42, 0x08, 0x42
.byte 0x08, 0x42, 0x08, 0x42, 0x69, 0x4a, 0xcb, 0x5a, 0xf0, 0x7b, 0x35, 0xa5, 0xdb, 0xde, 0x3c, 0xe7
.byte 0xdf, 0xff, 0x00, 0x00, 0x00, 0x00, 0x00, 0x00, 0x00, 0x00, 0x00, 0x00, 0x00, 0x00, 0x00, 0x00
.byte 0x00, 0x00, 0x00, 0x00, 0x00, 0x00, 0x00, 0x00, 0x00, 0x00, 0x00, 0x00, 0x00, 0x00, 0x00, 0x00
.byte 0x00, 0x00, 0x00, 0x00, 0x00, 0x00, 0x00, 0x00, 0x00, 0x00, 0x00, 0x00, 0x00, 0x00, 0x00, 0x00
.byte 0x00, 0x00, 0x00, 0x00, 0x00, 0x00, 0x00, 0x00, 0x00, 0x00, 0x00, 0x00, 0x00, 0x00, 0x00, 0x00
.byte 0x00, 0x00, 0x00, 0x00, 0xdf, 0xff, 0x9e, 0xf7, 0xb6, 0xb5, 0xd8, 0x39, 0x99, 0x31, 0x99, 0x31
.byte 0x99, 0x31, 0x99, 0x31, 0x99, 0x31, 0x99, 0x31, 0x99, 0x31, 0x99, 0x31, 0x99, 0x31, 0x99, 0x31
.byte 0x99, 0x31, 0x99, 0x31, 0x99, 0x31, 0x99, 0x31, 0x99, 0x31, 0x99, 0x31, 0x99, 0x31, 0x99, 0x31
.byte 0x99, 0x31, 0x99, 0x31, 0x99, 0x31, 0x99, 0x31, 0x99, 0x31, 0x99, 0x31, 0x99, 0x31, 0x99, 0x31
.byte 0x99, 0x31, 0x99, 0x31, 0x99, 0x31, 0x99, 0x31, 0x99, 0x31, 0x99, 0x31, 0x99, 0x31, 0x99, 0x31
.byte 0x99, 0x31, 0x99, 0x31, 0x99, 0x31, 0x99, 0x31, 0x99, 0x31, 0x99, 0x31, 0x99, 0x31, 0x99, 0x31
.byte 0x99, 0x31, 0x99, 0x31, 0x99, 0x31, 0x99, 0x31, 0x99, 0x31, 0x99, 0x31, 0x99, 0x31, 0x99, 0x31
.byte 0x99, 0x31, 0x99, 0x31, 0x99, 0x31, 0x99, 0x31, 0x99, 0x31, 0x99, 0x31, 0x99, 0x31, 0x99, 0x31
.byte 0x99, 0x31, 0x99, 0x31, 0x99, 0x31, 0x99, 0x31, 0x99, 0x31, 0x99, 0x31, 0x99, 0x31, 0x99, 0x31
.byte 0x99, 0x31, 0x99, 0x31, 0x99, 0x31, 0x99, 0x31, 0x99, 0x31, 0x99, 0x31, 0x99, 0x31, 0x99, 0x31
.byte 0x99, 0x31, 0x99, 0x31, 0x99, 0x31, 0x99, 0x31, 0x99, 0x31, 0x99, 0x31, 0x99, 0x31, 0x99, 0x31
.byte 0x99, 0x31, 0x99, 0x31, 0x99, 0x31, 0x99, 0x31, 0x99, 0x31, 0x99, 0x31, 0x99, 0x31, 0x99, 0x31
.byte 0x99, 0x31, 0x99, 0x31, 0x99, 0x31, 0x99, 0x31, 0x99, 0x31, 0x99, 0x31, 0x99, 0x31, 0x99, 0x31
.byte 0x99, 0x31, 0xb3, 0x31, 0x08, 0x42, 0x08, 0x42, 0x08, 0x42, 0x69, 0x4a, 0x6d, 0x6b, 0x35, 0xa5
.byte 0xdb, 0xde, 0x9e, 0xf7, 0x00, 0x00, 0x00, 0x00, 0x00, 0x00, 0x00, 0x00, 0x00, 0x00, 0x00, 0x00
.byte 0x00, 0x00, 0x00, 0x00, 0x00, 0x00, 0x00, 0x00, 0x00, 0x00, 0x00, 0x00, 0x00, 0x00, 0x00, 0x00
.byte 0x00, 0x00, 0x00, 0x00, 0x00, 0x00, 0x00, 0x00, 0x00, 0x00, 0x00, 0x00, 0x00, 0x00, 0x00, 0x00
.byte 0x00, 0x00, 0x00, 0x00, 0x00, 0x00, 0x00, 0x00, 0x00, 0x00, 0x00, 0x00, 0x00, 0x00, 0x00, 0x00
.byte 0x00, 0x00, 0x00, 0x00, 0x00, 0x00, 0x00, 0x00, 0x00, 0x00, 0x1b, 0xa5, 0x99, 0x31, 0x99, 0x31
.byte 0x99, 0x31, 0x99, 0x31, 0x99, 0x31, 0x99, 0x31, 0x99, 0x31, 0x99, 0x31, 0x99, 0x31, 0x99, 0x31
.byte 0x99, 0x31, 0x99, 0x31, 0x99, 0x31, 0x99, 0x31, 0x99, 0x31, 0x99, 0x31, 0x99, 0x31, 0x99, 0x31
.byte 0x99, 0x31, 0x99, 0x31, 0x99, 0x31, 0x99, 0x31, 0x99, 0x31, 0x99, 0x31, 0x99, 0x31, 0x99, 0x31
.byte 0x99, 0x31, 0x99, 0x31, 0x99, 0x31, 0x99, 0x31, 0x99, 0x31, 0x99, 0x31, 0x99, 0x31, 0x99, 0x31
.byte 0x99, 0x31, 0x99, 0x31, 0x99, 0x31, 0x99, 0x31, 0x99, 0x31, 0x99, 0x31, 0x99, 0x31, 0x99, 0x31
.byte 0x99, 0x31, 0x99, 0x31, 0x99, 0x31, 0xd8, 0x39, 0xcd, 0x39, 0x08, 0x42, 0x08, 0x42, 0x08, 0x42
.byte 0x08, 0x42, 0x69, 0x4a, 0xcb, 0x5a, 0xf0, 0x7b, 0x35, 0xa5, 0xdb, 0xde, 0x3c, 0xe7, 0xdf, 0xff
.byte 0x00, 0x00, 0x00, 0x00, 0x00, 0x00, 0x00, 0x00, 0x00, 0x00, 0x00, 0x00, 0x00, 0x00, 0x00, 0x00
.byte 0x00, 0x00, 0x00, 0x00, 0x00, 0x00, 0x00, 0x00, 0x00, 0x00, 0x00, 0x00, 0x00, 0x00, 0x00, 0x00
.byte 0x00, 0x00, 0x00, 0x00, 0x00, 0x00, 0x00, 0x00, 0x00, 0x00, 0x00, 0x00, 0x00, 0x00, 0x00, 0x00
.byte 0x00, 0x00, 0x00, 0x00, 0x00, 0x00, 0x00, 0x00, 0x00, 0x00, 0x00, 0x00, 0x00, 0x00, 0x00, 0x00
.byte 0x00, 0x00, 0x00, 0x00, 0x00, 0x00, 0xdf, 0xff, 0x3c, 0xe7, 0xfb, 0x7b, 0x99, 0x31, 0x99, 0x31
.byte 0x99, 0x31, 0x99, 0x31, 0x99, 0x31, 0x99, 0x31, 0x99, 0x31, 0x99, 0x31, 0x99, 0x31, 0x99, 0x31
.byte 0x99, 0x31, 0x99, 0x31, 0x99, 0x31, 0x99, 0x31, 0x99, 0x31, 0x99, 0x31, 0x99, 0x31, 0x99, 0x31
.byte 0x99, 0x31, 0x99, 0x31, 0x99, 0x31, 0x99, 0x31, 0x99, 0x31, 0x99, 0x31, 0x99, 0x31, 0x99, 0x31
.byte 0x99, 0x31, 0x99, 0x31, 0x99, 0x31, 0x99, 0x31, 0x99, 0x31, 0x99, 0x31, 0x99, 0x31, 0x99, 0x31
.byte 0x99, 0x31, 0x99, 0x31, 0x99, 0x31, 0x99, 0x31, 0x99, 0x31, 0x99, 0x31, 0x99, 0x31, 0x99, 0x31
.byte 0x99, 0x31, 0x99, 0x31, 0x99, 0x31, 0x99, 0x31, 0x99, 0x31, 0x99, 0x31, 0x99, 0x31, 0x99, 0x31
.byte 0x99, 0x31, 0x99, 0x31, 0x99, 0x31, 0x99, 0x31, 0x99, 0x31, 0x99, 0x31, 0x99, 0x31, 0x99, 0x31
.byte 0x99, 0x31, 0x99, 0x31, 0x99, 0x31, 0x99, 0x31, 0x99, 0x31, 0x99, 0x31, 0x99, 0x31, 0x99, 0x31
.byte 0x99, 0x31, 0x99, 0x31, 0x99, 0x31, 0x99, 0x31, 0x99, 0x31, 0x99, 0x31, 0x99, 0x31, 0x99, 0x31
.byte 0x99, 0x31, 0x99, 0x31, 0x99, 0x31, 0x99, 0x31, 0x99, 0x31, 0x99, 0x31, 0x99, 0x31, 0x99, 0x31
.byte 0x99, 0x31, 0x99, 0x31, 0x99, 0x31, 0x99, 0x31, 0x99, 0x31, 0x99, 0x31, 0x99, 0x31, 0x99, 0x31
.byte 0x99, 0x31, 0x99, 0x31, 0x99, 0x31, 0x99, 0x31, 0x99, 0x31, 0x99, 0x31, 0x99, 0x31, 0x99, 0x31
.byte 0x99, 0x31, 0x08, 0x42, 0x08, 0x42, 0x08, 0x42, 0x69, 0x4a, 0xcb, 0x5a, 0x71, 0x8c, 0x38, 0xc6
.byte 0x3c, 0xe7, 0xdf, 0xff, 0x00, 0x00, 0x00, 0x00, 0x00, 0x00, 0x00, 0x00, 0x00, 0x00, 0x00, 0x00
.byte 0x00, 0x00, 0x00, 0x00, 0x00, 0x00, 0x00, 0x00, 0x00, 0x00, 0x00, 0x00, 0x00, 0x00, 0x00, 0x00
.byte 0x00, 0x00, 0x00, 0x00, 0x00, 0x00, 0x00, 0x00, 0x00, 0x00, 0x00, 0x00, 0x00, 0x00, 0x00, 0x00
.byte 0x00, 0x00, 0x00, 0x00, 0x00, 0x00, 0x00, 0x00, 0x00, 0x00, 0x00, 0x00, 0x00, 0x00, 0x00, 0x00
.byte 0x00, 0x00, 0x00, 0x00, 0x00, 0x00, 0x00, 0x00, 0x00, 0x00, 0x9e, 0xd6, 0x99, 0x31, 0x99, 0x31
.byte 0x99, 0x31, 0x99, 0x31, 0x99, 0x31, 0x99, 0x31, 0x99, 0x31, 0x99, 0x31, 0x99, 0x31, 0x99, 0x31
.byte 0x99, 0x31, 0x99, 0x31, 0x99, 0x31, 0x99, 0x31, 0x99, 0x31, 0x99, 0x31, 0x99, 0x31, 0x99, 0x31
.byte 0x99, 0x31, 0x99, 0x31, 0x99, 0x31, 0x99, 0x31, 0x99, 0x31, 0x99, 0x31, 0x99, 0x31, 0x99, 0x31
.byte 0x99, 0x31, 0x99, 0x31, 0x99, 0x31, 0x99, 0x31, 0x99, 0x31, 0x99, 0x31, 0x99, 0x31, 0x99, 0x31
.byte 0x99, 0x31, 0x99, 0x31, 0x99, 0x31, 0x99, 0x31, 0x99, 0x31, 0x99, 0x31, 0x99, 0x31, 0x99, 0x31
.byte 0x99, 0x31, 0x99, 0x31, 0xb3, 0x31, 0x08, 0x42, 0x08, 0x42, 0x08, 0x42, 0x08, 0x42, 0x08, 0x42
.byte 0x69, 0x4a, 0x6d, 0x6b, 0x71, 0x8c, 0xb6, 0xb5, 0xdb, 0xde, 0x9e, 0xf7, 0xdf, 0xff, 0x00, 0x00
.byte 0x00, 0x00, 0x00, 0x00, 0x00, 0x00, 0x00, 0x00, 0x00, 0x00, 0x00, 0x00, 0x00, 0x00, 0x00, 0x00
.byte 0x00, 0x00, 0x00, 0x00, 0x00, 0x00, 0x00, 0x00, 0x00, 0x00, 0x00, 0x00, 0x00, 0x00, 0x00, 0x00
.byte 0x00, 0x00, 0x00, 0x00, 0x00, 0x00, 0x00, 0x00, 0x00, 0x00, 0x00, 0x00, 0x00, 0x00, 0x00, 0x00
.byte 0x00, 0x00, 0x00, 0x00, 0x00, 0x00, 0x00, 0x00, 0x00, 0x00, 0x00, 0x00, 0x00, 0x00, 0x00, 0x00
.byte 0x00, 0x00, 0x00, 0x00, 0x00, 0x00, 0x00, 0x00, 0x9e, 0xf7, 0xdb, 0xde, 0xf4, 0x5a, 0x99, 0x31
.byte 0x99, 0x31, 0x99, 0x31, 0x99, 0x31, 0x99, 0x31, 0x99, 0x31, 0x99, 0x31, 0x99, 0x31, 0x99, 0x31
.byte 0x99, 0x31, 0x99, 0x31, 0x99, 0x31, 0x99, 0x31, 0x99, 0x31, 0x99, 0x31, 0x99, 0x31, 0x99, 0x31
.byte 0x99, 0x31, 0x99, 0x31, 0x99, 0x31, 0x99, 0x31, 0x99, 0x31, 0x99, 0x31, 0x99, 0x31, 0x99, 0x31
.byte 0x99, 0x31, 0x99, 0x31, 0x99, 0x31, 0x99, 0x31, 0x99, 0x31, 0x99, 0x31, 0x99, 0x31, 0x99, 0x31
.byte 0x99, 0x31, 0x99, 0x31, 0x99, 0x31, 0x99, 0x31, 0x99, 0x31, 0x99, 0x31, 0x99, 0x31, 0x99, 0x31
.byte 0x99, 0x31, 0x99, 0x31, 0x99, 0x31, 0x99, 0x31, 0x99, 0x31, 0x99, 0x31, 0x99, 0x31, 0x99, 0x31
.byte 0x99, 0x31, 0x99, 0x31, 0x99, 0x31, 0x99, 0x31, 0x99, 0x31, 0x99, 0x31, 0x99, 0x31, 0x99, 0x31
.byte 0x99, 0x31, 0x99, 0x31, 0x99, 0x31, 0x99, 0x31, 0x99, 0x31, 0x99, 0x31, 0x99, 0x31, 0x99, 0x31
.byte 0x99, 0x31, 0x99, 0x31, 0x99, 0x31, 0x99, 0x31, 0x99, 0x31, 0x99, 0x31, 0x99, 0x31, 0x99, 0x31
.byte 0x99, 0x31, 0x99, 0x31, 0x99, 0x31, 0x99, 0x31, 0x99, 0x31, 0x99, 0x31, 0x99, 0x31, 0x99, 0x31
.byte 0x99, 0x31, 0x99, 0x31, 0x99, 0x31, 0x99, 0x31, 0x99, 0x31, 0x99, 0x31, 0x99, 0x31, 0x99, 0x31
.byte 0x99, 0x31, 0x99, 0x31, 0x99, 0x31, 0x99, 0x31, 0x99, 0x31, 0x99, 0x31, 0x99, 0x31, 0x99, 0x31
.byte 0xcd, 0x39, 0x08, 0x42, 0x08, 0x42, 0x08, 0x42, 0xcb, 0x5a, 0xf0, 0x7b, 0xb6, 0xb5, 0xdb, 0xde
.byte 0x9e, 0xf7, 0x00, 0x00, 0x00, 0x00, 0x00, 0x00, 0x00, 0x00, 0x00, 0x00, 0x00, 0x00, 0x00, 0x00
.byte 0x00, 0x00, 0x00, 0x00, 0x00, 0x00, 0x00, 0x00, 0x00, 0x00, 0x00, 0x00, 0x00, 0x00, 0x00, 0x00
.byte 0x00, 0x00, 0x00, 0x00, 0x00, 0x00, 0x00, 0x00, 0x00, 0x00, 0x00, 0x00, 0x00, 0x00, 0x00, 0x00
.byte 0x00, 0x00, 0x00, 0x00, 0x00, 0x00, 0x00, 0x00, 0x00, 0x00, 0x00, 0x00, 0x00, 0x00, 0x00, 0x00
.byte 0x00, 0x00, 0x00, 0x00, 0x00, 0x00, 0x00, 0x00, 0x00, 0x00, 0xdf, 0xff, 0x99, 0x52, 0x99, 0x31
.byte 0x99, 0x31, 0x99, 0x31, 0x99, 0x31, 0x99, 0x31, 0x99, 0x31, 0x99, 0x31, 0x99, 0x31, 0x99, 0x31
.byte 0x99, 0x31, 0x99, 0x31, 0x99, 0x31, 0x99, 0x31, 0x99, 0x31, 0x99, 0x31, 0x99, 0x31, 0x99, 0x31
.byte 0x99, 0x31, 0x99, 0x31, 0x99, 0x31, 0x99, 0x31, 0x99, 0x31, 0x99, 0x31, 0x99, 0x31, 0x99, 0x31
.byte 0x99, 0x31, 0x99, 0x31, 0x99, 0x31, 0x99, 0x31, 0x99, 0x31, 0x99, 0x31, 0x99, 0x31, 0x99, 0x31
.byte 0x99, 0x31, 0x99, 0x31, 0x99, 0x31, 0x99, 0x31, 0x99, 0x31, 0x99, 0x31, 0x99, 0x31, 0x99, 0x31
.byte 0xb3, 0x31, 0xcd, 0x39, 0x08, 0x42, 0x08, 0x42, 0x08, 0x42, 0x08, 0x42, 0x69, 0x4a, 0xcb, 0x5a
.byte 0x6d, 0x6b, 0x71, 0x8c, 0xb6, 0xb5, 0xdb, 0xde, 0x9e, 0xf7, 0xdf, 0xff, 0x00, 0x00, 0x00, 0x00
.byte 0x00, 0x00, 0x00, 0x00, 0x00, 0x00, 0x00, 0x00, 0x00, 0x00, 0x00, 0x00, 0x00, 0x00, 0x00, 0x00
.byte 0x00, 0x00, 0x00, 0x00, 0x00, 0x00, 0x00, 0x00, 0x00, 0x00, 0x00, 0x00, 0x00, 0x00, 0x00, 0x00
.byte 0x00, 0x00, 0x00, 0x00, 0x00, 0x00, 0x00, 0x00, 0x00, 0x00, 0x00, 0x00, 0x00, 0x00, 0x00, 0x00
.byte 0x00, 0x00, 0x00, 0x00, 0x00, 0x00, 0x00, 0x00, 0x00, 0x00, 0x00, 0x00, 0x00, 0x00, 0x00, 0x00
.byte 0x00, 0x00, 0x00, 0x00, 0x00, 0x00, 0x00, 0x00, 0xdf, 0xff, 0x3c, 0xe7, 0x38, 0xc6, 0x99, 0x52
.byte 0x99, 0x31, 0x99, 0x31, 0x99, 0x31, 0x99, 0x31, 0x99, 0x31, 0x99, 0x31, 0x99, 0x31, 0x99, 0x31
.byte 0x99, 0x31, 0x99, 0x31, 0x99, 0x31, 0x99, 0x31, 0x99, 0x31, 0x99, 0x31, 0x99, 0x31, 0x99, 0x31
.byte 0x99, 0x31, 0x99, 0x31, 0x99, 0x31, 0x99, 0x31, 0x99, 0x31, 0x99, 0x31, 0x99, 0x31, 0x99, 0x31
.byte 0x99, 0x31, 0x99, 0x31, 0x99, 0x31, 0x99, 0x31, 0x99, 0x31, 0x99, 0x31, 0x99, 0x31, 0x99, 0x31
.byte 0x99, 0x31, 0x99, 0x31, 0x99, 0x31, 0x99, 0x31, 0x99, 0x31, 0x99, 0x31, 0x99, 0x31, 0x99, 0x31
.byte 0x99, 0x31, 0x99, 0x31, 0x99, 0x31, 0x99, 0x31, 0x99, 0x31, 0x99, 0x31, 0x99, 0x31, 0x99, 0x31
.byte 0x99, 0x31, 0x99, 0x31, 0x99, 0x31, 0x99, 0x31, 0x99, 0x31, 0x99, 0x31, 0x99, 0x31, 0x99, 0x31
.byte 0x99, 0x31, 0x99, 0x31, 0x99, 0x31, 0x99, 0x31, 0x99, 0x31, 0x99, 0x31, 0x99, 0x31, 0x99, 0x31
.byte 0x99, 0x31, 0x99, 0x31, 0x99, 0x31, 0x99, 0x31, 0x99, 0x31, 0x99, 0x31, 0x99, 0x31, 0x99, 0x31
.byte 0x99, 0x31, 0x99, 0x31, 0x99, 0x31, 0x99, 0x31, 0x99, 0x31, 0x99, 0x31, 0x99, 0x31, 0x99, 0x31
.byte 0x99, 0x31, 0x99, 0x31, 0x99, 0x31, 0x99, 0x31, 0x99, 0x31, 0x99, 0x31, 0x99, 0x31, 0x99, 0x31
.byte 0x99, 0x31, 0x99, 0x31, 0x99, 0x31, 0x99, 0x31, 0x99, 0x31, 0x99, 0x31, 0x99, 0x31, 0xcd, 0x39
.byte 0x08, 0x42, 0x08, 0x42, 0x08, 0x42, 0x69, 0x4a, 0x6d, 0x6b, 0xd3, 0x9c, 0x38, 0xc6, 0x9e, 0xf7
.byte 0xdf, 0xff, 0x00, 0x00, 0x00, 0x00, 0x00, 0x00, 0x00, 0x00, 0x00, 0x00, 0x00, 0x00, 0x00, 0x00
.byte 0x00, 0x00, 0x00, 0x00, 0x00, 0x00, 0x00, 0x00, 0x00, 0x00, 0x00, 0x00, 0x00, 0x00, 0x00, 0x00
.byte 0x00, 0x00, 0x00, 0x00, 0x00, 0x00, 0x00, 0x00, 0x00, 0x00, 0x00, 0x00, 0x00, 0x00, 0x00, 0x00
.byte 0x00, 0x00, 0x00, 0x00, 0x00, 0x00, 0x00, 0x00, 0x00, 0x00, 0x00, 0x00, 0x00, 0x00, 0x00, 0x00
.byte 0x00, 0x00, 0x00, 0x00, 0x00, 0x00, 0x00, 0x00, 0x00, 0x00, 0x00, 0x00, 0x9c, 0x94, 0x99, 0x31
.byte 0x99, 0x31, 0x99, 0x31, 0x99, 0x31, 0x99, 0x31, 0x99, 0x31, 0x99, 0x31, 0x99, 0x31, 0x99, 0x31
.byte 0x99, 0x31, 0x99, 0x31, 0x99, 0x31, 0x99, 0x31, 0x99, 0x31, 0x99, 0x31, 0x99, 0x31, 0x99, 0x31
.byte 0x99, 0x31, 0x99, 0x31, 0x99, 0x31, 0x99, 0x31, 0x99, 0x31, 0x99, 0x31, 0x99, 0x31, 0x99, 0x31
.byte 0x99, 0x31, 0x99, 0x31, 0x99, 0x31, 0x99, 0x31, 0x99, 0x31, 0x99, 0x31, 0x99, 0x31, 0x99, 0x31
.byte 0x99, 0x31, 0x99, 0x31, 0x99, 0x31, 0x99, 0x31, 0x99, 0x31, 0x99, 0x31, 0xb3, 0x31, 0xcd, 0x39
.byte 0x08, 0x42, 0x08, 0x42, 0x08, 0x42, 0x08, 0x42, 0x08, 0x42, 0x69, 0x4a, 0xcb, 0x5a, 0xf0, 0x7b
.byte 0xd3, 0x9c, 0x38, 0xc6, 0xdb, 0xde, 0x9e, 0xf7, 0xdf, 0xff, 0x00, 0x00, 0x00, 0x00, 0x00, 0x00
.byte 0x00, 0x00, 0x00, 0x00, 0x00, 0x00, 0x00, 0x00, 0x00, 0x00, 0x00, 0x00, 0x00, 0x00, 0x00, 0x00
.byte 0x00, 0x00, 0x00, 0x00, 0x00, 0x00, 0x00, 0x00, 0x00, 0x00, 0x00, 0x00, 0x00, 0x00, 0x00, 0x00
.byte 0x00, 0x00, 0x00, 0x00, 0x00, 0x00, 0x00, 0x00, 0x00, 0x00, 0x00, 0x00, 0x00, 0x00, 0x00, 0x00
.byte 0x00, 0x00, 0x00, 0x00, 0x00, 0x00, 0x00, 0x00, 0x00, 0x00, 0x00, 0x00, 0x00, 0x00, 0x00, 0x00
.byte 0x00, 0x00, 0x00, 0x00, 0x00, 0x00, 0x00, 0x00, 0x00, 0x00, 0x9e, 0xf7, 0xdb, 0xde, 0x35, 0xa5
.byte 0x99, 0x52, 0x99, 0x31, 0x99, 0x31, 0x99, 0x31, 0x99, 0x31, 0x99, 0x31, 0x99, 0x31, 0x99, 0x31
.byte 0x99, 0x31, 0x99, 0x31, 0x99, 0x31, 0x99, 0x31, 0x99, 0x31, 0x99, 0x31, 0x99, 0x31, 0x99, 0x31
.byte 0x99, 0x31, 0x99, 0x31, 0x99, 0x31, 0x99, 0x31, 0x99, 0x31, 0x99, 0x31, 0x99, 0x31, 0x99, 0x31
.byte 0x99, 0x31, 0x99, 0x31, 0x99, 0x31, 0x99, 0x31, 0x99, 0x31, 0x99, 0x31, 0x99, 0x31, 0x99, 0x31
.byte 0x99, 0x31, 0x99, 0x31, 0x99, 0x31, 0x99, 0x31, 0x99, 0x31, 0x99, 0x31, 0x99, 0x31, 0x99, 0x31
.byte 0x99, 0x31, 0x99, 0x31, 0x99, 0x31, 0x99, 0x31, 0x99, 0x31, 0x99, 0x31, 0x99, 0x31, 0x99, 0x31
.byte 0x99, 0x31, 0x99, 0x31, 0x99, 0x31, 0x99, 0x31, 0x99, 0x31, 0x99, 0x31, 0x99, 0x31, 0x99, 0x31
.byte 0x99, 0x31, 0x99, 0x31, 0x99, 0x31, 0x99, 0x31, 0x99, 0x31, 0x99, 0x31, 0x99, 0x31, 0x99, 0x31
.byte 0x99, 0x31, 0x99, 0x31, 0x99, 0x31, 0x99, 0x31, 0x99, 0x31, 0x99, 0x31, 0x99, 0x31, 0x99, 0x31
.byte 0x99, 0x31, 0x99, 0x31, 0x99, 0x31, 0x99, 0x31, 0x99, 0x31, 0x99, 0x31, 0x99, 0x31, 0x99, 0x31
.byte 0x99, 0x31, 0x99, 0x31, 0x99, 0x31, 0x99, 0x31, 0x99, 0x31, 0x99, 0x31, 0x99, 0x31, 0x99, 0x31
.byte 0x99, 0x31, 0x99, 0x31, 0x99, 0x31, 0x99, 0x31, 0x99, 0x31, 0x99, 0x31, 0xb3, 0x31, 0x08, 0x42
.byte 0x08, 0x42, 0x08, 0x42, 0x69, 0x4a, 0x6d, 0x6b, 0x71, 0x8c, 0x38, 0xc6, 0x3c, 0xe7, 0xdf, 0xff
.byte 0x00, 0x00, 0x00, 0x00, 0x00, 0x00, 0x00, 0x00, 0x00, 0x00, 0x00, 0x00, 0x00, 0x00, 0x00, 0x00
.byte 0x00, 0x00, 0x00, 0x00, 0x00, 0x00, 0x00, 0x00, 0x00, 0x00, 0x00, 0x00, 0x00, 0x00, 0x00, 0x00
.byte 0x00, 0x00, 0x00, 0x00, 0x00, 0x00, 0x00, 0x00, 0x00, 0x00, 0x00, 0x00, 0x00, 0x00, 0x00, 0x00
.byte 0x00, 0x00, 0x00, 0x00, 0x00, 0x00, 0x00, 0x00, 0x00, 0x00, 0x00, 0x00, 0x00, 0x00, 0x00, 0x00
.byte 0x00, 0x00, 0x00, 0x00, 0x00, 0x00, 0x00, 0x00, 0x00, 0x00, 0x00, 0x00, 0x9e, 0xd6, 0x99, 0x31
.byte 0x99, 0x31, 0x99, 0x31, 0x99, 0x31, 0x99, 0x31, 0x99, 0x31, 0x99, 0x31, 0x99, 0x31, 0x99, 0x31
.byte 0x99, 0x31, 0x99, 0x31, 0x99, 0x31, 0x99, 0x31, 0x99, 0x31, 0x99, 0x31, 0x99, 0x31, 0x99, 0x31
.byte 0x99, 0x31, 0x99, 0x31, 0x99, 0x31, 0x99, 0x31, 0x99, 0x31, 0x99, 0x31, 0x99, 0x31, 0x99, 0x31
.byte 0x99, 0x31, 0x99, 0x31, 0x99, 0x31, 0x99, 0x31, 0x99, 0x31, 0x99, 0x31, 0x99, 0x31, 0x99, 0x31
.byte 0x99, 0x31, 0x99, 0x31, 0x99, 0x31, 0x99, 0x31, 0xb3, 0x31, 0xcd, 0x39, 0x08, 0x42, 0x08, 0x42
.byte 0x08, 0x42, 0x08, 0x42, 0x08, 0x42, 0x69, 0x4a, 0xcb, 0x5a, 0x6d, 0x6b, 0x71, 0x8c, 0x35, 0xa5
.byte 0x38, 0xc6, 0x3c, 0xe7, 0x9e, 0xf7, 0xdf, 0xff, 0x00, 0x00, 0x00, 0x00, 0x00, 0x00, 0x00, 0x00
.byte 0x00, 0x00, 0x00, 0x00, 0x00, 0x00, 0x00, 0x00, 0x00, 0x00, 0x00, 0x00, 0x00, 0x00, 0x00, 0x00
.byte 0x00, 0x00, 0x00, 0x00, 0x00, 0x00, 0x00, 0x00, 0x00, 0x00, 0x00, 0x00, 0x00, 0x00, 0x00, 0x00
.byte 0x00, 0x00, 0x00, 0x00, 0x00, 0x00, 0x00, 0x00, 0x00, 0x00, 0x00, 0x00, 0x00, 0x00, 0x00, 0x00
.byte 0x00, 0x00, 0x00, 0x00, 0x00, 0x00, 0x00, 0x00, 0x00, 0x00, 0x00, 0x00, 0x00, 0x00, 0x00, 0x00
.byte 0x00, 0x00, 0x00, 0x00, 0x00, 0x00, 0x00, 0x00, 0x00, 0x00, 0xdf, 0xff, 0x9e, 0xf7, 0xdb, 0xde
.byte 0x35, 0xa5, 0x99, 0x52, 0x99, 0x31, 0x99, 0x31, 0x99, 0x31, 0x99, 0x31, 0x99, 0x31, 0x99, 0x31
.byte 0x99, 0x31, 0x99, 0x31, 0x99, 0x31, 0x99, 0x31, 0x99, 0x31, 0x99, 0x31, 0x99, 0x31, 0x99, 0x31
.byte 0x99, 0x31, 0x99, 0x31, 0x99, 0x31, 0x99, 0x31, 0x99, 0x31, 0x99, 0x31, 0x99, 0x31, 0x99, 0x31
.byte 0x99, 0x31, 0x99, 0x31, 0x99, 0x31, 0x99, 0x31, 0x99, 0x31, 0x99, 0x31, 0x99, 0x31, 0x99, 0x31
.byte 0x99, 0x31, 0x99, 0x31, 0x99, 0x31, 0x99, 0x31, 0x99, 0x31, 0x99, 0x31, 0x99, 0x31, 0x99, 0x31
.byte 0x99, 0x31, 0x99, 0x31, 0x99, 0x31, 0x99, 0x31, 0x99, 0x31, 0x99, 0x31, 0x99, 0x31, 0x99, 0x31
.byte 0x99, 0x31, 0x99, 0x31, 0x99, 0x31, 0x99, 0x31, 0x99, 0x31, 0x99, 0x31, 0x99, 0x31, 0x99, 0x31
.byte 0x99, 0x31, 0x99, 0x31, 0x99, 0x31, 0x99, 0x31, 0x99, 0x31, 0x99, 0x31, 0x99, 0x31, 0x99, 0x31
.byte 0x99, 0x31, 0x99, 0x31, 0x99, 0x31, 0x99, 0x31, 0x99, 0x31, 0x99, 0x31, 0x99, 0x31, 0x99, 0x31
.byte 0x99, 0x31, 0x99, 0x31, 0x99, 0x31, 0x99, 0x31, 0x99, 0x31, 0x99, 0x31, 0x99, 0x31, 0x99, 0x31
.byte 0x99, 0x31, 0x99, 0x31, 0x99, 0x31, 0x99, 0x31, 0x99, 0x31, 0x99, 0x31, 0x99, 0x31, 0x99, 0x31
.byte 0x99, 0x31, 0x99, 0x31, 0x99, 0x31, 0x99, 0x31, 0x99, 0x31, 0xb3, 0x31, 0x08, 0x42, 0x08, 0x42
.byte 0x08, 0x42, 0x69, 0x4a, 0xcb, 0x5a, 0xf0, 0x7b, 0xb6, 0xb5, 0xdb, 0xde, 0x9e, 0xf7, 0x00, 0x00
.byte 0x00, 0x00, 0x00, 0x00, 0x00, 0x00, 0x00, 0x00, 0x00, 0x00, 0x00, 0x00, 0x00, 0x00, 0x00, 0x00
.byte 0x00, 0x00, 0x00, 0x00, 0x00, 0x00, 0x00, 0x00, 0x00, 0x00, 0x00, 0x00, 0x00, 0x00, 0x00, 0x00
.byte 0x00, 0x00, 0x00, 0x00, 0x00, 0x00, 0x00, 0x00, 0x00, 0x00, 0x00, 0x00, 0x00, 0x00, 0x00, 0x00
.byte 0x00, 0x00, 0x00, 0x00, 0x00, 0x00, 0x00, 0x00, 0x00, 0x00, 0x00, 0x00, 0x00, 0x00, 0x00, 0x00
.byte 0x00, 0x00, 0x00, 0x00, 0x00, 0x00, 0x00, 0x00, 0x00, 0x00, 0x00, 0x00, 0xdf, 0xff, 0x5a, 0x6b
.byte 0x99, 0x31, 0x99, 0x31, 0x99, 0x31, 0x99, 0x31, 0x99, 0x31, 0x99, 0x31, 0x99, 0x31, 0x99, 0x31
.byte 0x99, 0x31, 0x99, 0x31, 0x99, 0x31, 0x99, 0x31, 0x99, 0x31, 0x99, 0x31, 0x99, 0x31, 0x99, 0x31
.byte 0x99, 0x31, 0x99, 0x31, 0x99, 0x31, 0x99, 0x31, 0x99, 0x31, 0x99, 0x31, 0x99, 0x31, 0x99, 0x31
.byte 0x99, 0x31, 0x99, 0x31, 0x99, 0x31, 0x99, 0x31, 0x99, 0x31, 0x99, 0x31, 0x99, 0x31, 0x99, 0x31
.byte 0x99, 0x31, 0x99, 0x31, 0xb3, 0x31, 0xcd, 0x39, 0x08, 0x42, 0x08, 0x42, 0x08, 0x42, 0x08, 0x42
.byte 0x08, 0x42, 0x69, 0x4a, 0x69, 0x4a, 0x6d, 0x6b, 0xf0, 0x7b, 0xd3, 0x9c, 0xb6, 0xb5, 0xdb, 0xde
.byte 0x3c, 0xe7, 0xdf, 0xff, 0x00, 0x00, 0x00, 0x00, 0x00, 0x00, 0x00, 0x00, 0x00, 0x00, 0x00, 0x00
.byte 0x00, 0x00, 0x00, 0x00, 0x00, 0x00, 0x00, 0x00, 0x00, 0x00, 0x00, 0x00, 0x00, 0x00, 0x00, 0x00
.byte 0x00, 0x00, 0x00, 0x00, 0x00, 0x00, 0x00, 0x00, 0x00, 0x00, 0x00, 0x00, 0x00, 0x00, 0x00, 0x00
.byte 0x00, 0x00, 0x00, 0x00, 0x00, 0x00, 0x00, 0x00, 0x00, 0x00, 0x00, 0x00, 0x00, 0x00, 0x00, 0x00
.byte 0x00, 0x00, 0x00, 0x00, 0x00, 0x00, 0x00, 0x00, 0x00, 0x00, 0x00, 0x00, 0x00, 0x00, 0x00, 0x00
.byte 0x00, 0x00, 0x00, 0x00, 0x00, 0x00, 0x00, 0x00, 0x00, 0x00, 0x00, 0x00, 0xdf, 0xff, 0x3c, 0xe7
.byte 0x38, 0xc6, 0xd3, 0x9c, 0x50, 0x4a, 0x99, 0x31, 0x99, 0x31, 0x99, 0x31, 0x99, 0x31, 0x99, 0x31
.byte 0x99, 0x31, 0x99, 0x31, 0x99, 0x31, 0x99, 0x31, 0x99, 0x31, 0x99, 0x31, 0x99, 0x31, 0x99, 0x31
.byte 0x99, 0x31, 0x99, 0x31, 0x99, 0x31, 0x99, 0x31, 0x99, 0x31, 0x99, 0x31, 0x99, 0x31, 0x99, 0x31
.byte 0x99, 0x31, 0x99, 0x31, 0x99, 0x31, 0x99, 0x31, 0x99, 0x31, 0x99, 0x31, 0x99, 0x31, 0x99, 0x31
.byte 0x99, 0x31, 0x99, 0x31, 0x99, 0x31, 0x99, 0x31, 0x99, 0x31, 0x99, 0x31, 0x99, 0x31, 0x99, 0x31
.byte 0x99, 0x31, 0x99, 0x31, 0x99, 0x31, 0x99, 0x31, 0x99, 0x31, 0x99, 0x31, 0x99, 0x31, 0x99, 0x31
.byte 0x99, 0x31, 0x99, 0x31, 0x99, 0x31, 0x99, 0x31, 0x99, 0x31, 0x99, 0x31, 0x99, 0x31, 0x99, 0x31
.byte 0x99, 0x31, 0x99, 0x31, 0x99, 0x31, 0x99, 0x31, 0x99, 0x31, 0x99, 0x31, 0x99, 0x31, 0x99, 0x31
.byte 0x99, 0x31, 0x99, 0x31, 0x99, 0x31, 0x99, 0x31, 0x99, 0x31, 0x99, 0x31, 0x99, 0x31, 0x99, 0x31
.byte 0x99, 0x31, 0x99, 0x31, 0x99, 0x31, 0x99, 0x31, 0x99, 0x31, 0x99, 0x31, 0x99, 0x31, 0x99, 0x31
.byte 0x99, 0x31, 0x99, 0x31, 0x99, 0x31, 0x99, 0x31, 0x99, 0x31, 0x99, 0x31, 0x99, 0x31, 0x99, 0x31
.byte 0x99, 0x31, 0x99, 0x31, 0x99, 0x31, 0x99, 0x31, 0xb3, 0x31, 0x08, 0x42, 0x08, 0x42, 0x08, 0x42
.byte 0x69, 0x4a, 0xcb, 0x5a, 0xf0, 0x7b, 0x35, 0xa5, 0xdb, 0xde, 0x9e, 0xf7, 0xdf, 0xff, 0x00, 0x00
.byte 0x00, 0x00, 0x00, 0x00, 0x00, 0x00, 0x00, 0x00, 0x00, 0x00, 0x00, 0x00, 0x00, 0x00, 0x00, 0x00
.byte 0x00, 0x00, 0x00, 0x00, 0x00, 0x00, 0x00, 0x00, 0x00, 0x00, 0x00, 0x00, 0x00, 0x00, 0x00, 0x00
.byte 0x00, 0x00, 0x00, 0x00, 0x00, 0x00, 0x00, 0x00, 0x00, 0x00, 0x00, 0x00, 0x00, 0x00, 0x00, 0x00
.byte 0x00, 0x00, 0x00, 0x00, 0x00, 0x00, 0x00, 0x00, 0x00, 0x00, 0x00, 0x00, 0x00, 0x00, 0x00, 0x00
.byte 0x00, 0x00, 0x00, 0x00, 0x00, 0x00, 0x00, 0x00, 0x00, 0x00, 0x00, 0x00, 0x00, 0x00, 0x1d, 0xc6
.byte 0x99, 0x31, 0x99, 0x31, 0x99, 0x31, 0x99, 0x31, 0x99, 0x31, 0x99, 0x31, 0x99, 0x31, 0x99, 0x31
.byte 0x99, 0x31, 0x99, 0x31, 0x99, 0x31, 0x99, 0x31, 0x99, 0x31, 0x99, 0x31, 0x99, 0x31, 0x99, 0x31
.byte 0x99, 0x31, 0x99, 0x31, 0x99, 0x31, 0x99, 0x31, 0x99, 0x31, 0x99, 0x31, 0x99, 0x31, 0x99, 0x31
.byte 0x99, 0x31, 0x99, 0x31, 0x99, 0x31, 0x99, 0x31, 0x99, 0x31, 0x99, 0x31, 0x99, 0x31, 0xd8, 0x39
.byte 0xb3, 0x31, 0xcd, 0x39, 0x08, 0x42, 0x08, 0x42, 0x08, 0x42, 0x08, 0x42, 0x08, 0x42, 0x69, 0x4a
.byte 0x69, 0x4a, 0xcb, 0x5a, 0xf0, 0x7b, 0x71, 0x8c, 0x35, 0xa5, 0x38, 0xc6, 0x3c, 0xe7, 0x9e, 0xf7
.byte 0xdf, 0xff, 0x00, 0x00, 0x00, 0x00, 0x00, 0x00, 0x00, 0x00, 0x00, 0x00, 0x00, 0x00, 0x00, 0x00
.byte 0x00, 0x00, 0x00, 0x00, 0x00, 0x00, 0x00, 0x00, 0x00, 0x00, 0x00, 0x00, 0x00, 0x00, 0x00, 0x00
.byte 0x00, 0x00, 0x00, 0x00, 0x00, 0x00, 0x00, 0x00, 0x00, 0x00, 0x00, 0x00, 0x00, 0x00, 0x00, 0x00
.byte 0x00, 0x00, 0x00, 0x00, 0x00, 0x00, 0x00, 0x00, 0x00, 0x00, 0x00, 0x00, 0x00, 0x00, 0x00, 0x00
.byte 0x00, 0x00, 0x00, 0x00, 0x00, 0x00, 0x00, 0x00, 0x00, 0x00, 0x00, 0x00, 0x00, 0x00, 0x00, 0x00
.byte 0x00, 0x00, 0x00, 0x00, 0x00, 0x00, 0x00, 0x00, 0x00, 0x00, 0x00, 0x00, 0x00, 0x00, 0xdf, 0xff
.byte 0x3c, 0xe7, 0x38, 0xc6, 0xd3, 0x9c, 0xf4, 0x5a, 0x99, 0x31, 0x99, 0x31, 0x99, 0x31, 0x99, 0x31
.byte 0x99, 0x31, 0x99, 0x31, 0x99, 0x31, 0x99, 0x31, 0x99, 0x31, 0x99, 0x31, 0x99, 0x31, 0x99, 0x31
.byte 0x99, 0x31, 0x99, 0x31, 0x99, 0x31, 0x99, 0x31, 0x99, 0x31, 0x99, 0x31, 0x99, 0x31, 0x99, 0x31
.byte 0x99, 0x31, 0x99, 0x31, 0x99, 0x31, 0x99, 0x31, 0x99, 0x31, 0x99, 0x31, 0x99, 0x31, 0x99, 0x31
.byte 0x99, 0x31, 0x99, 0x31, 0x99, 0x31, 0x99, 0x31, 0x99, 0x31, 0x99, 0x31, 0x99, 0x31, 0x99, 0x31
.byte 0x99, 0x31, 0x99, 0x31, 0x99, 0x31, 0x99, 0x31, 0x99, 0x31, 0x99, 0x31, 0x99, 0x31, 0x99, 0x31
.byte 0x99, 0x31, 0x99, 0x31, 0x99, 0x31, 0x99, 0x31, 0x99, 0x31, 0x99, 0x31, 0x99, 0x31, 0x99, 0x31
.byte 0x99, 0x31, 0x99, 0x31, 0x99, 0x31, 0x99, 0x31, 0x99, 0x31, 0x99, 0x31, 0x99, 0x31, 0x99, 0x31
.byte 0x99, 0x31, 0x99, 0x31, 0x99, 0x31, 0x99, 0x31, 0x99, 0x31, 0x99, 0x31, 0x99, 0x31, 0x99, 0x31
.byte 0x99, 0x31, 0x99, 0x31, 0x99, 0x31, 0x99, 0x31, 0x99, 0x31, 0x99, 0x31, 0x99, 0x31, 0x99, 0x31
.byte 0x99, 0x31, 0x99, 0x31, 0x99, 0x31, 0x99, 0x31, 0x99, 0x31, 0x99, 0x31, 0x99, 0x31, 0x99, 0x31
.byte 0x99, 0x31, 0x99, 0x31, 0x99, 0x31, 0xb3, 0x31, 0x08, 0x42, 0x08, 0x42, 0x08, 0x42, 0x08, 0x42
.byte 0xcb, 0x5a, 0x6d, 0x6b, 0x35, 0xa5, 0x38, 0xc6, 0x3c, 0xe7, 0xdf, 0xff, 0x00, 0x00, 0x00, 0x00
.byte 0x00, 0x00, 0x00, 0x00, 0x00, 0x00, 0x00, 0x00, 0x00, 0x00, 0x00, 0x00, 0x00, 0x00, 0x00, 0x00
.byte 0x00, 0x00, 0x00, 0x00, 0x00, 0x00, 0x00, 0x00, 0x00, 0x00, 0x00, 0x00, 0x00, 0x00, 0x00, 0x00
.byte 0x00, 0x00, 0x00, 0x00, 0x00, 0x00, 0x00, 0x00, 0x00, 0x00, 0x00, 0x00, 0x00, 0x00, 0x00, 0x00
.byte 0x00, 0x00, 0x00, 0x00, 0x00, 0x00, 0x00, 0x00, 0x00, 0x00, 0x00, 0x00, 0x00, 0x00, 0x00, 0x00
.byte 0x00, 0x00, 0x00, 0x00, 0x00, 0x00, 0x00, 0x00, 0x00, 0x00, 0x00, 0x00, 0x00, 0x00, 0x9e, 0xf7
.byte 0xfb, 0x7b, 0x99, 0x31, 0x99, 0x31, 0x99, 0x31, 0x99, 0x31, 0x99, 0x31, 0x99, 0x31, 0x99, 0x31
.byte 0x99, 0x31, 0x99, 0x31, 0x99, 0x31, 0x99, 0x31, 0x99, 0x31, 0x99, 0x31, 0x99, 0x31, 0x99, 0x31
.byte 0x99, 0x31, 0x99, 0x31, 0x99, 0x31, 0x99, 0x31, 0x99, 0x31, 0x99, 0x31, 0x99, 0x31, 0x99, 0x31
.byte 0x99, 0x31, 0x99, 0x31, 0x99, 0x31, 0x99, 0x31, 0xd8, 0x39, 0xb3, 0x31, 0xcd, 0x39, 0x08, 0x42
.byte 0x08, 0x42, 0x08, 0x42, 0x08, 0x42, 0x08, 0x42, 0x08, 0x42, 0x69, 0x4a, 0x69, 0x4a, 0xcb, 0x5a
.byte 0xf0, 0x7b, 0x71, 0x8c, 0x35, 0xa5, 0x38, 0xc6, 0xdb, 0xde, 0x9e, 0xf7, 0xdf, 0xff, 0x00, 0x00
.byte 0x00, 0x00, 0x00, 0x00, 0x00, 0x00, 0x00, 0x00, 0x00, 0x00, 0x00, 0x00, 0x00, 0x00, 0x00, 0x00
.byte 0x00, 0x00, 0x00, 0x00, 0x00, 0x00, 0x00, 0x00, 0x00, 0x00, 0x00, 0x00, 0x00, 0x00, 0x00, 0x00
.byte 0x00, 0x00, 0x00, 0x00, 0x00, 0x00, 0x00, 0x00, 0x00, 0x00, 0x00, 0x00, 0x00, 0x00, 0x00, 0x00
.byte 0x00, 0x00, 0x00, 0x00, 0x00, 0x00, 0x00, 0x00, 0x00, 0x00, 0x00, 0x00, 0x00, 0x00, 0x00, 0x00
.byte 0x00, 0x00, 0x00, 0x00, 0x00, 0x00, 0x00, 0x00, 0x00, 0x00, 0x00, 0x00, 0x00, 0x00, 0x00, 0x00
.byte 0x00, 0x00, 0x00, 0x00, 0x00, 0x00, 0x00, 0x00, 0x00, 0x00, 0x00, 0x00, 0x00, 0x00, 0x00, 0x00
.byte 0xdf, 0xff, 0x3c, 0xe7, 0x38, 0xc6, 0xd3, 0x9c, 0xf4, 0x5a, 0xd8, 0x39, 0x99, 0x31, 0x99, 0x31
.byte 0x99, 0x31, 0x99, 0x31, 0x99, 0x31, 0x99, 0x31, 0x99, 0x31, 0x99, 0x31, 0x99, 0x31, 0x99, 0x31
.byte 0x99, 0x31, 0x99, 0x31, 0x99, 0x31, 0x99, 0x31, 0x99, 0x31, 0x99, 0x31, 0x99, 0x31, 0x99, 0x31
.byte 0x99, 0x31, 0x99, 0x31, 0x99, 0x31, 0x99, 0x31, 0x99, 0x31, 0x99, 0x31, 0x99, 0x31, 0x99, 0x31
.byte 0x99, 0x31, 0x99, 0x31, 0x99, 0x31, 0x99, 0x31, 0x99, 0x31, 0x99, 0x31, 0x99, 0x31, 0x99, 0x31
.byte 0x99, 0x31, 0x99, 0x31, 0x99, 0x31, 0x99, 0x31, 0x99, 0x31, 0x99, 0x31, 0x99, 0x31, 0x99, 0x31
.byte 0x99, 0x31, 0x99, 0x31, 0x99, 0x31, 0x99, 0x31, 0x99, 0x31, 0x99, 0x31, 0x99, 0x31, 0x99, 0x31
.byte 0x99, 0x31, 0x99, 0x31, 0x99, 0x31, 0x99, 0x31, 0x99, 0x31, 0x99, 0x31, 0x99, 0x31, 0x99, 0x31
.byte 0x99, 0x31, 0x99, 0x31, 0x99, 0x31, 0x99, 0x31, 0x99, 0x31, 0x99, 0x31, 0x99, 0x31, 0x99, 0x31
.byte 0x99, 0x31, 0x99, 0x31, 0x99, 0x31, 0x99, 0x31, 0x99, 0x31, 0x99, 0x31, 0x99, 0x31, 0x99, 0x31
.byte 0x99, 0x31, 0x99, 0x31, 0x99, 0x31, 0x99, 0x31, 0x99, 0x31, 0x99, 0x31, 0x99, 0x31, 0x99, 0x31
.byte 0x99, 0x31, 0x99, 0x31, 0xb3, 0x31, 0x08, 0x42, 0x08, 0x42, 0x08, 0x42, 0x08, 0x42, 0x69, 0x4a
.byte 0x6d, 0x6b, 0xd3, 0x9c, 0x38, 0xc6, 0x3c, 0xe7, 0xdf, 0xff, 0x00, 0x00, 0x00, 0x00, 0x00, 0x00
.byte 0x00, 0x00, 0x00, 0x00, 0x00, 0x00, 0x00, 0x00, 0x00, 0x00, 0x00, 0x00, 0x00, 0x00, 0x00, 0x00
.byte 0x00, 0x00, 0x00, 0x00, 0x00, 0x00, 0x00, 0x00, 0x00, 0x00, 0x00, 0x00, 0x00, 0x00, 0x00, 0x00
.byte 0x00, 0x00, 0x00, 0x00, 0x00, 0x00, 0x00, 0x00, 0x00, 0x00, 0x00, 0x00, 0x00, 0x00, 0x00, 0x00
.byte 0x00, 0x00, 0x00, 0x00, 0x00, 0x00, 0x00, 0x00, 0x00, 0x00, 0x00, 0x00, 0x00, 0x00, 0x00, 0x00
.byte 0x00, 0x00, 0x00, 0x00, 0x00, 0x00, 0x00, 0x00, 0x00, 0x00, 0x00, 0x00, 0x00, 0x00, 0xdf, 0xff
.byte 0xdb, 0xde, 0x99, 0x52, 0x99, 0x31, 0x99, 0x31, 0x99, 0x31, 0x99, 0x31, 0x99, 0x31, 0x99, 0x31
.byte 0x99, 0x31, 0x99, 0x31, 0x99, 0x31, 0x99, 0x31, 0x99, 0x31, 0x99, 0x31, 0x99, 0x31, 0x99, 0x31
.byte 0x99, 0x31, 0x99, 0x31, 0x99, 0x31, 0x99, 0x31, 0x99, 0x31, 0x99, 0x31, 0x99, 0x31, 0x99, 0x31
.byte 0x99, 0x31, 0xb3, 0x31, 0xcd, 0x39, 0xcd, 0x39, 0x08, 0x42, 0x08, 0x42, 0x08, 0x42, 0x08, 0x42
.byte 0x08, 0x42, 0x08, 0x42, 0x08, 0x42, 0x69, 0x4a, 0xcb, 0x5a, 0x6d, 0x6b, 0xf0, 0x7b, 0x71, 0x8c
.byte 0x35, 0xa5, 0x38, 0xc6, 0xdb, 0xde, 0x3c, 0xe7, 0x9e, 0xf7, 0xdf, 0xff, 0x00, 0x00, 0x00, 0x00
.byte 0x00, 0x00, 0x00, 0x00, 0x00, 0x00, 0x00, 0x00, 0x00, 0x00, 0x00, 0x00, 0x00, 0x00, 0x00, 0x00
.byte 0x00, 0x00, 0x00, 0x00, 0x00, 0x00, 0x00, 0x00, 0x00, 0x00, 0x00, 0x00, 0x00, 0x00, 0x00, 0x00
.byte 0x00, 0x00, 0x00, 0x00, 0x00, 0x00, 0x00, 0x00, 0x00, 0x00, 0x00, 0x00, 0x00, 0x00, 0x00, 0x00
.byte 0x00, 0x00, 0x00, 0x00, 0x00, 0x00, 0x00, 0x00, 0x00, 0x00, 0x00, 0x00, 0x00, 0x00, 0x00, 0x00
.byte 0x00, 0x00, 0x00, 0x00, 0x00, 0x00, 0x00, 0x00, 0x00, 0x00, 0x00, 0x00, 0x00, 0x00, 0x00, 0x00
.byte 0x00, 0x00, 0x00, 0x00, 0x00, 0x00, 0x00, 0x00, 0x00, 0x00, 0x00, 0x00, 0x00, 0x00, 0x00, 0x00
.byte 0x00, 0x00, 0x9e, 0xf7, 0x3c, 0xe7, 0x38, 0xc6, 0xd3, 0x9c, 0x6d, 0x6b, 0xb3, 0x31, 0x99, 0x31
.byte 0x99, 0x31, 0x99, 0x31, 0x99, 0x31, 0x99, 0x31, 0x99, 0x31, 0x99, 0x31, 0x99, 0x31, 0x99, 0x31
.byte 0x99, 0x31, 0x99, 0x31, 0x99, 0x31, 0x99, 0x31, 0x99, 0x31, 0x99, 0x31, 0x99, 0x31, 0x99, 0x31
.byte 0x99, 0x31, 0x99, 0x31, 0x99, 0x31, 0x99, 0x31, 0x99, 0x31, 0x99, 0x31, 0x99, 0x31, 0x99, 0x31
.byte 0x99, 0x31, 0x99, 0x31, 0x99, 0x31, 0x99, 0x31, 0x99, 0x31, 0x99, 0x31, 0x99, 0x31, 0x99, 0x31
.byte 0x99, 0x31, 0x99, 0x31, 0x99, 0x31, 0x99, 0x31, 0x99, 0x31, 0x99, 0x31, 0x99, 0x31, 0x99, 0x31
.byte 0x99, 0x31, 0x99, 0x31, 0x99, 0x31, 0x99, 0x31, 0x99, 0x31, 0x99, 0x31, 0x99, 0x31, 0x99, 0x31
.byte 0x99, 0x31, 0x99, 0x31, 0x99, 0x31, 0x99, 0x31, 0x99, 0x31, 0x99, 0x31, 0x99, 0x31, 0x99, 0x31
.byte 0x99, 0x31, 0x99, 0x31, 0x99, 0x31, 0x99, 0x31, 0x99, 0x31, 0x99, 0x31, 0x99, 0x31, 0x99, 0x31
.byte 0x99, 0x31, 0x99, 0x31, 0x99, 0x31, 0x99, 0x31, 0x99, 0x31, 0x99, 0x31, 0x99, 0x31, 0x99, 0x31
.byte 0x99, 0x31, 0x99, 0x31, 0x99, 0x31, 0x99, 0x31, 0x99, 0x31, 0x99, 0x31, 0x99, 0x31, 0x99, 0x31
.byte 0x99, 0x31, 0xb3, 0x31, 0x08, 0x42, 0x08, 0x42, 0x08, 0x42, 0x08, 0x42, 0xcb, 0x5a, 0x6d, 0x6b
.byte 0xd3, 0x9c, 0x38, 0xc6, 0x3c, 0xe7, 0xdf, 0xff, 0x00, 0x00, 0x00, 0x00, 0x00, 0x00, 0x00, 0x00
.byte 0x00, 0x00, 0x00, 0x00, 0x00, 0x00, 0x00, 0x00, 0x00, 0x00, 0x00, 0x00, 0x00, 0x00, 0x00, 0x00
.byte 0x00, 0x00, 0x00, 0x00, 0x00, 0x00, 0x00, 0x00, 0x00, 0x00, 0x00, 0x00, 0x00, 0x00, 0x00, 0x00
.byte 0x00, 0x00, 0x00, 0x00, 0x00, 0x00, 0x00, 0x00, 0x00, 0x00, 0x00, 0x00, 0x00, 0x00, 0x00, 0x00
.byte 0x00, 0x00, 0x00, 0x00, 0x00, 0x00, 0x00, 0x00, 0x00, 0x00, 0x00, 0x00, 0x00, 0x00, 0x00, 0x00
.byte 0x00, 0x00, 0x00, 0x00, 0x00, 0x00, 0x00, 0x00, 0x00, 0x00, 0x00, 0x00, 0x00, 0x00, 0xdf, 0xff
.byte 0x9e, 0xf7, 0x38, 0xc6, 0x99, 0x52, 0x99, 0x31, 0x99, 0x31, 0x99, 0x31, 0x99, 0x31, 0x99, 0x31
.byte 0x99, 0x31, 0x99, 0x31, 0x99, 0x31, 0x99, 0x31, 0x99, 0x31, 0x99, 0x31, 0x99, 0x31, 0x99, 0x31
.byte 0x99, 0x31, 0x99, 0x31, 0x99, 0x31, 0x99, 0x31, 0xd8, 0x39, 0xb3, 0x31, 0xb3, 0x31, 0xcd, 0x39
.byte 0x08, 0x42, 0x08, 0x42, 0x08, 0x42, 0x08, 0x42, 0x08, 0x42, 0x08, 0x42, 0x08, 0x42, 0x08, 0x42
.byte 0x69, 0x4a, 0x69, 0x4a, 0xcb, 0x5a, 0x6d, 0x6b, 0xf0, 0x7b, 0x71, 0x8c, 0x35, 0xa5, 0x38, 0xc6
.byte 0xdb, 0xde, 0x3c, 0xe7, 0x9e, 0xf7, 0xdf, 0xff, 0x00, 0x00, 0x00, 0x00, 0x00, 0x00, 0x00, 0x00
.byte 0x00, 0x00, 0x00, 0x00, 0x00, 0x00, 0x00, 0x00, 0x00, 0x00, 0x00, 0x00, 0x00, 0x00, 0x00, 0x00
.byte 0x00, 0x00, 0x00, 0x00, 0x00, 0x00, 0x00, 0x00, 0x00, 0x00, 0x00, 0x00, 0x00, 0x00, 0x00, 0x00
.byte 0x00, 0x00, 0x00, 0x00, 0x00, 0x00, 0x00, 0x00, 0x00, 0x00, 0x00, 0x00, 0x00, 0x00, 0x00, 0x00
.byte 0x00, 0x00, 0x00, 0x00, 0x00, 0x00, 0x00, 0x00, 0x00, 0x00, 0x00, 0x00, 0x00, 0x00, 0x00, 0x00
.byte 0x00, 0x00, 0x00, 0x00, 0x00, 0x00, 0x00, 0x00, 0x00, 0x00, 0x00, 0x00, 0x00, 0x00, 0x00, 0x00
.byte 0x00, 0x00, 0x00, 0x00, 0x00, 0x00, 0x00, 0x00, 0x00, 0x00, 0x00, 0x00, 0x00, 0x00, 0x00, 0x00
.byte 0x00, 0x00, 0x00, 0x00, 0x9e, 0xf7, 0x3c, 0xe7, 0x38, 0xc6, 0xd3, 0x9c, 0xf0, 0x7b, 0x50, 0x4a
.byte 0xb3, 0x31, 0x99, 0x31, 0x99, 0x31, 0x99, 0x31, 0x99, 0x31, 0x99, 0x31, 0x99, 0x31, 0x99, 0x31
.byte 0x99, 0x31, 0x99, 0x31, 0x99, 0x31, 0x99, 0x31, 0x99, 0x31, 0x99, 0x31, 0x99, 0x31, 0x99, 0x31
.byte 0x99, 0x31, 0x99, 0x31, 0x99, 0x31, 0x99, 0x31, 0x99, 0x31, 0x99, 0x31, 0x99, 0x31, 0x99, 0x31
.byte 0x99, 0x31, 0x99, 0x31, 0x99, 0x31, 0x99, 0x31, 0x99, 0x31, 0x99, 0x31, 0x99, 0x31, 0x99, 0x31
.byte 0x99, 0x31, 0x99, 0x31, 0x99, 0x31, 0x99, 0x31, 0x99, 0x31, 0x99, 0x31, 0x99, 0x31, 0x99, 0x31
.byte 0x99, 0x31, 0x99, 0x31, 0x99, 0x31, 0x99, 0x31, 0x99, 0x31, 0x99, 0x31, 0x99, 0x31, 0x99, 0x31
.byte 0x99, 0x31, 0x99, 0x31, 0x99, 0x31, 0x99, 0x31, 0x99, 0x31, 0x99, 0x31, 0x99, 0x31, 0x99, 0x31
.byte 0x99, 0x31, 0x99, 0x31, 0x99, 0x31, 0x99, 0x31, 0x99, 0x31, 0x99, 0x31, 0x99, 0x31, 0x99, 0x31
.byte 0x99, 0x31, 0x99, 0x31, 0x99, 0x31, 0x99, 0x31, 0x99, 0x31, 0x99, 0x31, 0x99, 0x31, 0x99, 0x31
.byte 0x99, 0x31, 0x99, 0x31, 0x99, 0x31, 0x99, 0x31, 0x99, 0x31, 0x99, 0x31, 0x99, 0x31, 0x99, 0x31
.byte 0xcd, 0x39, 0x08, 0x42, 0x08, 0x42, 0x08, 0x42, 0x69, 0x4a, 0x69, 0x4a, 0x6d, 0x6b, 0xd3, 0x9c
.byte 0xb6, 0xb5, 0x3c, 0xe7, 0x9e, 0xf7, 0x00, 0x00, 0x00, 0x00, 0x00, 0x00, 0x00, 0x00, 0x00, 0x00
.byte 0x00, 0x00, 0x00, 0x00, 0x00, 0x00, 0x00, 0x00, 0x00, 0x00, 0x00, 0x00, 0x00, 0x00, 0x00, 0x00
.byte 0x00, 0x00, 0x00, 0x00, 0x00, 0x00, 0x00, 0x00, 0x00, 0x00, 0x00, 0x00, 0x00, 0x00, 0x00, 0x00
.byte 0x00, 0x00, 0x00, 0x00, 0x00, 0x00, 0x00, 0x00, 0x00, 0x00, 0x00, 0x00, 0x00, 0x00, 0x00, 0x00
.byte 0x00, 0x00, 0x00, 0x00, 0x00, 0x00, 0x00, 0x00, 0x00, 0x00, 0x00, 0x00, 0x00, 0x00, 0x00, 0x00
.byte 0x00, 0x00, 0x00, 0x00, 0x00, 0x00, 0x00, 0x00, 0x00, 0x00, 0x00, 0x00, 0x00, 0x00, 0x00, 0x00
.byte 0xdf, 0xff, 0xdb, 0xde, 0xb6, 0xb5, 0x6d, 0x6b, 0x50, 0x4a, 0xb3, 0x31, 0xb3, 0x31, 0xd8, 0x39
.byte 0xd8, 0x39, 0xd8, 0x39, 0xd8, 0x39, 0xd8, 0x39, 0xd8, 0x39, 0xd8, 0x39, 0xb3, 0x31, 0xb3, 0x31
.byte 0xb3, 0x31, 0xcd, 0x39, 0xcd, 0x39, 0x08, 0x42, 0x08, 0x42, 0x08, 0x42, 0x08, 0x42, 0x08, 0x42
.byte 0x08, 0x42, 0x08, 0x42, 0x08, 0x42, 0x08, 0x42, 0x69, 0x4a, 0x69, 0x4a, 0x69, 0x4a, 0xcb, 0x5a
.byte 0x6d, 0x6b, 0xf0, 0x7b, 0x71, 0x8c, 0xd3, 0x9c, 0xb6, 0xb5, 0x38, 0xc6, 0xdb, 0xde, 0x3c, 0xe7
.byte 0x9e, 0xf7, 0xdf, 0xff, 0x00, 0x00, 0x00, 0x00, 0x00, 0x00, 0x00, 0x00, 0x00, 0x00, 0x00, 0x00
.byte 0x00, 0x00, 0x00, 0x00, 0x00, 0x00, 0x00, 0x00, 0x00, 0x00, 0x00, 0x00, 0x00, 0x00, 0x00, 0x00
.byte 0x00, 0x00, 0x00, 0x00, 0x00, 0x00, 0x00, 0x00, 0x00, 0x00, 0x00, 0x00, 0x00, 0x00, 0x00, 0x00
.byte 0x00, 0x00, 0x00, 0x00, 0x00, 0x00, 0x00, 0x00, 0x00, 0x00, 0x00, 0x00, 0x00, 0x00, 0x00, 0x00
.byte 0x00, 0x00, 0x00, 0x00, 0x00, 0x00, 0x00, 0x00, 0x00, 0x00, 0x00, 0x00, 0x00, 0x00, 0x00, 0x00
.byte 0x00, 0x00, 0x00, 0x00, 0x00, 0x00, 0x00, 0x00, 0x00, 0x00, 0x00, 0x00, 0x00, 0x00, 0x00, 0x00
.byte 0x00, 0x00, 0x00, 0x00, 0x00, 0x00, 0x00, 0x00, 0x00, 0x00, 0x00, 0x00, 0x00, 0x00, 0x00, 0x00
.byte 0x00, 0x00, 0x00, 0x00, 0x00, 0x00, 0xdf, 0xff, 0x3c, 0xe7, 0x38, 0xc6, 0x35, 0xa5, 0xf0, 0x7b
.byte 0xcb, 0x5a, 0x69, 0x4a, 0xb3, 0x31, 0x99, 0x31, 0x99, 0x31, 0x99, 0x31, 0x99, 0x31, 0x99, 0x31
.byte 0x99, 0x31, 0x99, 0x31, 0x99, 0x31, 0x99, 0x31, 0x99, 0x31, 0x99, 0x31, 0x99, 0x31, 0x99, 0x31
.byte 0x99, 0x31, 0x99, 0x31, 0x99, 0x31, 0x99, 0x31, 0x99, 0x31, 0x99, 0x31, 0x99, 0x31, 0x99, 0x31
.byte 0x99, 0x31, 0x99, 0x31, 0x99, 0x31, 0x99, 0x31, 0x99, 0x31, 0x99, 0x31, 0x99, 0x31, 0x99, 0x31
.byte 0x99, 0x31, 0x99, 0x31, 0x99, 0x31, 0x99, 0x31, 0x99, 0x31, 0x99, 0x31, 0x99, 0x31, 0x99, 0x31
.byte 0x99, 0x31, 0x99, 0x31, 0x99, 0x31, 0x99, 0x31, 0x99, 0x31, 0x99, 0x31, 0x99, 0x31, 0x99, 0x31
.byte 0x99, 0x31, 0x99, 0x31, 0x99, 0x31, 0x99, 0x31, 0x99, 0x31, 0x99, 0x31, 0x99, 0x31, 0x99, 0x31
.byte 0x99, 0x31, 0x99, 0x31, 0x99, 0x31, 0x99, 0x31, 0x99, 0x31, 0x99, 0x31, 0x99, 0x31, 0x99, 0x31
.byte 0x99, 0x31, 0x99, 0x31, 0x99, 0x31, 0x99, 0x31, 0x99, 0x31, 0x99, 0x31, 0x99, 0x31, 0x99, 0x31
.byte 0x99, 0x31, 0x99, 0x31, 0x99, 0x31, 0x99, 0x31, 0x99, 0x31, 0x99, 0x31, 0xd8, 0x39, 0x08, 0x42
.byte 0x08, 0x42, 0x08, 0x42, 0x08, 0x42, 0x08, 0x42, 0xcb, 0x5a, 0x6d, 0x6b, 0xd3, 0x9c, 0xb6, 0xb5
.byte 0x3c, 0xe7, 0x9e, 0xf7, 0x00, 0x00, 0x00, 0x00, 0x00, 0x00, 0x00, 0x00, 0x00, 0x00, 0x00, 0x00
.byte 0x00, 0x00, 0x00, 0x00, 0x00, 0x00, 0x00, 0x00, 0x00, 0x00, 0x00, 0x00, 0x00, 0x00, 0x00, 0x00
.byte 0x00, 0x00, 0x00, 0x00, 0x00, 0x00, 0x00, 0x00, 0x00, 0x00, 0x00, 0x00, 0x00, 0x00, 0x00, 0x00
.byte 0x00, 0x00, 0x00, 0x00, 0x00, 0x00, 0x00, 0x00, 0x00, 0x00, 0x00, 0x00, 0x00, 0x00, 0x00, 0x00
.byte 0x00, 0x00, 0x00, 0x00, 0x00, 0x00, 0x00, 0x00, 0x00, 0x00, 0x00, 0x00, 0x00, 0x00, 0x00, 0x00
.byte 0x00, 0x00, 0x00, 0x00, 0x00, 0x00, 0x00, 0x00, 0x00, 0x00, 0x00, 0x00, 0x00, 0x00, 0x00, 0x00
.byte 0xdf, 0xff, 0x9e, 0xf7, 0x38, 0xc6, 0xd3, 0x9c, 0x6d, 0x6b, 0xcb, 0x5a, 0x08, 0x42, 0x08, 0x42
.byte 0x08, 0x42, 0x08, 0x42, 0x08, 0x42, 0x08, 0x42, 0x08, 0x42, 0x08, 0x42, 0x08, 0x42, 0x08, 0x42
.byte 0x08, 0x42, 0x08, 0x42, 0x08, 0x42, 0x08, 0x42, 0x08, 0x42, 0x08, 0x42, 0x08, 0x42, 0x08, 0x42
.byte 0x69, 0x4a, 0x69, 0x4a, 0x69, 0x4a, 0xcb, 0x5a, 0xcb, 0x5a, 0x6d, 0x6b, 0xf0, 0x7b, 0x71, 0x8c
.byte 0xd3, 0x9c, 0x35, 0xa5, 0x38, 0xc6, 0xdb, 0xde, 0x3c, 0xe7, 0x9e, 0xf7, 0xdf, 0xff, 0xdf, 0xff
.byte 0x00, 0x00, 0x00, 0x00, 0x00, 0x00, 0x00, 0x00, 0x00, 0x00, 0x00, 0x00, 0x00, 0x00, 0x00, 0x00
.byte 0x00, 0x00, 0x00, 0x00, 0x00, 0x00, 0x00, 0x00, 0x00, 0x00, 0x00, 0x00, 0x00, 0x00, 0x00, 0x00
.byte 0x00, 0x00, 0x00, 0x00, 0x00, 0x00, 0x00, 0x00, 0x00, 0x00, 0x00, 0x00, 0x00, 0x00, 0x00, 0x00
.byte 0x00, 0x00, 0x00, 0x00, 0x00, 0x00, 0x00, 0x00, 0x00, 0x00, 0x00, 0x00, 0x00, 0x00, 0x00, 0x00
.byte 0x00, 0x00, 0x00, 0x00, 0x00, 0x00, 0x00, 0x00, 0x00, 0x00, 0x00, 0x00, 0x00, 0x00, 0x00, 0x00
.byte 0x00, 0x00, 0x00, 0x00, 0x00, 0x00, 0x00, 0x00, 0x00, 0x00, 0x00, 0x00, 0x00, 0x00, 0x00, 0x00
.byte 0x00, 0x00, 0x00, 0x00, 0x00, 0x00, 0x00, 0x00, 0x00, 0x00, 0x00, 0x00, 0x00, 0x00, 0x00, 0x00
.byte 0x00, 0x00, 0x00, 0x00, 0x00, 0x00, 0x00, 0x00, 0xdf, 0xff, 0x3c, 0xe7, 0xdb, 0xde, 0x35, 0xa5
.byte 0x71, 0x8c, 0x6d, 0x6b, 0xcb, 0x5a, 0x69, 0x4a, 0xb3, 0x31, 0x99, 0x31, 0x99, 0x31, 0x99, 0x31
.byte 0x99, 0x31, 0x99, 0x31, 0x99, 0x31, 0x99, 0x31, 0x99, 0x31, 0x99, 0x31, 0x99, 0x31, 0x99, 0x31
.byte 0x99, 0x31, 0x99, 0x31, 0x99, 0x31, 0x99, 0x31, 0x99, 0x31, 0x99, 0x31, 0x99, 0x31, 0x99, 0x31
.byte 0x99, 0x31, 0x99, 0x31, 0x99, 0x31, 0x99, 0x31, 0x99, 0x31, 0x99, 0x31, 0x99, 0x31, 0x99, 0x31
.byte 0x99, 0x31, 0x99, 0x31, 0x99, 0x31, 0x99, 0x31, 0x99, 0x31, 0x99, 0x31, 0x99, 0x31, 0x99, 0x31
.byte 0x99, 0x31, 0x99, 0x31, 0x99, 0x31, 0x99, 0x31, 0x99, 0x31, 0x99, 0x31, 0x99, 0x31, 0x99, 0x31
.byte 0x99, 0x31, 0x99, 0x31, 0x99, 0x31, 0x99, 0x31, 0x99, 0x31, 0x99, 0x31, 0x99, 0x31, 0x99, 0x31
.byte 0x99, 0x31, 0x99, 0x31, 0x99, 0x31, 0x99, 0x31, 0x99, 0x31, 0x99, 0x31, 0x99, 0x31, 0x99, 0x31
.byte 0x99, 0x31, 0x99, 0x31, 0x99, 0x31, 0x99, 0x31, 0x99, 0x31, 0x99, 0x31, 0x99, 0x31, 0x99, 0x31
.byte 0x99, 0x31, 0x99, 0x31, 0x99, 0x31, 0x99, 0x31, 0x99, 0x31, 0xb3, 0x31, 0x08, 0x42, 0x08, 0x42
.byte 0x08, 0x42, 0x08, 0x42, 0x69, 0x4a, 0xcb, 0x5a, 0x6d, 0x6b, 0xd3, 0x9c, 0x38, 0xc6, 0x3c, 0xe7
.byte 0x9e, 0xf7, 0x00, 0x00, 0x00, 0x00, 0x00, 0x00, 0x00, 0x00, 0x00, 0x00, 0x00, 0x00, 0x00, 0x00
.byte 0x00, 0x00, 0x00, 0x00, 0x00, 0x00, 0x00, 0x00, 0x00, 0x00, 0x00, 0x00, 0x00, 0x00, 0x00, 0x00
.byte 0x00, 0x00, 0x00, 0x00, 0x00, 0x00, 0x00, 0x00, 0x00, 0x00, 0x00, 0x00, 0x00, 0x00, 0x00, 0x00
.byte 0x00, 0x00, 0x00, 0x00, 0x00, 0x00, 0x00, 0x00, 0x00, 0x00, 0x00, 0x00, 0x00, 0x00, 0x00, 0x00
.byte 0x00, 0x00, 0x00, 0x00, 0x00, 0x00, 0x00, 0x00, 0x00, 0x00, 0x00, 0x00, 0x00, 0x00, 0x00, 0x00
.byte 0x00, 0x00, 0x00, 0x00, 0x00, 0x00, 0x00, 0x00, 0x00, 0x00, 0x00, 0x00, 0x00, 0x00, 0x00, 0x00
.byte 0x00, 0x00, 0xdf, 0xff, 0x3c, 0xe7, 0x38, 0xc6, 0xd3, 0x9c, 0x6d, 0x6b, 0xcb, 0x5a, 0x69, 0x4a
.byte 0x69, 0x4a, 0x08, 0x42, 0x08, 0x42, 0x08, 0x42, 0x08, 0x42, 0x08, 0x42, 0x08, 0x42, 0x08, 0x42
.byte 0x08, 0x42, 0x08, 0x42, 0x69, 0x4a, 0x69, 0x4a, 0x69, 0x4a, 0x69, 0x4a, 0xcb, 0x5a, 0xcb, 0x5a
.byte 0xcb, 0x5a, 0x6d, 0x6b, 0x6d, 0x6b, 0xf0, 0x7b, 0x71, 0x8c, 0xd3, 0x9c, 0xb6, 0xb5, 0xb6, 0xb5
.byte 0xdb, 0xde, 0xdb, 0xde, 0x3c, 0xe7, 0x9e, 0xf7, 0xdf, 0xff, 0x00, 0x00, 0x00, 0x00, 0x00, 0x00
.byte 0x00, 0x00, 0x00, 0x00, 0x00, 0x00, 0x00, 0x00, 0x00, 0x00, 0x00, 0x00, 0x00, 0x00, 0x00, 0x00
.byte 0x00, 0x00, 0x00, 0x00, 0x00, 0x00, 0x00, 0x00, 0x00, 0x00, 0x00, 0x00, 0x00, 0x00, 0x00, 0x00
.byte 0x00, 0x00, 0x00, 0x00, 0x00, 0x00, 0x00, 0x00, 0x00, 0x00, 0x00, 0x00, 0x00, 0x00, 0x00, 0x00
.byte 0x00, 0x00, 0x00, 0x00, 0x00, 0x00, 0x00, 0x00, 0x00, 0x00, 0x00, 0x00, 0x00, 0x00, 0x00, 0x00
.byte 0x00, 0x00, 0x00, 0x00, 0x00, 0x00, 0x00, 0x00, 0x00, 0x00, 0x00, 0x00, 0x00, 0x00, 0x00, 0x00
.byte 0x00, 0x00, 0x00, 0x00, 0x00, 0x00, 0x00, 0x00, 0x00, 0x00, 0x00, 0x00, 0x00, 0x00, 0x00, 0x00
.byte 0x00, 0x00, 0x00, 0x00, 0x00, 0x00, 0x00, 0x00, 0x00, 0x00, 0x00, 0x00, 0x00, 0x00, 0x00, 0x00
.byte 0x00, 0x00, 0x00, 0x00, 0x00, 0x00, 0x00, 0x00, 0x00, 0x00, 0xdf, 0xff, 0x9e, 0xf7, 0xdb, 0xde
.byte 0xb6, 0xb5, 0xd3, 0x9c, 0xf0, 0x7b, 0x6d, 0x6b, 0xcb, 0x5a, 0x69, 0x4a, 0xb3, 0x31, 0xd8, 0x39
.byte 0x99, 0x31, 0x99, 0x31, 0x99, 0x31, 0x99, 0x31, 0x99, 0x31, 0x99, 0x31, 0x99, 0x31, 0x99, 0x31
.byte 0x99, 0x31, 0x99, 0x31, 0x99, 0x31, 0x99, 0x31, 0x99, 0x31, 0x99, 0x31, 0x99, 0x31, 0x99, 0x31
.byte 0x99, 0x31, 0x99, 0x31, 0x99, 0x31, 0x99, 0x31, 0x99, 0x31, 0x99, 0x31, 0x99, 0x31, 0x99, 0x31
.byte 0x99, 0x31, 0x99, 0x31, 0x99, 0x31, 0x99, 0x31, 0x99, 0x31, 0x99, 0x31, 0x99, 0x31, 0x99, 0x31
.byte 0x99, 0x31, 0x99, 0x31, 0x99, 0x31, 0x99, 0x31, 0x99, 0x31, 0x99, 0x31, 0x99, 0x31, 0x99, 0x31
.byte 0x99, 0x31, 0x99, 0x31, 0x99, 0x31, 0x99, 0x31, 0x99, 0x31, 0x99, 0x31, 0x99, 0x31, 0x99, 0x31
.byte 0x99, 0x31, 0x99, 0x31, 0x99, 0x31, 0x99, 0x31, 0x99, 0x31, 0x99, 0x31, 0x99, 0x31, 0x99, 0x31
.byte 0x99, 0x31, 0x99, 0x31, 0x99, 0x31, 0x99, 0x31, 0x99, 0x31, 0x99, 0x31, 0x99, 0x31, 0x99, 0x31
.byte 0x99, 0x31, 0x99, 0x31, 0x99, 0x31, 0xd8, 0x39, 0xcd, 0x39, 0x08, 0x42, 0x08, 0x42, 0x08, 0x42
.byte 0x08, 0x42, 0x69, 0x4a, 0xcb, 0x5a, 0xf0, 0x7b, 0xd3, 0x9c, 0x38, 0xc6, 0x3c, 0xe7, 0x9e, 0xf7
.byte 0x00, 0x00, 0x00, 0x00, 0x00, 0x00, 0x00, 0x00, 0x00, 0x00, 0x00, 0x00, 0x00, 0x00, 0x00, 0x00
.byte 0x00, 0x00, 0x00, 0x00, 0x00, 0x00, 0x00, 0x00, 0x00, 0x00, 0x00, 0x00, 0x00, 0x00, 0x00, 0x00
.byte 0x00, 0x00, 0x00, 0x00, 0x00, 0x00, 0x00, 0x00, 0x00, 0x00, 0x00, 0x00, 0x00, 0x00, 0x00, 0x00
.byte 0x00, 0x00, 0x00, 0x00, 0x00, 0x00, 0x00, 0x00, 0x00, 0x00, 0x00, 0x00, 0x00, 0x00, 0x00, 0x00
.byte 0x00, 0x00, 0x00, 0x00, 0x00, 0x00, 0x00, 0x00, 0x00, 0x00, 0x00, 0x00, 0x00, 0x00, 0x00, 0x00
.byte 0x00, 0x00, 0x00, 0x00, 0x00, 0x00, 0x00, 0x00, 0x00, 0x00, 0x00, 0x00, 0x00, 0x00, 0x00, 0x00
.byte 0x00, 0x00, 0x00, 0x00, 0x9e, 0xf7, 0x3c, 0xe7, 0x38, 0xc6, 0xd3, 0x9c, 0xf0, 0x7b, 0x6d, 0x6b
.byte 0x6d, 0x6b, 0xcb, 0x5a, 0xcb, 0x5a, 0xcb, 0x5a, 0xcb, 0x5a, 0xcb, 0x5a, 0xcb, 0x5a, 0xcb, 0x5a
.byte 0xcb, 0x5a, 0xcb, 0x5a, 0x6d, 0x6b, 0x6d, 0x6b, 0x6d, 0x6b, 0x6d, 0x6b, 0xf0, 0x7b, 0x71, 0x8c
.byte 0x71, 0x8c, 0xd3, 0x9c, 0x35, 0xa5, 0xb6, 0xb5, 0x38, 0xc6, 0xdb, 0xde, 0xdb, 0xde, 0x3c, 0xe7
.byte 0x9e, 0xf7, 0xdf, 0xff, 0xdf, 0xff, 0x00, 0x00, 0x00, 0x00, 0x00, 0x00, 0x00, 0x00, 0x00, 0x00
.byte 0x00, 0x00, 0x00, 0x00, 0x00, 0x00, 0x00, 0x00, 0x00, 0x00, 0x00, 0x00, 0x00, 0x00, 0x00, 0x00
.byte 0x00, 0x00, 0x00, 0x00, 0x00, 0x00, 0x00, 0x00, 0x00, 0x00, 0x00, 0x00, 0x00, 0x00, 0x00, 0x00
.byte 0x00, 0x00, 0x00, 0x00, 0x00, 0x00, 0x00, 0x00, 0x00, 0x00, 0x00, 0x00, 0x00, 0x00, 0x00, 0x00
.byte 0x00, 0x00, 0x00, 0x00, 0x00, 0x00, 0x00, 0x00, 0x00, 0x00, 0x00, 0x00, 0x00, 0x00, 0x00, 0x00
.byte 0x00, 0x00, 0x00, 0x00, 0x00, 0x00, 0x00, 0x00, 0x00, 0x00, 0x00, 0x00, 0x00, 0x00, 0x00, 0x00
.byte 0x00, 0x00, 0x00, 0x00, 0x00, 0x00, 0x00, 0x00, 0x00, 0x00, 0x00, 0x00, 0x00, 0x00, 0x00, 0x00
.byte 0x00, 0x00, 0x00, 0x00, 0x00, 0x00, 0x00, 0x00, 0x00, 0x00, 0x00, 0x00, 0x00, 0x00, 0x00, 0x00
.byte 0x00, 0x00, 0x00, 0x00, 0x00, 0x00, 0x00, 0x00, 0x00, 0x00, 0x00, 0x00, 0xdf, 0xff, 0x9e, 0xf7
.byte 0x3c, 0xe7, 0x38, 0xc6, 0xb6, 0xb5, 0xd3, 0x9c, 0xf0, 0x7b, 0x6d, 0x6b, 0xcb, 0x5a, 0x69, 0x4a
.byte 0xcd, 0x39, 0xd8, 0x39, 0x99, 0x31, 0x99, 0x31, 0x99, 0x31, 0x99, 0x31, 0x99, 0x31, 0x99, 0x31
.byte 0x99, 0x31, 0x99, 0x31, 0x99, 0x31, 0x99, 0x31, 0x99, 0x31, 0x99, 0x31, 0x99, 0x31, 0x99, 0x31
.byte 0x99, 0x31, 0x99, 0x31, 0x99, 0x31, 0x99, 0x31, 0x99, 0x31, 0x99, 0x31, 0x99, 0x31, 0x99, 0x31
.byte 0x99, 0x31, 0x99, 0x31, 0x99, 0x31, 0x99, 0x31, 0x99, 0x31, 0x99, 0x31, 0x99, 0x31, 0x99, 0x31
.byte 0x99, 0x31, 0x99, 0x31, 0x99, 0x31, 0x99, 0x31, 0x99, 0x31, 0x99, 0x31, 0x99, 0x31, 0x99, 0x31
.byte 0x99, 0x31, 0x99, 0x31, 0x99, 0x31, 0x99, 0x31, 0x99, 0x31, 0x99, 0x31, 0x99, 0x31, 0x99, 0x31
.byte 0x99, 0x31, 0x99, 0x31, 0x99, 0x31, 0x99, 0x31, 0x99, 0x31, 0x99, 0x31, 0x99, 0x31, 0x99, 0x31
.byte 0x99, 0x31, 0x99, 0x31, 0x99, 0x31, 0x99, 0x31, 0x99, 0x31, 0x99, 0x31, 0x99, 0x31, 0x99, 0x31
.byte 0x99, 0x31, 0x99, 0x31, 0xb3, 0x31, 0x08, 0x42, 0x08, 0x42, 0x08, 0x42, 0x08, 0x42, 0x08, 0x42
.byte 0x69, 0x4a, 0xcb, 0x5a, 0xf0, 0x7b, 0x35, 0xa5, 0x38, 0xc6, 0x3c, 0xe7, 0xdf, 0xff, 0x00, 0x00
.byte 0x00, 0x00, 0x00, 0x00, 0x00, 0x00, 0x00, 0x00, 0x00, 0x00, 0x00, 0x00, 0x00, 0x00, 0x00, 0x00
.byte 0x00, 0x00, 0x00, 0x00, 0x00, 0x00, 0x00, 0x00, 0x00, 0x00, 0x00, 0x00, 0x00, 0x00, 0x00, 0x00
.byte 0x00, 0x00, 0x00, 0x00, 0x00, 0x00, 0x00, 0x00, 0x00, 0x00, 0x00, 0x00, 0x00, 0x00, 0x00, 0x00
.byte 0x00, 0x00, 0x00, 0x00, 0x00, 0x00, 0x00, 0x00, 0x00, 0x00, 0x00, 0x00, 0x00, 0x00, 0x00, 0x00
.byte 0x00, 0x00, 0x00, 0x00, 0x00, 0x00, 0x00, 0x00, 0x00, 0x00, 0x00, 0x00, 0x00, 0x00, 0x00, 0x00
.byte 0x00, 0x00, 0x00, 0x00, 0x00, 0x00, 0x00, 0x00, 0x00, 0x00, 0x00, 0x00, 0x00, 0x00, 0x00, 0x00
.byte 0x00, 0x00, 0x00, 0x00, 0xdf, 0xff, 0x9e, 0xf7, 0x3c, 0xe7, 0x38, 0xc6, 0xb6, 0xb5, 0x35, 0xa5
.byte 0xd3, 0x9c, 0x71, 0x8c, 0x71, 0x8c, 0xf0, 0x7b, 0x71, 0x8c, 0xf0, 0x7b, 0x71, 0x8c, 0x71, 0x8c
.byte 0x71, 0x8c, 0x71, 0x8c, 0xd3, 0x9c, 0xd3, 0x9c, 0x35, 0xa5, 0xb6, 0xb5, 0xb6, 0xb5, 0x38, 0xc6
.byte 0x38, 0xc6, 0xdb, 0xde, 0xdb, 0xde, 0x3c, 0xe7, 0x9e, 0xf7, 0x9e, 0xf7, 0xdf, 0xff, 0xdf, 0xff
.byte 0x00, 0x00, 0x00, 0x00, 0x00, 0x00, 0x00, 0x00, 0x00, 0x00, 0x00, 0x00, 0x00, 0x00, 0x00, 0x00
.byte 0x00, 0x00, 0x00, 0x00, 0x00, 0x00, 0x00, 0x00, 0x00, 0x00, 0x00, 0x00, 0x00, 0x00, 0x00, 0x00
.byte 0x00, 0x00, 0x00, 0x00, 0x00, 0x00, 0x00, 0x00, 0x00, 0x00, 0x00, 0x00, 0x00, 0x00, 0x00, 0x00
.byte 0x00, 0x00, 0x00, 0x00, 0x00, 0x00, 0x00, 0x00, 0x00, 0x00, 0x00, 0x00, 0x00, 0x00, 0x00, 0x00
.byte 0x00, 0x00, 0x00, 0x00, 0x00, 0x00, 0x00, 0x00, 0x00, 0x00, 0x00, 0x00, 0x00, 0x00, 0x00, 0x00
.byte 0x00, 0x00, 0x00, 0x00, 0x00, 0x00, 0x00, 0x00, 0x00, 0x00, 0x00, 0x00, 0x00, 0x00, 0x00, 0x00
.byte 0x00, 0x00, 0x00, 0x00, 0x00, 0x00, 0x00, 0x00, 0x00, 0x00, 0x00, 0x00, 0x00, 0x00, 0x00, 0x00
.byte 0x00, 0x00, 0x00, 0x00, 0x00, 0x00, 0x00, 0x00, 0x00, 0x00, 0x00, 0x00, 0x00, 0x00, 0x00, 0x00
.byte 0x00, 0x00, 0x00, 0x00, 0x00, 0x00, 0x00, 0x00, 0x00, 0x00, 0x00, 0x00, 0x00, 0x00, 0x00, 0x00
.byte 0xdf, 0xff, 0x9e, 0xf7, 0x3c, 0xe7, 0x38, 0xc6, 0xb6, 0xb5, 0xd3, 0x9c, 0xf0, 0x7b, 0x6d, 0x6b
.byte 0xcb, 0x5a, 0x69, 0x4a, 0xcd, 0x39, 0xb3, 0x31, 0xd8, 0x39, 0x99, 0x31, 0x99, 0x31, 0x99, 0x31
.byte 0x99, 0x31, 0x99, 0x31, 0x99, 0x31, 0x99, 0x31, 0x99, 0x31, 0x99, 0x31, 0x99, 0x31, 0x99, 0x31
.byte 0x99, 0x31, 0x99, 0x31, 0x99, 0x31, 0x99, 0x31, 0x99, 0x31, 0x99, 0x31, 0x99, 0x31, 0x99, 0x31
.byte 0x99, 0x31, 0x99, 0x31, 0x99, 0x31, 0x99, 0x31, 0x99, 0x31, 0x99, 0x31, 0x99, 0x31, 0x99, 0x31
.byte 0x99, 0x31, 0x99, 0x31, 0x99, 0x31, 0x99, 0x31, 0x99, 0x31, 0x99, 0x31, 0x99, 0x31, 0x99, 0x31
.byte 0x99, 0x31, 0x99, 0x31, 0x99, 0x31, 0x99, 0x31, 0x99, 0x31, 0x99, 0x31, 0x99, 0x31, 0x99, 0x31
.byte 0x99, 0x31, 0x99, 0x31, 0x99, 0x31, 0x99, 0x31, 0x99, 0x31, 0x99, 0x31, 0x99, 0x31, 0x99, 0x31
.byte 0x99, 0x31, 0x99, 0x31, 0x99, 0x31, 0x99, 0x31, 0x99, 0x31, 0x99, 0x31, 0x99, 0x31, 0x99, 0x31
.byte 0xb3, 0x31, 0xcd, 0x39, 0x08, 0x42, 0x08, 0x42, 0x08, 0x42, 0x08, 0x42, 0x69, 0x4a, 0xcb, 0x5a
.byte 0x6d, 0x6b, 0x71, 0x8c, 0xb6, 0xb5, 0xdb, 0xde, 0x3c, 0xe7, 0xdf, 0xff, 0x00, 0x00, 0x00, 0x00
.byte 0x00, 0x00, 0x00, 0x00, 0x00, 0x00, 0x00, 0x00, 0x00, 0x00, 0x00, 0x00, 0x00, 0x00, 0x00, 0x00
.byte 0x00, 0x00, 0x00, 0x00, 0x00, 0x00, 0x00, 0x00, 0x00, 0x00, 0x00, 0x00, 0x00, 0x00, 0x00, 0x00
.byte 0x00, 0x00, 0x00, 0x00, 0x00, 0x00, 0x00, 0x00, 0x00, 0x00, 0x00, 0x00, 0x00, 0x00, 0x00, 0x00
.byte 0x00, 0x00, 0x00, 0x00, 0x00, 0x00, 0x00, 0x00, 0x00, 0x00, 0x00, 0x00, 0x00, 0x00, 0x00, 0x00
.byte 0x00, 0x00, 0x00, 0x00, 0x00, 0x00, 0x00, 0x00, 0x00, 0x00, 0x00, 0x00, 0x00, 0x00, 0x00, 0x00
.byte 0x00, 0x00, 0x00, 0x00, 0x00, 0x00, 0x00, 0x00, 0x00, 0x00, 0x00, 0x00, 0x00, 0x00, 0x00, 0x00
.byte 0x00, 0x00, 0x00, 0x00, 0x00, 0x00, 0x00, 0x00, 0xdf, 0xff, 0x9e, 0xf7, 0x3c, 0xe7, 0xdb, 0xde
.byte 0xdb, 0xde, 0x38, 0xc6, 0x38, 0xc6, 0x38, 0xc6, 0x38, 0xc6, 0x38, 0xc6, 0x38, 0xc6, 0x38, 0xc6
.byte 0x38, 0xc6, 0x38, 0xc6, 0x38, 0xc6, 0xdb, 0xde, 0xdb, 0xde, 0xdb, 0xde, 0x3c, 0xe7, 0x3c, 0xe7
.byte 0x9e, 0xf7, 0x9e, 0xf7, 0xdf, 0xff, 0xdf, 0xff, 0x00, 0x00, 0x00, 0x00, 0x00, 0x00, 0x00, 0x00
.byte 0x00, 0x00, 0x00, 0x00, 0x00, 0x00, 0x00, 0x00, 0x00, 0x00, 0x00, 0x00, 0x00, 0x00, 0x00, 0x00
.byte 0x00, 0x00, 0x00, 0x00, 0x00, 0x00, 0x00, 0x00, 0x00, 0x00, 0x00, 0x00, 0x00, 0x00, 0x00, 0x00
.byte 0x00, 0x00, 0x00, 0x00, 0x00, 0x00, 0x00, 0x00, 0x00, 0x00, 0x00, 0x00, 0x00, 0x00, 0x00, 0x00
.byte 0x00, 0x00, 0x00, 0x00, 0x00, 0x00, 0x00, 0x00, 0x00, 0x00, 0x00, 0x00, 0x00, 0x00, 0x00, 0x00
.byte 0x00, 0x00, 0x00, 0x00, 0x00, 0x00, 0x00, 0x00, 0x00, 0x00, 0x00, 0x00, 0x00, 0x00, 0x00, 0x00
.byte 0x00, 0x00, 0x00, 0x00, 0x00, 0x00, 0x00, 0x00, 0x00, 0x00, 0x00, 0x00, 0x00, 0x00, 0x00, 0x00
.byte 0x00, 0x00, 0x00, 0x00, 0x00, 0x00, 0x00, 0x00, 0x00, 0x00, 0x00, 0x00, 0x00, 0x00, 0x00, 0x00
.byte 0x00, 0x00, 0x00, 0x00, 0x00, 0x00, 0x00, 0x00, 0x00, 0x00, 0x00, 0x00, 0x00, 0x00, 0x00, 0x00
.byte 0x00, 0x00, 0x00, 0x00, 0x00, 0x00, 0x00, 0x00, 0x00, 0x00, 0x00, 0x00, 0x00, 0x00, 0x00, 0x00
.byte 0x00, 0x00, 0xdf, 0xff, 0xdf, 0xff, 0x9e, 0xf7, 0x3c, 0xe7, 0x38, 0xc6, 0xb6, 0xb5, 0xd3, 0x9c
.byte 0xf0, 0x7b, 0x6d, 0x6b, 0xcb, 0x5a, 0x69, 0x4a, 0x69, 0x4a, 0xcd, 0x39, 0xb3, 0x31, 0x99, 0x31
.byte 0x99, 0x31, 0x99, 0x31, 0x99, 0x31, 0x99, 0x31, 0x99, 0x31, 0x99, 0x31, 0x99, 0x31, 0x99, 0x31
.byte 0x99, 0x31, 0x99, 0x31, 0x99, 0x31, 0x99, 0x31, 0x99, 0x31, 0x99, 0x31, 0x99, 0x31, 0x99, 0x31
.byte 0x99, 0x31, 0x99, 0x31, 0x99, 0x31, 0x99, 0x31, 0x99, 0x31, 0x99, 0x31, 0x99, 0x31, 0x99, 0x31
.byte 0x99, 0x31, 0x99, 0x31, 0x99, 0x31, 0x99, 0x31, 0x99, 0x31, 0x99, 0x31, 0x99, 0x31, 0x99, 0x31
.byte 0x99, 0x31, 0x99, 0x31, 0x99, 0x31, 0x99, 0x31, 0x99, 0x31, 0x99, 0x31, 0x99, 0x31, 0x99, 0x31
.byte 0x99, 0x31, 0x99, 0x31, 0x99, 0x31, 0x99, 0x31, 0x99, 0x31, 0x99, 0x31, 0x99, 0x31, 0x99, 0x31
.byte 0x99, 0x31, 0x99, 0x31, 0x99, 0x31, 0x99, 0x31, 0x99, 0x31, 0x99, 0x31, 0xb3, 0x31, 0xcd, 0x39
.byte 0x08, 0x42, 0x08, 0x42, 0x08, 0x42, 0x08, 0x42, 0x08, 0x42, 0x69, 0x4a, 0xcb, 0x5a, 0xf0, 0x7b
.byte 0xd3, 0x9c, 0xb6, 0xb5, 0xdb, 0xde, 0x9e, 0xf7, 0xdf, 0xff, 0x00, 0x00, 0x00, 0x00, 0x00, 0x00
.byte 0x00, 0x00, 0x00, 0x00, 0x00, 0x00, 0x00, 0x00, 0x00, 0x00, 0x00, 0x00, 0x00, 0x00, 0x00, 0x00
.byte 0x00, 0x00, 0x00, 0x00, 0x00, 0x00, 0x00, 0x00, 0x00, 0x00, 0x00, 0x00, 0x00, 0x00, 0x00, 0x00
.byte 0x00, 0x00, 0x00, 0x00, 0x00, 0x00, 0x00, 0x00, 0x00, 0x00, 0x00, 0x00, 0x00, 0x00, 0x00, 0x00
.byte 0x00, 0x00, 0x00, 0x00, 0x00, 0x00, 0x00, 0x00, 0x00, 0x00, 0x00, 0x00, 0x00, 0x00, 0x00, 0x00
.byte 0x00, 0x00, 0x00, 0x00, 0x00, 0x00, 0x00, 0x00, 0x00, 0x00, 0x00, 0x00, 0x00, 0x00, 0x00, 0x00
.byte 0x00, 0x00, 0x00, 0x00, 0x00, 0x00, 0x00, 0x00, 0x00, 0x00, 0x00, 0x00, 0x00, 0x00, 0x00, 0x00
.byte 0x00, 0x00, 0x00, 0x00, 0x00, 0x00, 0x00, 0x00, 0x00, 0x00, 0x00, 0x00, 0xdf, 0xff, 0x9e, 0xf7
.byte 0x9e, 0xf7, 0x9e, 0xf7, 0x9e, 0xf7, 0x3c, 0xe7, 0x3c, 0xe7, 0x3c, 0xe7, 0x3c, 0xe7, 0x9e, 0xf7
.byte 0x9e, 0xf7, 0x9e, 0xf7, 0x9e, 0xf7, 0x9e, 0xf7, 0xdf, 0xff, 0xdf, 0xff, 0xdf, 0xff, 0x00, 0x00
.byte 0x00, 0x00, 0x00, 0x00, 0x00, 0x00, 0x00, 0x00, 0x00, 0x00, 0x00, 0x00, 0x00, 0x00, 0x00, 0x00
.byte 0x00, 0x00, 0x00, 0x00, 0x00, 0x00, 0x00, 0x00, 0x00, 0x00, 0x00, 0x00, 0x00, 0x00, 0x00, 0x00
.byte 0x00, 0x00, 0x00, 0x00, 0x00, 0x00, 0x00, 0x00, 0x00, 0x00, 0x00, 0x00, 0x00, 0x00, 0x00, 0x00
.byte 0x00, 0x00, 0x00, 0x00, 0x00, 0x00, 0x00, 0x00, 0x00, 0x00, 0x00, 0x00, 0x00, 0x00, 0x00, 0x00
.byte 0x00, 0x00, 0x00, 0x00, 0x00, 0x00, 0x00, 0x00, 0x00, 0x00, 0x00, 0x00, 0x00, 0x00, 0x00, 0x00
.byte 0x00, 0x00, 0x00, 0x00, 0x00, 0x00, 0x00, 0x00, 0x00, 0x00, 0x00, 0x00, 0x00, 0x00, 0x00, 0x00
.byte 0x00, 0x00, 0x00, 0x00, 0x00, 0x00, 0x00, 0x00, 0x00, 0x00, 0x00, 0x00, 0x00, 0x00, 0x00, 0x00
.byte 0x00, 0x00, 0x00, 0x00, 0x00, 0x00, 0x00, 0x00, 0x00, 0x00, 0x00, 0x00, 0x00, 0x00, 0x00, 0x00
.byte 0x00, 0x00, 0x00, 0x00, 0x00, 0x00, 0x00, 0x00, 0x00, 0x00, 0x00, 0x00, 0x00, 0x00, 0x00, 0x00
.byte 0x00, 0x00, 0x00, 0x00, 0x00, 0x00, 0x00, 0x00, 0x00, 0x00, 0x00, 0x00, 0x00, 0x00, 0x00, 0x00
.byte 0x00, 0x00, 0x00, 0x00, 0x00, 0x00, 0xdf, 0xff, 0xdf, 0xff, 0x9e, 0xf7, 0x3c, 0xe7, 0x38, 0xc6
.byte 0xb6, 0xb5, 0xd3, 0x9c, 0x71, 0x8c, 0x6d, 0x6b, 0xcb, 0x5a, 0xcb, 0x5a, 0x69, 0x4a, 0x08, 0x42
.byte 0x08, 0x42, 0xcd, 0x39, 0xd8, 0x39, 0x99, 0x31, 0x99, 0x31, 0x99, 0x31, 0x99, 0x31, 0x99, 0x31
.byte 0x99, 0x31, 0x99, 0x31, 0x99, 0x31, 0x99, 0x31, 0x99, 0x31, 0x99, 0x31, 0x99, 0x31, 0x99, 0x31
.byte 0x99, 0x31, 0x99, 0x31, 0x99, 0x31, 0x99, 0x31, 0x99, 0x31, 0x99, 0x31, 0x99, 0x31, 0x99, 0x31
.byte 0x99, 0x31, 0x99, 0x31, 0x99, 0x31, 0x99, 0x31, 0x99, 0x31, 0x99, 0x31, 0x99, 0x31, 0x99, 0x31
.byte 0x99, 0x31, 0x99, 0x31, 0x99, 0x31, 0x99, 0x31, 0x99, 0x31, 0x99, 0x31, 0x99, 0x31, 0x99, 0x31
.byte 0x99, 0x31, 0x99, 0x31, 0x99, 0x31, 0x99, 0x31, 0x99, 0x31, 0x99, 0x31, 0x99, 0x31, 0x99, 0x31
.byte 0x99, 0x31, 0x99, 0x31, 0x99, 0x31, 0x99, 0x31, 0xb3, 0x31, 0xcd, 0x39, 0x08, 0x42, 0x08, 0x42
.byte 0x08, 0x42, 0x08, 0x42, 0x08, 0x42, 0x69, 0x4a, 0xcb, 0x5a, 0x6d, 0x6b, 0x71, 0x8c, 0x35, 0xa5
.byte 0x38, 0xc6, 0x3c, 0xe7, 0x9e, 0xf7, 0xdf, 0xff, 0x00, 0x00, 0x00, 0x00, 0x00, 0x00, 0x00, 0x00
.byte 0x00, 0x00, 0x00, 0x00, 0x00, 0x00, 0x00, 0x00, 0x00, 0x00, 0x00, 0x00, 0x00, 0x00, 0x00, 0x00
.byte 0x00, 0x00, 0x00, 0x00, 0x00, 0x00, 0x00, 0x00, 0x00, 0x00, 0x00, 0x00, 0x00, 0x00, 0x00, 0x00
.byte 0x00, 0x00, 0x00, 0x00, 0x00, 0x00, 0x00, 0x00, 0x00, 0x00, 0x00, 0x00, 0x00, 0x00, 0x00, 0x00
.byte 0x00, 0x00, 0x00, 0x00, 0x00, 0x00, 0x00, 0x00, 0x00, 0x00, 0x00, 0x00, 0x00, 0x00, 0x00, 0x00
.byte 0x00, 0x00, 0x00, 0x00, 0x00, 0x00, 0x00, 0x00, 0x00, 0x00, 0x00, 0x00, 0x00, 0x00, 0x00, 0x00
.byte 0x00, 0x00, 0x00, 0x00, 0x00, 0x00, 0x00, 0x00, 0x00, 0x00, 0x00, 0x00, 0x00, 0x00, 0x00, 0x00
.byte 0x00, 0x00, 0x00, 0x00, 0x00, 0x00, 0x00, 0x00, 0x00, 0x00, 0x00, 0x00, 0x00, 0x00, 0x00, 0x00
.byte 0x00, 0x00, 0x00, 0x00, 0x00, 0x00, 0x00, 0x00, 0x00, 0x00, 0x00, 0x00, 0x00, 0x00, 0x00, 0x00
.byte 0x00, 0x00, 0x00, 0x00, 0x00, 0x00, 0x00, 0x00, 0x00, 0x00, 0x00, 0x00, 0x00, 0x00, 0x00, 0x00
.byte 0x00, 0x00, 0x00, 0x00, 0x00, 0x00, 0x00, 0x00, 0x00, 0x00, 0x00, 0x00, 0x00, 0x00, 0x00, 0x00
.byte 0x00, 0x00, 0x00, 0x00, 0x00, 0x00, 0x00, 0x00, 0x00, 0x00, 0x00, 0x00, 0x00, 0x00, 0x00, 0x00
.byte 0x00, 0x00, 0x00, 0x00, 0x00, 0x00, 0x00, 0x00, 0x00, 0x00, 0x00, 0x00, 0x00, 0x00, 0x00, 0x00
.byte 0x00, 0x00, 0x00, 0x00, 0x00, 0x00, 0x00, 0x00, 0x00, 0x00, 0x00, 0x00, 0x00, 0x00, 0x00, 0x00
.byte 0x00, 0x00, 0x00, 0x00, 0x00, 0x00, 0x00, 0x00, 0x00, 0x00, 0x00, 0x00, 0x00, 0x00, 0x00, 0x00
.byte 0x00, 0x00, 0x00, 0x00, 0x00, 0x00, 0x00, 0x00, 0x00, 0x00, 0x00, 0x00, 0x00, 0x00, 0x00, 0x00
.byte 0x00, 0x00, 0x00, 0x00, 0x00, 0x00, 0x00, 0x00, 0x00, 0x00, 0x00, 0x00, 0x00, 0x00, 0x00, 0x00
.byte 0x00, 0x00, 0x00, 0x00, 0x00, 0x00, 0x00, 0x00, 0x00, 0x00, 0x00, 0x00, 0x00, 0x00, 0x00, 0x00
.byte 0x00, 0x00, 0x00, 0x00, 0x00, 0x00, 0x00, 0x00, 0x00, 0x00, 0x00, 0x00, 0x00, 0x00, 0x00, 0x00
.byte 0x00, 0x00, 0x00, 0x00, 0x00, 0x00, 0x00, 0x00, 0x00, 0x00, 0x00, 0x00, 0x00, 0x00, 0x00, 0x00
.byte 0x00, 0x00, 0x00, 0x00, 0x00, 0x00, 0x00, 0x00, 0x00, 0x00, 0xdf, 0xff, 0xdf, 0xff, 0x9e, 0xf7
.byte 0x3c, 0xe7, 0xdb, 0xde, 0xb6, 0xb5, 0x35, 0xa5, 0x71, 0x8c, 0xf0, 0x7b, 0x6d, 0x6b, 0xcb, 0x5a
.byte 0x69, 0x4a, 0x69, 0x4a, 0x08, 0x42, 0xcd, 0x39, 0xcd, 0x39, 0xb3, 0x31, 0x99, 0x31, 0x99, 0x31
.byte 0x99, 0x31, 0x99, 0x31, 0x99, 0x31, 0x99, 0x31, 0x99, 0x31, 0x99, 0x31, 0x99, 0x31, 0x99, 0x31
.byte 0x99, 0x31, 0x99, 0x31, 0x99, 0x31, 0x99, 0x31, 0x99, 0x31, 0x99, 0x31, 0x99, 0x31, 0x99, 0x31
.byte 0x99, 0x31, 0x99, 0x31, 0x99, 0x31, 0x99, 0x31, 0x99, 0x31, 0x99, 0x31, 0x99, 0x31, 0x99, 0x31
.byte 0x99, 0x31, 0x99, 0x31, 0x99, 0x31, 0x99, 0x31, 0x99, 0x31, 0x99, 0x31, 0x99, 0x31, 0x99, 0x31
.byte 0x99, 0x31, 0x99, 0x31, 0x99, 0x31, 0x99, 0x31, 0x99, 0x31, 0x99, 0x31, 0x99, 0x31, 0x99, 0x31
.byte 0x99, 0x31, 0xd8, 0x39, 0xcd, 0x39, 0x08, 0x42, 0x08, 0x42, 0x08, 0x42, 0x08, 0x42, 0x08, 0x42
.byte 0x08, 0x42, 0x69, 0x4a, 0xcb, 0x5a, 0xcb, 0x5a, 0xf0, 0x7b, 0xd3, 0x9c, 0xb6, 0xb5, 0xdb, 0xde
.byte 0x3c, 0xe7, 0xdf, 0xff, 0x00, 0x00, 0x00, 0x00, 0x00, 0x00, 0x00, 0x00, 0x00, 0x00, 0x00, 0x00
.byte 0x00, 0x00, 0x00, 0x00, 0x00, 0x00, 0x00, 0x00, 0x00, 0x00, 0x00, 0x00, 0x00, 0x00, 0x00, 0x00
.byte 0x00, 0x00, 0x00, 0x00, 0x00, 0x00, 0x00, 0x00, 0x00, 0x00, 0x00, 0x00, 0x00, 0x00, 0x00, 0x00
.byte 0x00, 0x00, 0x00, 0x00, 0x00, 0x00, 0x00, 0x00, 0x00, 0x00, 0x00, 0x00, 0x00, 0x00, 0x00, 0x00
.byte 0x00, 0x00, 0x00, 0x00, 0x00, 0x00, 0x00, 0x00, 0x00, 0x00, 0x00, 0x00, 0x00, 0x00, 0x00, 0x00
.byte 0x00, 0x00, 0x00, 0x00, 0x00, 0x00, 0x00, 0x00, 0x00, 0x00, 0x00, 0x00, 0x00, 0x00, 0x00, 0x00
.byte 0x00, 0x00, 0x00, 0x00, 0x00, 0x00, 0x00, 0x00, 0x00, 0x00, 0x00, 0x00, 0x00, 0x00, 0x00, 0x00
.byte 0x00, 0x00, 0x00, 0x00, 0x00, 0x00, 0x00, 0x00, 0x00, 0x00, 0x00, 0x00, 0x00, 0x00, 0x00, 0x00
.byte 0x00, 0x00, 0x00, 0x00, 0x00, 0x00, 0x00, 0x00, 0x00, 0x00, 0x00, 0x00, 0x00, 0x00, 0x00, 0x00
.byte 0x00, 0x00, 0x00, 0x00, 0x00, 0x00, 0x00, 0x00, 0x00, 0x00, 0x00, 0x00, 0x00, 0x00, 0x00, 0x00
.byte 0x00, 0x00, 0x00, 0x00, 0x00, 0x00, 0x00, 0x00, 0x00, 0x00, 0x00, 0x00, 0x00, 0x00, 0x00, 0x00
.byte 0x00, 0x00, 0x00, 0x00, 0x00, 0x00, 0x00, 0x00, 0x00, 0x00, 0x00, 0x00, 0x00, 0x00, 0x00, 0x00
.byte 0x00, 0x00, 0x00, 0x00, 0x00, 0x00, 0x00, 0x00, 0x00, 0x00, 0x00, 0x00, 0x00, 0x00, 0x00, 0x00
.byte 0x00, 0x00, 0x00, 0x00, 0x00, 0x00, 0x00, 0x00, 0x00, 0x00, 0x00, 0x00, 0x00, 0x00, 0x00, 0x00
.byte 0x00, 0x00, 0x00, 0x00, 0x00, 0x00, 0x00, 0x00, 0x00, 0x00, 0x00, 0x00, 0x00, 0x00, 0x00, 0x00
.byte 0x00, 0x00, 0x00, 0x00, 0x00, 0x00, 0x00, 0x00, 0x00, 0x00, 0x00, 0x00, 0x00, 0x00, 0x00, 0x00
.byte 0x00, 0x00, 0x00, 0x00, 0x00, 0x00, 0x00, 0x00, 0x00, 0x00, 0x00, 0x00, 0x00, 0x00, 0x00, 0x00
.byte 0x00, 0x00, 0x00, 0x00, 0x00, 0x00, 0x00, 0x00, 0x00, 0x00, 0x00, 0x00, 0x00, 0x00, 0x00, 0x00
.byte 0x00, 0x00, 0x00, 0x00, 0x00, 0x00, 0x00, 0x00, 0x00, 0x00, 0x00, 0x00, 0x00, 0x00, 0x00, 0x00
.byte 0x00, 0x00, 0x00, 0x00, 0x00, 0x00, 0x00, 0x00, 0x00, 0x00, 0x00, 0x00, 0x00, 0x00, 0x00, 0x00
.byte 0x00, 0x00, 0x00, 0x00, 0x00, 0x00, 0x00, 0x00, 0x00, 0x00, 0x00, 0x00, 0x00, 0x00, 0x00, 0x00
.byte 0xdf, 0xff, 0x9e, 0xf7, 0x3c, 0xe7, 0xdb, 0xde, 0x38, 0xc6, 0x35, 0xa5, 0xd3, 0x9c, 0xf0, 0x7b
.byte 0x6d, 0x6b, 0x6d, 0x6b, 0xcb, 0x5a, 0x69, 0x4a, 0x69, 0x4a, 0x08, 0x42, 0x08, 0x42, 0xcd, 0x39
.byte 0xb3, 0x31, 0xb3, 0x31, 0xd8, 0x39, 0x99, 0x31, 0x99, 0x31, 0x99, 0x31, 0x99, 0x31, 0x99, 0x31
.byte 0x99, 0x31, 0x99, 0x31, 0x99, 0x31, 0x99, 0x31, 0x99, 0x31, 0x99, 0x31, 0x99, 0x31, 0x99, 0x31
.byte 0x99, 0x31, 0x99, 0x31, 0x99, 0x31, 0x99, 0x31, 0x99, 0x31, 0x99, 0x31, 0x99, 0x31, 0x99, 0x31
.byte 0x99, 0x31, 0x99, 0x31, 0x99, 0x31, 0x99, 0x31, 0x99, 0x31, 0x99, 0x31, 0x99, 0x31, 0x99, 0x31
.byte 0x99, 0x31, 0x99, 0x31, 0x99, 0x31, 0x99, 0x31, 0x99, 0x31, 0x99, 0x31, 0xb3, 0x31, 0xcd, 0x39
.byte 0xcd, 0x39, 0x08, 0x42, 0x08, 0x42, 0x08, 0x42, 0x08, 0x42, 0x08, 0x42, 0x08, 0x42, 0x69, 0x4a
.byte 0x69, 0x4a, 0xcb, 0x5a, 0xf0, 0x7b, 0x71, 0x8c, 0x35, 0xa5, 0x38, 0xc6, 0x3c, 0xe7, 0x9e, 0xf7
.byte 0xdf, 0xff, 0x00, 0x00, 0x00, 0x00, 0x00, 0x00, 0x00, 0x00, 0x00, 0x00, 0x00, 0x00, 0x00, 0x00
.byte 0x00, 0x00, 0x00, 0x00, 0x00, 0x00, 0x00, 0x00, 0x00, 0x00, 0x00, 0x00, 0x00, 0x00, 0x00, 0x00
.byte 0x00, 0x00, 0x00, 0x00, 0x00, 0x00, 0x00, 0x00, 0x00, 0x00, 0x00, 0x00, 0x00, 0x00, 0x00, 0x00
.byte 0x00, 0x00, 0x00, 0x00, 0x00, 0x00, 0x00, 0x00, 0x00, 0x00, 0x00, 0x00, 0x00, 0x00, 0x00, 0x00
.byte 0x00, 0x00, 0x00, 0x00, 0x00, 0x00, 0x00, 0x00, 0x00, 0x00, 0x00, 0x00, 0x00, 0x00, 0x00, 0x00
.byte 0x00, 0x00, 0x00, 0x00, 0x00, 0x00, 0x00, 0x00, 0x00, 0x00, 0x00, 0x00, 0x00, 0x00, 0x00, 0x00
.byte 0x00, 0x00, 0x00, 0x00, 0x00, 0x00, 0x00, 0x00, 0x00, 0x00, 0x00, 0x00, 0x00, 0x00, 0x00, 0x00
.byte 0x00, 0x00, 0x00, 0x00, 0x00, 0x00, 0x00, 0x00, 0x00, 0x00, 0x00, 0x00, 0x00, 0x00, 0x00, 0x00
.byte 0x00, 0x00, 0x00, 0x00, 0x00, 0x00, 0x00, 0x00, 0x00, 0x00, 0x00, 0x00, 0x00, 0x00, 0x00, 0x00
.byte 0x00, 0x00, 0x00, 0x00, 0x00, 0x00, 0x00, 0x00, 0x00, 0x00, 0x00, 0x00, 0x00, 0x00, 0x00, 0x00
.byte 0x00, 0x00, 0x00, 0x00, 0x00, 0x00, 0x00, 0x00, 0x00, 0x00, 0x00, 0x00, 0x00, 0x00, 0x00, 0x00
.byte 0x00, 0x00, 0x00, 0x00, 0x00, 0x00, 0x00, 0x00, 0x00, 0x00, 0x00, 0x00, 0x00, 0x00, 0x00, 0x00
.byte 0x00, 0x00, 0x00, 0x00, 0x00, 0x00, 0x00, 0x00, 0x00, 0x00, 0x00, 0x00, 0x00, 0x00, 0x00, 0x00
.byte 0x00, 0x00, 0x00, 0x00, 0x00, 0x00, 0x00, 0x00, 0x00, 0x00, 0x00, 0x00, 0x00, 0x00, 0x00, 0x00
.byte 0x00, 0x00, 0x00, 0x00, 0x00, 0x00, 0x00, 0x00, 0x00, 0x00, 0x00, 0x00, 0x00, 0x00, 0x00, 0x00
.byte 0x00, 0x00, 0x00, 0x00, 0x00, 0x00, 0x00, 0x00, 0x00, 0x00, 0x00, 0x00, 0x00, 0x00, 0x00, 0x00
.byte 0x00, 0x00, 0x00, 0x00, 0x00, 0x00, 0x00, 0x00, 0x00, 0x00, 0x00, 0x00, 0x00, 0x00, 0x00, 0x00
.byte 0x00, 0x00, 0x00, 0x00, 0x00, 0x00, 0x00, 0x00, 0x00, 0x00, 0x00, 0x00, 0x00, 0x00, 0x00, 0x00
.byte 0x00, 0x00, 0x00, 0x00, 0x00, 0x00, 0x00, 0x00, 0x00, 0x00, 0x00, 0x00, 0x00, 0x00, 0x00, 0x00
.byte 0x00, 0x00, 0x00, 0x00, 0x00, 0x00, 0x00, 0x00, 0x00, 0x00, 0x00, 0x00, 0x00, 0x00, 0x00, 0x00
.byte 0x00, 0x00, 0x00, 0x00, 0x00, 0x00, 0x00, 0x00, 0x00, 0x00, 0x00, 0x00, 0x00, 0x00, 0x00, 0x00
.byte 0x00, 0x00, 0x00, 0x00, 0xdf, 0xff, 0x9e, 0xf7, 0x3c, 0xe7, 0xdb, 0xde, 0xdb, 0xde, 0xb6, 0xb5
.byte 0x35, 0xa5, 0xd3, 0x9c, 0xf0, 0x7b, 0x6d, 0x6b, 0x6d, 0x6b, 0xcb, 0x5a, 0xcb, 0x5a, 0x69, 0x4a
.byte 0x69, 0x4a, 0x08, 0x42, 0x08, 0x42, 0xcd, 0x39, 0xcd, 0x39, 0xb3, 0x31, 0xb3, 0x31, 0xb3, 0x31
.byte 0x99, 0x31, 0x99, 0x31, 0x99, 0x31, 0x99, 0x31, 0x99, 0x31, 0x99, 0x31, 0x99, 0x31, 0x99, 0x31
.byte 0x99, 0x31, 0x99, 0x31, 0x99, 0x31, 0x99, 0x31, 0x99, 0x31, 0x99, 0x31, 0x99, 0x31, 0x99, 0x31
.byte 0x99, 0x31, 0x99, 0x31, 0x99, 0x31, 0x99, 0x31, 0x99, 0x31, 0x99, 0x31, 0x99, 0x31, 0x99, 0x31
.byte 0x99, 0x31, 0x99, 0x31, 0xb3, 0x31, 0xcd, 0x39, 0x08, 0x42, 0x08, 0x42, 0x08, 0x42, 0x08, 0x42
.byte 0x08, 0x42, 0x08, 0x42, 0x08, 0x42, 0x08, 0x42, 0x08, 0x42, 0x69, 0x4a, 0xcb, 0x5a, 0x6d, 0x6b
.byte 0xf0, 0x7b, 0x71, 0x8c, 0x35, 0xa5, 0x38, 0xc6, 0xdb, 0xde, 0x9e, 0xf7, 0xdf, 0xff, 0x00, 0x00
.byte 0x00, 0x00, 0x00, 0x00, 0x00, 0x00, 0x00, 0x00, 0x00, 0x00, 0x00, 0x00, 0x00, 0x00, 0x00, 0x00
.byte 0x00, 0x00, 0x00, 0x00, 0x00, 0x00, 0x00, 0x00, 0x00, 0x00, 0x00, 0x00, 0x00, 0x00, 0x00, 0x00
.byte 0x00, 0x00, 0x00, 0x00, 0x00, 0x00, 0x00, 0x00, 0x00, 0x00, 0x00, 0x00, 0x00, 0x00, 0x00, 0x00
.byte 0x00, 0x00, 0x00, 0x00, 0x00, 0x00, 0x00, 0x00, 0x00, 0x00, 0x00, 0x00, 0x00, 0x00, 0x00, 0x00
.byte 0x00, 0x00, 0x00, 0x00, 0x00, 0x00, 0x00, 0x00, 0x00, 0x00, 0x00, 0x00, 0x00, 0x00, 0x00, 0x00
.byte 0x00, 0x00, 0x00, 0x00, 0x00, 0x00, 0x00, 0x00, 0x00, 0x00, 0x00, 0x00, 0x00, 0x00, 0x00, 0x00
.byte 0x00, 0x00, 0x00, 0x00, 0x00, 0x00, 0x00, 0x00, 0x00, 0x00, 0x00, 0x00, 0x00, 0x00, 0x00, 0x00
.byte 0x00, 0x00, 0x00, 0x00, 0x00, 0x00, 0x00, 0x00, 0x00, 0x00, 0x00, 0x00, 0x00, 0x00, 0x00, 0x00
.byte 0x00, 0x00, 0x00, 0x00, 0x00, 0x00, 0x00, 0x00, 0x00, 0x00, 0x00, 0x00, 0x00, 0x00, 0x00, 0x00
.byte 0x00, 0x00, 0x00, 0x00, 0x00, 0x00, 0x00, 0x00, 0x00, 0x00, 0x00, 0x00, 0x00, 0x00, 0x00, 0x00
.byte 0x00, 0x00, 0x00, 0x00, 0x00, 0x00, 0x00, 0x00, 0x00, 0x00, 0x00, 0x00, 0x00, 0x00, 0x00, 0x00
.byte 0x00, 0x00, 0x00, 0x00, 0x00, 0x00, 0x00, 0x00, 0x00, 0x00, 0x00, 0x00, 0x00, 0x00, 0x00, 0x00
.byte 0x00, 0x00, 0x00, 0x00, 0x00, 0x00, 0x00, 0x00, 0x00, 0x00, 0x00, 0x00, 0x00, 0x00, 0x00, 0x00
.byte 0x00, 0x00, 0x00, 0x00, 0x00, 0x00, 0x00, 0x00, 0x00, 0x00, 0x00, 0x00, 0x00, 0x00, 0x00, 0x00
.byte 0x00, 0x00, 0x00, 0x00, 0x00, 0x00, 0x00, 0x00, 0x00, 0x00, 0x00, 0x00, 0x00, 0x00, 0x00, 0x00
.byte 0x00, 0x00, 0x00, 0x00, 0x00, 0x00, 0x00, 0x00, 0x00, 0x00, 0x00, 0x00, 0x00, 0x00, 0x00, 0x00
.byte 0x00, 0x00, 0x00, 0x00, 0x00, 0x00, 0x00, 0x00, 0x00, 0x00, 0x00, 0x00, 0x00, 0x00, 0x00, 0x00
.byte 0x00, 0x00, 0x00, 0x00, 0x00, 0x00, 0x00, 0x00, 0x00, 0x00, 0x00, 0x00, 0x00, 0x00, 0x00, 0x00
.byte 0x00, 0x00, 0x00, 0x00, 0x00, 0x00, 0x00, 0x00, 0x00, 0x00, 0x00, 0x00, 0x00, 0x00, 0x00, 0x00
.byte 0x00, 0x00, 0x00, 0x00, 0x00, 0x00, 0x00, 0x00, 0x00, 0x00, 0x00, 0x00, 0x00, 0x00, 0x00, 0x00
.byte 0x00, 0x00, 0x00, 0x00, 0x00, 0x00, 0x00, 0x00, 0x00, 0x00, 0x00, 0x00, 0x00, 0x00, 0x00, 0x00
.byte 0x00, 0x00, 0x00, 0x00, 0x00, 0x00, 0x00, 0x00, 0xdf, 0xff, 0xdf, 0xff, 0x9e, 0xf7, 0x3c, 0xe7
.byte 0xdb, 0xde, 0x38, 0xc6, 0x38, 0xc6, 0x35, 0xa5, 0xd3, 0x9c, 0x71, 0x8c, 0xf0, 0x7b, 0x6d, 0x6b
.byte 0xcb, 0x5a, 0xcb, 0x5a, 0x69, 0x4a, 0x69, 0x4a, 0x08, 0x42, 0x08, 0x42, 0x08, 0x42, 0x08, 0x42
.byte 0x08, 0x42, 0xcd, 0x39, 0x08, 0x42, 0xcd, 0x39, 0xb3, 0x31, 0xb3, 0x31, 0xd8, 0x39, 0xb3, 0x31
.byte 0x99, 0x31, 0x99, 0x31, 0x99, 0x31, 0x99, 0x31, 0x99, 0x31, 0x99, 0x31, 0x99, 0x31, 0x99, 0x31
.byte 0x99, 0x31, 0x99, 0x31, 0xd8, 0x39, 0xd8, 0x39, 0xb3, 0x31, 0xb3, 0x31, 0xcd, 0x39, 0xcd, 0x39
.byte 0xcd, 0x39, 0x08, 0x42, 0x08, 0x42, 0x08, 0x42, 0x08, 0x42, 0x08, 0x42, 0x08, 0x42, 0x08, 0x42
.byte 0x08, 0x42, 0x69, 0x4a, 0x69, 0x4a, 0xcb, 0x5a, 0xcb, 0x5a, 0x6d, 0x6b, 0xf0, 0x7b, 0xd3, 0x9c
.byte 0x35, 0xa5, 0x38, 0xc6, 0xdb, 0xde, 0x3c, 0xe7, 0x9e, 0xf7, 0xdf, 0xff, 0x00, 0x00, 0x00, 0x00
.byte 0x00, 0x00, 0x00, 0x00, 0x00, 0x00, 0x00, 0x00, 0x00, 0x00, 0x00, 0x00, 0x00, 0x00, 0x00, 0x00
.byte 0x00, 0x00, 0x00, 0x00, 0x00, 0x00, 0x00, 0x00, 0x00, 0x00, 0x00, 0x00, 0x00, 0x00, 0x00, 0x00
.byte 0x00, 0x00, 0x00, 0x00, 0x00, 0x00, 0x00, 0x00, 0x00, 0x00, 0x00, 0x00, 0x00, 0x00, 0x00, 0x00
.byte 0x00, 0x00, 0x00, 0x00, 0x00, 0x00, 0x00, 0x00, 0x00, 0x00, 0x00, 0x00, 0x00, 0x00, 0x00, 0x00
.byte 0x00, 0x00, 0x00, 0x00, 0x00, 0x00, 0x00, 0x00, 0x00, 0x00, 0x00, 0x00, 0x00, 0x00, 0x00, 0x00
.byte 0x00, 0x00, 0x00, 0x00, 0x00, 0x00, 0x00, 0x00, 0x00, 0x00, 0x00, 0x00, 0x00, 0x00, 0x00, 0x00
.byte 0x00, 0x00, 0x00, 0x00, 0x00, 0x00, 0x00, 0x00, 0x00, 0x00, 0x00, 0x00, 0x00, 0x00, 0x00, 0x00
.byte 0x00, 0x00, 0x00, 0x00, 0x00, 0x00, 0x00, 0x00, 0x00, 0x00, 0x00, 0x00, 0x00, 0x00, 0x00, 0x00
.byte 0x00, 0x00, 0x00, 0x00, 0x00, 0x00, 0x00, 0x00, 0x00, 0x00, 0x00, 0x00, 0x00, 0x00, 0x00, 0x00
.byte 0x00, 0x00, 0x00, 0x00, 0x00, 0x00, 0x00, 0x00, 0x00, 0x00, 0x00, 0x00, 0x00, 0x00, 0x00, 0x00
.byte 0x00, 0x00, 0x00, 0x00, 0x00, 0x00, 0x00, 0x00, 0x00, 0x00, 0x00, 0x00, 0x00, 0x00, 0x00, 0x00
.byte 0x00, 0x00, 0x00, 0x00, 0x00, 0x00, 0x00, 0x00, 0x00, 0x00, 0x00, 0x00, 0x00, 0x00, 0x00, 0x00
.byte 0x00, 0x00, 0x00, 0x00, 0x00, 0x00, 0x00, 0x00, 0x00, 0x00, 0x00, 0x00, 0x00, 0x00, 0x00, 0x00
.byte 0x00, 0x00, 0x00, 0x00, 0x00, 0x00, 0x00, 0x00, 0x00, 0x00, 0x00, 0x00, 0x00, 0x00, 0x00, 0x00
.byte 0x00, 0x00, 0x00, 0x00, 0x00, 0x00, 0x00, 0x00, 0x00, 0x00, 0x00, 0x00, 0x00, 0x00, 0x00, 0x00
.byte 0x00, 0x00, 0x00, 0x00, 0x00, 0x00, 0x00, 0x00, 0x00, 0x00, 0x00, 0x00, 0x00, 0x00, 0x00, 0x00
.byte 0x00, 0x00, 0x00, 0x00, 0x00, 0x00, 0x00, 0x00, 0x00, 0x00, 0x00, 0x00, 0x00, 0x00, 0x00, 0x00
.byte 0x00, 0x00, 0x00, 0x00, 0x00, 0x00, 0x00, 0x00, 0x00, 0x00, 0x00, 0x00, 0x00, 0x00, 0x00, 0x00
.byte 0x00, 0x00, 0x00, 0x00, 0x00, 0x00, 0x00, 0x00, 0x00, 0x00, 0x00, 0x00, 0x00, 0x00, 0x00, 0x00
.byte 0x00, 0x00, 0x00, 0x00, 0x00, 0x00, 0x00, 0x00, 0x00, 0x00, 0x00, 0x00, 0x00, 0x00, 0x00, 0x00
.byte 0x00, 0x00, 0x00, 0x00, 0x00, 0x00, 0x00, 0x00, 0x00, 0x00, 0x00, 0x00, 0x00, 0x00, 0x00, 0x00
.byte 0x00, 0x00, 0x00, 0x00, 0x00, 0x00, 0x00, 0x00, 0x00, 0x00, 0x00, 0x00, 0x00, 0x00, 0xdf, 0xff
.byte 0xdf, 0xff, 0x9e, 0xf7, 0x3c, 0xe7, 0xdb, 0xde, 0xdb, 0xde, 0x38, 0xc6, 0xb6, 0xb5, 0x35, 0xa5
.byte 0x71, 0x8c, 0xf0, 0x7b, 0x6d, 0x6b, 0x6d, 0x6b, 0xcb, 0x5a, 0xcb, 0x5a, 0x69, 0x4a, 0x69, 0x4a
.byte 0x69, 0x4a, 0x08, 0x42, 0x08, 0x42, 0x08, 0x42, 0x08, 0x42, 0x08, 0x42, 0x08, 0x42, 0x08, 0x42
.byte 0x08, 0x42, 0x08, 0x42, 0x08, 0x42, 0x08, 0x42, 0x08, 0x42, 0x08, 0x42, 0x08, 0x42, 0x08, 0x42
.byte 0x08, 0x42, 0x08, 0x42, 0x08, 0x42, 0x08, 0x42, 0x08, 0x42, 0x08, 0x42, 0x08, 0x42, 0x08, 0x42
.byte 0x08, 0x42, 0x08, 0x42, 0x08, 0x42, 0x08, 0x42, 0x08, 0x42, 0x69, 0x4a, 0x69, 0x4a, 0x69, 0x4a
.byte 0xcb, 0x5a, 0xcb, 0x5a, 0x6d, 0x6b, 0xf0, 0x7b, 0x71, 0x8c, 0x35, 0xa5, 0xb6, 0xb5, 0x38, 0xc6
.byte 0xdb, 0xde, 0x3c, 0xe7, 0x9e, 0xf7, 0xdf, 0xff, 0x00, 0x00, 0x00, 0x00, 0x00, 0x00, 0x00, 0x00
.byte 0x00, 0x00, 0x00, 0x00, 0x00, 0x00, 0x00, 0x00, 0x00, 0x00, 0x00, 0x00, 0x00, 0x00, 0x00, 0x00
.byte 0x00, 0x00, 0x00, 0x00, 0x00, 0x00, 0x00, 0x00, 0x00, 0x00, 0x00, 0x00, 0x00, 0x00, 0x00, 0x00
.byte 0x00, 0x00, 0x00, 0x00, 0x00, 0x00, 0x00, 0x00, 0x00, 0x00, 0x00, 0x00, 0x00, 0x00, 0x00, 0x00
.byte 0x00, 0x00, 0x00, 0x00, 0x00, 0x00, 0x00, 0x00, 0x00, 0x00, 0x00, 0x00, 0x00, 0x00, 0x00, 0x00
.byte 0x00, 0x00, 0x00, 0x00, 0x00, 0x00, 0x00, 0x00, 0x00, 0x00, 0x00, 0x00, 0x00, 0x00, 0x00, 0x00
.byte 0x00, 0x00, 0x00, 0x00, 0x00, 0x00, 0x00, 0x00, 0x00, 0x00, 0x00, 0x00, 0x00, 0x00, 0x00, 0x00
.byte 0x00, 0x00, 0x00, 0x00, 0x00, 0x00, 0x00, 0x00, 0x00, 0x00, 0x00, 0x00, 0x00, 0x00, 0x00, 0x00
.byte 0x00, 0x00, 0x00, 0x00, 0x00, 0x00, 0x00, 0x00, 0x00, 0x00, 0x00, 0x00, 0x00, 0x00, 0x00, 0x00
.byte 0x00, 0x00, 0x00, 0x00, 0x00, 0x00, 0x00, 0x00, 0x00, 0x00, 0x00, 0x00, 0x00, 0x00, 0x00, 0x00
.byte 0x00, 0x00, 0x00, 0x00, 0x00, 0x00, 0x00, 0x00, 0x00, 0x00, 0x00, 0x00, 0x00, 0x00, 0x00, 0x00
.byte 0x00, 0x00, 0x00, 0x00, 0x00, 0x00, 0x00, 0x00, 0x00, 0x00, 0x00, 0x00, 0x00, 0x00, 0x00, 0x00
.byte 0x00, 0x00, 0x00, 0x00, 0x00, 0x00, 0x00, 0x00, 0x00, 0x00, 0x00, 0x00, 0x00, 0x00, 0x00, 0x00
.byte 0x00, 0x00, 0x00, 0x00, 0x00, 0x00, 0x00, 0x00, 0x00, 0x00, 0x00, 0x00, 0x00, 0x00, 0x00, 0x00
.byte 0x00, 0x00, 0x00, 0x00, 0x00, 0x00, 0x00, 0x00, 0x00, 0x00, 0x00, 0x00, 0x00, 0x00, 0x00, 0x00
.byte 0x00, 0x00, 0x00, 0x00, 0x00, 0x00, 0x00, 0x00, 0x00, 0x00, 0x00, 0x00, 0x00, 0x00, 0x00, 0x00
.byte 0x00, 0x00, 0x00, 0x00, 0x00, 0x00, 0x00, 0x00, 0x00, 0x00, 0x00, 0x00, 0x00, 0x00, 0x00, 0x00
.byte 0x00, 0x00, 0x00, 0x00, 0x00, 0x00, 0x00, 0x00, 0x00, 0x00, 0x00, 0x00, 0x00, 0x00, 0x00, 0x00
.byte 0x00, 0x00, 0x00, 0x00, 0x00, 0x00, 0x00, 0x00, 0x00, 0x00, 0x00, 0x00, 0x00, 0x00, 0x00, 0x00
.byte 0x00, 0x00, 0x00, 0x00, 0x00, 0x00, 0x00, 0x00, 0x00, 0x00, 0x00, 0x00, 0x00, 0x00, 0x00, 0x00
.byte 0x00, 0x00, 0x00, 0x00, 0x00, 0x00, 0x00, 0x00, 0x00, 0x00, 0x00, 0x00, 0x00, 0x00, 0x00, 0x00
.byte 0x00, 0x00, 0x00, 0x00, 0x00, 0x00, 0x00, 0x00, 0x00, 0x00, 0x00, 0x00, 0x00, 0x00, 0x00, 0x00
.byte 0x00, 0x00, 0x00, 0x00, 0x00, 0x00, 0x00, 0x00, 0x00, 0x00, 0x00, 0x00, 0x00, 0x00, 0x00, 0x00
.byte 0x00, 0x00, 0x00, 0x00, 0xdf, 0xff, 0xdf, 0xff, 0x9e, 0xf7, 0x3c, 0xe7, 0xdb, 0xde, 0xdb, 0xde
.byte 0x38, 0xc6, 0xb6, 0xb5, 0x35, 0xa5, 0xd3, 0x9c, 0x71, 0x8c, 0xf0, 0x7b, 0xf0, 0x7b, 0x6d, 0x6b
.byte 0x6d, 0x6b, 0xcb, 0x5a, 0xcb, 0x5a, 0xcb, 0x5a, 0x69, 0x4a, 0x69, 0x4a, 0x69, 0x4a, 0x69, 0x4a
.byte 0x08, 0x42, 0x08, 0x42, 0x08, 0x42, 0x08, 0x42, 0x08, 0x42, 0x08, 0x42, 0x08, 0x42, 0x08, 0x42
.byte 0x08, 0x42, 0x08, 0x42, 0x08, 0x42, 0x08, 0x42, 0x08, 0x42, 0x08, 0x42, 0x08, 0x42, 0x69, 0x4a
.byte 0x69, 0x4a, 0x69, 0x4a, 0x69, 0x4a, 0x69, 0x4a, 0xcb, 0x5a, 0xcb, 0x5a, 0x6d, 0x6b, 0x6d, 0x6b
.byte 0xf0, 0x7b, 0x71, 0x8c, 0x35, 0xa5, 0xb6, 0xb5, 0x38, 0xc6, 0xdb, 0xde, 0x3c, 0xe7, 0x9e, 0xf7
.byte 0xdf, 0xff, 0xdf, 0xff, 0x00, 0x00, 0x00, 0x00, 0x00, 0x00, 0x00, 0x00, 0x00, 0x00, 0x00, 0x00
.byte 0x00, 0x00, 0x00, 0x00, 0x00, 0x00, 0x00, 0x00, 0x00, 0x00, 0x00, 0x00, 0x00, 0x00, 0x00, 0x00
.byte 0x00, 0x00, 0x00, 0x00, 0x00, 0x00, 0x00, 0x00, 0x00, 0x00, 0x00, 0x00, 0x00, 0x00, 0x00, 0x00
.byte 0x00, 0x00, 0x00, 0x00, 0x00, 0x00, 0x00, 0x00, 0x00, 0x00, 0x00, 0x00, 0x00, 0x00, 0x00, 0x00
.byte 0x00, 0x00, 0x00, 0x00, 0x00, 0x00, 0x00, 0x00, 0x00, 0x00, 0x00, 0x00, 0x00, 0x00, 0x00, 0x00
.byte 0x00, 0x00, 0x00, 0x00, 0x00, 0x00, 0x00, 0x00, 0x00, 0x00, 0x00, 0x00, 0x00, 0x00, 0x00, 0x00
.byte 0x00, 0x00, 0x00, 0x00, 0x00, 0x00, 0x00, 0x00, 0x00, 0x00, 0x00, 0x00, 0x00, 0x00, 0x00, 0x00
.byte 0x00, 0x00, 0x00, 0x00, 0x00, 0x00, 0x00, 0x00, 0x00, 0x00, 0x00, 0x00, 0x00, 0x00, 0x00, 0x00
.byte 0x00, 0x00, 0x00, 0x00, 0x00, 0x00, 0x00, 0x00, 0x00, 0x00, 0x00, 0x00, 0x00, 0x00, 0x00, 0x00
.byte 0x00, 0x00, 0x00, 0x00, 0x00, 0x00, 0x00, 0x00, 0x00, 0x00, 0x00, 0x00, 0x00, 0x00, 0x00, 0x00
.byte 0x00, 0x00, 0x00, 0x00, 0x00, 0x00, 0x00, 0x00, 0x00, 0x00, 0x00, 0x00, 0x00, 0x00, 0x00, 0x00
.byte 0x00, 0x00, 0x00, 0x00, 0x00, 0x00, 0x00, 0x00, 0x00, 0x00, 0x00, 0x00, 0x00, 0x00, 0x00, 0x00
.byte 0x00, 0x00, 0x00, 0x00, 0x00, 0x00, 0x00, 0x00, 0x00, 0x00, 0x00, 0x00, 0x00, 0x00, 0x00, 0x00
.byte 0x00, 0x00, 0x00, 0x00, 0x00, 0x00, 0x00, 0x00, 0x00, 0x00, 0x00, 0x00, 0x00, 0x00, 0x00, 0x00
.byte 0x00, 0x00, 0x00, 0x00, 0x00, 0x00, 0x00, 0x00, 0x00, 0x00, 0x00, 0x00, 0x00, 0x00, 0x00, 0x00
.byte 0x00, 0x00, 0x00, 0x00, 0x00, 0x00, 0x00, 0x00, 0x00, 0x00, 0x00, 0x00, 0x00, 0x00, 0x00, 0x00
.byte 0x00, 0x00, 0x00, 0x00, 0x00, 0x00, 0x00, 0x00, 0x00, 0x00, 0x00, 0x00, 0x00, 0x00, 0x00, 0x00
.byte 0x00, 0x00, 0x00, 0x00, 0x00, 0x00, 0x00, 0x00, 0x00, 0x00, 0x00, 0x00, 0x00, 0x00, 0x00, 0x00
.byte 0x00, 0x00, 0x00, 0x00, 0x00, 0x00, 0x00, 0x00, 0x00, 0x00, 0x00, 0x00, 0x00, 0x00, 0x00, 0x00
.byte 0x00, 0x00, 0x00, 0x00, 0x00, 0x00, 0x00, 0x00, 0x00, 0x00, 0x00, 0x00, 0x00, 0x00, 0x00, 0x00
.byte 0x00, 0x00, 0x00, 0x00, 0x00, 0x00, 0x00, 0x00, 0x00, 0x00, 0x00, 0x00, 0x00, 0x00, 0x00, 0x00
.byte 0x00, 0x00, 0x00, 0x00, 0x00, 0x00, 0x00, 0x00, 0x00, 0x00, 0x00, 0x00, 0x00, 0x00, 0x00, 0x00
.byte 0x00, 0x00, 0x00, 0x00, 0x00, 0x00, 0x00, 0x00, 0x00, 0x00, 0x00, 0x00, 0x00, 0x00, 0x00, 0x00
.byte 0x00, 0x00, 0x00, 0x00, 0x00, 0x00, 0x00, 0x00, 0x00, 0x00, 0xdf, 0xff, 0xdf, 0xff, 0x9e, 0xf7
.byte 0x9e, 0xf7, 0x3c, 0xe7, 0xdb, 0xde, 0xdb, 0xde, 0x38, 0xc6, 0xb6, 0xb5, 0xb6, 0xb5, 0x35, 0xa5
.byte 0xd3, 0x9c, 0x71, 0x8c, 0x71, 0x8c, 0xf0, 0x7b, 0xf0, 0x7b, 0x6d, 0x6b, 0x6d, 0x6b, 0x6d, 0x6b
.byte 0xcb, 0x5a, 0xcb, 0x5a, 0xcb, 0x5a, 0xcb, 0x5a, 0xcb, 0x5a, 0xcb, 0x5a, 0xcb, 0x5a, 0xcb, 0x5a
.byte 0xcb, 0x5a, 0xcb, 0x5a, 0xcb, 0x5a, 0xcb, 0x5a, 0xcb, 0x5a, 0xcb, 0x5a, 0xcb, 0x5a, 0xcb, 0x5a
.byte 0x6d, 0x6b, 0x6d, 0x6b, 0x6d, 0x6b, 0xf0, 0x7b, 0xf0, 0x7b, 0x71, 0x8c, 0xd3, 0x9c, 0xb6, 0xb5
.byte 0xb6, 0xb5, 0x38, 0xc6, 0xdb, 0xde, 0x3c, 0xe7, 0x3c, 0xe7, 0x9e, 0xf7, 0xdf, 0xff, 0x00, 0x00
.byte 0x00, 0x00, 0x00, 0x00, 0x00, 0x00, 0x00, 0x00, 0x00, 0x00, 0x00, 0x00, 0x00, 0x00, 0x00, 0x00
.byte 0x00, 0x00, 0x00, 0x00, 0x00, 0x00, 0x00, 0x00, 0x00, 0x00, 0x00, 0x00, 0x00, 0x00, 0x00, 0x00
.byte 0x00, 0x00, 0x00, 0x00, 0x00, 0x00, 0x00, 0x00, 0x00, 0x00, 0x00, 0x00, 0x00, 0x00, 0x00, 0x00
.byte 0x00, 0x00, 0x00, 0x00, 0x00, 0x00, 0x00, 0x00, 0x00, 0x00, 0x00, 0x00, 0x00, 0x00, 0x00, 0x00
.byte 0x00, 0x00, 0x00, 0x00, 0x00, 0x00, 0x00, 0x00, 0x00, 0x00, 0x00, 0x00, 0x00, 0x00, 0x00, 0x00
.byte 0x00, 0x00, 0x00, 0x00, 0x00, 0x00, 0x00, 0x00, 0x00, 0x00, 0x00, 0x00, 0x00, 0x00, 0x00, 0x00
.byte 0x00, 0x00, 0x00, 0x00, 0x00, 0x00, 0x00, 0x00, 0x00, 0x00, 0x00, 0x00, 0x00, 0x00, 0x00, 0x00
.byte 0x00, 0x00, 0x00, 0x00, 0x00, 0x00, 0x00, 0x00, 0x00, 0x00, 0x00, 0x00, 0x00, 0x00, 0x00, 0x00
.byte 0x00, 0x00, 0x00, 0x00, 0x00, 0x00, 0x00, 0x00, 0x00, 0x00, 0x00, 0x00, 0x00, 0x00, 0x00, 0x00
.byte 0x00, 0x00, 0x00, 0x00, 0x00, 0x00, 0x00, 0x00, 0x00, 0x00, 0x00, 0x00, 0x00, 0x00, 0x00, 0x00
.byte 0x00, 0x00, 0x00, 0x00, 0x00, 0x00, 0x00, 0x00, 0x00, 0x00, 0x00, 0x00, 0x00, 0x00, 0x00, 0x00
.byte 0x00, 0x00, 0x00, 0x00, 0x00, 0x00, 0x00, 0x00, 0x00, 0x00, 0x00, 0x00, 0x00, 0x00, 0x00, 0x00
.byte 0x00, 0x00, 0x00, 0x00, 0x00, 0x00, 0x00, 0x00, 0x00, 0x00, 0x00, 0x00, 0x00, 0x00, 0x00, 0x00
.byte 0x00, 0x00, 0x00, 0x00, 0x00, 0x00, 0x00, 0x00, 0x00, 0x00, 0x00, 0x00, 0x00, 0x00, 0x00, 0x00
.byte 0x00, 0x00, 0x00, 0x00, 0x00, 0x00, 0x00, 0x00, 0x00, 0x00, 0x00, 0x00, 0x00, 0x00, 0x00, 0x00
.byte 0x00, 0x00, 0x00, 0x00, 0x00, 0x00, 0x00, 0x00, 0x00, 0x00, 0x00, 0x00, 0x00, 0x00, 0x00, 0x00
.byte 0x00, 0x00, 0x00, 0x00, 0x00, 0x00, 0x00, 0x00, 0x00, 0x00, 0x00, 0x00, 0x00, 0x00, 0x00, 0x00
.byte 0x00, 0x00, 0x00, 0x00, 0x00, 0x00, 0x00, 0x00, 0x00, 0x00, 0x00, 0x00, 0x00, 0x00, 0x00, 0x00
.byte 0x00, 0x00, 0x00, 0x00, 0x00, 0x00, 0x00, 0x00, 0x00, 0x00, 0x00, 0x00, 0x00, 0x00, 0x00, 0x00
.byte 0x00, 0x00, 0x00, 0x00, 0x00, 0x00, 0x00, 0x00, 0x00, 0x00, 0x00, 0x00, 0x00, 0x00, 0x00, 0x00
.byte 0x00, 0x00, 0x00, 0x00, 0x00, 0x00, 0x00, 0x00, 0x00, 0x00, 0x00, 0x00, 0x00, 0x00, 0x00, 0x00
.byte 0x00, 0x00, 0x00, 0x00, 0x00, 0x00, 0x00, 0x00, 0x00, 0x00, 0x00, 0x00, 0x00, 0x00, 0x00, 0x00
.byte 0x00, 0x00, 0x00, 0x00, 0x00, 0x00, 0x00, 0x00, 0x00, 0x00, 0x00, 0x00, 0x00, 0x00, 0x00, 0x00
.byte 0x00, 0x00, 0x00, 0x00, 0x00, 0x00, 0x00, 0x00, 0x00, 0x00, 0x00, 0x00, 0x00, 0x00, 0x00, 0x00
.byte 0x00, 0x00, 0xdf, 0xff, 0xdf, 0xff, 0x9e, 0xf7, 0x9e, 0xf7, 0x3c, 0xe7, 0x3c, 0xe7, 0xdb, 0xde
.byte 0xdb, 0xde, 0x38, 0xc6, 0x38, 0xc6, 0xb6, 0xb5, 0xb6, 0xb5, 0x35, 0xa5, 0xd3, 0x9c, 0xd3, 0x9c
.byte 0x71, 0x8c, 0x71, 0x8c, 0x71, 0x8c, 0x71, 0x8c, 0xf0, 0x7b, 0xf0, 0x7b, 0xf0, 0x7b, 0xf0, 0x7b
.byte 0xf0, 0x7b, 0xf0, 0x7b, 0xf0, 0x7b, 0xf0, 0x7b, 0xf0, 0x7b, 0x71, 0x8c, 0x71, 0x8c, 0x71, 0x8c
.byte 0xd3, 0x9c, 0x35, 0xa5, 0x35, 0xa5, 0xb6, 0xb5, 0x38, 0xc6, 0x38, 0xc6, 0xdb, 0xde, 0xdb, 0xde
.byte 0x3c, 0xe7, 0x9e, 0xf7, 0x9e, 0xf7, 0xdf, 0xff, 0xdf, 0xff, 0x00, 0x00, 0x00, 0x00, 0x00, 0x00
.byte 0x00, 0x00, 0x00, 0x00, 0x00, 0x00, 0x00, 0x00, 0x00, 0x00, 0x00, 0x00, 0x00, 0x00, 0x00, 0x00
.byte 0x00, 0x00, 0x00, 0x00, 0x00, 0x00, 0x00, 0x00, 0x00, 0x00, 0x00, 0x00, 0x00, 0x00, 0x00, 0x00
.byte 0x00, 0x00, 0x00, 0x00, 0x00, 0x00, 0x00, 0x00, 0x00, 0x00, 0x00, 0x00, 0x00, 0x00, 0x00, 0x00
.byte 0x00, 0x00, 0x00, 0x00, 0x00, 0x00, 0x00, 0x00, 0x00, 0x00, 0x00, 0x00, 0x00, 0x00, 0x00, 0x00
.byte 0x00, 0x00, 0x00, 0x00, 0x00, 0x00, 0x00, 0x00, 0x00, 0x00, 0x00, 0x00, 0x00, 0x00, 0x00, 0x00
.byte 0x00, 0x00, 0x00, 0x00, 0x00, 0x00, 0x00, 0x00, 0x00, 0x00, 0x00, 0x00, 0x00, 0x00, 0x00, 0x00
.byte 0x00, 0x00, 0x00, 0x00, 0x00, 0x00, 0x00, 0x00, 0x00, 0x00, 0x00, 0x00, 0x00, 0x00, 0x00, 0x00
.byte 0x00, 0x00, 0x00, 0x00, 0x00, 0x00, 0x00, 0x00, 0x00, 0x00, 0x00, 0x00, 0x00, 0x00, 0x00, 0x00
.byte 0x00, 0x00, 0x00, 0x00, 0x00, 0x00, 0x00, 0x00, 0x00, 0x00, 0x00, 0x00, 0x00, 0x00, 0x00, 0x00
.byte 0x00, 0x00, 0x00, 0x00, 0x00, 0x00, 0x00, 0x00, 0x00, 0x00, 0x00, 0x00, 0x00, 0x00, 0x00, 0x00
.byte 0x00, 0x00, 0x00, 0x00, 0x00, 0x00, 0x00, 0x00, 0x00, 0x00, 0x00, 0x00, 0x00, 0x00, 0x00, 0x00
.byte 0x00, 0x00, 0x00, 0x00, 0x00, 0x00, 0x00, 0x00, 0x00, 0x00, 0x00, 0x00, 0x00, 0x00, 0x00, 0x00
.byte 0x00, 0x00, 0x00, 0x00, 0x00, 0x00, 0x00, 0x00, 0x00, 0x00, 0x00, 0x00, 0x00, 0x00, 0x00, 0x00
.byte 0x00, 0x00, 0x00, 0x00, 0x00, 0x00, 0x00, 0x00, 0x00, 0x00, 0x00, 0x00, 0x00, 0x00, 0x00, 0x00
.byte 0x00, 0x00, 0x00, 0x00, 0x00, 0x00, 0x00, 0x00, 0x00, 0x00, 0x00, 0x00, 0x00, 0x00, 0x00, 0x00
.byte 0x00, 0x00, 0x00, 0x00, 0x00, 0x00, 0x00, 0x00, 0x00, 0x00, 0x00, 0x00, 0x00, 0x00, 0x00, 0x00
.byte 0x00, 0x00, 0x00, 0x00, 0x00, 0x00, 0x00, 0x00, 0x00, 0x00, 0x00, 0x00, 0x00, 0x00, 0x00, 0x00
.byte 0x00, 0x00, 0x00, 0x00, 0x00, 0x00, 0x00, 0x00, 0x00, 0x00, 0x00, 0x00, 0x00, 0x00, 0x00, 0x00
.byte 0x00, 0x00, 0x00, 0x00, 0x00, 0x00, 0x00, 0x00, 0x00, 0x00, 0x00, 0x00, 0x00, 0x00, 0x00, 0x00
.byte 0x00, 0x00, 0x00, 0x00, 0x00, 0x00, 0x00, 0x00, 0x00, 0x00, 0x00, 0x00, 0x00, 0x00, 0x00, 0x00
.byte 0x00, 0x00, 0x00, 0x00, 0x00, 0x00, 0x00, 0x00, 0x00, 0x00, 0x00, 0x00, 0x00, 0x00, 0x00, 0x00
.byte 0x00, 0x00, 0x00, 0x00, 0x00, 0x00, 0x00, 0x00, 0x00, 0x00, 0x00, 0x00, 0x00, 0x00, 0x00, 0x00
.byte 0x00, 0x00, 0x00, 0x00, 0x00, 0x00, 0x00, 0x00, 0x00, 0x00, 0x00, 0x00, 0x00, 0x00, 0x00, 0x00
.byte 0x00, 0x00, 0x00, 0x00, 0x00, 0x00, 0x00, 0x00, 0x00, 0x00, 0x00, 0x00, 0x00, 0x00, 0x00, 0x00
.byte 0x00, 0x00, 0x00, 0x00, 0x00, 0x00, 0x00, 0x00, 0x00, 0x00, 0xdf, 0xff, 0xdf, 0xff, 0xdf, 0xff
.byte 0x9e, 0xf7, 0x9e, 0xf7, 0x3c, 0xe7, 0x3c, 0xe7, 0xdb, 0xde, 0xdb, 0xde, 0xdb, 0xde, 0xdb, 0xde
.byte 0x38, 0xc6, 0x38, 0xc6, 0x38, 0xc6, 0x38, 0xc6, 0x38, 0xc6, 0x38, 0xc6, 0x38, 0xc6, 0x38, 0xc6
.byte 0xb6, 0xb5, 0x38, 0xc6, 0x38, 0xc6, 0x38, 0xc6, 0x38, 0xc6, 0x38, 0xc6, 0x38, 0xc6, 0x38, 0xc6
.byte 0xdb, 0xde, 0xdb, 0xde, 0xdb, 0xde, 0x3c, 0xe7, 0x3c, 0xe7, 0x9e, 0xf7, 0x9e, 0xf7, 0xdf, 0xff
.byte 0xdf, 0xff, 0x00, 0x00, 0x00, 0x00, 0x00, 0x00, 0x00, 0x00, 0x00, 0x00, 0x00, 0x00, 0x00, 0x00
.byte 0x00, 0x00, 0x00, 0x00, 0x00, 0x00, 0x00, 0x00, 0x00, 0x00, 0x00, 0x00, 0x00, 0x00, 0x00, 0x00
.byte 0x00, 0x00, 0x00, 0x00, 0x00, 0x00, 0x00, 0x00, 0x00, 0x00, 0x00, 0x00, 0x00, 0x00, 0x00, 0x00
.byte 0x00, 0x00, 0x00, 0x00, 0x00, 0x00, 0x00, 0x00, 0x00, 0x00, 0x00, 0x00, 0x00, 0x00, 0x00, 0x00
.byte 0x00, 0x00, 0x00, 0x00, 0x00, 0x00, 0x00, 0x00, 0x00, 0x00, 0x00, 0x00, 0x00, 0x00, 0x00, 0x00
.byte 0x00, 0x00, 0x00, 0x00, 0x00, 0x00, 0x00, 0x00, 0x00, 0x00, 0x00, 0x00, 0x00, 0x00, 0x00, 0x00
.byte 0x00, 0x00, 0x00, 0x00, 0x00, 0x00, 0x00, 0x00, 0x00, 0x00, 0x00, 0x00, 0x00, 0x00, 0x00, 0x00
.byte 0x00, 0x00, 0x00, 0x00, 0x00, 0x00, 0x00, 0x00, 0x00, 0x00, 0x00, 0x00, 0x00, 0x00, 0x00, 0x00
.byte 0x00, 0x00, 0x00, 0x00, 0x00, 0x00, 0x00, 0x00, 0x00, 0x00, 0x00, 0x00, 0x00, 0x00, 0x00, 0x00
.byte 0x00, 0x00, 0x00, 0x00, 0x00, 0x00, 0x00, 0x00, 0x00, 0x00, 0x00, 0x00, 0x00, 0x00, 0x00, 0x00
.byte 0x00, 0x00, 0x00, 0x00, 0x00, 0x00, 0x00, 0x00, 0x00, 0x00, 0x00, 0x00, 0x00, 0x00, 0x00, 0x00
.byte 0x00, 0x00, 0x00, 0x00, 0x00, 0x00, 0x00, 0x00, 0x00, 0x00, 0x00, 0x00, 0x00, 0x00, 0x00, 0x00
.byte 0x00, 0x00, 0x00, 0x00, 0x00, 0x00, 0x00, 0x00, 0x00, 0x00, 0x00, 0x00, 0x00, 0x00, 0x00, 0x00
.byte 0x00, 0x00, 0x00, 0x00, 0x00, 0x00, 0x00, 0x00, 0x00, 0x00, 0x00, 0x00, 0x00, 0x00, 0x00, 0x00
.byte 0x00, 0x00, 0x00, 0x00, 0x00, 0x00, 0x00, 0x00, 0x00, 0x00, 0x00, 0x00, 0x00, 0x00, 0x00, 0x00
.byte 0x00, 0x00, 0x00, 0x00, 0x00, 0x00, 0x00, 0x00, 0x00, 0x00, 0x00, 0x00, 0x00, 0x00, 0x00, 0x00
.byte 0x00, 0x00, 0x00, 0x00, 0x00, 0x00, 0x00, 0x00, 0x00, 0x00, 0x00, 0x00, 0x00, 0x00, 0x00, 0x00
.byte 0x00, 0x00, 0x00, 0x00, 0x00, 0x00, 0x00, 0x00, 0x00, 0x00, 0x00, 0x00, 0x00, 0x00, 0x00, 0x00
.byte 0x00, 0x00, 0x00, 0x00, 0x00, 0x00, 0x00, 0x00, 0x00, 0x00, 0x00, 0x00, 0x00, 0x00, 0x00, 0x00
.byte 0x00, 0x00, 0x00, 0x00, 0x00, 0x00, 0x00, 0x00, 0x00, 0x00, 0x00, 0x00, 0x00, 0x00, 0x00, 0x00
.byte 0x00, 0x00, 0x00, 0x00, 0x00, 0x00, 0x00, 0x00, 0x00, 0x00, 0x00, 0x00, 0x00, 0x00, 0x00, 0x00
.byte 0x00, 0x00, 0x00, 0x00, 0x00, 0x00, 0x00, 0x00, 0x00, 0x00, 0x00, 0x00, 0x00, 0x00, 0x00, 0x00
.byte 0x00, 0x00, 0x00, 0x00, 0x00, 0x00, 0x00, 0x00, 0x00, 0x00, 0x00, 0x00, 0x00, 0x00, 0x00, 0x00
.byte 0x00, 0x00, 0x00, 0x00, 0x00, 0x00, 0x00, 0x00, 0x00, 0x00, 0x00, 0x00, 0x00, 0x00, 0x00, 0x00
.byte 0x00, 0x00, 0x00, 0x00, 0x00, 0x00, 0x00, 0x00, 0x00, 0x00, 0x00, 0x00, 0x00, 0x00, 0x00, 0x00
.byte 0x00, 0x00, 0x00, 0x00, 0x00, 0x00, 0x00, 0x00, 0x00, 0x00, 0x00, 0x00, 0x00, 0x00, 0x00, 0x00
.byte 0x00, 0x00, 0x00, 0x00, 0x00, 0x00, 0xdf, 0xff, 0xdf, 0xff, 0xdf, 0xff, 0x9e, 0xf7, 0x9e, 0xf7
.byte 0x9e, 0xf7, 0x9e, 0xf7, 0x9e, 0xf7, 0x3c, 0xe7, 0x3c, 0xe7, 0x3c, 0xe7, 0x3c, 0xe7, 0x3c, 0xe7
.byte 0x3c, 0xe7, 0x3c, 0xe7, 0x3c, 0xe7, 0x3c, 0xe7, 0x3c, 0xe7, 0x9e, 0xf7, 0x9e, 0xf7, 0x9e, 0xf7
.byte 0x9e, 0xf7, 0x9e, 0xf7, 0xdf, 0xff, 0xdf, 0xff, 0xdf, 0xff, 0x00, 0x00, 0x00, 0x00, 0x00, 0x00
.byte 0x00, 0x00, 0x00, 0x00, 0x00, 0x00, 0x00, 0x00, 0x00, 0x00, 0x00, 0x00, 0x00, 0x00, 0x00, 0x00
.byte 0x00, 0x00, 0x00, 0x00, 0x00, 0x00, 0x00, 0x00, 0x00, 0x00, 0x00, 0x00, 0x00, 0x00, 0x00, 0x00
.byte 0x00, 0x00, 0x00, 0x00, 0x00, 0x00, 0x00, 0x00, 0x00, 0x00, 0x00, 0x00, 0x00, 0x00, 0x00, 0x00
.byte 0x00, 0x00, 0x00, 0x00, 0x00, 0x00, 0x00, 0x00, 0x00, 0x00, 0x00, 0x00, 0x00, 0x00, 0x00, 0x00
.byte 0x00, 0x00, 0x00, 0x00, 0x00, 0x00, 0x00, 0x00, 0x00, 0x00, 0x00, 0x00, 0x00, 0x00, 0x00, 0x00
.byte 0x00, 0x00, 0x00, 0x00, 0x00, 0x00, 0x00, 0x00, 0x00, 0x00, 0x00, 0x00, 0x00, 0x00, 0x00, 0x00
.byte 0x00, 0x00, 0x00, 0x00, 0x00, 0x00, 0x00, 0x00, 0x00, 0x00, 0x00, 0x00, 0x00, 0x00, 0x00, 0x00
.byte 0x00, 0x00, 0x00, 0x00, 0x00, 0x00, 0x00, 0x00, 0x00, 0x00, 0x00, 0x00, 0x00, 0x00, 0x00, 0x00
.byte 0x00, 0x00, 0x00, 0x00, 0x00, 0x00, 0x00, 0x00, 0x00, 0x00, 0x00, 0x00, 0x00, 0x00, 0x00, 0x00
.byte 0x00, 0x00, 0x00, 0x00, 0x00, 0x00, 0x00, 0x00, 0x00, 0x00, 0x00, 0x00, 0x00, 0x00, 0x00, 0x00
.byte 0x00, 0x00, 0x00, 0x00, 0x00, 0x00, 0x00, 0x00, 0x00, 0x00, 0x00, 0x00, 0x00, 0x00, 0x00, 0x00
.byte 0x00, 0x00, 0x00, 0x00, 0x00, 0x00, 0x00, 0x00, 0x00, 0x00, 0x00, 0x00, 0x00, 0x00, 0x00, 0x00
.byte 0x00, 0x00, 0x00, 0x00, 0x00, 0x00, 0x00, 0x00, 0x00, 0x00, 0x00, 0x00, 0x00, 0x00, 0x00, 0x00
.byte 0x00, 0x00, 0x00, 0x00, 0x00, 0x00, 0x00, 0x00, 0x00, 0x00, 0x00, 0x00, 0x00, 0x00, 0x00, 0x00
.byte 0x00, 0x00, 0x00, 0x00, 0x00, 0x00, 0x00, 0x00, 0x00, 0x00, 0x00, 0x00, 0x00, 0x00, 0x00, 0x00
.byte 0x00, 0x00, 0x00, 0x00, 0x00, 0x00, 0x00, 0x00, 0x00, 0x00, 0x00, 0x00, 0x00, 0x00, 0x00, 0x00
.byte 0x00, 0x00, 0x00, 0x00, 0x00, 0x00, 0x00, 0x00, 0x00, 0x00, 0x00, 0x00, 0x00, 0x00, 0x00, 0x00
.byte 0x00, 0x00, 0x00, 0x00, 0x00, 0x00, 0x00, 0x00, 0x00, 0x00, 0x00, 0x00, 0x00, 0x00, 0x00, 0x00
.byte 0x00, 0x00, 0x00, 0x00, 0x00, 0x00, 0x00, 0x00, 0x00, 0x00, 0x00, 0x00, 0x00, 0x00, 0x00, 0x00
.byte 0x00, 0x00, 0x00, 0x00, 0x00, 0x00, 0x00, 0x00, 0x00, 0x00, 0x00, 0x00, 0x00, 0x00, 0x00, 0x00
.byte 0x00, 0x00, 0x00, 0x00, 0x00, 0x00, 0x00, 0x00, 0x00, 0x00, 0x00, 0x00, 0x00, 0x00, 0x00, 0x00
.byte 0x00, 0x00, 0x00, 0x00, 0x00, 0x00, 0x00, 0x00, 0x00, 0x00, 0x00, 0x00, 0x00, 0x00, 0x00, 0x00
.byte 0x00, 0x00, 0x00, 0x00, 0x00, 0x00, 0x00, 0x00, 0x00, 0x00, 0x00, 0x00, 0x00, 0x00, 0x00, 0x00
.byte 0x00, 0x00, 0x00, 0x00, 0x00, 0x00, 0x00, 0x00, 0x00, 0x00, 0x00, 0x00, 0x00, 0x00, 0x00, 0x00
.byte 0x00, 0x00, 0x00, 0x00, 0x00, 0x00, 0x00, 0x00, 0x00, 0x00, 0x00, 0x00, 0x00, 0x00, 0x00, 0x00
.byte 0x00, 0x00, 0x00, 0x00, 0x00, 0x00, 0x00, 0x00, 0x00, 0x00, 0x00, 0x00, 0x00, 0x00, 0x00, 0x00
.byte 0x00, 0x00, 0x00, 0x00, 0x00, 0x00, 0x00, 0x00, 0x00, 0x00, 0x00, 0x00, 0x00, 0x00, 0x00, 0x00
.byte 0x00, 0x00, 0x00, 0x00, 0x00, 0x00, 0x00, 0x00, 0x00, 0x00, 0x00, 0x00, 0x00, 0x00, 0x00, 0x00
.byte 0x00, 0x00, 0x00, 0x00, 0x00, 0x00, 0x00, 0x00, 0x00, 0x00, 0x00, 0x00, 0x00, 0x00, 0x00, 0x00
.byte 0x00, 0x00, 0x00, 0x00, 0x00, 0x00, 0x00, 0x00, 0x00, 0x00, 0x00, 0x00, 0x00, 0x00, 0x00, 0x00
.byte 0x00, 0x00, 0x00, 0x00, 0x00, 0x00, 0x00, 0x00, 0x00, 0x00, 0x00, 0x00, 0x00, 0x00, 0x00, 0x00
.byte 0x00, 0x00, 0x00, 0x00, 0x00, 0x00, 0x00, 0x00, 0x00, 0x00, 0x00, 0x00, 0x00, 0x00, 0x00, 0x00
.byte 0x00, 0x00, 0x00, 0x00, 0x00, 0x00, 0x00, 0x00, 0x00, 0x00, 0x00, 0x00, 0x00, 0x00, 0x00, 0x00
.byte 0x00, 0x00, 0x00, 0x00, 0x00, 0x00, 0x00, 0x00, 0x00, 0x00, 0x00, 0x00, 0x00, 0x00, 0x00, 0x00
.byte 0x00, 0x00, 0x00, 0x00, 0x00, 0x00, 0x00, 0x00, 0x00, 0x00, 0x00, 0x00, 0x00, 0x00, 0x00, 0x00
.byte 0x00, 0x00, 0x00, 0x00, 0x00, 0x00, 0x00, 0x00, 0x00, 0x00, 0x00, 0x00, 0x00, 0x00, 0x00, 0x00
.byte 0x00, 0x00, 0x00, 0x00, 0x00, 0x00, 0x00, 0x00, 0x00, 0x00, 0x00, 0x00, 0x00, 0x00, 0x00, 0x00
.byte 0x00, 0x00, 0x00, 0x00, 0x00, 0x00, 0x00, 0x00, 0x00, 0x00, 0x00, 0x00, 0x00, 0x00, 0x00, 0x00
.byte 0x00, 0x00, 0x00, 0x00, 0x00, 0x00, 0x00, 0x00, 0x00, 0x00, 0x00, 0x00, 0x00, 0x00, 0x00, 0x00
.byte 0x00, 0x00, 0x00, 0x00, 0x00, 0x00, 0x00, 0x00, 0x00, 0x00, 0x00, 0x00, 0x00, 0x00, 0x00, 0x00
.byte 0x00, 0x00, 0x00, 0x00, 0x00, 0x00, 0x00, 0x00, 0x00, 0x00, 0x00, 0x00, 0x00, 0x00, 0x00, 0x00
.byte 0x00, 0x00, 0x00, 0x00, 0x00, 0x00, 0x00, 0x00, 0x00, 0x00, 0x00, 0x00, 0x00, 0x00, 0x00, 0x00
.byte 0x00, 0x00, 0x00, 0x00, 0x00, 0x00, 0x00, 0x00, 0x00, 0x00, 0x00, 0x00, 0x00, 0x00, 0x00, 0x00
.byte 0x00, 0x00, 0x00, 0x00, 0x00, 0x00, 0x00, 0x00, 0x00, 0x00, 0x00, 0x00, 0x00, 0x00, 0x00, 0x00
.byte 0x00, 0x00, 0x00, 0x00, 0x00, 0x00, 0x00, 0x00, 0x00, 0x00, 0x00, 0x00, 0x00, 0x00, 0x00, 0x00
.byte 0x00, 0x00, 0x00, 0x00, 0x00, 0x00, 0x00, 0x00, 0x00, 0x00, 0x00, 0x00, 0x00, 0x00, 0x00, 0x00
.byte 0x00, 0x00, 0x00, 0x00, 0x00, 0x00, 0x00, 0x00, 0x00, 0x00, 0x00, 0x00, 0x00, 0x00, 0x00, 0x00
.byte 0x00, 0x00, 0x00, 0x00, 0x00, 0x00, 0x00, 0x00, 0x00, 0x00, 0x00, 0x00, 0x00, 0x00, 0x00, 0x00
.byte 0x00, 0x00, 0x00, 0x00, 0x00, 0x00, 0x00, 0x00, 0x00, 0x00, 0x00, 0x00, 0x00, 0x00, 0x00, 0x00
.byte 0x00, 0x00, 0x00, 0x00, 0x00, 0x00, 0x00, 0x00, 0x00, 0x00, 0x00, 0x00, 0x00, 0x00, 0x00, 0x00
.byte 0x00, 0x00, 0x00, 0x00, 0x00, 0x00, 0x00, 0x00, 0x00, 0x00, 0x00, 0x00, 0x00, 0x00, 0x00, 0x00
.byte 0x00, 0x00, 0x00, 0x00, 0x00, 0x00, 0x00, 0x00, 0x00, 0x00, 0x00, 0x00, 0x00, 0x00, 0x00, 0x00
.byte 0x00, 0x00, 0x00, 0x00, 0x00, 0x00, 0x00, 0x00, 0x00, 0x00, 0x00, 0x00, 0x00, 0x00, 0x00, 0x00
.byte 0x00, 0x00, 0x00, 0x00, 0x00, 0x00, 0x00, 0x00, 0x00, 0x00, 0x00, 0x00, 0x00, 0x00, 0x00, 0x00
.byte 0x00, 0x00, 0x00, 0x00, 0x00, 0x00, 0x00, 0x00, 0x00, 0x00, 0x00, 0x00, 0x00, 0x00, 0x00, 0x00
.byte 0x00, 0x00, 0x00, 0x00, 0x00, 0x00, 0x00, 0x00, 0x00, 0x00, 0x00, 0x00, 0x00, 0x00, 0x00, 0x00
.byte 0x00, 0x00, 0x00, 0x00, 0x00, 0x00, 0x00, 0x00, 0x00, 0x00, 0x00, 0x00, 0x00, 0x00, 0x00, 0x00
.byte 0x00, 0x00, 0x00, 0x00, 0x00, 0x00, 0x00, 0x00, 0x00, 0x00, 0x00, 0x00, 0x00, 0x00, 0x00, 0x00
.byte 0x00, 0x00, 0x00, 0x00, 0x00, 0x00, 0x00, 0x00, 0x00, 0x00, 0x00, 0x00, 0x00, 0x00, 0x00, 0x00
.byte 0x00, 0x00, 0x00, 0x00, 0x00, 0x00, 0x00, 0x00, 0x00, 0x00, 0x00, 0x00, 0x00, 0x00, 0x00, 0x00
.byte 0x00, 0x00, 0x00, 0x00, 0x00, 0x00, 0x00, 0x00, 0x00, 0x00, 0x00, 0x00, 0x00, 0x00, 0x00, 0x00
.byte 0x00, 0x00, 0x00, 0x00, 0x00, 0x00, 0x00, 0x00, 0x00, 0x00, 0x00, 0x00, 0x00, 0x00, 0x00, 0x00
.byte 0x00, 0x00, 0x00, 0x00, 0x00, 0x00, 0x00, 0x00, 0x00, 0x00, 0x00, 0x00, 0x00, 0x00, 0x00, 0x00
.byte 0x00, 0x00, 0x00, 0x00, 0x00, 0x00, 0x00, 0x00, 0x00, 0x00, 0x00, 0x00, 0x00, 0x00, 0x00, 0x00
.byte 0x00, 0x00, 0x00, 0x00, 0x00, 0x00, 0x00, 0x00, 0x00, 0x00, 0x00, 0x00, 0x00, 0x00, 0x00, 0x00
.byte 0x00, 0x00, 0x00, 0x00, 0x00, 0x00, 0x00, 0x00, 0x00, 0x00, 0x00, 0x00, 0x00, 0x00, 0x00, 0x00
.byte 0x00, 0x00, 0x00, 0x00, 0x00, 0x00, 0x00, 0x00, 0x00, 0x00, 0x00, 0x00, 0x00, 0x00, 0x00, 0x00
.byte 0x00, 0x00, 0x00, 0x00, 0x00, 0x00, 0x00, 0x00, 0x00, 0x00, 0x00, 0x00, 0x00, 0x00, 0x00, 0x00
.byte 0x00, 0x00, 0x00, 0x00, 0x00, 0x00, 0x00, 0x00, 0x00, 0x00, 0x00, 0x00, 0x00, 0x00, 0x00, 0x00
.byte 0x00, 0x00, 0x00, 0x00, 0x00, 0x00, 0x00, 0x00, 0x00, 0x00, 0x00, 0x00, 0x00, 0x00, 0x00, 0x00
.byte 0x00, 0x00, 0x00, 0x00, 0x00, 0x00, 0x00, 0x00, 0x00, 0x00, 0x00, 0x00, 0x00, 0x00, 0x00, 0x00
.byte 0x00, 0x00, 0x00, 0x00, 0x00, 0x00, 0x00, 0x00, 0x00, 0x00, 0x00, 0x00, 0x00, 0x00, 0x00, 0x00
.byte 0x00, 0x00, 0x00, 0x00, 0x00, 0x00, 0x00, 0x00, 0x00, 0x00, 0x00, 0x00, 0x00, 0x00, 0x00, 0x00
.byte 0x00, 0x00, 0x00, 0x00, 0x00, 0x00, 0x00, 0x00, 0x00, 0x00, 0x00, 0x00, 0x00, 0x00, 0x00, 0x00
.byte 0x00, 0x00, 0x00, 0x00, 0x00, 0x00, 0x00, 0x00, 0x00, 0x00, 0x00, 0x00, 0x00, 0x00, 0x00, 0x00
.byte 0x00, 0x00, 0x00, 0x00, 0x00, 0x00, 0x00, 0x00, 0x00, 0x00, 0x00, 0x00, 0x00, 0x00, 0x00, 0x00
.byte 0x00, 0x00, 0x00, 0x00, 0x00, 0x00, 0x00, 0x00, 0x00, 0x00, 0x00, 0x00, 0x00, 0x00, 0x00, 0x00
.byte 0x00, 0x00, 0x00, 0x00, 0x00, 0x00, 0x00, 0x00, 0x00, 0x00, 0x00, 0x00, 0x00, 0x00, 0x00, 0x00

.global _binary_om_bin_end
_binary_om_bin_end: /* for objcopy compatibility */


.global om_bin_length
om_bin_length:
.long 115200
