/* * Data converted from E:/Embedded-Systems/ESP32 Workspace/01_ST7789_Display_Module/main/rain.bin
 */
.data
#if !defined (__APPLE__) && !defined (__linux__)
.section .rodata.embedded
#endif

.global rain_bin
rain_bin:

.global _binary_rain_bin_start
_binary_rain_bin_start: /* for objcopy compatibility */
.byte 0xff, 0xff, 0xff, 0xff, 0xff, 0xff, 0xff, 0xff, 0xff, 0xff, 0xff, 0xff, 0xff, 0xff, 0xff, 0xff
.byte 0xff, 0xff, 0xff, 0xff, 0xff, 0xff, 0xff, 0xff, 0xff, 0xff, 0xff, 0xff, 0xff, 0xff, 0xff, 0xff
.byte 0xff, 0xff, 0xff, 0xff, 0xff, 0xff, 0xff, 0xff, 0xff, 0xff, 0xff, 0xff, 0xff, 0xff, 0xff, 0xff
.byte 0xff, 0xff, 0xff, 0xff, 0xff, 0xff, 0xff, 0xff, 0xff, 0xff, 0xff, 0xff, 0xff, 0xff, 0xff, 0xff
.byte 0xff, 0xff, 0xff, 0xff, 0xff, 0xff, 0xff, 0xff, 0xff, 0xff, 0xff, 0xff, 0xff, 0xff, 0xff, 0xff
.byte 0xff, 0xff, 0xff, 0xff, 0xff, 0xff, 0xff, 0xff, 0xff, 0xff, 0xff, 0xff, 0xff, 0xff, 0xff, 0xff
.byte 0xff, 0xff, 0xff, 0xff, 0xff, 0xff, 0xff, 0xff, 0xff, 0xff, 0xff, 0xff, 0xff, 0xff, 0xff, 0xff
.byte 0xff, 0xff, 0xff, 0xff, 0xff, 0xff, 0xff, 0xff, 0xff, 0xff, 0xff, 0xff, 0xff, 0xff, 0xff, 0xff
.byte 0xff, 0xff, 0xff, 0xff, 0xff, 0xff, 0xff, 0xff, 0xff, 0xff, 0xff, 0xff, 0xff, 0xff, 0xff, 0xff
.byte 0xff, 0xff, 0xff, 0xff, 0xff, 0xff, 0xff, 0xff, 0xff, 0xff, 0xff, 0xff, 0xff, 0xff, 0xff, 0xff
.byte 0xff, 0xff, 0xff, 0xff, 0xff, 0xff, 0xff, 0xff, 0xff, 0xff, 0xff, 0xff, 0xff, 0xff, 0xff, 0xff
.byte 0xff, 0xff, 0xff, 0xff, 0xff, 0xff, 0xff, 0xff, 0xff, 0xff, 0xff, 0xff, 0xff, 0xff, 0xff, 0xff
.byte 0xff, 0xff, 0xff, 0xff, 0xff, 0xff, 0xff, 0xff, 0xff, 0xff, 0xff, 0xff, 0xff, 0xff, 0xff, 0xff
.byte 0xff, 0xff, 0xff, 0xff, 0xff, 0xff, 0xff, 0xff, 0xff, 0xff, 0xff, 0xff, 0xff, 0xff, 0xff, 0xff
.byte 0xff, 0xff, 0xff, 0xff, 0xff, 0xff, 0xff, 0xff, 0xff, 0xff, 0xff, 0xff, 0xff, 0xff, 0xff, 0xff
.byte 0xff, 0xff, 0xff, 0xff, 0xff, 0xff, 0xff, 0xff, 0xff, 0xff, 0xff, 0xff, 0xff, 0xff, 0xff, 0xff
.byte 0xff, 0xff, 0xff, 0xff, 0xff, 0xff, 0xff, 0xff, 0xff, 0xff, 0xff, 0xff, 0xff, 0xff, 0xff, 0xff
.byte 0xff, 0xff, 0xff, 0xff, 0xff, 0xff, 0xff, 0xff, 0xff, 0xff, 0xff, 0xff, 0xff, 0xff, 0xff, 0xff
.byte 0xff, 0xff, 0xff, 0xff, 0xff, 0xff, 0xff, 0xff, 0xff, 0xff, 0xff, 0xff, 0xff, 0xff, 0xff, 0xff
.byte 0xff, 0xff, 0xff, 0xff, 0xff, 0xff, 0xff, 0xff, 0xff, 0xff, 0xff, 0xff, 0xff, 0xff, 0xff, 0xff
.byte 0xff, 0xff, 0xff, 0xff, 0xff, 0xff, 0xff, 0xff, 0xff, 0xff, 0xff, 0xff, 0xff, 0xff, 0xff, 0xff
.byte 0xff, 0xff, 0xff, 0xff, 0xff, 0xff, 0xff, 0xff, 0xff, 0xff, 0xff, 0xff, 0xff, 0xff, 0xff, 0xff
.byte 0xff, 0xff, 0xff, 0xff, 0xff, 0xff, 0xff, 0xff, 0xff, 0xff, 0xff, 0xff, 0xff, 0xff, 0xff, 0xff
.byte 0xff, 0xff, 0xff, 0xff, 0xff, 0xff, 0xff, 0xff, 0xff, 0xff, 0xff, 0xff, 0xff, 0xff, 0xff, 0xff
.byte 0xff, 0xff, 0xff, 0xff, 0xff, 0xff, 0xff, 0xff, 0xff, 0xff, 0xff, 0xff, 0xff, 0xff, 0xff, 0xff
.byte 0xff, 0xff, 0xff, 0xff, 0xff, 0xff, 0xff, 0xff, 0xff, 0xff, 0xff, 0xff, 0xff, 0xff, 0xff, 0xff
.byte 0xff, 0xff, 0xff, 0xff, 0xff, 0xff, 0xff, 0xff, 0xff, 0xff, 0xff, 0xff, 0xff, 0xff, 0xff, 0xff
.byte 0xff, 0xff, 0xff, 0xff, 0xff, 0xff, 0xff, 0xff, 0xff, 0xff, 0xff, 0xff, 0xff, 0xff, 0xff, 0xff
.byte 0xff, 0xff, 0xff, 0xff, 0xff, 0xff, 0xff, 0xff, 0xff, 0xff, 0xff, 0xff, 0xff, 0xff, 0xff, 0xff
.byte 0xff, 0xff, 0xff, 0xff, 0xff, 0xff, 0xff, 0xff, 0xff, 0xff, 0xff, 0xff, 0xff, 0xff, 0xff, 0xff
.byte 0xff, 0xff, 0xff, 0xff, 0xff, 0xff, 0xff, 0xff, 0xff, 0xff, 0xff, 0xff, 0xff, 0xff, 0xff, 0xff
.byte 0xff, 0xff, 0xff, 0xff, 0xff, 0xff, 0xbe, 0xf7, 0xbc, 0xce, 0x7b, 0xc6, 0x5b, 0xbe, 0x5b, 0xbe
.byte 0xd9, 0xa5, 0x38, 0x8d, 0x58, 0x8d, 0xf9, 0xad, 0x5a, 0xbe, 0x7b, 0xc6, 0xbc, 0xce, 0x7e, 0xe7
.byte 0xff, 0xff, 0xff, 0xff, 0xff, 0xff, 0xff, 0xff, 0xff, 0xff, 0xff, 0xff, 0xff, 0xff, 0xff, 0xff
.byte 0xff, 0xff, 0xff, 0xff, 0xff, 0xff, 0xff, 0xff, 0xff, 0xff, 0xff, 0xff, 0xff, 0xff, 0xff, 0xff
.byte 0xff, 0xff, 0xff, 0xff, 0xff, 0xff, 0xff, 0xff, 0xff, 0xff, 0xff, 0xff, 0xff, 0xff, 0xff, 0xff
.byte 0xff, 0xff, 0xff, 0xff, 0xff, 0xff, 0xff, 0xff, 0xff, 0xff, 0xff, 0xff, 0xff, 0xff, 0xff, 0xff
.byte 0xff, 0xff, 0xff, 0xff, 0xff, 0xff, 0xff, 0xff, 0xff, 0xff, 0xff, 0xff, 0xff, 0xff, 0xff, 0xff
.byte 0xff, 0xff, 0xff, 0xff, 0xff, 0xff, 0xff, 0xff, 0xff, 0xff, 0xff, 0xff, 0xff, 0xff, 0xff, 0xff
.byte 0xff, 0xff, 0xff, 0xff, 0xff, 0xff, 0xff, 0xff, 0xff, 0xff, 0xff, 0xff, 0xff, 0xff, 0xff, 0xff
.byte 0xff, 0xff, 0xff, 0xff, 0xff, 0xff, 0xff, 0xff, 0xff, 0xff, 0xff, 0xff, 0xff, 0xff, 0xff, 0xff
.byte 0xff, 0xff, 0xff, 0xff, 0xff, 0xff, 0xff, 0xff, 0xff, 0xff, 0xff, 0xff, 0xff, 0xff, 0xff, 0xff
.byte 0xff, 0xff, 0xff, 0xff, 0xff, 0xff, 0xff, 0xff, 0xff, 0xff, 0xff, 0xff, 0xff, 0xff, 0xff, 0xff
.byte 0xff, 0xff, 0xff, 0xff, 0xff, 0xff, 0xff, 0xff, 0xff, 0xff, 0x7b, 0xc6, 0xd9, 0xa5, 0x55, 0x6c
.byte 0xf1, 0x2a, 0x91, 0x1a, 0x91, 0x12, 0x71, 0x12, 0x51, 0x0a, 0x30, 0x0a, 0x30, 0x0a, 0x50, 0x12
.byte 0x50, 0x1a, 0x91, 0x1a, 0xf2, 0x32, 0xb3, 0x53, 0x58, 0x95, 0x3a, 0xbe, 0x5d, 0xe7, 0xff, 0xff
.byte 0xff, 0xff, 0xff, 0xff, 0xff, 0xff, 0xff, 0xff, 0xff, 0xff, 0xff, 0xff, 0xff, 0xff, 0xff, 0xff
.byte 0xff, 0xff, 0xff, 0xff, 0xff, 0xff, 0xff, 0xff, 0xff, 0xff, 0xff, 0xff, 0xff, 0xff, 0xff, 0xff
.byte 0xff, 0xff, 0xff, 0xff, 0xff, 0xff, 0xff, 0xff, 0xff, 0xff, 0xff, 0xff, 0xff, 0xff, 0xff, 0xff
.byte 0xff, 0xff, 0xff, 0xff, 0xff, 0xff, 0xff, 0xff, 0xff, 0xff, 0xff, 0xff, 0xff, 0xff, 0xff, 0xff
.byte 0xff, 0xff, 0xff, 0xff, 0xff, 0xff, 0xff, 0xff, 0xff, 0xff, 0xff, 0xff, 0xff, 0xff, 0xff, 0xff
.byte 0xff, 0xff, 0xff, 0xff, 0xff, 0xff, 0xff, 0xff, 0xff, 0xff, 0xff, 0xff, 0xff, 0xff, 0xff, 0xff
.byte 0xff, 0xff, 0xff, 0xff, 0xff, 0xff, 0xff, 0xff, 0xff, 0xff, 0xff, 0xff, 0xff, 0xff, 0xff, 0xff
.byte 0xff, 0xff, 0xff, 0xff, 0xff, 0xff, 0xff, 0xff, 0xff, 0xff, 0xff, 0xff, 0xff, 0xff, 0xff, 0xff
.byte 0xff, 0xff, 0xff, 0xff, 0xff, 0xff, 0xff, 0xff, 0xff, 0xff, 0xff, 0xff, 0xff, 0xff, 0xff, 0xff
.byte 0xff, 0xff, 0xff, 0xff, 0xff, 0xff, 0xff, 0xff, 0xff, 0xff, 0xff, 0xff, 0xff, 0xff, 0xfa, 0xad
.byte 0xd7, 0x7c, 0xb1, 0x22, 0x71, 0x12, 0x31, 0x0a, 0x51, 0x0a, 0x71, 0x12, 0x92, 0x1a, 0x92, 0x1a
.byte 0x91, 0x1a, 0x91, 0x1a, 0x91, 0x1a, 0x91, 0x1a, 0x91, 0x1a, 0x71, 0x12, 0x30, 0x0a, 0xef, 0x09
.byte 0x30, 0x12, 0xd1, 0x2a, 0xb3, 0x53, 0xb9, 0xa5, 0x3d, 0xdf, 0xff, 0xff, 0xff, 0xff, 0xff, 0xff
.byte 0xff, 0xff, 0xff, 0xff, 0xff, 0xff, 0xff, 0xff, 0xff, 0xff, 0xff, 0xff, 0xff, 0xff, 0xff, 0xff
.byte 0xff, 0xff, 0xff, 0xff, 0xff, 0xff, 0xff, 0xff, 0xff, 0xff, 0xff, 0xff, 0xff, 0xff, 0xff, 0xff
.byte 0xff, 0xff, 0xff, 0xff, 0xff, 0xff, 0xff, 0xff, 0xff, 0xff, 0xff, 0xff, 0xff, 0xff, 0xff, 0xff
.byte 0xff, 0xff, 0xff, 0xff, 0xff, 0xff, 0xff, 0xff, 0xff, 0xff, 0xff, 0xff, 0xff, 0xff, 0xff, 0xff
.byte 0xff, 0xff, 0xff, 0xff, 0xff, 0xff, 0xff, 0xff, 0xff, 0xff, 0xff, 0xff, 0xff, 0xff, 0xff, 0xff
.byte 0xff, 0xff, 0xff, 0xff, 0xff, 0xff, 0xff, 0xff, 0xff, 0xff, 0xff, 0xff, 0xff, 0xff, 0xff, 0xff
.byte 0xff, 0xff, 0xff, 0xff, 0xff, 0xff, 0xff, 0xff, 0xff, 0xff, 0xff, 0xff, 0xff, 0xff, 0xff, 0xff
.byte 0xff, 0xff, 0xff, 0xff, 0xff, 0xff, 0xff, 0xff, 0xff, 0xff, 0xff, 0xff, 0xff, 0xff, 0xff, 0xff
.byte 0xff, 0xff, 0xff, 0xff, 0xff, 0xff, 0xff, 0xff, 0xff, 0xff, 0xff, 0xff, 0xff, 0xff, 0xff, 0xff
.byte 0xff, 0xff, 0x7b, 0xc6, 0xb7, 0x74, 0x91, 0x1a, 0x92, 0x0a, 0x71, 0x0a, 0x71, 0x12, 0x71, 0x12
.byte 0x71, 0x12, 0x71, 0x12, 0x71, 0x12, 0x71, 0x12, 0x51, 0x12, 0x71, 0x12, 0x51, 0x12, 0x71, 0x12
.byte 0x71, 0x12, 0x71, 0x12, 0x71, 0x12, 0x71, 0x12, 0x71, 0x12, 0x30, 0x0a, 0x0f, 0x0a, 0xb1, 0x22
.byte 0x72, 0x4b, 0xd9, 0xa5, 0xff, 0xff, 0xff, 0xff, 0xff, 0xff, 0xff, 0xff, 0xff, 0xff, 0xff, 0xff
.byte 0xff, 0xff, 0xff, 0xff, 0xff, 0xff, 0xff, 0xff, 0xff, 0xff, 0xff, 0xff, 0xff, 0xff, 0xff, 0xff
.byte 0xff, 0xff, 0xff, 0xff, 0xff, 0xff, 0xff, 0xff, 0xff, 0xff, 0xff, 0xff, 0xff, 0xff, 0xff, 0xff
.byte 0xff, 0xff, 0xff, 0xff, 0xff, 0xff, 0xff, 0xff, 0xff, 0xff, 0xff, 0xff, 0xff, 0xff, 0xff, 0xff
.byte 0xff, 0xff, 0xff, 0xff, 0xff, 0xff, 0xff, 0xff, 0xff, 0xff, 0xff, 0xff, 0xff, 0xff, 0xff, 0xff
.byte 0xff, 0xff, 0xff, 0xff, 0xff, 0xff, 0xff, 0xff, 0xff, 0xff, 0xff, 0xff, 0xff, 0xff, 0xff, 0xff
.byte 0xff, 0xff, 0xff, 0xff, 0xff, 0xff, 0xff, 0xff, 0xff, 0xff, 0xff, 0xff, 0xff, 0xff, 0xff, 0xff
.byte 0xff, 0xff, 0xff, 0xff, 0xff, 0xff, 0xff, 0xff, 0xff, 0xff, 0xff, 0xff, 0xff, 0xff, 0xff, 0xff
.byte 0xff, 0xff, 0xff, 0xff, 0xff, 0xff, 0xff, 0xff, 0xff, 0xff, 0xff, 0xff, 0xff, 0xff, 0xff, 0xff
.byte 0xff, 0xff, 0xff, 0xff, 0xff, 0xff, 0x7e, 0xe7, 0xd6, 0x7c, 0xf2, 0x2a, 0xb3, 0x12, 0x92, 0x12
.byte 0x92, 0x12, 0x91, 0x12, 0x71, 0x12, 0x51, 0x0a, 0x30, 0x0a, 0x30, 0x0a, 0x50, 0x0a, 0x71, 0x12
.byte 0x91, 0x12, 0xb1, 0x12, 0x91, 0x12, 0x50, 0x0a, 0x0f, 0x0a, 0x0f, 0x0a, 0x0f, 0x0a, 0x50, 0x12
.byte 0x71, 0x12, 0x71, 0x12, 0x71, 0x12, 0x51, 0x0a, 0x30, 0x0a, 0xf2, 0x2a, 0xd6, 0x7c, 0x3d, 0xdf
.byte 0xff, 0xff, 0xff, 0xff, 0xff, 0xff, 0xff, 0xff, 0xff, 0xff, 0xff, 0xff, 0xff, 0xff, 0xff, 0xff
.byte 0xff, 0xff, 0xff, 0xff, 0xff, 0xff, 0xff, 0xff, 0xff, 0xff, 0xff, 0xff, 0xff, 0xff, 0xff, 0xff
.byte 0xff, 0xff, 0xff, 0xff, 0xff, 0xff, 0xff, 0xff, 0xff, 0xff, 0xff, 0xff, 0xff, 0xff, 0xff, 0xff
.byte 0xff, 0xff, 0xff, 0xff, 0xff, 0xff, 0xff, 0xff, 0xff, 0xff, 0xff, 0xff, 0xff, 0xff, 0xff, 0xff
.byte 0xff, 0xff, 0xff, 0xff, 0xff, 0xff, 0xff, 0xff, 0xff, 0xff, 0xff, 0xff, 0xff, 0xff, 0xff, 0xff
.byte 0xff, 0xff, 0xff, 0xff, 0xff, 0xff, 0xff, 0xff, 0xff, 0xff, 0xff, 0xff, 0xff, 0xff, 0xff, 0xff
.byte 0xff, 0xff, 0xff, 0xff, 0xff, 0xff, 0xff, 0xff, 0xff, 0xff, 0xff, 0xff, 0xff, 0xff, 0xff, 0xff
.byte 0xff, 0xff, 0xff, 0xff, 0xff, 0xff, 0xff, 0xff, 0xff, 0xff, 0xff, 0xff, 0xff, 0xff, 0xff, 0xff
.byte 0xff, 0xff, 0xff, 0xff, 0xff, 0xff, 0xff, 0xff, 0xff, 0xff, 0xff, 0xff, 0xfc, 0xd6, 0x73, 0x43
.byte 0xb2, 0x1a, 0x92, 0x12, 0x92, 0x12, 0x92, 0x12, 0x91, 0x12, 0x51, 0x0a, 0x71, 0x0a, 0xf3, 0x1a
.byte 0xd5, 0x33, 0x78, 0x4c, 0xfa, 0x54, 0x3a, 0x5d, 0x5b, 0x65, 0x5b, 0x5d, 0x3b, 0x5d, 0xda, 0x54
.byte 0x78, 0x44, 0xd5, 0x3b, 0x33, 0x2b, 0x70, 0x12, 0x0f, 0x0a, 0x30, 0x12, 0x71, 0x12, 0x91, 0x12
.byte 0x92, 0x12, 0x51, 0x0a, 0x92, 0x12, 0xd4, 0x53, 0x7b, 0xc6, 0xff, 0xff, 0xff, 0xff, 0xff, 0xff
.byte 0xff, 0xff, 0xff, 0xff, 0xff, 0xff, 0xff, 0xff, 0xff, 0xff, 0xff, 0xff, 0xff, 0xff, 0xff, 0xff
.byte 0xff, 0xff, 0xff, 0xff, 0xff, 0xff, 0xff, 0xff, 0xff, 0xff, 0xff, 0xff, 0xff, 0xff, 0xff, 0xff
.byte 0xff, 0xff, 0xff, 0xff, 0xff, 0xff, 0xff, 0xff, 0xff, 0xff, 0xff, 0xff, 0xff, 0xff, 0xff, 0xff
.byte 0xff, 0xff, 0xff, 0xff, 0xff, 0xff, 0xff, 0xff, 0xff, 0xff, 0xff, 0xff, 0xff, 0xff, 0xff, 0xff
.byte 0xff, 0xff, 0xff, 0xff, 0xff, 0xff, 0xff, 0xff, 0xff, 0xff, 0xff, 0xff, 0xff, 0xff, 0xff, 0xff
.byte 0xff, 0xff, 0xff, 0xff, 0xff, 0xff, 0xff, 0xff, 0xff, 0xff, 0xff, 0xff, 0xff, 0xff, 0xff, 0xff
.byte 0xff, 0xff, 0xff, 0xff, 0xff, 0xff, 0xff, 0xff, 0xff, 0xff, 0xff, 0xff, 0xff, 0xff, 0xff, 0xff
.byte 0xff, 0xff, 0xff, 0xff, 0xff, 0xff, 0xff, 0xff, 0xff, 0xff, 0xff, 0xff, 0xff, 0xff, 0xff, 0xff
.byte 0xff, 0xff, 0xbc, 0xce, 0xd0, 0x32, 0x50, 0x12, 0x51, 0x12, 0x91, 0x1a, 0x91, 0x12, 0x71, 0x12
.byte 0x91, 0x12, 0x75, 0x2b, 0xd9, 0x54, 0xdd, 0x75, 0x5e, 0x86, 0x7f, 0x86, 0x7f, 0x7e, 0x7f, 0x7e
.byte 0x5f, 0x7e, 0x5f, 0x7e, 0x5f, 0x76, 0x3f, 0x76, 0x3f, 0x76, 0x3e, 0x76, 0xfe, 0x6d, 0x5b, 0x65
.byte 0x37, 0x44, 0xf2, 0x22, 0x50, 0x0a, 0x71, 0x12, 0x91, 0x12, 0x92, 0x12, 0x72, 0x12, 0x51, 0x0a
.byte 0x12, 0x33, 0xf9, 0xad, 0xff, 0xff, 0xff, 0xff, 0xff, 0xff, 0xff, 0xff, 0xff, 0xff, 0xff, 0xff
.byte 0xff, 0xff, 0xff, 0xff, 0xff, 0xff, 0xff, 0xff, 0xff, 0xff, 0xff, 0xff, 0xff, 0xff, 0xff, 0xff
.byte 0xff, 0xff, 0xff, 0xff, 0xff, 0xff, 0xff, 0xff, 0xff, 0xff, 0xff, 0xff, 0xff, 0xff, 0xff, 0xff
.byte 0xff, 0xff, 0xff, 0xff, 0xff, 0xff, 0xff, 0xff, 0xff, 0xff, 0xff, 0xff, 0xff, 0xff, 0xff, 0xff
.byte 0xff, 0xff, 0xff, 0xff, 0xff, 0xff, 0xff, 0xff, 0xff, 0xff, 0xff, 0xff, 0xff, 0xff, 0xff, 0xff
.byte 0xff, 0xff, 0xff, 0xff, 0xff, 0xff, 0xff, 0xff, 0xff, 0xff, 0xff, 0xff, 0xff, 0xff, 0xff, 0xff
.byte 0xff, 0xff, 0xff, 0xff, 0xff, 0xff, 0xff, 0xff, 0xff, 0xff, 0xff, 0xff, 0xff, 0xff, 0xff, 0xff
.byte 0xff, 0xff, 0xff, 0xff, 0xff, 0xff, 0xff, 0xff, 0xff, 0xff, 0xff, 0xff, 0xff, 0xff, 0xff, 0xff
.byte 0xff, 0xff, 0xff, 0xff, 0xff, 0xff, 0xff, 0xff, 0x9b, 0xce, 0x8f, 0x22, 0x50, 0x12, 0x50, 0x12
.byte 0x50, 0x12, 0x30, 0x12, 0x2f, 0x0a, 0x13, 0x23, 0xf9, 0x5c, 0x5e, 0x7e, 0x9f, 0x8e, 0x7f, 0x86
.byte 0x7f, 0x86, 0x5f, 0x7e, 0x3e, 0x7e, 0x3e, 0x76, 0x1e, 0x76, 0x1e, 0x76, 0x1e, 0x76, 0x3e, 0x76
.byte 0x3e, 0x76, 0x5f, 0x76, 0x5f, 0x7e, 0x7f, 0x7e, 0x7f, 0x86, 0xfd, 0x75, 0x78, 0x4c, 0xf2, 0x1a
.byte 0x51, 0x0a, 0x91, 0x0a, 0xb2, 0x12, 0x91, 0x12, 0x30, 0x0a, 0xd1, 0x2a, 0xf9, 0xad, 0xff, 0xff
.byte 0xff, 0xff, 0xff, 0xff, 0xff, 0xff, 0xff, 0xff, 0xff, 0xff, 0xff, 0xff, 0xff, 0xff, 0xff, 0xff
.byte 0xff, 0xff, 0xff, 0xff, 0xff, 0xff, 0xff, 0xff, 0xff, 0xff, 0xff, 0xff, 0xff, 0xff, 0xff, 0xff
.byte 0xff, 0xff, 0xff, 0xff, 0xff, 0xff, 0xff, 0xff, 0xff, 0xff, 0xff, 0xff, 0xff, 0xff, 0xff, 0xff
.byte 0xff, 0xff, 0xff, 0xff, 0xff, 0xff, 0xff, 0xff, 0xff, 0xff, 0xff, 0xff, 0xff, 0xff, 0xff, 0xff
.byte 0xff, 0xff, 0xff, 0xff, 0xff, 0xff, 0xff, 0xff, 0xff, 0xff, 0xff, 0xff, 0xff, 0xff, 0xff, 0xff
.byte 0xff, 0xff, 0xff, 0xff, 0xff, 0xff, 0xff, 0xff, 0xff, 0xff, 0xff, 0xff, 0xff, 0xff, 0xff, 0xff
.byte 0xff, 0xff, 0xff, 0xff, 0xff, 0xff, 0xff, 0xff, 0xff, 0xff, 0xff, 0xff, 0xff, 0xff, 0xff, 0xff
.byte 0xff, 0xff, 0xff, 0xff, 0xff, 0xff, 0xff, 0xff, 0xff, 0xff, 0xff, 0xff, 0xff, 0xff, 0x1d, 0xdf
.byte 0x8f, 0x22, 0x30, 0x12, 0x50, 0x12, 0x50, 0x12, 0x0f, 0x12, 0x0f, 0x0a, 0x95, 0x33, 0xbd, 0x6d
.byte 0x7f, 0x7e, 0x5f, 0x7e, 0x5e, 0x7e, 0x3e, 0x7e, 0x3e, 0x7e, 0x3e, 0x7e, 0x3e, 0x76, 0x3e, 0x76
.byte 0x3e, 0x76, 0x1e, 0x76, 0x1e, 0x76, 0x1e, 0x76, 0x3e, 0x76, 0x1e, 0x76, 0x3e, 0x76, 0x3e, 0x76
.byte 0x5e, 0x7e, 0x7f, 0x86, 0x9f, 0x8e, 0xbc, 0x6d, 0xd5, 0x33, 0x91, 0x0a, 0x71, 0x0a, 0x71, 0x12
.byte 0x50, 0x12, 0xee, 0x01, 0xf1, 0x32, 0x5a, 0xb6, 0xff, 0xff, 0xff, 0xff, 0xff, 0xff, 0xff, 0xff
.byte 0xff, 0xff, 0xff, 0xff, 0xff, 0xff, 0xff, 0xff, 0xff, 0xff, 0xff, 0xff, 0xff, 0xff, 0xff, 0xff
.byte 0xff, 0xff, 0xff, 0xff, 0xff, 0xff, 0xff, 0xff, 0xff, 0xff, 0xff, 0xff, 0xff, 0xff, 0xff, 0xff
.byte 0xff, 0xff, 0xff, 0xff, 0xff, 0xff, 0xff, 0xff, 0xff, 0xff, 0xff, 0xff, 0xff, 0xff, 0xff, 0xff
.byte 0xff, 0xff, 0xff, 0xff, 0xff, 0xff, 0xff, 0xff, 0xff, 0xff, 0xff, 0xff, 0xff, 0xff, 0xff, 0xff
.byte 0xff, 0xff, 0xff, 0xff, 0xff, 0xff, 0xff, 0xff, 0xff, 0xff, 0xff, 0xff, 0xff, 0xff, 0xff, 0xff
.byte 0xff, 0xff, 0xff, 0xff, 0xff, 0xff, 0xff, 0xff, 0xff, 0xff, 0xff, 0xff, 0xff, 0xff, 0xff, 0xff
.byte 0xff, 0xff, 0xff, 0xff, 0xff, 0xff, 0xff, 0xff, 0xff, 0xff, 0xff, 0xff, 0xff, 0xff, 0xff, 0xff
.byte 0xff, 0xff, 0xff, 0xff, 0x9e, 0xf7, 0x11, 0x3b, 0x71, 0x12, 0x70, 0x12, 0x50, 0x12, 0x0f, 0x0a
.byte 0x4f, 0x12, 0x37, 0x44, 0x1e, 0x76, 0x5f, 0x76, 0x1e, 0x6e, 0x3e, 0x76, 0x3e, 0x76, 0x3e, 0x76
.byte 0x3e, 0x76, 0x3e, 0x7e, 0x3e, 0x76, 0x3e, 0x76, 0x3e, 0x76, 0x3e, 0x76, 0x3e, 0x76, 0x3e, 0x76
.byte 0x3e, 0x76, 0x3e, 0x76, 0x3e, 0x76, 0x3e, 0x76, 0x3e, 0x7e, 0x5e, 0x7e, 0x5f, 0x86, 0x9f, 0x86
.byte 0x5e, 0x86, 0x77, 0x4c, 0x70, 0x12, 0x2f, 0x0a, 0x50, 0x12, 0x50, 0x12, 0xce, 0x01, 0x73, 0x43
.byte 0xdc, 0xce, 0xff, 0xff, 0xff, 0xff, 0xff, 0xff, 0xff, 0xff, 0xff, 0xff, 0xff, 0xff, 0xff, 0xff
.byte 0xff, 0xff, 0xff, 0xff, 0xff, 0xff, 0xff, 0xff, 0xff, 0xff, 0xff, 0xff, 0xff, 0xff, 0xff, 0xff
.byte 0xff, 0xff, 0xff, 0xff, 0xff, 0xff, 0xff, 0xff, 0xff, 0xff, 0xff, 0xff, 0xff, 0xff, 0xff, 0xff
.byte 0xff, 0xff, 0xff, 0xff, 0xff, 0xff, 0xff, 0xff, 0xff, 0xff, 0xff, 0xff, 0xff, 0xff, 0xff, 0xff
.byte 0xff, 0xff, 0xff, 0xff, 0xff, 0xff, 0xff, 0xff, 0xff, 0xff, 0xff, 0xff, 0xff, 0xff, 0xff, 0xff
.byte 0xff, 0xff, 0xff, 0xff, 0xff, 0xff, 0xff, 0xff, 0xff, 0xff, 0xff, 0xff, 0xff, 0xff, 0xff, 0xff
.byte 0xff, 0xff, 0xff, 0xff, 0xff, 0xff, 0xff, 0xff, 0xff, 0xff, 0xff, 0xff, 0xff, 0xff, 0xff, 0xff
.byte 0xff, 0xff, 0xff, 0xff, 0xff, 0xff, 0xff, 0xff, 0xff, 0xff, 0xff, 0xff, 0xf7, 0x84, 0x91, 0x12
.byte 0x92, 0x12, 0x71, 0x1a, 0x0f, 0x12, 0x4f, 0x12, 0x98, 0x4c, 0x3f, 0x76, 0x3f, 0x76, 0x1e, 0x6e
.byte 0x1e, 0x76, 0x3e, 0x76, 0x3e, 0x76, 0x3e, 0x76, 0x3e, 0x76, 0x3e, 0x76, 0x3e, 0x76, 0x3e, 0x76
.byte 0x3e, 0x76, 0x3e, 0x76, 0x3e, 0x76, 0x3e, 0x76, 0x3e, 0x76, 0x3e, 0x76, 0x3e, 0x76, 0x3e, 0x7e
.byte 0x3e, 0x76, 0x3e, 0x7e, 0x5e, 0x7e, 0x5e, 0x7e, 0x7f, 0x7e, 0x7f, 0x7e, 0x78, 0x4c, 0x2f, 0x0a
.byte 0x2f, 0x0a, 0x50, 0x12, 0x30, 0x12, 0xce, 0x01, 0x35, 0x64, 0x5d, 0xe7, 0xff, 0xff, 0xff, 0xff
.byte 0xff, 0xff, 0xff, 0xff, 0xff, 0xff, 0xff, 0xff, 0xff, 0xff, 0xff, 0xff, 0xff, 0xff, 0xff, 0xff
.byte 0xff, 0xff, 0xff, 0xff, 0xff, 0xff, 0xff, 0xff, 0xff, 0xff, 0xff, 0xff, 0xff, 0xff, 0xff, 0xff
.byte 0xff, 0xff, 0xff, 0xff, 0xff, 0xff, 0xff, 0xff, 0xff, 0xff, 0xff, 0xff, 0xff, 0xff, 0xff, 0xff
.byte 0xff, 0xff, 0xff, 0xff, 0xff, 0xff, 0xff, 0xff, 0xff, 0xff, 0xff, 0xff, 0xff, 0xff, 0xff, 0xff
.byte 0xff, 0xff, 0xff, 0xff, 0xff, 0xff, 0xff, 0xff, 0xff, 0xff, 0xff, 0xff, 0xff, 0xff, 0xff, 0xff
.byte 0xff, 0xff, 0xff, 0xff, 0xff, 0xff, 0xff, 0xff, 0xff, 0xff, 0xff, 0xff, 0xff, 0xff, 0xff, 0xff
.byte 0xff, 0xff, 0xff, 0xff, 0xff, 0xff, 0xff, 0xff, 0xff, 0xff, 0xff, 0xff, 0xff, 0xff, 0xff, 0xff
.byte 0xff, 0xff, 0x3a, 0xb6, 0xd2, 0x22, 0xb2, 0x12, 0x92, 0x1a, 0x51, 0x12, 0x70, 0x12, 0xb8, 0x54
.byte 0x5f, 0x7e, 0x3f, 0x76, 0x1e, 0x76, 0x1e, 0x76, 0x1e, 0x76, 0x3e, 0x76, 0x1e, 0x76, 0x3e, 0x76
.byte 0x3e, 0x76, 0x3e, 0x76, 0x3e, 0x76, 0x3e, 0x76, 0x3e, 0x76, 0x3e, 0x76, 0x3e, 0x76, 0x3e, 0x76
.byte 0x3e, 0x76, 0x3e, 0x76, 0x3e, 0x76, 0x3e, 0x76, 0x3e, 0x76, 0x3e, 0x76, 0x3e, 0x76, 0x3e, 0x76
.byte 0x3e, 0x76, 0x3e, 0x76, 0x5f, 0x76, 0x36, 0x44, 0x0e, 0x0a, 0x2f, 0x12, 0x50, 0x12, 0x0f, 0x0a
.byte 0x0e, 0x12, 0x99, 0x95, 0xdf, 0xf7, 0xff, 0xff, 0xff, 0xff, 0xff, 0xff, 0xff, 0xff, 0xff, 0xff
.byte 0xff, 0xff, 0xff, 0xff, 0xff, 0xff, 0xff, 0xff, 0xff, 0xff, 0xff, 0xff, 0xff, 0xff, 0xff, 0xff
.byte 0xff, 0xff, 0xff, 0xff, 0xff, 0xff, 0xff, 0xff, 0xff, 0xff, 0xff, 0xff, 0xff, 0xff, 0xff, 0xff
.byte 0xff, 0xff, 0xff, 0xff, 0xff, 0xff, 0xff, 0xff, 0xff, 0xff, 0xff, 0xff, 0xff, 0xff, 0xff, 0xff
.byte 0xff, 0xff, 0xff, 0xff, 0xff, 0xff, 0xff, 0xff, 0xff, 0xff, 0xff, 0xff, 0xff, 0xff, 0xff, 0xff
.byte 0xff, 0xff, 0xff, 0xff, 0xff, 0xff, 0xff, 0xff, 0xff, 0xff, 0xff, 0xff, 0xff, 0xff, 0xff, 0xff
.byte 0xff, 0xff, 0xff, 0xff, 0x7b, 0xc6, 0xb9, 0xa5, 0x78, 0x95, 0x78, 0x95, 0x78, 0x95, 0x98, 0x9d
.byte 0xd9, 0xa5, 0x7b, 0xc6, 0x9f, 0xf7, 0xff, 0xff, 0x7e, 0xef, 0x32, 0x33, 0x92, 0x12, 0x92, 0x1a
.byte 0x91, 0x12, 0x71, 0x12, 0x78, 0x4c, 0x7f, 0x86, 0x3f, 0x7e, 0x1e, 0x76, 0x1e, 0x76, 0x1e, 0x76
.byte 0x1e, 0x76, 0x1e, 0x76, 0x3e, 0x76, 0x3e, 0x76, 0x3e, 0x76, 0x3e, 0x76, 0x3e, 0x76, 0x3e, 0x76
.byte 0x3e, 0x76, 0x3e, 0x76, 0x3e, 0x76, 0x3e, 0x76, 0x3e, 0x76, 0x3e, 0x76, 0x3e, 0x76, 0x3e, 0x76
.byte 0x3e, 0x76, 0x3e, 0x76, 0x3e, 0x76, 0x3e, 0x76, 0x3e, 0x76, 0x1e, 0x6e, 0x5f, 0x76, 0x1e, 0x6e
.byte 0x94, 0x33, 0xee, 0x09, 0x2f, 0x12, 0x50, 0x12, 0xef, 0x01, 0x32, 0x3b, 0xbc, 0xce, 0xff, 0xff
.byte 0xff, 0xff, 0xff, 0xff, 0xff, 0xff, 0xff, 0xff, 0xff, 0xff, 0xff, 0xff, 0xff, 0xff, 0xff, 0xff
.byte 0xff, 0xff, 0xff, 0xff, 0xff, 0xff, 0xff, 0xff, 0xff, 0xff, 0xff, 0xff, 0xff, 0xff, 0xff, 0xff
.byte 0xff, 0xff, 0xff, 0xff, 0xff, 0xff, 0xff, 0xff, 0xff, 0xff, 0xff, 0xff, 0xff, 0xff, 0xff, 0xff
.byte 0xff, 0xff, 0xff, 0xff, 0xff, 0xff, 0xff, 0xff, 0xff, 0xff, 0xff, 0xff, 0xff, 0xff, 0xff, 0xff
.byte 0xff, 0xff, 0xff, 0xff, 0xff, 0xff, 0xff, 0xff, 0xff, 0xff, 0xff, 0xff, 0xff, 0xff, 0xff, 0xff
.byte 0xff, 0xff, 0xff, 0xff, 0xff, 0xff, 0x5d, 0xe7, 0x58, 0x95, 0x14, 0x64, 0x11, 0x33, 0xb1, 0x1a
.byte 0x71, 0x1a, 0x91, 0x1a, 0x91, 0x1a, 0xb2, 0x1a, 0xd2, 0x22, 0x54, 0x3b, 0xf4, 0x5b, 0x98, 0x9d
.byte 0x55, 0x6c, 0x70, 0x1a, 0x71, 0x12, 0x92, 0x12, 0x51, 0x0a, 0xb5, 0x33, 0x5f, 0x86, 0x7f, 0x86
.byte 0x3e, 0x7e, 0x3e, 0x76, 0x3e, 0x76, 0x1e, 0x76, 0x1e, 0x76, 0x3e, 0x76, 0x3e, 0x76, 0x3e, 0x76
.byte 0x3e, 0x76, 0x3e, 0x76, 0x3e, 0x76, 0x3e, 0x76, 0x3e, 0x76, 0x3e, 0x76, 0x3e, 0x76, 0x3e, 0x76
.byte 0x3e, 0x76, 0x3e, 0x76, 0x3e, 0x76, 0x3e, 0x76, 0x3e, 0x76, 0x3e, 0x76, 0x3e, 0x76, 0x3e, 0x76
.byte 0x1e, 0x76, 0x1e, 0x76, 0x1e, 0x6e, 0x5f, 0x76, 0xbd, 0x65, 0xd2, 0x1a, 0xee, 0x09, 0x70, 0x12
.byte 0x71, 0x12, 0x30, 0x0a, 0x38, 0x8d, 0xff, 0xff, 0xff, 0xff, 0xff, 0xff, 0xff, 0xff, 0xff, 0xff
.byte 0xff, 0xff, 0xff, 0xff, 0xff, 0xff, 0xff, 0xff, 0xff, 0xff, 0xff, 0xff, 0xff, 0xff, 0xff, 0xff
.byte 0xff, 0xff, 0xff, 0xff, 0xff, 0xff, 0xff, 0xff, 0xff, 0xff, 0xff, 0xff, 0xff, 0xff, 0xff, 0xff
.byte 0xff, 0xff, 0xff, 0xff, 0xff, 0xff, 0xff, 0xff, 0xff, 0xff, 0xff, 0xff, 0xff, 0xff, 0xff, 0xff
.byte 0xff, 0xff, 0xff, 0xff, 0xff, 0xff, 0xff, 0xff, 0xff, 0xff, 0xff, 0xff, 0xff, 0xff, 0xff, 0xff
.byte 0xff, 0xff, 0xff, 0xff, 0xff, 0xff, 0xff, 0xff, 0xff, 0xff, 0xdf, 0xff, 0x17, 0x8d, 0x52, 0x43
.byte 0xb1, 0x22, 0x30, 0x0a, 0x0f, 0x0a, 0x30, 0x0a, 0x50, 0x12, 0x50, 0x12, 0x71, 0x12, 0x51, 0x12
.byte 0x51, 0x0a, 0x10, 0x0a, 0x30, 0x0a, 0xd2, 0x22, 0x91, 0x1a, 0x50, 0x12, 0x71, 0x1a, 0x71, 0x12
.byte 0xd2, 0x1a, 0x9b, 0x6d, 0x9f, 0x8e, 0x5e, 0x7e, 0x5e, 0x7e, 0x3e, 0x76, 0x3e, 0x76, 0x3e, 0x76
.byte 0x3e, 0x76, 0x3e, 0x76, 0x3e, 0x76, 0x3e, 0x76, 0x3e, 0x76, 0x3e, 0x76, 0x3e, 0x76, 0x3e, 0x76
.byte 0x3e, 0x76, 0x3e, 0x76, 0x3e, 0x76, 0x3e, 0x76, 0x3e, 0x76, 0x3e, 0x76, 0x3e, 0x76, 0x3e, 0x76
.byte 0x3e, 0x76, 0x3e, 0x76, 0x3e, 0x76, 0x3e, 0x76, 0x1e, 0x76, 0x1e, 0x76, 0x1e, 0x76, 0x1e, 0x6e
.byte 0x7f, 0x7e, 0xd9, 0x54, 0x50, 0x12, 0x50, 0x12, 0x92, 0x1a, 0x51, 0x0a, 0x73, 0x43, 0x5d, 0xe7
.byte 0xff, 0xff, 0xff, 0xff, 0xff, 0xff, 0xff, 0xff, 0xff, 0xff, 0xff, 0xff, 0xff, 0xff, 0xff, 0xff
.byte 0xff, 0xff, 0xff, 0xff, 0xff, 0xff, 0xff, 0xff, 0xff, 0xff, 0xff, 0xff, 0xff, 0xff, 0xff, 0xff
.byte 0xff, 0xff, 0xff, 0xff, 0xff, 0xff, 0xff, 0xff, 0xff, 0xff, 0xff, 0xff, 0xff, 0xff, 0xff, 0xff
.byte 0xff, 0xff, 0xff, 0xff, 0xff, 0xff, 0xff, 0xff, 0xff, 0xff, 0xff, 0xff, 0xff, 0xff, 0xff, 0xff
.byte 0xff, 0xff, 0xff, 0xff, 0xff, 0xff, 0xff, 0xff, 0xff, 0xff, 0xff, 0xff, 0xff, 0xff, 0xff, 0xff
.byte 0xdc, 0xce, 0xf4, 0x53, 0xd3, 0x1a, 0x71, 0x12, 0x50, 0x12, 0x91, 0x1a, 0x70, 0x12, 0x50, 0x12
.byte 0x50, 0x12, 0x50, 0x12, 0x50, 0x12, 0x70, 0x12, 0x71, 0x12, 0x92, 0x1a, 0x92, 0x12, 0x51, 0x12
.byte 0x71, 0x12, 0x91, 0x12, 0x71, 0x12, 0x50, 0x12, 0x37, 0x44, 0x9f, 0x8e, 0x5e, 0x7e, 0x3e, 0x7e
.byte 0x3e, 0x7e, 0x3e, 0x7e, 0x3e, 0x76, 0x3e, 0x76, 0x3e, 0x76, 0x3e, 0x76, 0x1e, 0x76, 0x3e, 0x76
.byte 0x3e, 0x76, 0x3e, 0x76, 0x3e, 0x76, 0x3e, 0x76, 0x3e, 0x76, 0x3e, 0x76, 0x3e, 0x76, 0x3e, 0x76
.byte 0x3e, 0x76, 0x3e, 0x76, 0x3e, 0x76, 0x3e, 0x76, 0x3e, 0x76, 0x3e, 0x76, 0x1e, 0x76, 0x1e, 0x76
.byte 0x1e, 0x76, 0x1e, 0x76, 0x3e, 0x76, 0x1e, 0x76, 0x5f, 0x7e, 0x3e, 0x7e, 0xb5, 0x33, 0x51, 0x0a
.byte 0xb2, 0x1a, 0x92, 0x12, 0x91, 0x1a, 0xb9, 0xa5, 0xff, 0xff, 0xff, 0xff, 0xff, 0xff, 0xff, 0xff
.byte 0xff, 0xff, 0xff, 0xff, 0xff, 0xff, 0xff, 0xff, 0xff, 0xff, 0xff, 0xff, 0xff, 0xff, 0xff, 0xff
.byte 0xff, 0xff, 0xff, 0xff, 0xff, 0xff, 0xff, 0xff, 0xff, 0xff, 0xff, 0xff, 0xff, 0xff, 0xff, 0xff
.byte 0xff, 0xff, 0xff, 0xff, 0xff, 0xff, 0xff, 0xff, 0xff, 0xff, 0xff, 0xff, 0xff, 0xff, 0xff, 0xff
.byte 0xff, 0xff, 0xff, 0xff, 0xff, 0xff, 0xff, 0xff, 0xff, 0xff, 0xff, 0xff, 0xff, 0xff, 0xff, 0xff
.byte 0xff, 0xff, 0xff, 0xff, 0xff, 0xff, 0xb9, 0xa5, 0x53, 0x3b, 0x92, 0x12, 0x91, 0x12, 0xb2, 0x1a
.byte 0x91, 0x12, 0x70, 0x12, 0x2f, 0x12, 0x0f, 0x0a, 0x0f, 0x0a, 0x2f, 0x0a, 0x2f, 0x0a, 0x0f, 0x0a
.byte 0x30, 0x0a, 0x51, 0x12, 0x71, 0x12, 0x92, 0x12, 0x92, 0x12, 0x91, 0x12, 0x51, 0x12, 0xf3, 0x22
.byte 0xdd, 0x75, 0x7f, 0x86, 0x3e, 0x7e, 0x3e, 0x7e, 0x3e, 0x7e, 0x3e, 0x7e, 0x3e, 0x76, 0x3e, 0x76
.byte 0x3e, 0x76, 0x3e, 0x76, 0x3e, 0x76, 0x3e, 0x76, 0x3e, 0x76, 0x3e, 0x76, 0x3e, 0x76, 0x3e, 0x76
.byte 0x3e, 0x76, 0x3e, 0x76, 0x3e, 0x76, 0x3e, 0x76, 0x3e, 0x76, 0x3e, 0x76, 0x3e, 0x76, 0x3e, 0x76
.byte 0x3e, 0x76, 0x3e, 0x76, 0x3e, 0x76, 0x3e, 0x76, 0x1e, 0x76, 0x1e, 0x76, 0x1e, 0x76, 0x3e, 0x76
.byte 0x3e, 0x7e, 0x9f, 0x8e, 0x5b, 0x65, 0xd2, 0x1a, 0x91, 0x12, 0xb2, 0x1a, 0x51, 0x0a, 0x35, 0x64
.byte 0xbf, 0xf7, 0xff, 0xff, 0xff, 0xff, 0xff, 0xff, 0xff, 0xff, 0xff, 0xff, 0xff, 0xff, 0xff, 0xff
.byte 0xff, 0xff, 0xff, 0xff, 0xff, 0xff, 0xff, 0xff, 0xff, 0xff, 0xff, 0xff, 0xff, 0xff, 0xff, 0xff
.byte 0xff, 0xff, 0xff, 0xff, 0xff, 0xff, 0xff, 0xff, 0xff, 0xff, 0xff, 0xff, 0xff, 0xff, 0xff, 0xff
.byte 0xff, 0xff, 0xff, 0xff, 0xff, 0xff, 0xff, 0xff, 0xff, 0xff, 0xff, 0xff, 0xff, 0xff, 0xff, 0xff
.byte 0xff, 0xff, 0xff, 0xff, 0xff, 0xff, 0xff, 0xff, 0xff, 0xff, 0xff, 0xff, 0x78, 0x9d, 0xf2, 0x2a
.byte 0x72, 0x12, 0x91, 0x12, 0x91, 0x12, 0x91, 0x12, 0x51, 0x0a, 0x70, 0x12, 0xf2, 0x22, 0xd5, 0x33
.byte 0x57, 0x44, 0xb9, 0x4c, 0x99, 0x4c, 0x37, 0x44, 0x74, 0x2b, 0xb1, 0x1a, 0x30, 0x0a, 0x50, 0x0a
.byte 0x71, 0x12, 0x71, 0x12, 0x51, 0x0a, 0x37, 0x44, 0x7f, 0x86, 0x5e, 0x7e, 0x3e, 0x7e, 0x3e, 0x7e
.byte 0x3e, 0x76, 0x3e, 0x7e, 0x3e, 0x7e, 0x3e, 0x76, 0x3e, 0x76, 0x1e, 0x76, 0x3e, 0x76, 0x3e, 0x76
.byte 0x3e, 0x76, 0x3e, 0x76, 0x3e, 0x76, 0x3e, 0x76, 0x3e, 0x76, 0x3e, 0x76, 0x3e, 0x76, 0x3e, 0x76
.byte 0x3e, 0x76, 0x3e, 0x76, 0x3e, 0x76, 0x3e, 0x76, 0x3e, 0x76, 0x3e, 0x76, 0x3e, 0x76, 0x3e, 0x76
.byte 0x3e, 0x76, 0x3e, 0x76, 0x3e, 0x76, 0x3e, 0x76, 0x3e, 0x7e, 0x7f, 0x86, 0x5e, 0x86, 0xb5, 0x3b
.byte 0x51, 0x12, 0xb2, 0x1a, 0x71, 0x12, 0x12, 0x33, 0xdc, 0xce, 0xff, 0xff, 0xff, 0xff, 0xff, 0xff
.byte 0xff, 0xff, 0xff, 0xff, 0xff, 0xff, 0xff, 0xff, 0xff, 0xff, 0xff, 0xff, 0xff, 0xff, 0xff, 0xff
.byte 0xff, 0xff, 0xff, 0xff, 0xff, 0xff, 0xff, 0xff, 0xff, 0xff, 0xff, 0xff, 0xff, 0xff, 0xff, 0xff
.byte 0xff, 0xff, 0xff, 0xff, 0xff, 0xff, 0xff, 0xff, 0xff, 0xff, 0xff, 0xff, 0xff, 0xff, 0xff, 0xff
.byte 0xff, 0xff, 0xff, 0xff, 0xff, 0xff, 0xff, 0xff, 0xff, 0xff, 0xff, 0xff, 0xff, 0xff, 0xff, 0xff
.byte 0xff, 0xff, 0x1a, 0xb6, 0x12, 0x33, 0x50, 0x0a, 0x91, 0x12, 0x91, 0x12, 0x51, 0x12, 0x71, 0x12
.byte 0x74, 0x2b, 0xf9, 0x5c, 0xfd, 0x75, 0x5f, 0x7e, 0x5f, 0x76, 0x3f, 0x76, 0x5f, 0x76, 0x3f, 0x76
.byte 0x1e, 0x6e, 0x7c, 0x65, 0x16, 0x3c, 0x90, 0x12, 0xef, 0x09, 0x10, 0x0a, 0x71, 0x12, 0x5b, 0x65
.byte 0x7f, 0x7e, 0x3e, 0x76, 0x3e, 0x76, 0x3e, 0x76, 0x3e, 0x76, 0x3e, 0x76, 0x3e, 0x76, 0x3e, 0x76
.byte 0x3e, 0x76, 0x3e, 0x76, 0x3e, 0x76, 0x3e, 0x76, 0x3e, 0x76, 0x3e, 0x76, 0x3e, 0x76, 0x3e, 0x76
.byte 0x3e, 0x76, 0x3e, 0x76, 0x3e, 0x76, 0x3e, 0x76, 0x3e, 0x76, 0x3e, 0x76, 0x3e, 0x76, 0x3e, 0x76
.byte 0x3e, 0x76, 0x3e, 0x76, 0x3e, 0x76, 0x1e, 0x76, 0x3e, 0x76, 0x3e, 0x76, 0x3e, 0x76, 0x3e, 0x7e
.byte 0x3e, 0x7e, 0x5e, 0x7e, 0x9f, 0x8e, 0xd9, 0x5c, 0x91, 0x12, 0x91, 0x12, 0x92, 0x12, 0x71, 0x12
.byte 0x78, 0x95, 0xff, 0xff, 0xff, 0xff, 0xff, 0xff, 0xff, 0xff, 0xff, 0xff, 0xff, 0xff, 0xff, 0xff
.byte 0xff, 0xff, 0xff, 0xff, 0xff, 0xff, 0xff, 0xff, 0xff, 0xff, 0xff, 0xff, 0xff, 0xff, 0xff, 0xff
.byte 0xff, 0xff, 0xff, 0xff, 0xff, 0xff, 0xff, 0xff, 0xff, 0xff, 0xff, 0xff, 0xff, 0xff, 0xff, 0xff
.byte 0xff, 0xff, 0xff, 0xff, 0xff, 0xff, 0xff, 0xff, 0xff, 0xff, 0xff, 0xff, 0xff, 0xff, 0xff, 0xff
.byte 0xff, 0xff, 0xff, 0xff, 0xff, 0xff, 0xff, 0xff, 0x9e, 0xef, 0xb3, 0x53, 0x51, 0x12, 0x70, 0x12
.byte 0x71, 0x1a, 0x50, 0x12, 0x91, 0x12, 0x98, 0x54, 0x5e, 0x86, 0x9f, 0x8e, 0x7f, 0x86, 0x5e, 0x7e
.byte 0x1e, 0x76, 0x3e, 0x76, 0x3e, 0x76, 0x1e, 0x76, 0x1e, 0x76, 0x3f, 0x76, 0x3f, 0x76, 0x5b, 0x5d
.byte 0x74, 0x2b, 0x0f, 0x0a, 0x74, 0x33, 0x1e, 0x76, 0x3f, 0x76, 0x3e, 0x76, 0x3e, 0x76, 0x3e, 0x76
.byte 0x3e, 0x76, 0x3e, 0x76, 0x3e, 0x76, 0x3e, 0x76, 0x3e, 0x76, 0x3e, 0x76, 0x3e, 0x76, 0x3e, 0x76
.byte 0x3e, 0x76, 0x3e, 0x76, 0x3e, 0x76, 0x3e, 0x76, 0x3e, 0x76, 0x3e, 0x76, 0x3e, 0x76, 0x3e, 0x76
.byte 0x3e, 0x76, 0x3e, 0x76, 0x3e, 0x76, 0x3e, 0x76, 0x3e, 0x76, 0x3e, 0x76, 0x3e, 0x76, 0x1e, 0x76
.byte 0x3e, 0x76, 0x3e, 0x76, 0x3e, 0x7e, 0x3e, 0x7e, 0x3e, 0x7e, 0x3e, 0x7e, 0x9f, 0x8e, 0xbc, 0x75
.byte 0xf3, 0x22, 0x71, 0x12, 0x91, 0x12, 0x30, 0x0a, 0x55, 0x6c, 0x9e, 0xef, 0xff, 0xff, 0xff, 0xff
.byte 0xff, 0xff, 0xff, 0xff, 0xff, 0xff, 0xff, 0xff, 0xff, 0xff, 0xff, 0xff, 0xff, 0xff, 0xff, 0xff
.byte 0xff, 0xff, 0xff, 0xff, 0xff, 0xff, 0xff, 0xff, 0xff, 0xff, 0xff, 0xff, 0xff, 0xff, 0xff, 0xff
.byte 0xff, 0xff, 0xff, 0xff, 0xff, 0xff, 0xff, 0xff, 0xff, 0xff, 0xff, 0xff, 0xff, 0xff, 0xff, 0xff
.byte 0xff, 0xff, 0xff, 0xff, 0xff, 0xff, 0xff, 0xff, 0xff, 0xff, 0xff, 0xff, 0xff, 0xff, 0xff, 0xff
.byte 0xd6, 0x7c, 0x70, 0x1a, 0x30, 0x0a, 0x70, 0x1a, 0x50, 0x12, 0x91, 0x12, 0xd9, 0x5c, 0x9f, 0x8e
.byte 0x7f, 0x86, 0x5e, 0x7e, 0x5e, 0x7e, 0x3e, 0x7e, 0x3e, 0x76, 0x3e, 0x76, 0x3e, 0x76, 0x1e, 0x76
.byte 0x1e, 0x76, 0x1e, 0x76, 0x1e, 0x6e, 0x5f, 0x76, 0x1e, 0x6e, 0x1a, 0x5d, 0xbc, 0x6d, 0x3e, 0x76
.byte 0x3e, 0x76, 0x3e, 0x76, 0x3e, 0x76, 0x3e, 0x76, 0x3e, 0x76, 0x3e, 0x76, 0x1e, 0x76, 0x3e, 0x76
.byte 0x3e, 0x76, 0x3e, 0x76, 0x3e, 0x76, 0x3e, 0x76, 0x3e, 0x76, 0x3e, 0x76, 0x3e, 0x76, 0x3e, 0x76
.byte 0x3e, 0x76, 0x3e, 0x76, 0x3e, 0x76, 0x3e, 0x76, 0x3e, 0x76, 0x3e, 0x76, 0x3e, 0x76, 0x3e, 0x76
.byte 0x3e, 0x76, 0x3e, 0x76, 0x3e, 0x76, 0x3e, 0x76, 0x3e, 0x76, 0x3e, 0x76, 0x3e, 0x7e, 0x3e, 0x7e
.byte 0x3e, 0x7e, 0x3e, 0x7e, 0x7e, 0x86, 0x3e, 0x86, 0x74, 0x33, 0x50, 0x0a, 0x71, 0x12, 0x30, 0x0a
.byte 0x32, 0x3b, 0x9b, 0xc6, 0xff, 0xff, 0xff, 0xff, 0xff, 0xff, 0xff, 0xff, 0xff, 0xff, 0xff, 0xff
.byte 0xff, 0xff, 0xff, 0xff, 0xff, 0xff, 0xff, 0xff, 0xff, 0xff, 0xff, 0xff, 0xff, 0xff, 0xff, 0xff
.byte 0xff, 0xff, 0xff, 0xff, 0xff, 0xff, 0xff, 0xff, 0xff, 0xff, 0xff, 0xff, 0xff, 0xff, 0xff, 0xff
.byte 0xff, 0xff, 0xff, 0xff, 0xff, 0xff, 0xff, 0xff, 0xff, 0xff, 0xff, 0xff, 0xff, 0xff, 0xff, 0xff
.byte 0xff, 0xff, 0xff, 0xff, 0xff, 0xff, 0xbb, 0xc6, 0x32, 0x3b, 0xef, 0x01, 0x50, 0x12, 0x50, 0x12
.byte 0x50, 0x12, 0x78, 0x4c, 0x9f, 0x86, 0x5f, 0x7e, 0x3e, 0x7e, 0x3e, 0x7e, 0x3e, 0x7e, 0x3e, 0x7e
.byte 0x3e, 0x7e, 0x3e, 0x7e, 0x3e, 0x7e, 0x3e, 0x76, 0x1e, 0x76, 0x1e, 0x76, 0x1e, 0x76, 0x1e, 0x76
.byte 0x3e, 0x76, 0x7f, 0x7e, 0x3f, 0x76, 0x1e, 0x76, 0x3e, 0x76, 0x1e, 0x76, 0x1e, 0x76, 0x3e, 0x76
.byte 0x3e, 0x76, 0x1e, 0x76, 0x3e, 0x76, 0x3e, 0x76, 0x3e, 0x76, 0x3e, 0x76, 0x3e, 0x76, 0x3e, 0x7e
.byte 0x3e, 0x76, 0x3e, 0x76, 0x3e, 0x76, 0x3e, 0x76, 0x3e, 0x76, 0x3e, 0x76, 0x3e, 0x76, 0x3e, 0x76
.byte 0x3e, 0x76, 0x3e, 0x76, 0x3e, 0x76, 0x3e, 0x76, 0x3e, 0x76, 0x3e, 0x76, 0x3e, 0x76, 0x1e, 0x76
.byte 0x3e, 0x76, 0x3e, 0x76, 0x3e, 0x76, 0x3e, 0x7e, 0x3e, 0x7e, 0x3e, 0x7e, 0x5e, 0x7e, 0x5f, 0x86
.byte 0xf6, 0x3b, 0x0f, 0x0a, 0x30, 0x12, 0x0f, 0x0a, 0x90, 0x22, 0xfa, 0xad, 0xde, 0xff, 0xff, 0xff
.byte 0xff, 0xff, 0xff, 0xff, 0xff, 0xff, 0xff, 0xff, 0xff, 0xff, 0xff, 0xff, 0xff, 0xff, 0xff, 0xff
.byte 0xff, 0xff, 0xff, 0xff, 0xff, 0xff, 0xff, 0xff, 0xff, 0xff, 0xff, 0xff, 0xff, 0xff, 0xff, 0xff
.byte 0xff, 0xff, 0xff, 0xff, 0xff, 0xff, 0xff, 0xff, 0xff, 0xff, 0xff, 0xff, 0xff, 0xff, 0xff, 0xff
.byte 0xff, 0xff, 0xff, 0xff, 0xff, 0xff, 0xff, 0xff, 0xff, 0xff, 0xff, 0xff, 0xff, 0xff, 0x16, 0x8d
.byte 0x50, 0x12, 0x2f, 0x0a, 0x50, 0x12, 0x0f, 0x0a, 0x95, 0x33, 0x5e, 0x7e, 0x5f, 0x7e, 0x3e, 0x7e
.byte 0x3e, 0x7e, 0x3e, 0x7e, 0x3e, 0x7e, 0x3e, 0x7e, 0x3e, 0x7e, 0x3e, 0x7e, 0x3e, 0x7e, 0x3e, 0x7e
.byte 0x3e, 0x76, 0x3e, 0x76, 0x3e, 0x76, 0x3e, 0x76, 0x3e, 0x76, 0x3e, 0x76, 0x3e, 0x76, 0x3e, 0x76
.byte 0x3e, 0x76, 0x3e, 0x76, 0x1e, 0x76, 0x3e, 0x76, 0x3e, 0x76, 0x3e, 0x76, 0x3e, 0x76, 0x3e, 0x76
.byte 0x3e, 0x76, 0x3e, 0x76, 0x3e, 0x76, 0x3e, 0x7e, 0x3e, 0x76, 0x3e, 0x76, 0x3e, 0x76, 0x3e, 0x76
.byte 0x3e, 0x76, 0x3e, 0x76, 0x3e, 0x76, 0x1e, 0x76, 0x3e, 0x76, 0x3e, 0x76, 0x3e, 0x76, 0x3e, 0x76
.byte 0x3e, 0x76, 0x3e, 0x76, 0x3e, 0x76, 0x3e, 0x76, 0x3e, 0x76, 0x3e, 0x76, 0x3e, 0x76, 0x3e, 0x7e
.byte 0x3e, 0x7e, 0x3e, 0x7e, 0x3e, 0x76, 0x7f, 0x7e, 0x78, 0x4c, 0x2f, 0x12, 0x2f, 0x12, 0x0f, 0x0a
.byte 0x2f, 0x12, 0xda, 0x9d, 0xdf, 0xff, 0xff, 0xff, 0xff, 0xff, 0xff, 0xff, 0xff, 0xff, 0xff, 0xff
.byte 0xff, 0xff, 0xff, 0xff, 0xff, 0xff, 0xff, 0xff, 0xff, 0xff, 0xff, 0xff, 0xff, 0xff, 0xff, 0xff
.byte 0xff, 0xff, 0xff, 0xff, 0xff, 0xff, 0xff, 0xff, 0xff, 0xff, 0xff, 0xff, 0xff, 0xff, 0xff, 0xff
.byte 0xff, 0xff, 0xff, 0xff, 0xff, 0xff, 0xff, 0xff, 0xff, 0xff, 0xff, 0xff, 0xff, 0xff, 0xff, 0xff
.byte 0xff, 0xff, 0xff, 0xff, 0x7e, 0xe7, 0x72, 0x4b, 0xef, 0x09, 0x50, 0x12, 0x0f, 0x12, 0x90, 0x1a
.byte 0x5b, 0x65, 0x7f, 0x7e, 0x3e, 0x76, 0x3e, 0x7e, 0x3e, 0x7e, 0x3e, 0x76, 0x3e, 0x76, 0x1e, 0x76
.byte 0x3e, 0x76, 0x3e, 0x76, 0x3e, 0x76, 0x3e, 0x76, 0x3e, 0x76, 0x3e, 0x76, 0x3e, 0x76, 0x3e, 0x76
.byte 0x3e, 0x76, 0x3e, 0x76, 0x3e, 0x76, 0x1e, 0x76, 0x3e, 0x76, 0x3e, 0x76, 0x3e, 0x76, 0x3e, 0x76
.byte 0x3e, 0x76, 0x3e, 0x76, 0x3e, 0x76, 0x3e, 0x76, 0x3e, 0x76, 0x3e, 0x76, 0x3e, 0x76, 0x3e, 0x76
.byte 0x3e, 0x76, 0x3e, 0x76, 0x3e, 0x76, 0x3e, 0x76, 0x3e, 0x76, 0x3e, 0x76, 0x3e, 0x76, 0x1e, 0x76
.byte 0x3e, 0x76, 0x3e, 0x76, 0x3e, 0x76, 0x3e, 0x76, 0x3e, 0x76, 0x3e, 0x76, 0x3e, 0x76, 0x3e, 0x76
.byte 0x3e, 0x76, 0x3e, 0x76, 0x3e, 0x76, 0x3e, 0x76, 0x3e, 0x7e, 0x3e, 0x76, 0x1e, 0x76, 0x7f, 0x7e
.byte 0xd9, 0x54, 0x4f, 0x12, 0x0f, 0x12, 0x2f, 0x12, 0x0f, 0x12, 0xb3, 0x4b, 0xd6, 0x84, 0x3a, 0xb6
.byte 0x7e, 0xe7, 0xff, 0xff, 0xff, 0xff, 0xff, 0xff, 0xff, 0xff, 0xff, 0xff, 0xff, 0xff, 0xff, 0xff
.byte 0xff, 0xff, 0xff, 0xff, 0xff, 0xff, 0xff, 0xff, 0xff, 0xff, 0xff, 0xff, 0xff, 0xff, 0xff, 0xff
.byte 0xff, 0xff, 0xff, 0xff, 0xff, 0xff, 0xff, 0xff, 0xff, 0xff, 0xff, 0xff, 0xff, 0xff, 0xff, 0xff
.byte 0xff, 0xff, 0xff, 0xff, 0xff, 0xff, 0xff, 0xff, 0xff, 0xff, 0xff, 0xff, 0xf9, 0xad, 0xd1, 0x22
.byte 0xef, 0x09, 0x2f, 0x12, 0xee, 0x09, 0xb5, 0x33, 0x3f, 0x76, 0x3f, 0x76, 0x3e, 0x76, 0x3e, 0x76
.byte 0x3e, 0x76, 0x3e, 0x76, 0x3e, 0x76, 0x3e, 0x76, 0x3e, 0x76, 0x3e, 0x76, 0x3e, 0x76, 0x3e, 0x76
.byte 0x3e, 0x76, 0x3e, 0x76, 0x3e, 0x76, 0x3e, 0x76, 0x3e, 0x76, 0x3e, 0x76, 0x3e, 0x76, 0x3e, 0x76
.byte 0x3e, 0x76, 0x3e, 0x76, 0x3e, 0x76, 0x3e, 0x76, 0x3e, 0x76, 0x3e, 0x76, 0x3e, 0x76, 0x3e, 0x76
.byte 0x3e, 0x76, 0x3e, 0x76, 0x3e, 0x76, 0x3e, 0x76, 0x3e, 0x76, 0x3e, 0x76, 0x3e, 0x76, 0x3e, 0x7e
.byte 0x3e, 0x76, 0x3e, 0x76, 0x3e, 0x76, 0x3e, 0x76, 0x3e, 0x76, 0x3e, 0x76, 0x3e, 0x76, 0x3e, 0x76
.byte 0x3e, 0x76, 0x3e, 0x76, 0x3e, 0x76, 0x3e, 0x76, 0x3e, 0x76, 0x3e, 0x76, 0x3e, 0x76, 0x3e, 0x76
.byte 0x3e, 0x76, 0x3e, 0x76, 0x1e, 0x76, 0x5f, 0x7e, 0x1a, 0x5d, 0x50, 0x12, 0x0f, 0x12, 0x50, 0x12
.byte 0x4f, 0x12, 0xee, 0x09, 0x0f, 0x12, 0x12, 0x33, 0x73, 0x4b, 0x37, 0x8d, 0xbc, 0xce, 0xff, 0xff
.byte 0xff, 0xff, 0xff, 0xff, 0xff, 0xff, 0xff, 0xff, 0xff, 0xff, 0xff, 0xff, 0xff, 0xff, 0xff, 0xff
.byte 0xff, 0xff, 0xff, 0xff, 0xff, 0xff, 0xff, 0xff, 0xff, 0xff, 0xff, 0xff, 0xff, 0xff, 0xff, 0xff
.byte 0xff, 0xff, 0xff, 0xff, 0xff, 0xff, 0xff, 0xff, 0xff, 0xff, 0xff, 0xff, 0xff, 0xff, 0xff, 0xff
.byte 0xff, 0xff, 0xff, 0xff, 0x58, 0x95, 0x71, 0x12, 0x30, 0x12, 0x0f, 0x12, 0x2f, 0x0a, 0xfa, 0x54
.byte 0x5f, 0x76, 0x3e, 0x76, 0x1e, 0x76, 0x1e, 0x76, 0x3e, 0x76, 0x3e, 0x76, 0x3e, 0x76, 0x3e, 0x76
.byte 0x3e, 0x76, 0x3e, 0x76, 0x3e, 0x76, 0x3e, 0x76, 0x3e, 0x76, 0x3e, 0x76, 0x3e, 0x76, 0x3e, 0x76
.byte 0x3e, 0x76, 0x3e, 0x76, 0x3e, 0x76, 0x3e, 0x76, 0x3e, 0x76, 0x3e, 0x76, 0x3e, 0x76, 0x3e, 0x76
.byte 0x3e, 0x76, 0x3e, 0x76, 0x3e, 0x76, 0x3e, 0x76, 0x3e, 0x76, 0x3e, 0x76, 0x3e, 0x7e, 0x3e, 0x76
.byte 0x3e, 0x76, 0x3e, 0x76, 0x3e, 0x76, 0x3e, 0x76, 0x3e, 0x76, 0x3e, 0x76, 0x3e, 0x76, 0x3e, 0x76
.byte 0x3e, 0x76, 0x3e, 0x76, 0x3e, 0x76, 0x3e, 0x7e, 0x3e, 0x7e, 0x3e, 0x76, 0x3e, 0x76, 0x3e, 0x76
.byte 0x3e, 0x76, 0x3e, 0x76, 0x3e, 0x76, 0x3e, 0x76, 0x3e, 0x76, 0x3e, 0x76, 0x1e, 0x76, 0x7f, 0x7e
.byte 0x3b, 0x5d, 0x70, 0x12, 0x0e, 0x0a, 0x50, 0x12, 0x50, 0x12, 0x50, 0x12, 0x30, 0x12, 0x0f, 0x0a
.byte 0x30, 0x0a, 0xb2, 0x1a, 0x73, 0x3b, 0x17, 0x85, 0x9e, 0xef, 0xff, 0xff, 0xff, 0xff, 0xff, 0xff
.byte 0xff, 0xff, 0xff, 0xff, 0xff, 0xff, 0xff, 0xff, 0xff, 0xff, 0xff, 0xff, 0xff, 0xff, 0xff, 0xff
.byte 0xff, 0xff, 0xff, 0xff, 0xff, 0xff, 0xff, 0xff, 0xff, 0xff, 0xff, 0xff, 0xff, 0xff, 0xff, 0xff
.byte 0xff, 0xff, 0xff, 0xff, 0xff, 0xff, 0xff, 0xff, 0xff, 0xff, 0xff, 0xff, 0x17, 0x8d, 0x51, 0x12
.byte 0x71, 0x12, 0x0f, 0x12, 0xd1, 0x1a, 0xbd, 0x65, 0x3f, 0x76, 0x1e, 0x76, 0x1e, 0x76, 0x1e, 0x76
.byte 0x3e, 0x76, 0x3e, 0x76, 0x3e, 0x76, 0x3e, 0x76, 0x3e, 0x76, 0x3e, 0x76, 0x3e, 0x76, 0x3e, 0x76
.byte 0x3e, 0x76, 0x3e, 0x76, 0x3e, 0x76, 0x3e, 0x76, 0x3e, 0x76, 0x3e, 0x76, 0x3e, 0x76, 0x3e, 0x76
.byte 0x3e, 0x76, 0x3e, 0x76, 0x3e, 0x76, 0x3e, 0x76, 0x3e, 0x76, 0x3e, 0x76, 0x3e, 0x76, 0x3e, 0x76
.byte 0x3e, 0x76, 0x3e, 0x76, 0x3e, 0x7e, 0x3e, 0x7e, 0x3e, 0x76, 0x3e, 0x76, 0x3e, 0x76, 0x3e, 0x76
.byte 0x3e, 0x76, 0x3e, 0x7e, 0x3e, 0x7e, 0x3e, 0x76, 0x3e, 0x76, 0x3e, 0x76, 0x3e, 0x7e, 0x3e, 0x76
.byte 0x3e, 0x76, 0x3e, 0x76, 0x3e, 0x76, 0x3e, 0x76, 0x3e, 0x76, 0x3e, 0x76, 0x3e, 0x76, 0x3e, 0x76
.byte 0x3e, 0x76, 0x1e, 0x76, 0x1e, 0x76, 0x7f, 0x76, 0x7c, 0x5d, 0x70, 0x12, 0xce, 0x01, 0x2f, 0x12
.byte 0x30, 0x12, 0x50, 0x12, 0x70, 0x12, 0x71, 0x12, 0x71, 0x12, 0x50, 0x12, 0x51, 0x0a, 0xb2, 0x1a
.byte 0xb3, 0x53, 0x7b, 0xc6, 0xff, 0xff, 0xff, 0xff, 0xff, 0xff, 0xff, 0xff, 0xff, 0xff, 0xff, 0xff
.byte 0xff, 0xff, 0xff, 0xff, 0xff, 0xff, 0xff, 0xff, 0xff, 0xff, 0xff, 0xff, 0xff, 0xff, 0xff, 0xff
.byte 0xff, 0xff, 0xff, 0xff, 0xff, 0xff, 0xff, 0xff, 0xff, 0xff, 0xff, 0xff, 0xff, 0xff, 0xff, 0xff
.byte 0xff, 0xff, 0xff, 0xff, 0x96, 0x6c, 0x51, 0x0a, 0x91, 0x1a, 0x30, 0x0a, 0x54, 0x2b, 0xfe, 0x6d
.byte 0x3e, 0x76, 0x1e, 0x76, 0x1e, 0x76, 0x1e, 0x76, 0x3e, 0x76, 0x3e, 0x76, 0x3e, 0x76, 0x3e, 0x76
.byte 0x3e, 0x76, 0x3e, 0x76, 0x3e, 0x76, 0x3e, 0x76, 0x3e, 0x76, 0x3e, 0x76, 0x3e, 0x76, 0x3e, 0x76
.byte 0x3e, 0x76, 0x3e, 0x76, 0x3e, 0x76, 0x3e, 0x76, 0x3e, 0x76, 0x3e, 0x76, 0x3e, 0x76, 0x3e, 0x76
.byte 0x3e, 0x76, 0x3e, 0x76, 0x3e, 0x76, 0x3e, 0x76, 0x3e, 0x76, 0x3e, 0x76, 0x3e, 0x76, 0x3e, 0x76
.byte 0x3e, 0x76, 0x3e, 0x76, 0x3e, 0x76, 0x3e, 0x76, 0x3e, 0x76, 0x3e, 0x76, 0x3e, 0x76, 0x3e, 0x76
.byte 0x3e, 0x76, 0x3e, 0x76, 0x3e, 0x7e, 0x3e, 0x76, 0x3e, 0x76, 0x3e, 0x76, 0x3e, 0x76, 0x3e, 0x76
.byte 0x3e, 0x76, 0x3e, 0x76, 0x3e, 0x76, 0x3e, 0x76, 0x3e, 0x76, 0x3e, 0x76, 0x1e, 0x76, 0x3e, 0x76
.byte 0x1e, 0x76, 0x98, 0x4c, 0x53, 0x2b, 0xf2, 0x22, 0xb1, 0x1a, 0x70, 0x0a, 0x30, 0x0a, 0x50, 0x12
.byte 0x71, 0x12, 0x91, 0x12, 0x91, 0x12, 0x71, 0x12, 0x51, 0x12, 0x32, 0x33, 0x78, 0x9d, 0xdf, 0xff
.byte 0xff, 0xff, 0xff, 0xff, 0xff, 0xff, 0xff, 0xff, 0xff, 0xff, 0xff, 0xff, 0xff, 0xff, 0xff, 0xff
.byte 0xff, 0xff, 0xff, 0xff, 0xff, 0xff, 0xff, 0xff, 0xff, 0xff, 0xff, 0xff, 0xff, 0xff, 0xff, 0xff
.byte 0xff, 0xff, 0xff, 0xff, 0xff, 0xff, 0xff, 0xff, 0xdf, 0xf7, 0x7b, 0xbe, 0x74, 0x3b, 0x51, 0x0a
.byte 0x91, 0x12, 0x51, 0x0a, 0xb5, 0x33, 0x3e, 0x7e, 0x3e, 0x76, 0x3e, 0x76, 0x1e, 0x76, 0x1e, 0x76
.byte 0x1e, 0x76, 0x3e, 0x76, 0x3e, 0x76, 0x3e, 0x76, 0x3e, 0x76, 0x3e, 0x76, 0x3e, 0x76, 0x3e, 0x76
.byte 0x3e, 0x76, 0x3e, 0x76, 0x3e, 0x76, 0x3e, 0x76, 0x3e, 0x76, 0x3e, 0x76, 0x3e, 0x76, 0x3e, 0x76
.byte 0x3e, 0x76, 0x3e, 0x76, 0x3e, 0x76, 0x3e, 0x76, 0x3e, 0x76, 0x3e, 0x76, 0x3e, 0x76, 0x3e, 0x76
.byte 0x3e, 0x76, 0x3e, 0x76, 0x3e, 0x76, 0x3e, 0x76, 0x3e, 0x76, 0x3e, 0x76, 0x3e, 0x76, 0x3e, 0x76
.byte 0x3e, 0x76, 0x3e, 0x76, 0x3e, 0x76, 0x3e, 0x76, 0x3e, 0x76, 0x3e, 0x76, 0x3e, 0x76, 0x3e, 0x76
.byte 0x3e, 0x76, 0x3e, 0x7e, 0x3e, 0x76, 0x3e, 0x76, 0x3e, 0x76, 0x3e, 0x76, 0x3e, 0x76, 0x3e, 0x76
.byte 0x3e, 0x76, 0x3e, 0x76, 0x3e, 0x76, 0x3e, 0x76, 0x3e, 0x76, 0x5f, 0x76, 0x3e, 0x76, 0xfd, 0x75
.byte 0x9c, 0x6d, 0xf9, 0x5c, 0x16, 0x3c, 0x13, 0x23, 0x71, 0x0a, 0x51, 0x0a, 0x71, 0x12, 0x91, 0x12
.byte 0x71, 0x12, 0x30, 0x0a, 0x91, 0x22, 0xf6, 0x84, 0xdf, 0xf7, 0xff, 0xff, 0xff, 0xff, 0xff, 0xff
.byte 0xff, 0xff, 0xff, 0xff, 0xff, 0xff, 0xff, 0xff, 0xff, 0xff, 0xff, 0xff, 0xff, 0xff, 0xff, 0xff
.byte 0xff, 0xff, 0xff, 0xff, 0xff, 0xff, 0xff, 0xff, 0xff, 0xff, 0xff, 0xff, 0xff, 0xff, 0xbc, 0xce
.byte 0x75, 0x6c, 0xb1, 0x22, 0x71, 0x12, 0x91, 0x12, 0x91, 0x12, 0x71, 0x0a, 0xd6, 0x33, 0x5e, 0x7e
.byte 0x5f, 0x7e, 0x3e, 0x76, 0x3e, 0x76, 0x3e, 0x76, 0x3e, 0x76, 0x3e, 0x76, 0x3e, 0x76, 0x3e, 0x76
.byte 0x3e, 0x76, 0x3e, 0x76, 0x3e, 0x76, 0x3e, 0x76, 0x3e, 0x76, 0x3e, 0x76, 0x3e, 0x76, 0x3e, 0x76
.byte 0x3e, 0x76, 0x3e, 0x76, 0x3e, 0x76, 0x3e, 0x76, 0x3e, 0x76, 0x3e, 0x76, 0x3e, 0x76, 0x3e, 0x76
.byte 0x3e, 0x76, 0x3e, 0x76, 0x3e, 0x76, 0x3e, 0x76, 0x3e, 0x76, 0x3e, 0x76, 0x3e, 0x76, 0x3e, 0x76
.byte 0x3e, 0x76, 0x3e, 0x76, 0x3e, 0x76, 0x3e, 0x76, 0x3e, 0x76, 0x3e, 0x76, 0x3e, 0x76, 0x3e, 0x76
.byte 0x3e, 0x76, 0x3e, 0x76, 0x3e, 0x76, 0x3e, 0x76, 0x3e, 0x76, 0x3e, 0x76, 0x3e, 0x76, 0x5e, 0x76
.byte 0x3e, 0x76, 0x3e, 0x76, 0x3e, 0x76, 0x3e, 0x76, 0x3e, 0x76, 0x3e, 0x76, 0x3e, 0x76, 0x3e, 0x76
.byte 0x3e, 0x76, 0x3e, 0x76, 0x5f, 0x76, 0x5f, 0x7e, 0x7f, 0x7e, 0x9f, 0x86, 0x7f, 0x86, 0xfd, 0x7d
.byte 0xb9, 0x54, 0x34, 0x23, 0x51, 0x0a, 0x50, 0x12, 0x71, 0x12, 0x71, 0x12, 0x30, 0x0a, 0x90, 0x22
.byte 0xd6, 0x84, 0xbf, 0xf7, 0xff, 0xff, 0xff, 0xff, 0xff, 0xff, 0xff, 0xff, 0xff, 0xff, 0xff, 0xff
.byte 0xff, 0xff, 0xff, 0xff, 0xff, 0xff, 0xff, 0xff, 0xff, 0xff, 0xff, 0xff, 0xff, 0xff, 0xff, 0xff
.byte 0xff, 0xff, 0x5d, 0xe7, 0x98, 0x9d, 0x70, 0x1a, 0x30, 0x0a, 0x51, 0x12, 0x71, 0x12, 0x91, 0x12
.byte 0x92, 0x12, 0x51, 0x0a, 0x95, 0x2b, 0x5e, 0x7e, 0x5f, 0x7e, 0x3e, 0x7e, 0x3e, 0x76, 0x3e, 0x76
.byte 0x3e, 0x76, 0x3e, 0x76, 0x3e, 0x76, 0x3e, 0x76, 0x3e, 0x76, 0x3e, 0x76, 0x3e, 0x76, 0x3e, 0x76
.byte 0x3e, 0x76, 0x3e, 0x76, 0x3e, 0x76, 0x3e, 0x76, 0x3e, 0x76, 0x3e, 0x76, 0x3e, 0x76, 0x3e, 0x76
.byte 0x3e, 0x76, 0x3e, 0x76, 0x3e, 0x76, 0x3e, 0x76, 0x3e, 0x76, 0x3e, 0x76, 0x3e, 0x76, 0x3e, 0x76
.byte 0x3e, 0x76, 0x3e, 0x76, 0x3e, 0x7e, 0x3e, 0x76, 0x3e, 0x76, 0x3e, 0x76, 0x3e, 0x76, 0x3e, 0x76
.byte 0x3e, 0x76, 0x3e, 0x76, 0x3e, 0x7e, 0x3e, 0x76, 0x3e, 0x76, 0x3e, 0x76, 0x3e, 0x76, 0x3e, 0x76
.byte 0x3e, 0x76, 0x3e, 0x76, 0x3e, 0x76, 0x3e, 0x76, 0x3e, 0x76, 0x3e, 0x76, 0x3e, 0x76, 0x3e, 0x76
.byte 0x3e, 0x76, 0x3e, 0x76, 0x3e, 0x76, 0x3e, 0x76, 0x3e, 0x76, 0x3e, 0x76, 0x3e, 0x76, 0x3e, 0x7e
.byte 0x5e, 0x7e, 0x5e, 0x7e, 0x5e, 0x86, 0x7f, 0x86, 0x9f, 0x8e, 0xfd, 0x7d, 0x16, 0x44, 0x70, 0x12
.byte 0x30, 0x0a, 0x50, 0x12, 0x70, 0x12, 0x0f, 0x0a, 0x70, 0x1a, 0x58, 0x95, 0xdf, 0xf7, 0xff, 0xff
.byte 0xff, 0xff, 0xff, 0xff, 0xff, 0xff, 0xff, 0xff, 0xff, 0xff, 0xff, 0xff, 0xff, 0xff, 0xff, 0xff
.byte 0xff, 0xff, 0xff, 0xff, 0xff, 0xff, 0xff, 0xff, 0x9b, 0xc6, 0xd3, 0x53, 0x30, 0x12, 0x51, 0x12
.byte 0x71, 0x12, 0x50, 0x12, 0x50, 0x12, 0x30, 0x0a, 0x30, 0x0a, 0x0f, 0x02, 0xb5, 0x33, 0x5e, 0x7e
.byte 0x7e, 0x7e, 0x3e, 0x7e, 0x3e, 0x76, 0x3e, 0x76, 0x3e, 0x76, 0x3e, 0x76, 0x3e, 0x76, 0x3e, 0x76
.byte 0x3e, 0x76, 0x1e, 0x76, 0x3e, 0x76, 0x3e, 0x76, 0x3e, 0x76, 0x3e, 0x76, 0x3e, 0x76, 0x3e, 0x76
.byte 0x3e, 0x76, 0x3e, 0x76, 0x3e, 0x76, 0x3e, 0x76, 0x3e, 0x76, 0x3e, 0x76, 0x3e, 0x76, 0x3e, 0x76
.byte 0x3e, 0x76, 0x3e, 0x76, 0x3e, 0x76, 0x3e, 0x76, 0x3e, 0x7e, 0x3e, 0x7e, 0x3e, 0x7e, 0x3e, 0x7e
.byte 0x3e, 0x76, 0x3e, 0x7e, 0x3e, 0x76, 0x3e, 0x76, 0x3e, 0x76, 0x3e, 0x76, 0x3e, 0x76, 0x3e, 0x76
.byte 0x3e, 0x76, 0x3e, 0x76, 0x3e, 0x76, 0x3e, 0x76, 0x3e, 0x7e, 0x3e, 0x76, 0x3e, 0x76, 0x3e, 0x76
.byte 0x3e, 0x76, 0x3e, 0x76, 0x3e, 0x76, 0x3e, 0x76, 0x3e, 0x76, 0x3e, 0x76, 0x3e, 0x76, 0x3e, 0x76
.byte 0x3e, 0x76, 0x3e, 0x76, 0x3e, 0x76, 0x5e, 0x76, 0x3e, 0x7e, 0x3e, 0x7e, 0x5e, 0x7e, 0x3e, 0x7e
.byte 0x3e, 0x7e, 0x7f, 0x86, 0x7f, 0x86, 0xd9, 0x54, 0x91, 0x1a, 0x0f, 0x0a, 0x50, 0x12, 0x50, 0x12
.byte 0xef, 0x09, 0xf2, 0x32, 0x5b, 0xbe, 0xff, 0xff, 0xff, 0xff, 0xff, 0xff, 0xff, 0xff, 0xff, 0xff
.byte 0xff, 0xff, 0xff, 0xff, 0xff, 0xff, 0xff, 0xff, 0xff, 0xff, 0xff, 0xff, 0xff, 0xff, 0x1a, 0xb6
.byte 0xb1, 0x22, 0x51, 0x12, 0x71, 0x12, 0x91, 0x12, 0x71, 0x12, 0x30, 0x0a, 0x0f, 0x0a, 0x90, 0x12
.byte 0x33, 0x2b, 0x16, 0x44, 0x7b, 0x6d, 0x5e, 0x7e, 0x5e, 0x7e, 0x3e, 0x76, 0x3e, 0x76, 0x3e, 0x76
.byte 0x3e, 0x76, 0x3e, 0x76, 0x3e, 0x76, 0x3e, 0x76, 0x3e, 0x76, 0x3e, 0x76, 0x3e, 0x76, 0x3e, 0x76
.byte 0x3e, 0x76, 0x3e, 0x76, 0x3e, 0x76, 0x3e, 0x76, 0x3e, 0x76, 0x3e, 0x76, 0x3e, 0x76, 0x3e, 0x76
.byte 0x3e, 0x76, 0x3e, 0x76, 0x3e, 0x76, 0x3e, 0x76, 0x3e, 0x76, 0x3e, 0x76, 0x3e, 0x76, 0x3e, 0x76
.byte 0x3e, 0x76, 0x3e, 0x7e, 0x3e, 0x7e, 0x3e, 0x76, 0x3e, 0x7e, 0x3e, 0x7e, 0x3e, 0x76, 0x3e, 0x76
.byte 0x3e, 0x76, 0x3e, 0x76, 0x3e, 0x76, 0x3e, 0x76, 0x3e, 0x76, 0x3e, 0x76, 0x3e, 0x76, 0x3e, 0x76
.byte 0x3e, 0x76, 0x3e, 0x76, 0x3e, 0x76, 0x3e, 0x76, 0x3e, 0x76, 0x3e, 0x76, 0x3e, 0x76, 0x3e, 0x76
.byte 0x3e, 0x76, 0x3e, 0x76, 0x3e, 0x76, 0x3e, 0x76, 0x3e, 0x76, 0x3e, 0x76, 0x3e, 0x76, 0x3e, 0x76
.byte 0x3e, 0x76, 0x3e, 0x76, 0x3e, 0x7e, 0x3e, 0x76, 0x3e, 0x76, 0x3e, 0x76, 0x5e, 0x7e, 0x7f, 0x86
.byte 0xfa, 0x5c, 0x91, 0x1a, 0x0f, 0x0a, 0x70, 0x12, 0x71, 0x12, 0xef, 0x01, 0x15, 0x5c, 0x1d, 0xdf
.byte 0xff, 0xff, 0xff, 0xff, 0xff, 0xff, 0xff, 0xff, 0xff, 0xff, 0xff, 0xff, 0xff, 0xff, 0xff, 0xff
.byte 0xff, 0xff, 0xff, 0xff, 0xf9, 0xb5, 0x70, 0x1a, 0x51, 0x12, 0x71, 0x12, 0x71, 0x12, 0x50, 0x12
.byte 0x30, 0x0a, 0xf2, 0x1a, 0x36, 0x44, 0x5a, 0x65, 0xfd, 0x75, 0x7f, 0x86, 0x7f, 0x7e, 0x3e, 0x7e
.byte 0x3e, 0x76, 0x3e, 0x76, 0x3e, 0x76, 0x3e, 0x76, 0x3e, 0x76, 0x3e, 0x76, 0x3e, 0x76, 0x3e, 0x76
.byte 0x3e, 0x76, 0x3e, 0x76, 0x3e, 0x76, 0x3e, 0x76, 0x3e, 0x76, 0x3e, 0x76, 0x3e, 0x76, 0x3e, 0x76
.byte 0x3e, 0x76, 0x3e, 0x76, 0x3e, 0x76, 0x3e, 0x76, 0x3e, 0x76, 0x3e, 0x76, 0x3e, 0x76, 0x3e, 0x76
.byte 0x3e, 0x76, 0x3e, 0x76, 0x3e, 0x76, 0x3e, 0x76, 0x3e, 0x76, 0x3e, 0x76, 0x3e, 0x7e, 0x3e, 0x7e
.byte 0x3e, 0x7e, 0x3e, 0x7e, 0x3e, 0x76, 0x3e, 0x76, 0x3e, 0x76, 0x3e, 0x76, 0x3e, 0x7e, 0x3e, 0x76
.byte 0x3e, 0x76, 0x3e, 0x76, 0x3e, 0x76, 0x3e, 0x76, 0x3e, 0x76, 0x3e, 0x7e, 0x3e, 0x76, 0x3e, 0x76
.byte 0x3e, 0x76, 0x3e, 0x76, 0x3e, 0x76, 0x3e, 0x76, 0x3e, 0x76, 0x3e, 0x76, 0x3e, 0x76, 0x3e, 0x76
.byte 0x3e, 0x76, 0x3e, 0x76, 0x3e, 0x76, 0x3e, 0x76, 0x3e, 0x76, 0x3e, 0x76, 0x3e, 0x76, 0x3e, 0x76
.byte 0x3e, 0x76, 0x3e, 0x76, 0x3e, 0x76, 0x3e, 0x76, 0x7f, 0x7e, 0xfa, 0x5c, 0x70, 0x12, 0x50, 0x12
.byte 0x70, 0x12, 0x30, 0x12, 0xee, 0x09, 0xb9, 0x9d, 0xbe, 0xf7, 0xff, 0xff, 0xff, 0xff, 0xff, 0xff
.byte 0xff, 0xff, 0xff, 0xff, 0xff, 0xff, 0xff, 0xff, 0xff, 0xff, 0x3a, 0xbe, 0xb0, 0x22, 0x50, 0x0a
.byte 0x71, 0x12, 0x71, 0x12, 0x30, 0x0a, 0x71, 0x12, 0x37, 0x44, 0xdc, 0x75, 0x7f, 0x86, 0x9f, 0x86
.byte 0x7f, 0x7e, 0x3f, 0x7e, 0x3e, 0x76, 0x3e, 0x76, 0x3e, 0x76, 0x3e, 0x76, 0x3e, 0x76, 0x3e, 0x76
.byte 0x3e, 0x76, 0x3e, 0x76, 0x3e, 0x76, 0x3e, 0x76, 0x3e, 0x76, 0x3e, 0x76, 0x3e, 0x76, 0x3e, 0x76
.byte 0x3e, 0x76, 0x3e, 0x76, 0x3e, 0x76, 0x3e, 0x76, 0x3e, 0x76, 0x3e, 0x76, 0x3e, 0x76, 0x3e, 0x76
.byte 0x3e, 0x76, 0x3e, 0x76, 0x3e, 0x76, 0x3e, 0x76, 0x3e, 0x76, 0x3e, 0x76, 0x3e, 0x76, 0x3e, 0x76
.byte 0x3e, 0x76, 0x3e, 0x76, 0x3e, 0x7e, 0x3e, 0x7e, 0x3e, 0x7e, 0x3e, 0x7e, 0x3e, 0x76, 0x3e, 0x7e
.byte 0x3e, 0x7e, 0x3e, 0x76, 0x3e, 0x76, 0x3e, 0x76, 0x3e, 0x76, 0x3e, 0x76, 0x3e, 0x76, 0x3e, 0x76
.byte 0x3e, 0x76, 0x3e, 0x76, 0x3e, 0x76, 0x3e, 0x76, 0x3e, 0x76, 0x3e, 0x76, 0x3e, 0x76, 0x3e, 0x76
.byte 0x3e, 0x76, 0x3e, 0x76, 0x3e, 0x76, 0x3e, 0x76, 0x3e, 0x76, 0x3e, 0x76, 0x3e, 0x76, 0x3e, 0x76
.byte 0x3e, 0x76, 0x3e, 0x76, 0x3e, 0x76, 0x3e, 0x76, 0x3e, 0x76, 0x3e, 0x76, 0x3e, 0x76, 0x3e, 0x76
.byte 0x5e, 0x7e, 0x7f, 0x86, 0x57, 0x4c, 0x30, 0x12, 0x50, 0x12, 0x50, 0x1a, 0xce, 0x01, 0x12, 0x3b
.byte 0xdc, 0xce, 0xff, 0xff, 0xff, 0xff, 0xff, 0xff, 0xff, 0xff, 0xff, 0xff, 0xff, 0xff, 0xff, 0xff
.byte 0x9b, 0xc6, 0xf1, 0x32, 0x0f, 0x0a, 0x50, 0x12, 0x50, 0x12, 0x2f, 0x0a, 0xd2, 0x1a, 0xfa, 0x5c
.byte 0x5f, 0x86, 0x9f, 0x86, 0x5f, 0x7e, 0x3e, 0x7e, 0x3e, 0x76, 0x3e, 0x76, 0x3e, 0x76, 0x3e, 0x76
.byte 0x3e, 0x76, 0x3e, 0x76, 0x3e, 0x76, 0x3e, 0x76, 0x3e, 0x76, 0x3e, 0x76, 0x3e, 0x76, 0x3e, 0x76
.byte 0x3e, 0x76, 0x3e, 0x76, 0x3e, 0x76, 0x3e, 0x76, 0x3e, 0x76, 0x3e, 0x76, 0x3e, 0x76, 0x3e, 0x76
.byte 0x3e, 0x76, 0x3e, 0x76, 0x3e, 0x76, 0x3e, 0x76, 0x3e, 0x76, 0x3e, 0x76, 0x3e, 0x76, 0x3e, 0x76
.byte 0x3e, 0x76, 0x3e, 0x76, 0x3e, 0x76, 0x3e, 0x76, 0x3e, 0x76, 0x3e, 0x76, 0x3e, 0x76, 0x3e, 0x7e
.byte 0x3e, 0x7e, 0x3e, 0x76, 0x3e, 0x76, 0x3e, 0x76, 0x3e, 0x7e, 0x3e, 0x76, 0x3e, 0x76, 0x3e, 0x76
.byte 0x3e, 0x76, 0x3e, 0x76, 0x3e, 0x76, 0x3e, 0x76, 0x3e, 0x76, 0x3e, 0x76, 0x3e, 0x7e, 0x3e, 0x7e
.byte 0x3e, 0x7e, 0x3e, 0x76, 0x5e, 0x76, 0x5e, 0x76, 0x3e, 0x76, 0x3e, 0x76, 0x3e, 0x76, 0x3e, 0x76
.byte 0x3e, 0x76, 0x3e, 0x76, 0x3e, 0x76, 0x3e, 0x76, 0x3e, 0x76, 0x3e, 0x76, 0x3e, 0x76, 0x3e, 0x76
.byte 0x3e, 0x76, 0x3e, 0x76, 0x3e, 0x76, 0x3e, 0x7e, 0x3e, 0x7e, 0x5f, 0x7e, 0xfe, 0x75, 0x33, 0x2b
.byte 0x0f, 0x0a, 0x50, 0x1a, 0x0f, 0x12, 0xee, 0x09, 0x79, 0x95, 0xdf, 0xff, 0xff, 0xff, 0xff, 0xff
.byte 0xff, 0xff, 0xff, 0xff, 0xff, 0xff, 0xdf, 0xff, 0x54, 0x6c, 0x2f, 0x12, 0x2f, 0x12, 0x50, 0x12
.byte 0x0f, 0x0a, 0xb1, 0x1a, 0x3b, 0x65, 0x7f, 0x86, 0x5f, 0x7e, 0x3e, 0x76, 0x3e, 0x76, 0x3e, 0x76
.byte 0x3e, 0x76, 0x3e, 0x76, 0x3e, 0x76, 0x3e, 0x76, 0x3e, 0x76, 0x3e, 0x76, 0x3e, 0x76, 0x3e, 0x76
.byte 0x3e, 0x76, 0x3e, 0x76, 0x3e, 0x76, 0x3e, 0x76, 0x3e, 0x76, 0x3e, 0x76, 0x3e, 0x76, 0x3e, 0x76
.byte 0x3e, 0x76, 0x3e, 0x76, 0x3e, 0x76, 0x3e, 0x76, 0x3e, 0x76, 0x3e, 0x76, 0x3e, 0x76, 0x3e, 0x76
.byte 0x3e, 0x76, 0x3e, 0x76, 0x3e, 0x76, 0x3e, 0x76, 0x3e, 0x76, 0x3e, 0x76, 0x3e, 0x76, 0x3e, 0x76
.byte 0x3e, 0x76, 0x3e, 0x76, 0x3e, 0x76, 0x3e, 0x7e, 0x3e, 0x7e, 0x3e, 0x7e, 0x3e, 0x76, 0x3e, 0x76
.byte 0x3e, 0x76, 0x3e, 0x76, 0x3e, 0x76, 0x3e, 0x76, 0x3e, 0x76, 0x3e, 0x76, 0x3e, 0x76, 0x3e, 0x76
.byte 0x3e, 0x76, 0x3e, 0x7e, 0x3e, 0x76, 0x3e, 0x76, 0x3e, 0x7e, 0x3e, 0x7e, 0x3e, 0x76, 0x5e, 0x76
.byte 0x3e, 0x76, 0x3e, 0x76, 0x3e, 0x76, 0x3e, 0x76, 0x3e, 0x76, 0x3e, 0x76, 0x3e, 0x76, 0x3e, 0x76
.byte 0x3e, 0x76, 0x3e, 0x76, 0x3e, 0x76, 0x3e, 0x76, 0x3e, 0x76, 0x3e, 0x76, 0x3e, 0x7e, 0x3e, 0x7e
.byte 0x3e, 0x76, 0x3e, 0x76, 0x5f, 0x7e, 0xd9, 0x54, 0x2f, 0x12, 0x4f, 0x12, 0x50, 0x12, 0xee, 0x01
.byte 0x93, 0x4b, 0x7e, 0xe7, 0xff, 0xff, 0xff, 0xff, 0xff, 0xff, 0xff, 0xff, 0xff, 0xff, 0x1a, 0xb6
.byte 0x90, 0x22, 0x2f, 0x0a, 0x50, 0x1a, 0x0f, 0x12, 0x50, 0x12, 0xfa, 0x5c, 0x5f, 0x7e, 0x3e, 0x76
.byte 0x3e, 0x76, 0x3e, 0x76, 0x3e, 0x76, 0x3e, 0x76, 0x3e, 0x76, 0x3e, 0x76, 0x3e, 0x76, 0x3e, 0x76
.byte 0x3e, 0x76, 0x3e, 0x76, 0x3e, 0x76, 0x3e, 0x76, 0x3e, 0x76, 0x3e, 0x76, 0x3e, 0x76, 0x3e, 0x76
.byte 0x3e, 0x76, 0x3e, 0x76, 0x3e, 0x76, 0x3e, 0x76, 0x3e, 0x76, 0x3e, 0x76, 0x3e, 0x76, 0x3e, 0x76
.byte 0x3e, 0x76, 0x3e, 0x76, 0x3e, 0x76, 0x3e, 0x76, 0x3e, 0x76, 0x3e, 0x76, 0x3e, 0x76, 0x3e, 0x76
.byte 0x3e, 0x76, 0x3e, 0x76, 0x3e, 0x76, 0x3e, 0x76, 0x3e, 0x76, 0x3e, 0x76, 0x3e, 0x76, 0x3e, 0x76
.byte 0x3e, 0x7e, 0x3e, 0x7e, 0x3e, 0x76, 0x3e, 0x76, 0x3e, 0x76, 0x3e, 0x76, 0x3e, 0x76, 0x3e, 0x76
.byte 0x3e, 0x76, 0x3e, 0x76, 0x3e, 0x76, 0x3e, 0x76, 0x3e, 0x76, 0x3e, 0x7e, 0x5e, 0x76, 0x3e, 0x76
.byte 0x3e, 0x7e, 0x3e, 0x7e, 0x3e, 0x76, 0x3e, 0x76, 0x3e, 0x76, 0x3e, 0x76, 0x3e, 0x76, 0x3e, 0x76
.byte 0x3e, 0x76, 0x3e, 0x76, 0x3e, 0x76, 0x3e, 0x76, 0x3e, 0x76, 0x3e, 0x76, 0x3e, 0x76, 0x3e, 0x76
.byte 0x3e, 0x76, 0x3e, 0x76, 0x3e, 0x76, 0x3e, 0x76, 0x3e, 0x76, 0x3e, 0x76, 0x5f, 0x7e, 0x1e, 0x76
.byte 0x54, 0x2b, 0x0f, 0x0a, 0x71, 0x1a, 0x30, 0x0a, 0x90, 0x22, 0xfc, 0xce, 0xff, 0xff, 0xff, 0xff
.byte 0xff, 0xff, 0xff, 0xff, 0x5e, 0xe7, 0x93, 0x4b, 0x0f, 0x0a, 0x70, 0x12, 0x30, 0x12, 0x0f, 0x0a
.byte 0x37, 0x44, 0x3f, 0x76, 0x3e, 0x76, 0x1e, 0x76, 0x3e, 0x76, 0x3e, 0x76, 0x3e, 0x76, 0x3e, 0x76
.byte 0x3e, 0x76, 0x3e, 0x76, 0x3e, 0x76, 0x3e, 0x76, 0x3e, 0x76, 0x3e, 0x76, 0x3e, 0x76, 0x3e, 0x76
.byte 0x3e, 0x76, 0x3e, 0x76, 0x3e, 0x76, 0x3e, 0x76, 0x3e, 0x76, 0x3e, 0x76, 0x3e, 0x76, 0x3e, 0x76
.byte 0x3e, 0x76, 0x3e, 0x76, 0x3e, 0x76, 0x3e, 0x76, 0x3e, 0x76, 0x3e, 0x76, 0x3e, 0x76, 0x3e, 0x76
.byte 0x3e, 0x76, 0x3e, 0x76, 0x3e, 0x76, 0x3e, 0x76, 0x3e, 0x76, 0x3e, 0x76, 0x3e, 0x76, 0x3e, 0x76
.byte 0x3e, 0x76, 0x3e, 0x76, 0x3e, 0x76, 0x3e, 0x76, 0x3e, 0x76, 0x3e, 0x76, 0x3e, 0x76, 0x3e, 0x76
.byte 0x3e, 0x76, 0x3e, 0x76, 0x3e, 0x76, 0x3e, 0x76, 0x3e, 0x76, 0x3e, 0x76, 0x3e, 0x76, 0x3e, 0x76
.byte 0x3e, 0x7e, 0x3e, 0x76, 0x3e, 0x76, 0x3e, 0x76, 0x3e, 0x7e, 0x3e, 0x76, 0x3e, 0x7e, 0x3e, 0x76
.byte 0x3e, 0x76, 0x3e, 0x76, 0x3e, 0x76, 0x3e, 0x76, 0x3e, 0x76, 0x3e, 0x76, 0x3e, 0x76, 0x3e, 0x76
.byte 0x3e, 0x76, 0x3e, 0x76, 0x3e, 0x76, 0x3e, 0x76, 0x3e, 0x76, 0x3e, 0x76, 0x3e, 0x76, 0x3e, 0x76
.byte 0x3e, 0x76, 0x3e, 0x76, 0x3e, 0x7e, 0x5f, 0x86, 0xb9, 0x54, 0x50, 0x12, 0x71, 0x1a, 0x91, 0x12
.byte 0x2f, 0x12, 0xb9, 0xa5, 0xff, 0xff, 0xff, 0xff, 0xff, 0xff, 0xff, 0xff, 0x7b, 0xbe, 0x91, 0x1a
.byte 0x51, 0x12, 0x70, 0x12, 0x0f, 0x0a, 0x54, 0x2b, 0xfe, 0x6d, 0x3f, 0x76, 0x1e, 0x6e, 0x1e, 0x76
.byte 0x3e, 0x76, 0x3e, 0x76, 0x3e, 0x76, 0x3e, 0x76, 0x3e, 0x76, 0x3e, 0x76, 0x3e, 0x76, 0x3e, 0x76
.byte 0x3e, 0x76, 0x3e, 0x76, 0x3e, 0x76, 0x3e, 0x76, 0x3e, 0x76, 0x3e, 0x76, 0x3e, 0x76, 0x3e, 0x76
.byte 0x3e, 0x76, 0x3e, 0x76, 0x3e, 0x76, 0x3e, 0x76, 0x3e, 0x76, 0x3e, 0x76, 0x3e, 0x76, 0x3e, 0x76
.byte 0x3e, 0x76, 0x3e, 0x7e, 0x3e, 0x7e, 0x3e, 0x76, 0x3e, 0x7e, 0x3e, 0x76, 0x3e, 0x76, 0x3e, 0x76
.byte 0x3e, 0x76, 0x3e, 0x76, 0x3e, 0x76, 0x3e, 0x76, 0x3e, 0x76, 0x3e, 0x76, 0x3e, 0x76, 0x3e, 0x76
.byte 0x3e, 0x76, 0x3e, 0x7e, 0x3e, 0x76, 0x3e, 0x76, 0x3e, 0x76, 0x3e, 0x76, 0x3e, 0x7e, 0x3e, 0x76
.byte 0x3e, 0x76, 0x3e, 0x76, 0x3e, 0x76, 0x3e, 0x76, 0x3e, 0x7e, 0x3e, 0x7e, 0x3e, 0x76, 0x3e, 0x76
.byte 0x3e, 0x76, 0x3e, 0x76, 0x3e, 0x76, 0x3e, 0x76, 0x3e, 0x76, 0x3e, 0x76, 0x3e, 0x76, 0x3e, 0x76
.byte 0x3e, 0x76, 0x3e, 0x76, 0x3e, 0x76, 0x3e, 0x76, 0x3e, 0x76, 0x3e, 0x76, 0x3e, 0x76, 0x3e, 0x76
.byte 0x3e, 0x76, 0x3e, 0x76, 0x3e, 0x76, 0x3e, 0x76, 0x3e, 0x76, 0x3e, 0x76, 0x3e, 0x76, 0x7f, 0x86
.byte 0xbc, 0x75, 0xf2, 0x22, 0x70, 0x12, 0xb1, 0x1a, 0x30, 0x0a, 0x55, 0x6c, 0x5d, 0xe7, 0xff, 0xff
.byte 0xff, 0xff, 0xdf, 0xff, 0xd6, 0x7c, 0x0f, 0x0a, 0x91, 0x12, 0x50, 0x12, 0x50, 0x12, 0xfa, 0x5c
.byte 0x7f, 0x7e, 0x3e, 0x76, 0x1e, 0x76, 0x1e, 0x76, 0x3e, 0x76, 0x3e, 0x76, 0x3e, 0x76, 0x3e, 0x76
.byte 0x3e, 0x76, 0x3e, 0x76, 0x3e, 0x76, 0x3e, 0x76, 0x3e, 0x76, 0x3e, 0x76, 0x3e, 0x76, 0x3e, 0x76
.byte 0x3e, 0x76, 0x3e, 0x76, 0x3e, 0x76, 0x3e, 0x76, 0x3e, 0x76, 0x3e, 0x76, 0x3e, 0x76, 0x3e, 0x76
.byte 0x3e, 0x76, 0x3e, 0x76, 0x3e, 0x76, 0x3e, 0x76, 0x3e, 0x76, 0x3e, 0x7e, 0x3e, 0x76, 0x3e, 0x76
.byte 0x3e, 0x7e, 0x3e, 0x7e, 0x3e, 0x76, 0x3e, 0x76, 0x3e, 0x76, 0x3e, 0x76, 0x3e, 0x76, 0x3e, 0x76
.byte 0x3e, 0x76, 0x3e, 0x76, 0x3e, 0x76, 0x3e, 0x76, 0x3e, 0x76, 0x3e, 0x76, 0x3e, 0x76, 0x3e, 0x76
.byte 0x3e, 0x76, 0x3e, 0x76, 0x3e, 0x7e, 0x3e, 0x7e, 0x3e, 0x76, 0x3e, 0x76, 0x3e, 0x76, 0x3e, 0x76
.byte 0x3e, 0x76, 0x3e, 0x76, 0x3e, 0x76, 0x3e, 0x7e, 0x3e, 0x76, 0x3e, 0x76, 0x3e, 0x76, 0x3e, 0x76
.byte 0x3e, 0x76, 0x3e, 0x76, 0x3e, 0x76, 0x3e, 0x76, 0x3e, 0x76, 0x3e, 0x76, 0x3e, 0x76, 0x3e, 0x76
.byte 0x3e, 0x76, 0x3e, 0x76, 0x3e, 0x76, 0x3e, 0x76, 0x3e, 0x76, 0x3e, 0x76, 0x3e, 0x76, 0x3e, 0x76
.byte 0x3e, 0x76, 0x3e, 0x76, 0x3e, 0x76, 0x7f, 0x86, 0x3e, 0x7e, 0x95, 0x33, 0x50, 0x0a, 0xb1, 0x1a
.byte 0x50, 0x0a, 0x93, 0x43, 0xbb, 0xd6, 0xff, 0xff, 0xff, 0xff, 0x3d, 0xe7, 0x73, 0x43, 0x30, 0x0a
.byte 0x91, 0x1a, 0x30, 0x0a, 0x74, 0x2b, 0xfe, 0x75, 0x7f, 0x7e, 0x3e, 0x76, 0x3e, 0x76, 0x3e, 0x76
.byte 0x3e, 0x76, 0x3e, 0x76, 0x3e, 0x76, 0x3e, 0x76, 0x3e, 0x76, 0x3e, 0x76, 0x3e, 0x76, 0x3e, 0x76
.byte 0x3e, 0x76, 0x3e, 0x76, 0x3e, 0x76, 0x3e, 0x76, 0x3e, 0x76, 0x3e, 0x76, 0x3e, 0x76, 0x3e, 0x76
.byte 0x3e, 0x76, 0x3e, 0x76, 0x3e, 0x76, 0x3e, 0x76, 0x3e, 0x76, 0x3e, 0x76, 0x3e, 0x7e, 0x3e, 0x76
.byte 0x3e, 0x76, 0x3e, 0x76, 0x3e, 0x76, 0x3e, 0x76, 0x3e, 0x7e, 0x3e, 0x7e, 0x3e, 0x7e, 0x3e, 0x76
.byte 0x3e, 0x76, 0x3e, 0x76, 0x3e, 0x76, 0x3e, 0x76, 0x3e, 0x76, 0x3e, 0x76, 0x3e, 0x76, 0x3e, 0x76
.byte 0x3e, 0x76, 0x3e, 0x76, 0x3e, 0x76, 0x3e, 0x76, 0x3e, 0x76, 0x3e, 0x7e, 0x3e, 0x7e, 0x3e, 0x76
.byte 0x3e, 0x7e, 0x3e, 0x76, 0x3e, 0x76, 0x3e, 0x76, 0x3e, 0x76, 0x3e, 0x7e, 0x3e, 0x76, 0x3e, 0x7e
.byte 0x3e, 0x7e, 0x3e, 0x7e, 0x3e, 0x76, 0x3e, 0x76, 0x3e, 0x7e, 0x3e, 0x76, 0x3e, 0x76, 0x3e, 0x76
.byte 0x3e, 0x76, 0x3e, 0x76, 0x3e, 0x76, 0x3e, 0x76, 0x3e, 0x76, 0x3e, 0x76, 0x3e, 0x76, 0x3e, 0x76
.byte 0x3e, 0x76, 0x3e, 0x76, 0x3e, 0x76, 0x3e, 0x76, 0x3e, 0x76, 0x3e, 0x76, 0x3e, 0x76, 0x5f, 0x7e
.byte 0x5f, 0x7e, 0x16, 0x44, 0x50, 0x0a, 0x91, 0x1a, 0x50, 0x0a, 0x12, 0x33, 0x5a, 0xc6, 0xff, 0xff
.byte 0xff, 0xff, 0xfc, 0xd6, 0x90, 0x22, 0x71, 0x12, 0x91, 0x1a, 0x51, 0x12, 0x78, 0x4c, 0x7f, 0x86
.byte 0x5f, 0x7e, 0x3e, 0x7e, 0x3e, 0x76, 0x3e, 0x76, 0x3e, 0x76, 0x3e, 0x76, 0x3e, 0x76, 0x3e, 0x76
.byte 0x3e, 0x76, 0x3e, 0x76, 0x3e, 0x76, 0x3e, 0x76, 0x3e, 0x76, 0x3e, 0x76, 0x3e, 0x76, 0x3e, 0x76
.byte 0x3e, 0x76, 0x3e, 0x76, 0x3e, 0x76, 0x3e, 0x76, 0x3e, 0x76, 0x3e, 0x76, 0x3e, 0x76, 0x3e, 0x76
.byte 0x3e, 0x76, 0x3e, 0x76, 0x3e, 0x76, 0x3e, 0x76, 0x3e, 0x76, 0x3e, 0x76, 0x3e, 0x7e, 0x3e, 0x7e
.byte 0x3e, 0x76, 0x3e, 0x7e, 0x3e, 0x7e, 0x3e, 0x76, 0x3e, 0x76, 0x3e, 0x76, 0x3e, 0x76, 0x3e, 0x76
.byte 0x3e, 0x76, 0x3e, 0x76, 0x3e, 0x76, 0x3e, 0x76, 0x3e, 0x76, 0x3e, 0x76, 0x3e, 0x76, 0x3e, 0x76
.byte 0x3e, 0x76, 0x3e, 0x76, 0x3e, 0x76, 0x5e, 0x76, 0x3e, 0x76, 0x3e, 0x76, 0x3e, 0x76, 0x3e, 0x76
.byte 0x3e, 0x76, 0x3e, 0x76, 0x3e, 0x76, 0x3e, 0x76, 0x3e, 0x7e, 0x3e, 0x7e, 0x3e, 0x7e, 0x3e, 0x76
.byte 0x3e, 0x76, 0x3e, 0x76, 0x3e, 0x76, 0x3e, 0x76, 0x3e, 0x76, 0x3e, 0x76, 0x3e, 0x76, 0x3e, 0x76
.byte 0x3e, 0x76, 0x3e, 0x76, 0x3e, 0x76, 0x3e, 0x76, 0x3e, 0x76, 0x3e, 0x76, 0x3e, 0x76, 0x3e, 0x76
.byte 0x3e, 0x76, 0x3e, 0x76, 0x3e, 0x76, 0x3e, 0x76, 0x5f, 0x7e, 0x78, 0x4c, 0x30, 0x12, 0x70, 0x12
.byte 0x50, 0x12, 0xb1, 0x22, 0xf9, 0xad, 0xff, 0xff, 0xff, 0xff, 0x3a, 0xbe, 0x2f, 0x12, 0x71, 0x12
.byte 0x71, 0x12, 0xb2, 0x12, 0x3b, 0x65, 0x9f, 0x8e, 0x5e, 0x7e, 0x3e, 0x7e, 0x3e, 0x7e, 0x3e, 0x76
.byte 0x3e, 0x76, 0x3e, 0x76, 0x3e, 0x76, 0x3e, 0x76, 0x3e, 0x76, 0x3e, 0x76, 0x3e, 0x76, 0x3e, 0x76
.byte 0x3e, 0x76, 0x3e, 0x76, 0x3e, 0x76, 0x3e, 0x76, 0x3e, 0x76, 0x3e, 0x76, 0x3e, 0x76, 0x3e, 0x76
.byte 0x3e, 0x76, 0x3e, 0x76, 0x3e, 0x76, 0x3e, 0x76, 0x3e, 0x76, 0x3e, 0x76, 0x3e, 0x76, 0x3e, 0x7e
.byte 0x3e, 0x76, 0x3e, 0x7e, 0x3e, 0x76, 0x3e, 0x7e, 0x3e, 0x7e, 0x3e, 0x7e, 0x3e, 0x76, 0x3e, 0x76
.byte 0x3e, 0x76, 0x3e, 0x76, 0x3e, 0x76, 0x3e, 0x76, 0x3e, 0x76, 0x3e, 0x76, 0x3e, 0x76, 0x3e, 0x76
.byte 0x3e, 0x76, 0x3e, 0x76, 0x3e, 0x76, 0x3e, 0x76, 0x3e, 0x76, 0x3e, 0x76, 0x5e, 0x76, 0x5e, 0x76
.byte 0x3e, 0x76, 0x3e, 0x76, 0x3e, 0x7e, 0x3e, 0x7e, 0x3e, 0x76, 0x3e, 0x7e, 0x3e, 0x76, 0x3e, 0x7e
.byte 0x3e, 0x76, 0x3e, 0x76, 0x3e, 0x7e, 0x3e, 0x76, 0x3e, 0x76, 0x3e, 0x7e, 0x3e, 0x76, 0x3e, 0x76
.byte 0x3e, 0x76, 0x3e, 0x76, 0x3e, 0x76, 0x3e, 0x76, 0x3e, 0x76, 0x3e, 0x76, 0x3e, 0x76, 0x3e, 0x76
.byte 0x3e, 0x76, 0x3e, 0x76, 0x3e, 0x76, 0x3e, 0x76, 0x3e, 0x76, 0x3e, 0x76, 0x3e, 0x76, 0x3e, 0x76
.byte 0x5f, 0x76, 0xb9, 0x54, 0x50, 0x12, 0x70, 0x12, 0x50, 0x12, 0x90, 0x1a, 0xd9, 0xa5, 0xff, 0xff
.byte 0xff, 0xff, 0x17, 0x85, 0x0f, 0x0a, 0x91, 0x1a, 0x50, 0x12, 0xf2, 0x1a, 0x9c, 0x6d, 0x9f, 0x86
.byte 0x5e, 0x7e, 0x3e, 0x7e, 0x3e, 0x7e, 0x3e, 0x76, 0x3e, 0x76, 0x3e, 0x7e, 0x3e, 0x76, 0x3e, 0x76
.byte 0x3e, 0x76, 0x3e, 0x76, 0x3e, 0x76, 0x3e, 0x76, 0x3e, 0x76, 0x3e, 0x76, 0x3e, 0x76, 0x3e, 0x76
.byte 0x3e, 0x76, 0x3e, 0x76, 0x3e, 0x76, 0x3e, 0x76, 0x3e, 0x76, 0x3e, 0x76, 0x3e, 0x76, 0x3e, 0x76
.byte 0x3e, 0x76, 0x3e, 0x76, 0x3e, 0x7e, 0x3e, 0x7e, 0x3e, 0x7e, 0x3e, 0x7e, 0x3e, 0x7e, 0x3e, 0x7e
.byte 0x3e, 0x76, 0x3e, 0x76, 0x3e, 0x76, 0x3e, 0x76, 0x3e, 0x76, 0x3e, 0x76, 0x3e, 0x76, 0x3e, 0x76
.byte 0x3e, 0x76, 0x3e, 0x76, 0x3e, 0x76, 0x3e, 0x76, 0x3e, 0x76, 0x3e, 0x76, 0x3e, 0x76, 0x3e, 0x76
.byte 0x3e, 0x76, 0x3e, 0x76, 0x3e, 0x76, 0x3e, 0x76, 0x3e, 0x76, 0x3e, 0x76, 0x3e, 0x76, 0x3e, 0x76
.byte 0x3e, 0x76, 0x3e, 0x76, 0x3e, 0x76, 0x3e, 0x7e, 0x3e, 0x76, 0x3e, 0x76, 0x3e, 0x76, 0x3e, 0x7e
.byte 0x3e, 0x76, 0x3e, 0x76, 0x3e, 0x76, 0x3e, 0x76, 0x3e, 0x76, 0x3e, 0x76, 0x3e, 0x76, 0x3e, 0x76
.byte 0x3e, 0x76, 0x3e, 0x76, 0x3e, 0x76, 0x3e, 0x76, 0x3e, 0x76, 0x3e, 0x76, 0x3e, 0x76, 0x3e, 0x76
.byte 0x3e, 0x76, 0x3e, 0x76, 0x3e, 0x76, 0x3e, 0x76, 0x5f, 0x7e, 0xb9, 0x54, 0x50, 0x12, 0x70, 0x12
.byte 0x50, 0x12, 0x90, 0x1a, 0xd9, 0xa5, 0xff, 0xff, 0xff, 0xff, 0x75, 0x6c, 0x2f, 0x0a, 0x91, 0x1a
.byte 0x50, 0x0a, 0x13, 0x23, 0xdd, 0x6d, 0x9f, 0x86, 0x5e, 0x7e, 0x3e, 0x7e, 0x3e, 0x7e, 0x3e, 0x7e
.byte 0x5e, 0x76, 0x3e, 0x76, 0x3e, 0x76, 0x3e, 0x76, 0x3e, 0x76, 0x3e, 0x76, 0x3e, 0x76, 0x3e, 0x76
.byte 0x3e, 0x76, 0x3e, 0x7e, 0x3e, 0x76, 0x3e, 0x76, 0x3e, 0x76, 0x3e, 0x76, 0x3e, 0x76, 0x3e, 0x76
.byte 0x3e, 0x76, 0x3e, 0x76, 0x3e, 0x76, 0x3e, 0x76, 0x3e, 0x76, 0x3e, 0x7e, 0x3e, 0x7e, 0x3e, 0x7e
.byte 0x3e, 0x7e, 0x3e, 0x7e, 0x3e, 0x7e, 0x3e, 0x7e, 0x3e, 0x76, 0x3e, 0x76, 0x3e, 0x76, 0x3e, 0x76
.byte 0x3e, 0x76, 0x3e, 0x76, 0x3e, 0x76, 0x3e, 0x76, 0x3e, 0x76, 0x3e, 0x76, 0x3e, 0x76, 0x3e, 0x76
.byte 0x3e, 0x76, 0x3e, 0x76, 0x3e, 0x76, 0x3e, 0x76, 0x3e, 0x76, 0x3e, 0x76, 0x3e, 0x76, 0x3e, 0x76
.byte 0x3e, 0x76, 0x3e, 0x76, 0x3e, 0x76, 0x3e, 0x76, 0x3e, 0x76, 0x3e, 0x76, 0x3e, 0x76, 0x3e, 0x76
.byte 0x3e, 0x76, 0x3e, 0x76, 0x3e, 0x76, 0x3e, 0x76, 0x3e, 0x76, 0x3e, 0x76, 0x3e, 0x76, 0x3e, 0x76
.byte 0x3e, 0x76, 0x3e, 0x76, 0x3e, 0x7e, 0x3e, 0x76, 0x3e, 0x76, 0x3e, 0x76, 0x3e, 0x76, 0x3e, 0x76
.byte 0x3e, 0x76, 0x3e, 0x76, 0x3e, 0x76, 0x3e, 0x76, 0x3e, 0x76, 0x3e, 0x76, 0x3e, 0x76, 0x3e, 0x7e
.byte 0x7f, 0x7e, 0x99, 0x4c, 0x50, 0x12, 0x71, 0x12, 0x50, 0x0a, 0xb1, 0x22, 0xf9, 0xad, 0xff, 0xff
.byte 0xff, 0xff, 0x75, 0x6c, 0x30, 0x0a, 0x91, 0x1a, 0x51, 0x0a, 0x34, 0x23, 0xdd, 0x6d, 0x9f, 0x86
.byte 0x3e, 0x7e, 0x3e, 0x7e, 0x3e, 0x7e, 0x3e, 0x7e, 0x3e, 0x76, 0x3e, 0x76, 0x3e, 0x76, 0x3e, 0x76
.byte 0x3e, 0x76, 0x3e, 0x76, 0x3e, 0x76, 0x3e, 0x76, 0x3e, 0x76, 0x3e, 0x76, 0x3e, 0x76, 0x3e, 0x76
.byte 0x3e, 0x76, 0x3e, 0x7e, 0x3e, 0x76, 0x3e, 0x76, 0x3e, 0x76, 0x3e, 0x76, 0x3e, 0x76, 0x3e, 0x76
.byte 0x3e, 0x76, 0x3e, 0x76, 0x3e, 0x7e, 0x3e, 0x7e, 0x3e, 0x76, 0x3e, 0x7e, 0x3e, 0x7e, 0x3e, 0x7e
.byte 0x3e, 0x76, 0x3e, 0x76, 0x3e, 0x76, 0x3e, 0x76, 0x3e, 0x76, 0x3e, 0x76, 0x3e, 0x76, 0x3e, 0x7e
.byte 0x3e, 0x7e, 0x3e, 0x7e, 0x3e, 0x76, 0x5e, 0x76, 0x3e, 0x76, 0x3e, 0x76, 0x3e, 0x76, 0x3e, 0x76
.byte 0x3e, 0x76, 0x3e, 0x76, 0x3e, 0x76, 0x3e, 0x76, 0x3e, 0x76, 0x3e, 0x76, 0x3e, 0x76, 0x3e, 0x76
.byte 0x3e, 0x76, 0x3e, 0x76, 0x3e, 0x76, 0x3e, 0x76, 0x3e, 0x76, 0x3e, 0x76, 0x3e, 0x76, 0x3e, 0x76
.byte 0x3e, 0x76, 0x3e, 0x76, 0x3e, 0x76, 0x3e, 0x76, 0x3e, 0x76, 0x3e, 0x76, 0x3e, 0x76, 0x3e, 0x76
.byte 0x3e, 0x76, 0x3e, 0x76, 0x3e, 0x76, 0x3e, 0x76, 0x3e, 0x76, 0x3e, 0x76, 0x3e, 0x76, 0x3e, 0x76
.byte 0x3e, 0x76, 0x3e, 0x76, 0x3e, 0x76, 0x5f, 0x7e, 0x5f, 0x86, 0x58, 0x44, 0x50, 0x0a, 0x91, 0x1a
.byte 0x30, 0x0a, 0xd2, 0x2a, 0x3a, 0xbe, 0xff, 0xff, 0xff, 0xff, 0xb6, 0x74, 0x50, 0x0a, 0xb1, 0x1a
.byte 0x71, 0x12, 0x33, 0x23, 0xdd, 0x6d, 0x7f, 0x86, 0x3e, 0x7e, 0x3e, 0x7e, 0x3e, 0x7e, 0x3e, 0x76
.byte 0x3e, 0x76, 0x3e, 0x76, 0x3e, 0x76, 0x3e, 0x76, 0x3e, 0x76, 0x3e, 0x76, 0x3e, 0x76, 0x3e, 0x76
.byte 0x3e, 0x76, 0x3e, 0x76, 0x3e, 0x76, 0x3e, 0x7e, 0x3e, 0x7e, 0x3e, 0x76, 0x3e, 0x76, 0x3e, 0x7e
.byte 0x3e, 0x7e, 0x3e, 0x7e, 0x3e, 0x7e, 0x3e, 0x76, 0x3e, 0x7e, 0x3e, 0x7e, 0x3e, 0x7e, 0x3e, 0x7e
.byte 0x3e, 0x7e, 0x3e, 0x7e, 0x3e, 0x7e, 0x3e, 0x7e, 0x3e, 0x76, 0x3e, 0x76, 0x3e, 0x76, 0x3e, 0x76
.byte 0x3e, 0x76, 0x3e, 0x76, 0x3e, 0x76, 0x3e, 0x76, 0x3e, 0x76, 0x3e, 0x76, 0x3e, 0x76, 0x3e, 0x76
.byte 0x3e, 0x76, 0x3e, 0x76, 0x3e, 0x76, 0x3e, 0x76, 0x3e, 0x76, 0x3e, 0x76, 0x3e, 0x76, 0x3e, 0x76
.byte 0x3e, 0x76, 0x3e, 0x76, 0x3e, 0x76, 0x3e, 0x76, 0x3e, 0x76, 0x3e, 0x76, 0x3e, 0x7e, 0x3e, 0x7e
.byte 0x3e, 0x7e, 0x3e, 0x76, 0x3e, 0x76, 0x3e, 0x76, 0x3e, 0x76, 0x3e, 0x76, 0x3e, 0x76, 0x3e, 0x76
.byte 0x3e, 0x7e, 0x3e, 0x76, 0x3e, 0x76, 0x3e, 0x76, 0x3e, 0x7e, 0x3e, 0x76, 0x3e, 0x76, 0x3e, 0x76
.byte 0x3e, 0x76, 0x3e, 0x76, 0x3e, 0x76, 0x3e, 0x76, 0x3e, 0x76, 0x3e, 0x76, 0x3e, 0x76, 0x5f, 0x7e
.byte 0x3e, 0x7e, 0xf6, 0x3b, 0x30, 0x0a, 0x91, 0x1a, 0x30, 0x0a, 0x33, 0x3b, 0x9b, 0xc6, 0xff, 0xff
.byte 0xff, 0xff, 0x38, 0x8d, 0x51, 0x0a, 0xb2, 0x1a, 0x91, 0x12, 0x13, 0x1b, 0xbc, 0x6d, 0x7f, 0x86
.byte 0x3e, 0x7e, 0x3e, 0x76, 0x3e, 0x76, 0x3e, 0x76, 0x3e, 0x76, 0x3e, 0x76, 0x3e, 0x76, 0x3e, 0x76
.byte 0x3e, 0x76, 0x3e, 0x76, 0x3e, 0x76, 0x3e, 0x76, 0x3e, 0x76, 0x3e, 0x76, 0x3e, 0x76, 0x3e, 0x76
.byte 0x3e, 0x76, 0x3e, 0x76, 0x3e, 0x76, 0x3e, 0x7e, 0x3e, 0x7e, 0x3e, 0x7e, 0x3e, 0x7e, 0x3e, 0x7e
.byte 0x3e, 0x7e, 0x3e, 0x7e, 0x3e, 0x7e, 0x3e, 0x7e, 0x3e, 0x76, 0x3e, 0x76, 0x3e, 0x7e, 0x3e, 0x7e
.byte 0x3e, 0x7e, 0x3e, 0x76, 0x3e, 0x76, 0x3e, 0x76, 0x3e, 0x76, 0x3e, 0x76, 0x3e, 0x76, 0x3e, 0x76
.byte 0x3e, 0x76, 0x3e, 0x7e, 0x3e, 0x76, 0x3e, 0x76, 0x3e, 0x7e, 0x3e, 0x76, 0x3e, 0x7e, 0x3e, 0x7e
.byte 0x3e, 0x76, 0x3e, 0x76, 0x3e, 0x76, 0x3e, 0x76, 0x3e, 0x76, 0x3e, 0x76, 0x3e, 0x76, 0x3e, 0x76
.byte 0x3e, 0x76, 0x3e, 0x7e, 0x3e, 0x7e, 0x3e, 0x7e, 0x3e, 0x7e, 0x3e, 0x7e, 0x3e, 0x76, 0x3e, 0x76
.byte 0x3e, 0x76, 0x3e, 0x76, 0x3e, 0x76, 0x3e, 0x76, 0x3e, 0x76, 0x3e, 0x76, 0x3e, 0x76, 0x3e, 0x76
.byte 0x3e, 0x76, 0x3e, 0x76, 0x3e, 0x76, 0x3e, 0x76, 0x3e, 0x76, 0x3e, 0x76, 0x3e, 0x76, 0x3e, 0x76
.byte 0x3e, 0x76, 0x3e, 0x76, 0x3e, 0x76, 0x5f, 0x7e, 0xfd, 0x75, 0x33, 0x23, 0x30, 0x0a, 0x71, 0x1a
.byte 0x0f, 0x02, 0xf4, 0x53, 0x1c, 0xdf, 0xff, 0xff, 0xff, 0xff, 0x1a, 0xb6, 0x71, 0x12, 0xb2, 0x1a
.byte 0x91, 0x12, 0xb2, 0x1a, 0x3a, 0x5d, 0x7f, 0x7e, 0x3e, 0x76, 0x3e, 0x76, 0x3e, 0x76, 0x3e, 0x76
.byte 0x3e, 0x76, 0x3e, 0x7e, 0x3e, 0x7e, 0x3e, 0x76, 0x3e, 0x76, 0x3e, 0x76, 0x3e, 0x76, 0x3e, 0x76
.byte 0x3e, 0x7e, 0x3e, 0x76, 0x3e, 0x76, 0x3e, 0x7e, 0x3e, 0x7e, 0x3e, 0x76, 0x3e, 0x76, 0x3e, 0x7e
.byte 0x3e, 0x7e, 0x3e, 0x7e, 0x3e, 0x7e, 0x3e, 0x7e, 0x3e, 0x7e, 0x3e, 0x7e, 0x3e, 0x7e, 0x3e, 0x7e
.byte 0x1e, 0x76, 0x1e, 0x76, 0x3e, 0x7e, 0x3e, 0x7e, 0x3e, 0x7e, 0x3e, 0x7e, 0x3e, 0x76, 0x3e, 0x76
.byte 0x3e, 0x76, 0x3e, 0x7e, 0x3e, 0x76, 0x3e, 0x76, 0x3e, 0x76, 0x3e, 0x76, 0x3e, 0x76, 0x3e, 0x76
.byte 0x3e, 0x76, 0x3e, 0x7e, 0x3e, 0x76, 0x3e, 0x7e, 0x3e, 0x76, 0x3e, 0x76, 0x3e, 0x76, 0x3e, 0x76
.byte 0x3e, 0x76, 0x3e, 0x76, 0x3e, 0x76, 0x3e, 0x76, 0x3e, 0x76, 0x3e, 0x76, 0x3e, 0x7e, 0x3e, 0x7e
.byte 0x3e, 0x7e, 0x3e, 0x7e, 0x3e, 0x7e, 0x3e, 0x7e, 0x3e, 0x76, 0x3e, 0x7e, 0x3e, 0x76, 0x3e, 0x76
.byte 0x3e, 0x76, 0x3e, 0x76, 0x3e, 0x76, 0x3e, 0x76, 0x3e, 0x76, 0x3e, 0x76, 0x3e, 0x7e, 0x3e, 0x76
.byte 0x3e, 0x76, 0x3e, 0x76, 0x3e, 0x76, 0x3e, 0x76, 0x3e, 0x76, 0x3e, 0x76, 0x3e, 0x76, 0x7f, 0x7e
.byte 0x3b, 0x5d, 0x70, 0x12, 0x50, 0x12, 0x71, 0x12, 0x0f, 0x02, 0xf7, 0x84, 0xdf, 0xff, 0xff, 0xff
.byte 0xff, 0xff, 0xdc, 0xce, 0xb1, 0x1a, 0x91, 0x12, 0x91, 0x1a, 0x50, 0x12, 0x57, 0x44, 0x5f, 0x76
.byte 0x3e, 0x76, 0x1e, 0x76, 0x1e, 0x76, 0x1e, 0x76, 0x3e, 0x76, 0x3e, 0x76, 0x3e, 0x76, 0x3e, 0x76
.byte 0x3e, 0x76, 0x3e, 0x76, 0x3e, 0x76, 0x3e, 0x76, 0x3e, 0x76, 0x3e, 0x76, 0x3e, 0x7e, 0x3e, 0x7e
.byte 0x3e, 0x7e, 0x3e, 0x7e, 0x3e, 0x7e, 0x3e, 0x7e, 0x3e, 0x7e, 0x3e, 0x7e, 0x3e, 0x7e, 0x3e, 0x7e
.byte 0x3e, 0x7e, 0x3e, 0x7e, 0x3e, 0x7e, 0x3e, 0x76, 0x3e, 0x76, 0x3e, 0x7e, 0x3e, 0x7e, 0x3e, 0x7e
.byte 0x3e, 0x76, 0x3e, 0x7e, 0x3e, 0x7e, 0x3e, 0x7e, 0x3e, 0x76, 0x3e, 0x76, 0x3e, 0x76, 0x3e, 0x76
.byte 0x3e, 0x76, 0x3e, 0x76, 0x3e, 0x76, 0x3e, 0x76, 0x3e, 0x76, 0x3e, 0x76, 0x3e, 0x76, 0x3e, 0x76
.byte 0x3e, 0x76, 0x3e, 0x76, 0x3e, 0x76, 0x3e, 0x76, 0x3e, 0x76, 0x3e, 0x7e, 0x3e, 0x76, 0x3e, 0x7e
.byte 0x3e, 0x76, 0x3e, 0x76, 0x3e, 0x7e, 0x3e, 0x7e, 0x3e, 0x7e, 0x3e, 0x76, 0x3e, 0x7e, 0x3e, 0x7e
.byte 0x3e, 0x7e, 0x3e, 0x7e, 0x3e, 0x76, 0x3e, 0x76, 0x3e, 0x76, 0x3e, 0x76, 0x3e, 0x76, 0x3e, 0x76
.byte 0x3e, 0x76, 0x3e, 0x76, 0x3e, 0x76, 0x3e, 0x76, 0x3e, 0x76, 0x3e, 0x76, 0x3e, 0x76, 0x3e, 0x76
.byte 0x3e, 0x76, 0x3e, 0x76, 0x5f, 0x7e, 0x5f, 0x7e, 0x17, 0x44, 0x0f, 0x0a, 0x70, 0x12, 0x50, 0x12
.byte 0x2f, 0x12, 0x1a, 0xae, 0xff, 0xff, 0xff, 0xff, 0xff, 0xff, 0x1d, 0xdf, 0x12, 0x33, 0x50, 0x12
.byte 0x70, 0x1a, 0x0f, 0x0a, 0x53, 0x2b, 0xfd, 0x6d, 0x3f, 0x76, 0x1e, 0x6e, 0x3e, 0x76, 0x3e, 0x76
.byte 0x3e, 0x76, 0x3e, 0x76, 0x3e, 0x76, 0x3e, 0x7e, 0x3e, 0x76, 0x3e, 0x7e, 0x3e, 0x76, 0x3e, 0x76
.byte 0x3e, 0x7e, 0x3e, 0x7e, 0x3e, 0x7e, 0x3e, 0x7e, 0x3e, 0x7e, 0x3e, 0x7e, 0x3e, 0x7e, 0x5e, 0x7e
.byte 0x3e, 0x7e, 0x3e, 0x7e, 0x3e, 0x76, 0x3e, 0x7e, 0x3e, 0x7e, 0x3e, 0x7e, 0x3e, 0x7e, 0x3e, 0x76
.byte 0x3e, 0x76, 0x3e, 0x7e, 0x3e, 0x7e, 0x3e, 0x76, 0x3e, 0x7e, 0x3e, 0x7e, 0x3e, 0x76, 0x3e, 0x76
.byte 0x3e, 0x76, 0x3e, 0x76, 0x3e, 0x76, 0x3e, 0x76, 0x3e, 0x76, 0x3e, 0x76, 0x3e, 0x76, 0x3e, 0x76
.byte 0x3e, 0x76, 0x3e, 0x76, 0x3e, 0x76, 0x3e, 0x76, 0x3e, 0x7e, 0x3e, 0x7e, 0x3e, 0x76, 0x3e, 0x76
.byte 0x3e, 0x7e, 0x3e, 0x7e, 0x3e, 0x7e, 0x3e, 0x7e, 0x3e, 0x7e, 0x3e, 0x7e, 0x3e, 0x76, 0x3e, 0x76
.byte 0x3e, 0x7e, 0x3e, 0x7e, 0x3e, 0x7e, 0x3e, 0x7e, 0x3e, 0x76, 0x3e, 0x7e, 0x3e, 0x76, 0x3e, 0x76
.byte 0x3e, 0x76, 0x3e, 0x76, 0x3e, 0x76, 0x3e, 0x76, 0x3e, 0x76, 0x3e, 0x76, 0x3e, 0x76, 0x3e, 0x76
.byte 0x3e, 0x76, 0x3e, 0x76, 0x3e, 0x7e, 0x3e, 0x7e, 0x3e, 0x7e, 0x3e, 0x7e, 0x7f, 0x86, 0xdd, 0x75
.byte 0xf2, 0x22, 0x30, 0x12, 0x71, 0x1a, 0x10, 0x0a, 0xf1, 0x32, 0x3d, 0xdf, 0xff, 0xff, 0xff, 0xff
.byte 0xff, 0xff, 0x7e, 0xef, 0x35, 0x64, 0x0f, 0x0a, 0x70, 0x1a, 0x2f, 0x12, 0x4f, 0x12, 0xfa, 0x54
.byte 0x5f, 0x76, 0x1e, 0x6e, 0x1e, 0x76, 0x1e, 0x76, 0x3e, 0x76, 0x3e, 0x76, 0x3e, 0x7e, 0x3e, 0x7e
.byte 0x3e, 0x7e, 0x3e, 0x7e, 0x3e, 0x7e, 0x3e, 0x7e, 0x3e, 0x7e, 0x3e, 0x7e, 0x3e, 0x7e, 0x3e, 0x7e
.byte 0x3e, 0x7e, 0x3e, 0x7e, 0x3e, 0x7e, 0x3e, 0x7e, 0x3e, 0x76, 0x3e, 0x7e, 0x3e, 0x7e, 0x3e, 0x7e
.byte 0x3e, 0x7e, 0x3e, 0x7e, 0x3e, 0x7e, 0x3e, 0x7e, 0x3e, 0x7e, 0x3e, 0x7e, 0x3e, 0x7e, 0x3e, 0x7e
.byte 0x3e, 0x7e, 0x3e, 0x7e, 0x3e, 0x7e, 0x3e, 0x7e, 0x3e, 0x7e, 0x3e, 0x76, 0x3e, 0x7e, 0x3e, 0x76
.byte 0x3e, 0x7e, 0x3e, 0x76, 0x3e, 0x76, 0x3e, 0x76, 0x3e, 0x76, 0x3e, 0x76, 0x3e, 0x76, 0x3e, 0x76
.byte 0x3e, 0x76, 0x3e, 0x76, 0x3e, 0x76, 0x3e, 0x7e, 0x3e, 0x7e, 0x3e, 0x7e, 0x3e, 0x7e, 0x3e, 0x7e
.byte 0x3e, 0x7e, 0x3e, 0x7e, 0x3e, 0x76, 0x3e, 0x76, 0x3e, 0x76, 0x3e, 0x76, 0x3e, 0x76, 0x3e, 0x76
.byte 0x3e, 0x76, 0x3e, 0x76, 0x5e, 0x7e, 0x5e, 0x76, 0x3e, 0x7e, 0x3e, 0x76, 0x3e, 0x76, 0x3e, 0x76
.byte 0x3e, 0x76, 0x3e, 0x76, 0x3e, 0x76, 0x3e, 0x76, 0x3e, 0x76, 0x3e, 0x7e, 0x3e, 0x7e, 0x3e, 0x7e
.byte 0x3e, 0x7e, 0x5e, 0x7e, 0x7f, 0x86, 0x78, 0x4c, 0x50, 0x12, 0x71, 0x1a, 0x91, 0x12, 0x0f, 0x02
.byte 0x55, 0x64, 0xff, 0xff, 0xff, 0xff, 0xff, 0xff, 0xff, 0xff, 0xff, 0xff, 0x58, 0x95, 0x0f, 0x0a
.byte 0x2f, 0x12, 0x4f, 0x12, 0xee, 0x09, 0x54, 0x33, 0xfd, 0x6d, 0x3e, 0x76, 0x1e, 0x6e, 0x1e, 0x76
.byte 0x3e, 0x76, 0x3e, 0x7e, 0x3e, 0x7e, 0x3e, 0x7e, 0x3e, 0x7e, 0x3e, 0x7e, 0x3e, 0x7e, 0x3e, 0x7e
.byte 0x3e, 0x7e, 0x3e, 0x7e, 0x3e, 0x7e, 0x3e, 0x7e, 0x3e, 0x7e, 0x3e, 0x7e, 0x3e, 0x7e, 0x3e, 0x76
.byte 0x3e, 0x76, 0x3e, 0x76, 0x3e, 0x7e, 0x3e, 0x7e, 0x3e, 0x7e, 0x3e, 0x7e, 0x5e, 0x7e, 0x3e, 0x7e
.byte 0x3e, 0x7e, 0x3e, 0x7e, 0x3e, 0x76, 0x3e, 0x7e, 0x3e, 0x7e, 0x3e, 0x7e, 0x3e, 0x7e, 0x3e, 0x76
.byte 0x3e, 0x76, 0x3e, 0x76, 0x3e, 0x76, 0x3e, 0x7e, 0x3e, 0x7e, 0x3e, 0x7e, 0x3e, 0x7e, 0x3e, 0x7e
.byte 0x3e, 0x7e, 0x3e, 0x76, 0x3e, 0x76, 0x3e, 0x76, 0x3e, 0x7e, 0x3e, 0x7e, 0x3e, 0x7e, 0x3e, 0x7e
.byte 0x3e, 0x7e, 0x3e, 0x7e, 0x3e, 0x7e, 0x3e, 0x7e, 0x3e, 0x7e, 0x3e, 0x7e, 0x3e, 0x7e, 0x3e, 0x7e
.byte 0x3e, 0x7e, 0x3e, 0x76, 0x3e, 0x76, 0x3e, 0x76, 0x3e, 0x7e, 0x3e, 0x76, 0x5e, 0x76, 0x5e, 0x7e
.byte 0x3e, 0x7e, 0x3e, 0x7e, 0x3e, 0x76, 0x3e, 0x7e, 0x3e, 0x76, 0x3e, 0x76, 0x3e, 0x76, 0x3e, 0x76
.byte 0x3e, 0x76, 0x3e, 0x76, 0x3e, 0x76, 0x3e, 0x76, 0x3e, 0x76, 0x7f, 0x7e, 0x7b, 0x65, 0xb2, 0x1a
.byte 0x51, 0x12, 0x91, 0x1a, 0x51, 0x0a, 0x90, 0x1a, 0x1a, 0xae, 0xff, 0xff, 0xff, 0xff, 0xff, 0xff
.byte 0xff, 0xff, 0xff, 0xff, 0xdc, 0xce, 0x12, 0x33, 0xce, 0x01, 0x4f, 0x12, 0x2f, 0x12, 0x0f, 0x12
.byte 0x98, 0x4c, 0x3f, 0x76, 0x1e, 0x76, 0x1e, 0x76, 0x3e, 0x7e, 0x3e, 0x7e, 0x3e, 0x7e, 0x3e, 0x7e
.byte 0x3e, 0x7e, 0x3e, 0x7e, 0x3e, 0x7e, 0x3e, 0x7e, 0x3e, 0x7e, 0x3e, 0x7e, 0x3e, 0x7e, 0x3e, 0x7e
.byte 0x3e, 0x7e, 0x3e, 0x76, 0x3e, 0x7e, 0x3e, 0x7e, 0x3e, 0x76, 0x3e, 0x76, 0x3e, 0x76, 0x3e, 0x76
.byte 0x3e, 0x76, 0x3e, 0x76, 0x3e, 0x76, 0x3e, 0x7e, 0x3e, 0x7e, 0x3e, 0x76, 0x3e, 0x76, 0x3e, 0x7e
.byte 0x3e, 0x76, 0x3e, 0x76, 0x3e, 0x76, 0x3e, 0x76, 0x3e, 0x76, 0x3e, 0x76, 0x3e, 0x7e, 0x3e, 0x7e
.byte 0x3e, 0x7e, 0x3e, 0x7e, 0x3e, 0x7e, 0x3e, 0x76, 0x3e, 0x7e, 0x3e, 0x76, 0x3e, 0x76, 0x3e, 0x76
.byte 0x3e, 0x76, 0x3e, 0x7e, 0x3e, 0x7e, 0x3e, 0x7e, 0x3e, 0x7e, 0x3e, 0x7e, 0x3e, 0x7e, 0x3e, 0x7e
.byte 0x3e, 0x7e, 0x3e, 0x7e, 0x3e, 0x7e, 0x3e, 0x7e, 0x3e, 0x7e, 0x3e, 0x7e, 0x3e, 0x76, 0x3e, 0x76
.byte 0x3e, 0x7e, 0x3e, 0x7e, 0x3e, 0x76, 0x3e, 0x7e, 0x3e, 0x7e, 0x3e, 0x7e, 0x3e, 0x7e, 0x3e, 0x7e
.byte 0x3e, 0x7e, 0x3e, 0x7e, 0x3e, 0x76, 0x3e, 0x76, 0x3e, 0x76, 0x3e, 0x76, 0x1e, 0x76, 0x1e, 0x76
.byte 0x5f, 0x7e, 0xfd, 0x75, 0x54, 0x2b, 0x30, 0x0a, 0x71, 0x12, 0x71, 0x12, 0xef, 0x01, 0xd4, 0x53
.byte 0x7d, 0xe7, 0xff, 0xff, 0xff, 0xff, 0xff, 0xff, 0xff, 0xff, 0xff, 0xff, 0xbf, 0xf7, 0xf7, 0x7c
.byte 0xce, 0x01, 0x2f, 0x12, 0x4f, 0x12, 0x2f, 0x12, 0xb1, 0x1a, 0x5b, 0x65, 0x7f, 0x86, 0x3e, 0x7e
.byte 0x3e, 0x7e, 0x3e, 0x7e, 0x3e, 0x7e, 0x3e, 0x7e, 0x3e, 0x7e, 0x3e, 0x7e, 0x3e, 0x7e, 0x3e, 0x7e
.byte 0x3e, 0x7e, 0x3e, 0x7e, 0x3e, 0x7e, 0x3e, 0x7e, 0x3e, 0x76, 0x3e, 0x76, 0x3e, 0x76, 0x3e, 0x76
.byte 0x3e, 0x76, 0x3e, 0x76, 0x3e, 0x76, 0x3e, 0x76, 0x3e, 0x76, 0x3e, 0x76, 0x3e, 0x76, 0x3e, 0x7e
.byte 0x3e, 0x7e, 0x3e, 0x76, 0x3e, 0x76, 0x3e, 0x76, 0x3e, 0x76, 0x3e, 0x76, 0x3e, 0x76, 0x3e, 0x76
.byte 0x3e, 0x76, 0x3e, 0x7e, 0x3e, 0x7e, 0x3e, 0x76, 0x3e, 0x76, 0x3e, 0x76, 0x3e, 0x76, 0x3e, 0x76
.byte 0x3e, 0x76, 0x3e, 0x76, 0x3e, 0x76, 0x3e, 0x7e, 0x3e, 0x76, 0x3e, 0x76, 0x3e, 0x76, 0x3e, 0x76
.byte 0x3e, 0x76, 0x3e, 0x76, 0x3e, 0x7e, 0x3e, 0x7e, 0x3e, 0x76, 0x3e, 0x76, 0x3e, 0x7e, 0x3e, 0x7e
.byte 0x3e, 0x7e, 0x3e, 0x7e, 0x3e, 0x76, 0x3e, 0x7e, 0x3e, 0x76, 0x3e, 0x76, 0x3e, 0x76, 0x3e, 0x7e
.byte 0x3e, 0x76, 0x3e, 0x7e, 0x3e, 0x7e, 0x3e, 0x7e, 0x3e, 0x7e, 0x3e, 0x7e, 0x3e, 0x76, 0x3e, 0x76
.byte 0x3e, 0x76, 0x3e, 0x76, 0x1e, 0x76, 0x3f, 0x76, 0x1e, 0x76, 0xb5, 0x33, 0x2f, 0x12, 0x70, 0x12
.byte 0x71, 0x12, 0x30, 0x0a, 0x90, 0x1a, 0x1a, 0xae, 0x9d, 0xf7, 0xde, 0xff, 0xff, 0xff, 0xff, 0xff
.byte 0xff, 0xff, 0xff, 0xff, 0xff, 0xff, 0xbc, 0xce, 0x53, 0x43, 0xce, 0x01, 0x50, 0x12, 0x70, 0x1a
.byte 0x30, 0x12, 0x54, 0x2b, 0xdd, 0x75, 0x9f, 0x8e, 0x5e, 0x7e, 0x3e, 0x7e, 0x3e, 0x7e, 0x3e, 0x7e
.byte 0x3e, 0x7e, 0x3e, 0x7e, 0x3e, 0x7e, 0x3e, 0x7e, 0x3e, 0x76, 0x3e, 0x7e, 0x1e, 0x76, 0x3e, 0x76
.byte 0x3e, 0x76, 0x3e, 0x76, 0x3e, 0x76, 0x1e, 0x76, 0x3e, 0x76, 0x3e, 0x76, 0x3e, 0x76, 0x1e, 0x76
.byte 0x1e, 0x76, 0x3e, 0x76, 0x1e, 0x76, 0x3e, 0x76, 0x3e, 0x76, 0x3e, 0x76, 0x1e, 0x76, 0x3e, 0x7e
.byte 0x3e, 0x7e, 0x3e, 0x76, 0x3e, 0x7e, 0x1e, 0x76, 0x3e, 0x76, 0x3e, 0x76, 0x3e, 0x76, 0x3e, 0x76
.byte 0x3e, 0x76, 0x3e, 0x76, 0x3e, 0x76, 0x3e, 0x76, 0x3e, 0x76, 0x3e, 0x7e, 0x3e, 0x76, 0x3e, 0x7e
.byte 0x1e, 0x7e, 0x3e, 0x76, 0x3e, 0x76, 0x3e, 0x76, 0x1e, 0x76, 0x1e, 0x76, 0x3e, 0x76, 0x3e, 0x76
.byte 0x3e, 0x76, 0x3e, 0x76, 0x3e, 0x76, 0x3e, 0x76, 0x3e, 0x76, 0x1e, 0x76, 0x3e, 0x76, 0x3e, 0x76
.byte 0x3e, 0x76, 0x3e, 0x76, 0x3e, 0x76, 0x3e, 0x76, 0x3e, 0x76, 0x3e, 0x7e, 0x3e, 0x7e, 0x3e, 0x7e
.byte 0x3e, 0x7e, 0x3e, 0x7e, 0x3e, 0x7e, 0x3e, 0x76, 0x3e, 0x76, 0x3e, 0x76, 0x5f, 0x7e, 0xfe, 0x75
.byte 0xb5, 0x3b, 0x0f, 0x12, 0x2f, 0x12, 0x70, 0x1a, 0x50, 0x12, 0x0f, 0x0a, 0x96, 0x74, 0xbf, 0xf7
.byte 0x9e, 0xf7, 0xff, 0xff, 0xff, 0xff, 0xff, 0xff, 0xff, 0xff, 0xff, 0xff, 0xff, 0xff, 0xff, 0xff
.byte 0x78, 0x95, 0x70, 0x1a, 0x0f, 0x0a, 0x71, 0x1a, 0x91, 0x1a, 0x71, 0x12, 0x54, 0x2b, 0x7b, 0x6d
.byte 0x9f, 0x8e, 0x7f, 0x86, 0x5e, 0x7e, 0x3e, 0x7e, 0x3e, 0x7e, 0x3e, 0x7e, 0x3e, 0x76, 0x3e, 0x76
.byte 0x1e, 0x76, 0x1e, 0x76, 0x1e, 0x76, 0x1e, 0x76, 0x3e, 0x76, 0x3e, 0x76, 0x3e, 0x76, 0x1e, 0x76
.byte 0x3e, 0x76, 0x3e, 0x76, 0x3e, 0x76, 0x1e, 0x76, 0x1e, 0x76, 0x3e, 0x76, 0x3e, 0x76, 0x3e, 0x76
.byte 0x3e, 0x76, 0x3e, 0x76, 0x3e, 0x76, 0x3e, 0x7e, 0x3e, 0x76, 0x3e, 0x76, 0x3e, 0x76, 0x3e, 0x7e
.byte 0x3e, 0x76, 0x3e, 0x76, 0x1e, 0x76, 0x1e, 0x76, 0x3e, 0x76, 0x1e, 0x76, 0x1e, 0x76, 0x3e, 0x76
.byte 0x3e, 0x76, 0x3e, 0x76, 0x3e, 0x76, 0x3e, 0x7e, 0x3e, 0x76, 0x3e, 0x76, 0x3e, 0x76, 0x3e, 0x76
.byte 0x3e, 0x76, 0x3e, 0x76, 0x3e, 0x76, 0x3e, 0x76, 0x1e, 0x76, 0x3e, 0x76, 0x3e, 0x76, 0x3e, 0x76
.byte 0x3e, 0x76, 0x1e, 0x76, 0x1e, 0x76, 0x3e, 0x76, 0x3e, 0x76, 0x1e, 0x76, 0x3e, 0x76, 0x3e, 0x76
.byte 0x1e, 0x76, 0x1e, 0x76, 0x3e, 0x7e, 0x3e, 0x7e, 0x3e, 0x7e, 0x3e, 0x7e, 0x3e, 0x7e, 0x3e, 0x7e
.byte 0x5f, 0x86, 0x9f, 0x86, 0xbc, 0x6d, 0x94, 0x33, 0x2f, 0x12, 0x30, 0x12, 0x50, 0x1a, 0x2f, 0x12
.byte 0xce, 0x01, 0x72, 0x43, 0x3d, 0xdf, 0x9e, 0xf7, 0xff, 0xff, 0xff, 0xff, 0xff, 0xff, 0xff, 0xff
.byte 0xff, 0xff, 0xff, 0xff, 0xff, 0xff, 0xff, 0xff, 0xbf, 0xef, 0x17, 0x85, 0x50, 0x12, 0x71, 0x12
.byte 0xb2, 0x1a, 0x91, 0x12, 0x51, 0x12, 0xd2, 0x1a, 0xb8, 0x54, 0x3e, 0x7e, 0x9f, 0x8e, 0x7f, 0x86
.byte 0x5f, 0x7e, 0x5e, 0x7e, 0x3e, 0x76, 0x3e, 0x76, 0x3e, 0x76, 0x3e, 0x76, 0x3e, 0x76, 0x3e, 0x76
.byte 0x3e, 0x76, 0x3e, 0x76, 0x3e, 0x76, 0x3e, 0x76, 0x3e, 0x76, 0x3e, 0x76, 0x3e, 0x76, 0x3e, 0x76
.byte 0x3e, 0x76, 0x3e, 0x76, 0x3e, 0x76, 0x3e, 0x76, 0x5e, 0x76, 0x3e, 0x76, 0x3e, 0x7e, 0x3e, 0x7e
.byte 0x3e, 0x76, 0x3e, 0x7e, 0x3e, 0x7e, 0x3e, 0x7e, 0x3e, 0x7e, 0x3e, 0x76, 0x3e, 0x76, 0x3e, 0x76
.byte 0x3e, 0x76, 0x3e, 0x76, 0x3e, 0x76, 0x3e, 0x76, 0x3e, 0x76, 0x3e, 0x76, 0x3e, 0x76, 0x3e, 0x7e
.byte 0x3e, 0x7e, 0x3e, 0x7e, 0x5e, 0x76, 0x3e, 0x76, 0x3e, 0x76, 0x5e, 0x76, 0x3e, 0x76, 0x3e, 0x76
.byte 0x3e, 0x76, 0x3e, 0x76, 0x3e, 0x76, 0x3e, 0x76, 0x3e, 0x76, 0x3e, 0x76, 0x3e, 0x76, 0x3e, 0x76
.byte 0x3e, 0x76, 0x3e, 0x76, 0x3e, 0x76, 0x3e, 0x76, 0x3e, 0x76, 0x3e, 0x76, 0x5e, 0x7e, 0x5e, 0x7e
.byte 0x5e, 0x7e, 0x5f, 0x86, 0x7f, 0x86, 0x9f, 0x86, 0x3e, 0x7e, 0xd9, 0x54, 0xf3, 0x22, 0x30, 0x0a
.byte 0x70, 0x12, 0x71, 0x12, 0x50, 0x12, 0xce, 0x01, 0xf1, 0x32, 0xfd, 0xce, 0xde, 0xf7, 0xbe, 0xf7
.byte 0xff, 0xff, 0xff, 0xff, 0xff, 0xff, 0xff, 0xff, 0xff, 0xff, 0xff, 0xff, 0xff, 0xff, 0xff, 0xff
.byte 0xff, 0xff, 0x5d, 0xe7, 0x76, 0x6c, 0x51, 0x12, 0x92, 0x12, 0x91, 0x1a, 0x91, 0x1a, 0x71, 0x12
.byte 0x71, 0x12, 0x74, 0x2b, 0xd9, 0x5c, 0xdc, 0x75, 0x3e, 0x7e, 0x5f, 0x7e, 0x3e, 0x76, 0x3e, 0x76
.byte 0x3e, 0x76, 0x3e, 0x76, 0x3f, 0x76, 0x3e, 0x76, 0x3e, 0x76, 0x3e, 0x76, 0x3f, 0x7e, 0x5f, 0x7e
.byte 0x5e, 0x7e, 0x3e, 0x7e, 0x5f, 0x7e, 0x5f, 0x7e, 0x5f, 0x7e, 0x5f, 0x7e, 0x5f, 0x7e, 0x5f, 0x7e
.byte 0x5f, 0x7e, 0x5f, 0x7e, 0x5f, 0x7e, 0x5f, 0x7e, 0x5f, 0x7e, 0x5f, 0x7e, 0x5f, 0x7e, 0x5f, 0x7e
.byte 0x3f, 0x7e, 0x5f, 0x7e, 0x3f, 0x7e, 0x5f, 0x7e, 0x5f, 0x7e, 0x5f, 0x7e, 0x5f, 0x7e, 0x5f, 0x7e
.byte 0x5f, 0x7e, 0x5f, 0x7e, 0x5f, 0x7e, 0x5f, 0x7e, 0x5f, 0x7e, 0x5f, 0x7e, 0x5f, 0x7e, 0x5f, 0x7e
.byte 0x5f, 0x7e, 0x5f, 0x7e, 0x5f, 0x7e, 0x5f, 0x7e, 0x5f, 0x7e, 0x5f, 0x7e, 0x5f, 0x7e, 0x5f, 0x7e
.byte 0x5f, 0x7e, 0x5f, 0x7e, 0x5f, 0x7e, 0x3f, 0x76, 0x3f, 0x76, 0x5f, 0x76, 0x5f, 0x7e, 0x5f, 0x76
.byte 0x5f, 0x7e, 0x5f, 0x7e, 0x5f, 0x7e, 0x5f, 0x7e, 0x5f, 0x86, 0x3e, 0x7e, 0xbc, 0x75, 0xb9, 0x54
.byte 0x54, 0x2b, 0x71, 0x12, 0x71, 0x12, 0x91, 0x12, 0x91, 0x12, 0x71, 0x12, 0xef, 0x01, 0x11, 0x3b
.byte 0xdc, 0xce, 0xff, 0xff, 0xff, 0xff, 0xff, 0xff, 0xff, 0xff, 0xff, 0xff, 0xff, 0xff, 0xff, 0xff
.byte 0xff, 0xff, 0xff, 0xff, 0xff, 0xff, 0xff, 0xff, 0xff, 0xff, 0xff, 0xff, 0x1d, 0xdf, 0x97, 0x74
.byte 0x51, 0x12, 0x51, 0x0a, 0x92, 0x1a, 0x91, 0x12, 0x92, 0x12, 0x71, 0x12, 0x71, 0x12, 0xf2, 0x22
.byte 0x95, 0x33, 0x17, 0x44, 0x58, 0x44, 0x78, 0x4c, 0x78, 0x4c, 0x78, 0x4c, 0x78, 0x4c, 0x78, 0x4c
.byte 0x78, 0x4c, 0x78, 0x4c, 0x99, 0x4c, 0x99, 0x54, 0x99, 0x54, 0x99, 0x54, 0x99, 0x54, 0x99, 0x54
.byte 0x99, 0x54, 0x99, 0x54, 0x99, 0x54, 0x99, 0x54, 0x99, 0x54, 0x99, 0x54, 0x99, 0x54, 0x99, 0x4c
.byte 0x99, 0x54, 0x99, 0x54, 0x99, 0x54, 0x99, 0x54, 0x99, 0x4c, 0x99, 0x54, 0x99, 0x4c, 0x99, 0x4c
.byte 0x99, 0x54, 0x99, 0x54, 0x99, 0x54, 0x99, 0x4c, 0x98, 0x4c, 0x98, 0x4c, 0x99, 0x4c, 0x79, 0x4c
.byte 0x79, 0x4c, 0x99, 0x4c, 0x99, 0x54, 0x99, 0x54, 0x99, 0x54, 0x99, 0x54, 0xb9, 0x54, 0x99, 0x54
.byte 0x99, 0x54, 0x99, 0x54, 0x99, 0x54, 0x99, 0x54, 0x99, 0x4c, 0x79, 0x4c, 0x79, 0x4c, 0x79, 0x4c
.byte 0x79, 0x4c, 0x78, 0x4c, 0x78, 0x4c, 0x79, 0x4c, 0x79, 0x4c, 0x99, 0x4c, 0x99, 0x54, 0x98, 0x54
.byte 0x37, 0x4c, 0x95, 0x33, 0xd3, 0x1a, 0x71, 0x12, 0x71, 0x12, 0x92, 0x12, 0x92, 0x12, 0x92, 0x12
.byte 0x51, 0x0a, 0x0f, 0x0a, 0x92, 0x4b, 0x3d, 0xdf, 0xff, 0xff, 0xff, 0xff, 0xff, 0xff, 0xff, 0xff
.byte 0xff, 0xff, 0xff, 0xff, 0xff, 0xff, 0xff, 0xff, 0xff, 0xff, 0xff, 0xff, 0xff, 0xff, 0xff, 0xff
.byte 0xff, 0xff, 0xff, 0xff, 0xff, 0xff, 0x3d, 0xdf, 0x39, 0x85, 0x91, 0x1a, 0x31, 0x02, 0x91, 0x12
.byte 0xb2, 0x1a, 0x91, 0x1a, 0x91, 0x1a, 0x50, 0x12, 0x0f, 0x0a, 0x0f, 0x0a, 0x2f, 0x0a, 0x2f, 0x12
.byte 0x2f, 0x12, 0x2f, 0x12, 0x2f, 0x12, 0x30, 0x12, 0x30, 0x12, 0x50, 0x12, 0x71, 0x12, 0x71, 0x12
.byte 0x71, 0x12, 0x71, 0x12, 0x71, 0x12, 0x71, 0x12, 0x51, 0x12, 0x51, 0x12, 0x51, 0x12, 0x50, 0x12
.byte 0x50, 0x0a, 0x30, 0x0a, 0x30, 0x12, 0x30, 0x0a, 0x30, 0x12, 0x30, 0x12, 0x50, 0x0a, 0x50, 0x12
.byte 0x50, 0x12, 0x50, 0x12, 0x50, 0x12, 0x50, 0x0a, 0x50, 0x12, 0x50, 0x12, 0x30, 0x0a, 0x30, 0x0a
.byte 0x50, 0x0a, 0x50, 0x12, 0x50, 0x0a, 0x50, 0x0a, 0x50, 0x0a, 0x50, 0x0a, 0x50, 0x12, 0x50, 0x12
.byte 0x71, 0x12, 0x71, 0x12, 0x71, 0x12, 0x71, 0x12, 0x71, 0x12, 0x71, 0x12, 0x51, 0x12, 0x51, 0x12
.byte 0x50, 0x12, 0x51, 0x12, 0x51, 0x12, 0x50, 0x12, 0x30, 0x12, 0x30, 0x0a, 0x30, 0x0a, 0x30, 0x0a
.byte 0x30, 0x12, 0x30, 0x12, 0x50, 0x12, 0x30, 0x12, 0x30, 0x0a, 0x30, 0x0a, 0x51, 0x12, 0x92, 0x12
.byte 0x92, 0x12, 0x92, 0x12, 0x92, 0x12, 0x31, 0x02, 0x70, 0x12, 0x96, 0x74, 0x7e, 0xe7, 0xff, 0xff
.byte 0xff, 0xff, 0xff, 0xff, 0xff, 0xff, 0xff, 0xff, 0xff, 0xff, 0xff, 0xff, 0xff, 0xff, 0xff, 0xff
.byte 0xff, 0xff, 0xff, 0xff, 0xff, 0xff, 0xff, 0xff, 0xff, 0xff, 0xff, 0xff, 0xff, 0xff, 0xff, 0xff
.byte 0xbe, 0xef, 0xb9, 0x9d, 0x53, 0x3b, 0x10, 0x02, 0x30, 0x0a, 0x71, 0x12, 0x90, 0x1a, 0x70, 0x1a
.byte 0x70, 0x1a, 0x70, 0x1a, 0x70, 0x12, 0x70, 0x1a, 0x70, 0x1a, 0x70, 0x1a, 0x70, 0x1a, 0x91, 0x12
.byte 0x91, 0x12, 0x91, 0x12, 0xb1, 0x12, 0x91, 0x12, 0x91, 0x12, 0x92, 0x12, 0x91, 0x12, 0x91, 0x12
.byte 0x91, 0x1a, 0x91, 0x1a, 0x91, 0x12, 0x71, 0x1a, 0x71, 0x12, 0x71, 0x12, 0x71, 0x12, 0x71, 0x12
.byte 0x70, 0x12, 0x71, 0x1a, 0x71, 0x12, 0x71, 0x1a, 0x91, 0x1a, 0x91, 0x12, 0x91, 0x1a, 0x71, 0x12
.byte 0x91, 0x12, 0x71, 0x12, 0x71, 0x12, 0x70, 0x12, 0x70, 0x12, 0x70, 0x12, 0x70, 0x12, 0x71, 0x12
.byte 0x91, 0x12, 0x91, 0x12, 0x91, 0x12, 0x91, 0x12, 0x91, 0x1a, 0x91, 0x12, 0x91, 0x12, 0x91, 0x12
.byte 0xb1, 0x12, 0x91, 0x12, 0x91, 0x12, 0x71, 0x12, 0x91, 0x12, 0x91, 0x12, 0x71, 0x12, 0x91, 0x12
.byte 0x71, 0x12, 0x71, 0x12, 0x71, 0x12, 0x70, 0x12, 0x50, 0x1a, 0x70, 0x1a, 0x71, 0x12, 0x71, 0x12
.byte 0x91, 0x1a, 0x91, 0x1a, 0x91, 0x1a, 0x91, 0x12, 0x71, 0x12, 0x30, 0x02, 0x50, 0x0a, 0x73, 0x3b
.byte 0x3b, 0xb6, 0xff, 0xff, 0xff, 0xff, 0xff, 0xff, 0xff, 0xff, 0xff, 0xff, 0xff, 0xff, 0xff, 0xff
.byte 0xff, 0xff, 0xff, 0xff, 0xff, 0xff, 0xff, 0xff, 0xff, 0xff, 0xff, 0xff, 0xff, 0xff, 0xff, 0xff
.byte 0xff, 0xff, 0xff, 0xff, 0xff, 0xff, 0xff, 0xff, 0xff, 0xff, 0xff, 0xff, 0x9b, 0xc6, 0xf7, 0x7c
.byte 0xb1, 0x22, 0xee, 0x09, 0xce, 0x01, 0x0f, 0x0a, 0x30, 0x12, 0x50, 0x12, 0x70, 0x12, 0x70, 0x12
.byte 0x91, 0x1a, 0x91, 0x12, 0x91, 0x12, 0x91, 0x12, 0x91, 0x12, 0x91, 0x12, 0x91, 0x12, 0x91, 0x1a
.byte 0x91, 0x1a, 0x91, 0x12, 0x91, 0x12, 0x91, 0x1a, 0x91, 0x1a, 0x71, 0x1a, 0x71, 0x1a, 0x71, 0x1a
.byte 0x71, 0x1a, 0x70, 0x1a, 0x70, 0x1a, 0x71, 0x1a, 0x70, 0x1a, 0x70, 0x1a, 0x70, 0x1a, 0x70, 0x1a
.byte 0x71, 0x1a, 0x71, 0x1a, 0x71, 0x1a, 0x71, 0x12, 0x71, 0x12, 0x91, 0x12, 0x71, 0x12, 0x70, 0x12
.byte 0x70, 0x12, 0x70, 0x12, 0x71, 0x12, 0x70, 0x12, 0x90, 0x12, 0x91, 0x12, 0x91, 0x12, 0x91, 0x12
.byte 0x71, 0x12, 0x91, 0x12, 0x91, 0x12, 0x91, 0x12, 0x91, 0x12, 0x91, 0x12, 0x91, 0x12, 0x91, 0x12
.byte 0x91, 0x12, 0x91, 0x12, 0x71, 0x12, 0x71, 0x12, 0x71, 0x12, 0x71, 0x12, 0x71, 0x12, 0x71, 0x12
.byte 0x70, 0x12, 0x70, 0x12, 0x70, 0x12, 0x50, 0x12, 0x50, 0x12, 0x30, 0x12, 0x0f, 0x0a, 0x0f, 0x0a
.byte 0x50, 0x12, 0x33, 0x3b, 0x18, 0x85, 0x5e, 0xdf, 0xff, 0xff, 0xff, 0xff, 0xff, 0xff, 0xff, 0xff
.byte 0xff, 0xff, 0xff, 0xff, 0xff, 0xff, 0xff, 0xff, 0xff, 0xff, 0xff, 0xff, 0xff, 0xff, 0xff, 0xff
.byte 0xff, 0xff, 0xff, 0xff, 0xff, 0xff, 0xff, 0xff, 0xff, 0xff, 0xff, 0xff, 0xff, 0xff, 0xff, 0xff
.byte 0xff, 0xff, 0xff, 0xff, 0xff, 0xff, 0x9e, 0xef, 0x3b, 0xb6, 0xf7, 0x7c, 0x93, 0x4b, 0xd0, 0x2a
.byte 0x4f, 0x1a, 0x0e, 0x12, 0x0e, 0x0a, 0x0f, 0x0a, 0x0f, 0x0a, 0x2f, 0x0a, 0x30, 0x0a, 0x30, 0x0a
.byte 0x30, 0x0a, 0x30, 0x0a, 0x2f, 0x0a, 0x0f, 0x0a, 0x0f, 0x0a, 0x0f, 0x0a, 0x0f, 0x0a, 0x0f, 0x0a
.byte 0x0f, 0x0a, 0xef, 0x09, 0xee, 0x09, 0xee, 0x09, 0xee, 0x09, 0x0f, 0x0a, 0x0f, 0x0a, 0x0f, 0x0a
.byte 0x0f, 0x0a, 0xee, 0x09, 0x0f, 0x0a, 0x0f, 0x0a, 0x0f, 0x0a, 0x0f, 0x0a, 0x0f, 0x0a, 0x2f, 0x0a
.byte 0x2f, 0x0a, 0x2f, 0x0a, 0x2f, 0x0a, 0x0f, 0x0a, 0x0f, 0x0a, 0x0f, 0x0a, 0x0f, 0x0a, 0x0f, 0x0a
.byte 0x0f, 0x0a, 0x0f, 0x0a, 0x0f, 0x0a, 0x0f, 0x0a, 0x0f, 0x0a, 0x0f, 0x0a, 0x0f, 0x0a, 0x2f, 0x0a
.byte 0x2f, 0x0a, 0x30, 0x0a, 0x2f, 0x0a, 0x2f, 0x0a, 0x2f, 0x0a, 0x0f, 0x0a, 0x0f, 0x0a, 0x0f, 0x0a
.byte 0x0f, 0x0a, 0x0f, 0x0a, 0x0f, 0x0a, 0x0f, 0x0a, 0x0f, 0x0a, 0x0f, 0x0a, 0x0e, 0x0a, 0x0e, 0x0a
.byte 0x2f, 0x12, 0x90, 0x22, 0x52, 0x3b, 0x35, 0x64, 0x99, 0x9d, 0x1d, 0xd7, 0x5d, 0xef, 0xff, 0xff
.byte 0xff, 0xff, 0xff, 0xff, 0xff, 0xff, 0xff, 0xff, 0xff, 0xff, 0xff, 0xff, 0xff, 0xff, 0xff, 0xff
.byte 0xff, 0xff, 0xff, 0xff, 0xff, 0xff, 0xff, 0xff, 0xff, 0xff, 0xff, 0xff, 0xff, 0xff, 0xff, 0xff
.byte 0xff, 0xff, 0xff, 0xff, 0xff, 0xff, 0xff, 0xff, 0xff, 0xff, 0xff, 0xff, 0xff, 0xff, 0xff, 0xff
.byte 0xff, 0xff, 0xbe, 0xef, 0x3d, 0xdf, 0x1d, 0xdf, 0x7b, 0xbe, 0xf9, 0xa5, 0x99, 0x95, 0x78, 0x95
.byte 0x78, 0x95, 0x99, 0x9d, 0x99, 0x9d, 0x78, 0x8d, 0x18, 0x85, 0x18, 0x85, 0x17, 0x85, 0xf7, 0x84
.byte 0xf7, 0x84, 0xf7, 0x84, 0xf7, 0x84, 0xd6, 0x7c, 0xf7, 0x7c, 0x38, 0x8d, 0x58, 0x8d, 0x58, 0x8d
.byte 0x58, 0x95, 0x58, 0x95, 0x78, 0x95, 0x78, 0x95, 0x78, 0x95, 0x78, 0x8d, 0x17, 0x85, 0xf7, 0x84
.byte 0x17, 0x85, 0x17, 0x85, 0x37, 0x8d, 0x37, 0x8d, 0x38, 0x8d, 0x37, 0x8d, 0x17, 0x85, 0x78, 0x95
.byte 0x99, 0x9d, 0x78, 0x95, 0x78, 0x95, 0x78, 0x95, 0x78, 0x95, 0x78, 0x95, 0x78, 0x95, 0x78, 0x95
.byte 0x37, 0x8d, 0xd7, 0x7c, 0xf7, 0x84, 0x17, 0x85, 0x17, 0x85, 0x18, 0x85, 0x38, 0x8d, 0x38, 0x8d
.byte 0x38, 0x8d, 0x38, 0x8d, 0x98, 0x9d, 0x78, 0x95, 0x78, 0x9d, 0x79, 0x95, 0x78, 0x95, 0x78, 0x95
.byte 0x78, 0x95, 0x78, 0x95, 0x78, 0x95, 0x57, 0x8d, 0x78, 0x9d, 0x1a, 0xb6, 0xdc, 0xce, 0xfc, 0xde
.byte 0xbe, 0xf7, 0xff, 0xff, 0xdf, 0xff, 0xff, 0xff, 0xff, 0xff, 0xff, 0xff, 0xff, 0xff, 0xff, 0xff
.byte 0xff, 0xff, 0xff, 0xff, 0xff, 0xff, 0xff, 0xff, 0xff, 0xff, 0xff, 0xff, 0xff, 0xff, 0xff, 0xff
.byte 0xff, 0xff, 0xff, 0xff, 0xff, 0xff, 0xff, 0xff, 0xff, 0xff, 0xff, 0xff, 0xff, 0xff, 0xff, 0xff
.byte 0xff, 0xff, 0xff, 0xff, 0xff, 0xff, 0xff, 0xff, 0xff, 0xff, 0xff, 0xff, 0xff, 0xff, 0xff, 0xff
.byte 0xff, 0xff, 0xff, 0xff, 0xff, 0xff, 0xff, 0xff, 0xff, 0xff, 0xff, 0xff, 0xff, 0xff, 0xff, 0xff
.byte 0x7e, 0xef, 0x3d, 0xef, 0x5d, 0xef, 0x5d, 0xef, 0x5d, 0xef, 0x5d, 0xef, 0x7d, 0xef, 0x7d, 0xef
.byte 0x9e, 0xf7, 0xff, 0xff, 0xff, 0xff, 0xff, 0xff, 0xff, 0xff, 0xff, 0xff, 0xff, 0xff, 0xff, 0xff
.byte 0xff, 0xff, 0xff, 0xff, 0x7d, 0xef, 0x3c, 0xe7, 0x5d, 0xef, 0x7d, 0xef, 0x9e, 0xf7, 0x9e, 0xef
.byte 0x9e, 0xf7, 0x9e, 0xf7, 0xbe, 0xf7, 0xff, 0xff, 0xff, 0xff, 0xff, 0xff, 0xff, 0xff, 0xff, 0xff
.byte 0xff, 0xff, 0xff, 0xff, 0xff, 0xff, 0xff, 0xff, 0xdf, 0xff, 0x7d, 0xef, 0x9e, 0xef, 0x9e, 0xf7
.byte 0xbe, 0xf7, 0xbf, 0xf7, 0xbf, 0xf7, 0xdf, 0xf7, 0xdf, 0xff, 0xdf, 0xff, 0xff, 0xff, 0xff, 0xff
.byte 0xff, 0xff, 0xff, 0xff, 0xff, 0xff, 0xff, 0xff, 0xff, 0xff, 0xff, 0xff, 0xff, 0xff, 0xff, 0xff
.byte 0xff, 0xff, 0xff, 0xff, 0xff, 0xff, 0xff, 0xff, 0xff, 0xff, 0xff, 0xff, 0xff, 0xff, 0xff, 0xff
.byte 0xff, 0xff, 0xff, 0xff, 0xff, 0xff, 0xff, 0xff, 0xff, 0xff, 0xff, 0xff, 0xff, 0xff, 0xff, 0xff
.byte 0xff, 0xff, 0xff, 0xff, 0xff, 0xff, 0xff, 0xff, 0xff, 0xff, 0xff, 0xff, 0xff, 0xff, 0xff, 0xff
.byte 0xff, 0xff, 0xff, 0xff, 0xff, 0xff, 0xff, 0xff, 0xff, 0xff, 0xff, 0xff, 0xff, 0xff, 0xff, 0xff
.byte 0xff, 0xff, 0xff, 0xff, 0xff, 0xff, 0xff, 0xff, 0xff, 0xff, 0xff, 0xff, 0xff, 0xff, 0xff, 0xff
.byte 0xff, 0xff, 0xff, 0xff, 0xff, 0xff, 0xff, 0xff, 0xff, 0xff, 0xff, 0xff, 0xff, 0xff, 0xff, 0xff
.byte 0xff, 0xff, 0xff, 0xff, 0xff, 0xff, 0xff, 0xff, 0xff, 0xff, 0xff, 0xff, 0xff, 0xff, 0xff, 0xff
.byte 0xff, 0xff, 0xff, 0xff, 0xff, 0xff, 0xff, 0xff, 0xff, 0xff, 0xff, 0xff, 0xff, 0xff, 0xff, 0xff
.byte 0xff, 0xff, 0xff, 0xff, 0xff, 0xff, 0xff, 0xff, 0xff, 0xff, 0xff, 0xff, 0xff, 0xff, 0xff, 0xff
.byte 0xff, 0xff, 0xff, 0xff, 0xff, 0xff, 0xff, 0xff, 0xff, 0xff, 0xff, 0xff, 0xff, 0xff, 0xff, 0xff
.byte 0xff, 0xff, 0xff, 0xff, 0xff, 0xff, 0xff, 0xff, 0xff, 0xff, 0xff, 0xff, 0xff, 0xff, 0xff, 0xff
.byte 0xff, 0xff, 0xff, 0xff, 0xff, 0xff, 0xff, 0xff, 0xff, 0xff, 0xff, 0xff, 0xff, 0xff, 0xff, 0xff
.byte 0xff, 0xff, 0xff, 0xff, 0xff, 0xff, 0xff, 0xff, 0xff, 0xff, 0xff, 0xff, 0xff, 0xff, 0xff, 0xff
.byte 0xff, 0xff, 0xff, 0xff, 0xff, 0xff, 0xff, 0xff, 0xff, 0xff, 0xff, 0xff, 0xff, 0xff, 0xff, 0xff
.byte 0xff, 0xff, 0xff, 0xff, 0xff, 0xff, 0xff, 0xff, 0xff, 0xff, 0xff, 0xff, 0xff, 0xff, 0xff, 0xff
.byte 0xff, 0xff, 0xff, 0xff, 0xff, 0xff, 0xff, 0xff, 0xff, 0xff, 0xff, 0xff, 0xff, 0xff, 0xff, 0xff
.byte 0xff, 0xff, 0xff, 0xff, 0xff, 0xff, 0xff, 0xff, 0xff, 0xff, 0xff, 0xff, 0xff, 0xff, 0xff, 0xff
.byte 0xff, 0xff, 0xff, 0xff, 0xff, 0xff, 0xff, 0xff, 0xff, 0xff, 0xff, 0xff, 0xff, 0xff, 0xff, 0xff
.byte 0xff, 0xff, 0xff, 0xff, 0xff, 0xff, 0xff, 0xff, 0xff, 0xff, 0xff, 0xff, 0xff, 0xff, 0xff, 0xff
.byte 0xff, 0xff, 0xff, 0xff, 0xff, 0xff, 0xff, 0xff, 0xff, 0xff, 0xff, 0xff, 0xff, 0xff, 0xff, 0xff
.byte 0xff, 0xff, 0xff, 0xff, 0xff, 0xff, 0xff, 0xff, 0xff, 0xff, 0xff, 0xff, 0xff, 0xff, 0xff, 0xff
.byte 0xff, 0xff, 0xff, 0xff, 0xff, 0xff, 0xff, 0xff, 0xff, 0xff, 0xff, 0xff, 0xff, 0xff, 0xff, 0xff
.byte 0xff, 0xff, 0xff, 0xff, 0xff, 0xff, 0xff, 0xff, 0xff, 0xff, 0xff, 0xff, 0xff, 0xff, 0xff, 0xff
.byte 0xff, 0xff, 0xff, 0xff, 0xff, 0xff, 0xff, 0xff, 0xff, 0xff, 0xff, 0xff, 0xff, 0xff, 0xff, 0xff
.byte 0xff, 0xff, 0xff, 0xff, 0xff, 0xff, 0xff, 0xff, 0xff, 0xff, 0xff, 0xff, 0xff, 0xff, 0xff, 0xff
.byte 0xff, 0xff, 0xff, 0xff, 0xff, 0xff, 0xff, 0xff, 0xff, 0xff, 0xff, 0xff, 0xff, 0xff, 0xff, 0xff
.byte 0xff, 0xff, 0xff, 0xff, 0xff, 0xff, 0xff, 0xff, 0xff, 0xff, 0xff, 0xff, 0xff, 0xff, 0xff, 0xff
.byte 0xff, 0xff, 0xff, 0xff, 0xff, 0xff, 0xff, 0xff, 0xff, 0xff, 0xff, 0xff, 0xff, 0xff, 0xff, 0xff
.byte 0xff, 0xff, 0xff, 0xff, 0xff, 0xff, 0xff, 0xff, 0xff, 0xff, 0xff, 0xff, 0xff, 0xff, 0xff, 0xff
.byte 0xff, 0xff, 0xff, 0xff, 0xff, 0xff, 0xff, 0xff, 0xff, 0xff, 0xff, 0xff, 0xff, 0xff, 0xff, 0xff
.byte 0xff, 0xff, 0xff, 0xff, 0xff, 0xff, 0xff, 0xff, 0xff, 0xff, 0xff, 0xff, 0xff, 0xff, 0xff, 0xff
.byte 0xff, 0xff, 0xff, 0xff, 0xff, 0xff, 0xff, 0xff, 0xff, 0xff, 0xff, 0xff, 0xff, 0xff, 0xff, 0xff
.byte 0xff, 0xff, 0xff, 0xff, 0xff, 0xff, 0xff, 0xff, 0xff, 0xff, 0xff, 0xff, 0xff, 0xff, 0xff, 0xff
.byte 0xff, 0xff, 0xff, 0xff, 0xff, 0xff, 0xff, 0xff, 0xff, 0xff, 0xff, 0xff, 0xff, 0xff, 0xff, 0xff
.byte 0xff, 0xff, 0xff, 0xff, 0xff, 0xff, 0xff, 0xff, 0xff, 0xff, 0xff, 0xff, 0xff, 0xff, 0xff, 0xff
.byte 0xff, 0xff, 0xff, 0xff, 0xff, 0xff, 0xff, 0xff, 0xff, 0xff, 0xff, 0xff, 0xff, 0xff, 0xff, 0xff
.byte 0xff, 0xff, 0xff, 0xff, 0xff, 0xff, 0xff, 0xff, 0xff, 0xff, 0xff, 0xff, 0xff, 0xff, 0xff, 0xff
.byte 0xff, 0xff, 0xff, 0xff, 0xff, 0xff, 0xff, 0xff, 0xff, 0xff, 0xff, 0xff, 0xff, 0xff, 0xff, 0xff
.byte 0xff, 0xff, 0xff, 0xff, 0xff, 0xff, 0xff, 0xff, 0xff, 0xff, 0xff, 0xff, 0xff, 0xff, 0xff, 0xff
.byte 0xff, 0xff, 0xff, 0xff, 0xff, 0xff, 0xff, 0xff, 0xff, 0xff, 0xff, 0xff, 0xff, 0xff, 0xff, 0xff
.byte 0xff, 0xff, 0xff, 0xff, 0xff, 0xff, 0xff, 0xff, 0xff, 0xff, 0xff, 0xff, 0xff, 0xff, 0xff, 0xff
.byte 0xff, 0xff, 0xff, 0xff, 0xff, 0xff, 0xff, 0xff, 0xff, 0xff, 0xff, 0xff, 0xff, 0xff, 0xff, 0xff
.byte 0xff, 0xff, 0xff, 0xff, 0xff, 0xff, 0xff, 0xff, 0xff, 0xff, 0xff, 0xff, 0xff, 0xff, 0xff, 0xff
.byte 0xff, 0xff, 0xff, 0xff, 0xff, 0xff, 0xff, 0xff, 0xff, 0xff, 0xff, 0xff, 0xff, 0xff, 0xff, 0xff
.byte 0xff, 0xff, 0xff, 0xff, 0xff, 0xff, 0xff, 0xff, 0xff, 0xff, 0xff, 0xff, 0xff, 0xff, 0xff, 0xff
.byte 0xff, 0xff, 0xff, 0xff, 0xff, 0xff, 0xff, 0xff, 0xff, 0xff, 0xff, 0xff, 0xff, 0xff, 0xff, 0xff
.byte 0xff, 0xff, 0xff, 0xff, 0xff, 0xff, 0xff, 0xff, 0xff, 0xff, 0xff, 0xff, 0xff, 0xff, 0xff, 0xff
.byte 0xff, 0xff, 0xff, 0xff, 0xff, 0xff, 0xff, 0xff, 0xff, 0xff, 0xff, 0xff, 0xff, 0xff, 0xff, 0xff
.byte 0xff, 0xff, 0xff, 0xff, 0xff, 0xff, 0xff, 0xff, 0xff, 0xff, 0xff, 0xff, 0xff, 0xff, 0xff, 0xff
.byte 0xff, 0xff, 0xff, 0xff, 0xff, 0xff, 0xff, 0xff, 0xff, 0xff, 0xff, 0xff, 0xff, 0xff, 0xff, 0xff
.byte 0xff, 0xff, 0xff, 0xff, 0xff, 0xff, 0xff, 0xff, 0xff, 0xff, 0xff, 0xff, 0xff, 0xff, 0xff, 0xff
.byte 0xff, 0xff, 0xff, 0xff, 0xff, 0xff, 0xff, 0xff, 0xff, 0xff, 0xff, 0xff, 0xff, 0xff, 0xff, 0xff
.byte 0xff, 0xff, 0xff, 0xff, 0xff, 0xff, 0xff, 0xff, 0xff, 0xff, 0xff, 0xff, 0xff, 0xff, 0xff, 0xff
.byte 0xff, 0xff, 0xff, 0xff, 0xff, 0xff, 0xff, 0xff, 0xff, 0xff, 0xff, 0xff, 0xff, 0xff, 0xff, 0xff
.byte 0xff, 0xff, 0xff, 0xff, 0xff, 0xff, 0xff, 0xff, 0xff, 0xff, 0xff, 0xff, 0xff, 0xff, 0xff, 0xff
.byte 0xff, 0xff, 0xff, 0xff, 0xff, 0xff, 0xff, 0xff, 0xff, 0xff, 0xff, 0xff, 0xff, 0xff, 0xff, 0xff
.byte 0xff, 0xff, 0xff, 0xff, 0xff, 0xff, 0xff, 0xff, 0x7a, 0xc6, 0xdc, 0xce, 0xbe, 0xf7, 0xff, 0xff
.byte 0xff, 0xff, 0xff, 0xff, 0xff, 0xff, 0xff, 0xff, 0xff, 0xff, 0xff, 0xff, 0xff, 0xff, 0xff, 0xff
.byte 0xff, 0xff, 0xff, 0xff, 0xff, 0xff, 0xff, 0xff, 0xff, 0xff, 0xff, 0xff, 0xff, 0xff, 0xff, 0xff
.byte 0xff, 0xff, 0xff, 0xff, 0xff, 0xff, 0xff, 0xff, 0xff, 0xff, 0xff, 0xff, 0xff, 0xff, 0xff, 0xff
.byte 0xff, 0xff, 0xff, 0xff, 0xff, 0xff, 0xff, 0xff, 0xff, 0xff, 0xff, 0xff, 0xff, 0xff, 0xff, 0xff
.byte 0xff, 0xff, 0xff, 0xff, 0xff, 0xff, 0xff, 0xff, 0xff, 0xff, 0xff, 0xff, 0xff, 0xff, 0xff, 0xff
.byte 0xbf, 0xf7, 0x5a, 0xbe, 0xdc, 0xce, 0xff, 0xff, 0xff, 0xff, 0xff, 0xff, 0xff, 0xff, 0xff, 0xff
.byte 0xff, 0xff, 0xff, 0xff, 0xff, 0xff, 0xff, 0xff, 0xff, 0xff, 0xff, 0xff, 0xff, 0xff, 0xff, 0xff
.byte 0xff, 0xff, 0xff, 0xff, 0xff, 0xff, 0xff, 0xff, 0xff, 0xff, 0xff, 0xff, 0xff, 0xff, 0xff, 0xff
.byte 0xff, 0xff, 0xff, 0xff, 0xff, 0xff, 0xff, 0xff, 0xff, 0xff, 0xff, 0xff, 0xff, 0xff, 0xff, 0xff
.byte 0xff, 0xff, 0xff, 0xff, 0xff, 0xff, 0xff, 0xff, 0xff, 0xff, 0xff, 0xff, 0xff, 0xff, 0xff, 0xff
.byte 0xff, 0xff, 0xff, 0xff, 0xff, 0xff, 0xff, 0xff, 0xff, 0xff, 0xff, 0xff, 0xff, 0xff, 0xff, 0xff
.byte 0xff, 0xff, 0xff, 0xff, 0xff, 0xff, 0xff, 0xff, 0xff, 0xff, 0xff, 0xff, 0x7e, 0xef, 0xb6, 0x7c
.byte 0x8f, 0x22, 0x52, 0x3b, 0xd9, 0xa5, 0xdf, 0xff, 0xff, 0xff, 0xff, 0xff, 0xff, 0xff, 0xff, 0xff
.byte 0xff, 0xff, 0xff, 0xff, 0xff, 0xff, 0xff, 0xff, 0xff, 0xff, 0xff, 0xff, 0xff, 0xff, 0xff, 0xff
.byte 0xff, 0xff, 0xff, 0xff, 0xff, 0xff, 0xff, 0xff, 0xff, 0xff, 0xff, 0xff, 0xff, 0xff, 0xdf, 0xf7
.byte 0xff, 0xff, 0xff, 0xff, 0xff, 0xff, 0xff, 0xff, 0xff, 0xff, 0xff, 0xff, 0xff, 0xff, 0xff, 0xff
.byte 0xff, 0xff, 0xff, 0xff, 0xff, 0xff, 0xff, 0xff, 0xff, 0xff, 0xff, 0xff, 0xff, 0xff, 0xff, 0xff
.byte 0xff, 0xff, 0xff, 0xff, 0xff, 0xff, 0x7b, 0xc6, 0x75, 0x6c, 0xf1, 0x2a, 0x73, 0x43, 0x3a, 0xb6
.byte 0xff, 0xff, 0xff, 0xff, 0xff, 0xff, 0xff, 0xff, 0xff, 0xff, 0xff, 0xff, 0xff, 0xff, 0xff, 0xff
.byte 0xff, 0xff, 0xff, 0xff, 0xff, 0xff, 0xff, 0xff, 0xff, 0xff, 0xff, 0xff, 0xff, 0xff, 0xff, 0xff
.byte 0xff, 0xff, 0xff, 0xff, 0xff, 0xff, 0xff, 0xff, 0xff, 0xff, 0xff, 0xff, 0xff, 0xff, 0xff, 0xff
.byte 0xff, 0xff, 0xff, 0xff, 0xff, 0xff, 0xff, 0xff, 0xff, 0xff, 0xff, 0xff, 0xff, 0xff, 0xff, 0xff
.byte 0xff, 0xff, 0xff, 0xff, 0xff, 0xff, 0xff, 0xff, 0xff, 0xff, 0xff, 0xff, 0xff, 0xff, 0xff, 0xff
.byte 0xff, 0xff, 0xff, 0xff, 0xff, 0xff, 0xff, 0xff, 0xff, 0xff, 0xff, 0xff, 0xff, 0xff, 0xff, 0xff
.byte 0xff, 0xff, 0xd9, 0xad, 0xd3, 0x53, 0x50, 0x12, 0x30, 0x0a, 0xad, 0x01, 0xf4, 0x5b, 0x1c, 0xdf
.byte 0xff, 0xff, 0xff, 0xff, 0xff, 0xff, 0xff, 0xff, 0xff, 0xff, 0xff, 0xff, 0xff, 0xff, 0xff, 0xff
.byte 0xff, 0xff, 0xff, 0xff, 0xff, 0xff, 0xff, 0xff, 0xff, 0xff, 0xff, 0xff, 0xff, 0xff, 0xff, 0xff
.byte 0xff, 0xff, 0xdc, 0xce, 0xd7, 0x7c, 0x34, 0x64, 0x1a, 0xb6, 0xdf, 0xf7, 0xff, 0xff, 0xff, 0xff
.byte 0xff, 0xff, 0xff, 0xff, 0xff, 0xff, 0xff, 0xff, 0xff, 0xff, 0xff, 0xff, 0xff, 0xff, 0xff, 0xff
.byte 0xff, 0xff, 0xff, 0xff, 0xff, 0xff, 0xff, 0xff, 0xff, 0xff, 0xdf, 0xff, 0x98, 0x9d, 0xd1, 0x2a
.byte 0x91, 0x12, 0x71, 0x12, 0xef, 0x01, 0x55, 0x64, 0xdf, 0xf7, 0xff, 0xff, 0xff, 0xff, 0xff, 0xff
.byte 0xff, 0xff, 0xff, 0xff, 0xff, 0xff, 0xff, 0xff, 0xff, 0xff, 0xff, 0xff, 0xff, 0xff, 0xff, 0xff
.byte 0xff, 0xff, 0xff, 0xff, 0xff, 0xff, 0xff, 0xff, 0xff, 0xff, 0xff, 0xff, 0xff, 0xff, 0xff, 0xff
.byte 0xff, 0xff, 0xff, 0xff, 0xff, 0xff, 0xff, 0xff, 0xff, 0xff, 0xff, 0xff, 0xff, 0xff, 0xff, 0xff
.byte 0xff, 0xff, 0xff, 0xff, 0xff, 0xff, 0xff, 0xff, 0xff, 0xff, 0xff, 0xff, 0xff, 0xff, 0xff, 0xff
.byte 0xff, 0xff, 0xff, 0xff, 0xff, 0xff, 0xff, 0xff, 0xff, 0xff, 0xff, 0xff, 0xff, 0xff, 0xff, 0xff
.byte 0xff, 0xff, 0xff, 0xff, 0xff, 0xff, 0xff, 0xff, 0x37, 0x8d, 0x90, 0x22, 0x50, 0x12, 0x70, 0x12
.byte 0x91, 0x1a, 0x0f, 0x0a, 0x31, 0x3b, 0x3d, 0xdf, 0xff, 0xff, 0xff, 0xff, 0xff, 0xff, 0xff, 0xff
.byte 0xff, 0xff, 0xff, 0xff, 0xff, 0xff, 0xff, 0xff, 0xff, 0xff, 0xff, 0xff, 0xff, 0xff, 0xff, 0xff
.byte 0xff, 0xff, 0xff, 0xff, 0xff, 0xff, 0xdf, 0xff, 0x58, 0x95, 0x11, 0x33, 0xb2, 0x1a, 0x10, 0x0a
.byte 0xb4, 0x4b, 0xbb, 0xce, 0xff, 0xff, 0xff, 0xff, 0xff, 0xff, 0xff, 0xff, 0xff, 0xff, 0xff, 0xff
.byte 0xff, 0xff, 0xff, 0xff, 0xff, 0xff, 0xff, 0xff, 0xff, 0xff, 0xff, 0xff, 0xff, 0xff, 0xff, 0xff
.byte 0xbf, 0xf7, 0xb6, 0x74, 0x91, 0x1a, 0x50, 0x0a, 0x91, 0x12, 0x91, 0x1a, 0x51, 0x0a, 0xd4, 0x4b
.byte 0xbf, 0xef, 0xff, 0xff, 0xff, 0xff, 0xff, 0xff, 0xff, 0xff, 0xff, 0xff, 0xff, 0xff, 0xff, 0xff
.byte 0xff, 0xff, 0xff, 0xff, 0xff, 0xff, 0xff, 0xff, 0xff, 0xff, 0xff, 0xff, 0xff, 0xff, 0xff, 0xff
.byte 0xff, 0xff, 0xff, 0xff, 0xff, 0xff, 0xff, 0xff, 0xff, 0xff, 0xff, 0xff, 0xff, 0xff, 0xff, 0xff
.byte 0xff, 0xff, 0xff, 0xff, 0xff, 0xff, 0xff, 0xff, 0xff, 0xff, 0xff, 0xff, 0xff, 0xff, 0xff, 0xff
.byte 0xff, 0xff, 0xff, 0xff, 0xff, 0xff, 0xff, 0xff, 0xff, 0xff, 0xff, 0xff, 0xff, 0xff, 0xff, 0xff
.byte 0xff, 0xff, 0xff, 0xff, 0xff, 0xff, 0xff, 0xff, 0xff, 0xff, 0xff, 0xff, 0xff, 0xff, 0xb6, 0x7c
.byte 0x70, 0x12, 0x50, 0x12, 0x70, 0x1a, 0x70, 0x12, 0x91, 0x1a, 0x30, 0x0a, 0x32, 0x3b, 0x1d, 0xdf
.byte 0xff, 0xff, 0xff, 0xff, 0xff, 0xff, 0xff, 0xff, 0xff, 0xff, 0xff, 0xff, 0xff, 0xff, 0xff, 0xff
.byte 0xff, 0xff, 0xff, 0xff, 0xff, 0xff, 0xff, 0xff, 0xff, 0xff, 0xff, 0xff, 0xdf, 0xf7, 0x74, 0x74
.byte 0xb1, 0x22, 0x30, 0x12, 0x71, 0x12, 0x71, 0x12, 0x70, 0x12, 0x1a, 0xae, 0xff, 0xff, 0xff, 0xff
.byte 0xff, 0xff, 0xff, 0xff, 0xff, 0xff, 0xff, 0xff, 0xff, 0xff, 0xff, 0xff, 0xff, 0xff, 0xff, 0xff
.byte 0xff, 0xff, 0xff, 0xff, 0xff, 0xff, 0x7e, 0xef, 0xf4, 0x5b, 0x70, 0x12, 0x50, 0x12, 0x70, 0x12
.byte 0x70, 0x12, 0x91, 0x12, 0x50, 0x0a, 0xb3, 0x43, 0x9e, 0xe7, 0xff, 0xff, 0xff, 0xff, 0xff, 0xff
.byte 0xff, 0xff, 0xff, 0xff, 0xff, 0xff, 0xff, 0xff, 0xff, 0xff, 0xff, 0xff, 0xff, 0xff, 0xff, 0xff
.byte 0xff, 0xff, 0xff, 0xff, 0xff, 0xff, 0xff, 0xff, 0xff, 0xff, 0xff, 0xff, 0xff, 0xff, 0xff, 0xff
.byte 0xff, 0xff, 0xff, 0xff, 0xff, 0xff, 0xff, 0xff, 0xff, 0xff, 0xff, 0xff, 0xff, 0xff, 0xff, 0xff
.byte 0xff, 0xff, 0xff, 0xff, 0xff, 0xff, 0xff, 0xff, 0xff, 0xff, 0xff, 0xff, 0xff, 0xff, 0xff, 0xff
.byte 0xff, 0xff, 0xff, 0xff, 0xff, 0xff, 0xff, 0xff, 0xff, 0xff, 0xff, 0xff, 0xff, 0xff, 0xff, 0xff
.byte 0xff, 0xff, 0x3d, 0xe7, 0xf3, 0x5b, 0x0f, 0x0a, 0x50, 0x12, 0x70, 0x1a, 0x70, 0x1a, 0x91, 0x12
.byte 0xb1, 0x12, 0x30, 0x0a, 0x12, 0x33, 0xfc, 0xd6, 0xff, 0xff, 0xff, 0xff, 0xff, 0xff, 0xff, 0xff
.byte 0xff, 0xff, 0xff, 0xff, 0xff, 0xff, 0xff, 0xff, 0xff, 0xff, 0xff, 0xff, 0xff, 0xff, 0xff, 0xff
.byte 0xff, 0xff, 0x9e, 0xef, 0xb2, 0x53, 0x4f, 0x12, 0x2f, 0x12, 0x70, 0x1a, 0x71, 0x1a, 0x71, 0x12
.byte 0x50, 0x12, 0x78, 0x95, 0xde, 0xff, 0xff, 0xff, 0xff, 0xff, 0xff, 0xff, 0xff, 0xff, 0xff, 0xff
.byte 0xff, 0xff, 0xff, 0xff, 0xff, 0xff, 0xff, 0xff, 0xff, 0xff, 0xff, 0xff, 0x3d, 0xe7, 0x31, 0x3b
.byte 0x50, 0x12, 0x50, 0x12, 0x70, 0x12, 0x70, 0x12, 0x70, 0x12, 0x70, 0x12, 0x50, 0x0a, 0x52, 0x3b
.byte 0x3d, 0xdf, 0xff, 0xff, 0xff, 0xff, 0xff, 0xff, 0xff, 0xff, 0xff, 0xff, 0xff, 0xff, 0xff, 0xff
.byte 0xff, 0xff, 0xff, 0xff, 0xff, 0xff, 0xff, 0xff, 0xff, 0xff, 0xff, 0xff, 0xff, 0xff, 0xff, 0xff
.byte 0xff, 0xff, 0xff, 0xff, 0xff, 0xff, 0xff, 0xff, 0xff, 0xff, 0xff, 0xff, 0xff, 0xff, 0xff, 0xff
.byte 0xff, 0xff, 0xff, 0xff, 0xff, 0xff, 0xff, 0xff, 0xff, 0xff, 0xff, 0xff, 0xff, 0xff, 0xff, 0xff
.byte 0xff, 0xff, 0xff, 0xff, 0xff, 0xff, 0xff, 0xff, 0xff, 0xff, 0xff, 0xff, 0xff, 0xff, 0xff, 0xff
.byte 0xff, 0xff, 0xff, 0xff, 0xff, 0xff, 0xff, 0xff, 0x1a, 0xb6, 0xf0, 0x32, 0x0f, 0x0a, 0x50, 0x12
.byte 0x50, 0x12, 0x50, 0x12, 0x50, 0x12, 0x71, 0x12, 0x91, 0x12, 0x30, 0x0a, 0xf1, 0x2a, 0xfc, 0xce
.byte 0xff, 0xff, 0xff, 0xff, 0xff, 0xff, 0xff, 0xff, 0xff, 0xff, 0xff, 0xff, 0xff, 0xff, 0xff, 0xff
.byte 0xff, 0xff, 0xff, 0xff, 0xff, 0xff, 0xff, 0xff, 0x5d, 0xe7, 0x51, 0x43, 0x2f, 0x12, 0x2f, 0x12
.byte 0x50, 0x12, 0x50, 0x12, 0x70, 0x1a, 0x50, 0x12, 0x0f, 0x0a, 0x37, 0x8d, 0xbe, 0xf7, 0xff, 0xff
.byte 0xff, 0xff, 0xff, 0xff, 0xff, 0xff, 0xff, 0xff, 0xff, 0xff, 0xff, 0xff, 0xff, 0xff, 0xff, 0xff
.byte 0xff, 0xff, 0x3d, 0xdf, 0x11, 0x33, 0x70, 0x12, 0x70, 0x12, 0x70, 0x12, 0x50, 0x12, 0x2f, 0x12
.byte 0x70, 0x12, 0x70, 0x12, 0x30, 0x0a, 0xf1, 0x2a, 0xbc, 0xce, 0xff, 0xff, 0xff, 0xff, 0xff, 0xff
.byte 0xff, 0xff, 0xff, 0xff, 0xff, 0xff, 0xff, 0xff, 0xff, 0xff, 0xff, 0xff, 0xff, 0xff, 0xff, 0xff
.byte 0xff, 0xff, 0xff, 0xff, 0xff, 0xff, 0xff, 0xff, 0xff, 0xff, 0xff, 0xff, 0xff, 0xff, 0xff, 0xff
.byte 0xff, 0xff, 0xff, 0xff, 0xff, 0xff, 0xff, 0xff, 0xff, 0xff, 0xff, 0xff, 0xff, 0xff, 0xff, 0xff
.byte 0xff, 0xff, 0xff, 0xff, 0xff, 0xff, 0xff, 0xff, 0xff, 0xff, 0xff, 0xff, 0xff, 0xff, 0xff, 0xff
.byte 0xff, 0xff, 0xff, 0xff, 0xff, 0xff, 0xff, 0xff, 0xff, 0xff, 0xff, 0xff, 0xff, 0xff, 0xb9, 0xa5
.byte 0x70, 0x22, 0x2f, 0x12, 0x4f, 0x12, 0x4f, 0x1a, 0x2f, 0x12, 0x4f, 0x12, 0xf2, 0x22, 0x71, 0x12
.byte 0x91, 0x12, 0x30, 0x0a, 0xb0, 0x22, 0xfd, 0xce, 0xff, 0xff, 0xff, 0xff, 0xff, 0xff, 0xff, 0xff
.byte 0xff, 0xff, 0xff, 0xff, 0xff, 0xff, 0xff, 0xff, 0xff, 0xff, 0xff, 0xff, 0xff, 0xff, 0xbc, 0xce
.byte 0x11, 0x3b, 0x50, 0x12, 0x50, 0x12, 0x2f, 0x12, 0x2f, 0x12, 0x2f, 0x12, 0x50, 0x12, 0x50, 0x12
.byte 0xee, 0x09, 0x37, 0x8d, 0xff, 0xff, 0xff, 0xff, 0xff, 0xff, 0xff, 0xff, 0xff, 0xff, 0xff, 0xff
.byte 0xff, 0xff, 0xff, 0xff, 0xff, 0xff, 0xdf, 0xff, 0x7b, 0xbe, 0xd1, 0x2a, 0x70, 0x12, 0x70, 0x12
.byte 0x70, 0x12, 0x2f, 0x12, 0x70, 0x1a, 0xf2, 0x22, 0x70, 0x1a, 0x50, 0x12, 0x2f, 0x12, 0x90, 0x22
.byte 0xd9, 0xad, 0xdf, 0xff, 0xff, 0xff, 0xff, 0xff, 0xff, 0xff, 0xff, 0xff, 0xff, 0xff, 0xff, 0xff
.byte 0xff, 0xff, 0xff, 0xff, 0xff, 0xff, 0xff, 0xff, 0xff, 0xff, 0xff, 0xff, 0xff, 0xff, 0xff, 0xff
.byte 0xff, 0xff, 0xff, 0xff, 0xff, 0xff, 0xff, 0xff, 0xff, 0xff, 0xff, 0xff, 0xff, 0xff, 0xff, 0xff
.byte 0xff, 0xff, 0xff, 0xff, 0xff, 0xff, 0xff, 0xff, 0xff, 0xff, 0xff, 0xff, 0xff, 0xff, 0xff, 0xff
.byte 0xff, 0xff, 0xff, 0xff, 0xff, 0xff, 0xff, 0xff, 0xff, 0xff, 0xff, 0xff, 0xff, 0xff, 0xff, 0xff
.byte 0xff, 0xff, 0xff, 0xff, 0xb9, 0xa5, 0x4f, 0x1a, 0x50, 0x12, 0x50, 0x1a, 0x50, 0x1a, 0x0e, 0x12
.byte 0x2f, 0x0a, 0x36, 0x44, 0xd9, 0x54, 0x50, 0x12, 0x70, 0x1a, 0x30, 0x12, 0x4f, 0x1a, 0x9c, 0xc6
.byte 0xff, 0xff, 0xff, 0xff, 0xff, 0xff, 0xff, 0xff, 0xff, 0xff, 0xff, 0xff, 0xff, 0xff, 0xff, 0xff
.byte 0xff, 0xff, 0xff, 0xff, 0xd9, 0xa5, 0xb1, 0x22, 0x70, 0x12, 0x70, 0x12, 0x50, 0x12, 0x2f, 0x12
.byte 0x2f, 0x12, 0x4f, 0x12, 0x4f, 0x12, 0x4f, 0x12, 0xcd, 0x01, 0xd6, 0x7c, 0xdf, 0xf7, 0xff, 0xff
.byte 0xff, 0xff, 0xff, 0xff, 0xff, 0xff, 0xff, 0xff, 0xff, 0xff, 0xff, 0xff, 0xdf, 0xf7, 0x17, 0x8d
.byte 0x90, 0x1a, 0x71, 0x12, 0x70, 0x12, 0x70, 0x12, 0x2f, 0x0a, 0x50, 0x12, 0xb8, 0x4c, 0x19, 0x5d
.byte 0x90, 0x1a, 0x2f, 0x12, 0x2f, 0x12, 0x4f, 0x1a, 0xb9, 0xa5, 0x7d, 0xef, 0xff, 0xff, 0xff, 0xff
.byte 0xff, 0xff, 0xff, 0xff, 0xff, 0xff, 0xff, 0xff, 0xff, 0xff, 0xff, 0xff, 0xff, 0xff, 0xff, 0xff
.byte 0xff, 0xff, 0xff, 0xff, 0xff, 0xff, 0xff, 0xff, 0xff, 0xff, 0xff, 0xff, 0xff, 0xff, 0xff, 0xff
.byte 0xff, 0xff, 0xff, 0xff, 0xff, 0xff, 0xff, 0xff, 0xff, 0xff, 0xff, 0xff, 0xff, 0xff, 0xff, 0xff
.byte 0xff, 0xff, 0xff, 0xff, 0xff, 0xff, 0xff, 0xff, 0xff, 0xff, 0xff, 0xff, 0xff, 0xff, 0xff, 0xff
.byte 0xff, 0xff, 0xff, 0xff, 0xff, 0xff, 0xff, 0xff, 0xff, 0xff, 0xf9, 0xad, 0x50, 0x12, 0x70, 0x12
.byte 0x70, 0x1a, 0x70, 0x1a, 0x0f, 0x0a, 0x70, 0x12, 0x57, 0x44, 0x5f, 0x76, 0x5b, 0x5d, 0x4f, 0x12
.byte 0x2f, 0x12, 0x2f, 0x12, 0x2f, 0x12, 0x5b, 0xb6, 0xff, 0xff, 0xff, 0xff, 0xff, 0xff, 0xff, 0xff
.byte 0xff, 0xff, 0xff, 0xff, 0xff, 0xff, 0xff, 0xff, 0xff, 0xff, 0xfa, 0xad, 0xd2, 0x22, 0x91, 0x12
.byte 0x91, 0x12, 0x70, 0x12, 0x0f, 0x0a, 0x91, 0x1a, 0x16, 0x44, 0x12, 0x23, 0x0e, 0x0a, 0x4f, 0x12
.byte 0xad, 0x01, 0x75, 0x6c, 0xbf, 0xf7, 0xff, 0xff, 0xff, 0xff, 0xff, 0xff, 0xff, 0xff, 0xff, 0xff
.byte 0xff, 0xff, 0xdf, 0xff, 0x17, 0x8d, 0xb1, 0x1a, 0x91, 0x12, 0x71, 0x12, 0x70, 0x12, 0x2f, 0x0a
.byte 0x91, 0x12, 0xb9, 0x4c, 0xbf, 0x86, 0x5b, 0x65, 0x70, 0x12, 0x2f, 0x12, 0x50, 0x12, 0x4f, 0x12
.byte 0xb9, 0xa5, 0x7d, 0xef, 0xff, 0xff, 0xff, 0xff, 0xff, 0xff, 0xff, 0xff, 0xff, 0xff, 0xff, 0xff
.byte 0xff, 0xff, 0xff, 0xff, 0xff, 0xff, 0xff, 0xff, 0xff, 0xff, 0xff, 0xff, 0xff, 0xff, 0xff, 0xff
.byte 0xff, 0xff, 0xff, 0xff, 0xff, 0xff, 0xff, 0xff, 0xff, 0xff, 0xff, 0xff, 0xff, 0xff, 0xff, 0xff
.byte 0xff, 0xff, 0xff, 0xff, 0xff, 0xff, 0xff, 0xff, 0xff, 0xff, 0xff, 0xff, 0xff, 0xff, 0xff, 0xff
.byte 0xff, 0xff, 0xff, 0xff, 0xff, 0xff, 0xff, 0xff, 0xff, 0xff, 0xff, 0xff, 0xff, 0xff, 0xff, 0xff
.byte 0x5d, 0xe7, 0xb0, 0x2a, 0x91, 0x12, 0x91, 0x1a, 0x70, 0x12, 0x2f, 0x0a, 0xd1, 0x1a, 0xf9, 0x54
.byte 0x5f, 0x7e, 0x5f, 0x76, 0x5b, 0x5d, 0x6f, 0x12, 0x2e, 0x12, 0x2f, 0x12, 0x0e, 0x0a, 0xfa, 0xa5
.byte 0xff, 0xff, 0xff, 0xff, 0xff, 0xff, 0xff, 0xff, 0xff, 0xff, 0xff, 0xff, 0xff, 0xff, 0xbf, 0xf7
.byte 0x99, 0x9d, 0xf2, 0x2a, 0x92, 0x12, 0x91, 0x12, 0x71, 0x12, 0x50, 0x0a, 0xd2, 0x1a, 0x1a, 0x65
.byte 0x3e, 0x7e, 0x53, 0x2b, 0xee, 0x09, 0x4f, 0x12, 0xad, 0x01, 0x14, 0x5c, 0x9e, 0xef, 0xff, 0xff
.byte 0xff, 0xff, 0xff, 0xff, 0xff, 0xff, 0xff, 0xff, 0xff, 0xff, 0xf9, 0xad, 0xb1, 0x22, 0x71, 0x12
.byte 0x91, 0x1a, 0x91, 0x12, 0x50, 0x0a, 0x12, 0x23, 0x3a, 0x5d, 0x7f, 0x7e, 0x9f, 0x86, 0x5b, 0x65
.byte 0x90, 0x1a, 0x0f, 0x12, 0x50, 0x12, 0x2f, 0x12, 0x78, 0x9d, 0x7d, 0xf7, 0xff, 0xff, 0xff, 0xff
.byte 0xff, 0xff, 0xff, 0xff, 0xff, 0xff, 0xff, 0xff, 0xff, 0xff, 0xff, 0xff, 0xff, 0xff, 0xff, 0xff
.byte 0xff, 0xff, 0xff, 0xff, 0xff, 0xff, 0xff, 0xff, 0xff, 0xff, 0xff, 0xff, 0xff, 0xff, 0xff, 0xff
.byte 0xff, 0xff, 0xff, 0xff, 0xff, 0xff, 0xff, 0xff, 0xff, 0xff, 0xff, 0xff, 0xff, 0xff, 0xff, 0xff
.byte 0xff, 0xff, 0xff, 0xff, 0xff, 0xff, 0xff, 0xff, 0xff, 0xff, 0xff, 0xff, 0xff, 0xff, 0xff, 0xff
.byte 0xff, 0xff, 0xff, 0xff, 0xff, 0xff, 0xff, 0xff, 0x95, 0x74, 0x71, 0x12, 0x91, 0x1a, 0x91, 0x12
.byte 0x50, 0x0a, 0x33, 0x23, 0x7b, 0x65, 0x7f, 0x86, 0x3f, 0x76, 0x3f, 0x76, 0x9c, 0x65, 0x90, 0x1a
.byte 0x0e, 0x12, 0x2f, 0x12, 0xce, 0x01, 0x78, 0x8d, 0xff, 0xff, 0xff, 0xff, 0xff, 0xff, 0xff, 0xff
.byte 0xff, 0xff, 0xff, 0xff, 0xff, 0xff, 0x78, 0x9d, 0x92, 0x1a, 0x92, 0x12, 0x92, 0x1a, 0x91, 0x12
.byte 0x50, 0x0a, 0x74, 0x2b, 0x9b, 0x6d, 0xbf, 0x8e, 0x3e, 0x7e, 0x94, 0x33, 0x0e, 0x0a, 0x4f, 0x12
.byte 0xae, 0x01, 0xd3, 0x53, 0x7e, 0xef, 0xff, 0xff, 0xff, 0xff, 0xff, 0xff, 0xff, 0xff, 0xff, 0xff
.byte 0xfc, 0xd6, 0x52, 0x43, 0x50, 0x12, 0x70, 0x1a, 0x70, 0x12, 0x50, 0x0a, 0x74, 0x2b, 0xbc, 0x75
.byte 0x7f, 0x86, 0x3e, 0x76, 0x7f, 0x7e, 0x9c, 0x6d, 0xd1, 0x22, 0x2f, 0x12, 0x70, 0x12, 0x2f, 0x12
.byte 0x38, 0x8d, 0x9d, 0xf7, 0xff, 0xff, 0xff, 0xff, 0xff, 0xff, 0xff, 0xff, 0xff, 0xff, 0xff, 0xff
.byte 0xff, 0xff, 0xff, 0xff, 0xff, 0xff, 0xff, 0xff, 0xff, 0xff, 0xff, 0xff, 0xff, 0xff, 0xff, 0xff
.byte 0xff, 0xff, 0xff, 0xff, 0xff, 0xff, 0xff, 0xff, 0xff, 0xff, 0xff, 0xff, 0xff, 0xff, 0xff, 0xff
.byte 0xff, 0xff, 0xff, 0xff, 0xff, 0xff, 0xff, 0xff, 0xff, 0xff, 0xff, 0xff, 0xff, 0xff, 0xff, 0xff
.byte 0xff, 0xff, 0xff, 0xff, 0xff, 0xff, 0xff, 0xff, 0xff, 0xff, 0xff, 0xff, 0xff, 0xff, 0xf9, 0xad
.byte 0x2f, 0x12, 0x71, 0x1a, 0x91, 0x1a, 0x71, 0x0a, 0x54, 0x2b, 0xdc, 0x75, 0x9f, 0x86, 0x3e, 0x76
.byte 0x1e, 0x76, 0x5f, 0x76, 0xbd, 0x6d, 0xd2, 0x22, 0x2f, 0x12, 0x4f, 0x12, 0xce, 0x01, 0xd7, 0x7c
.byte 0xff, 0xff, 0xff, 0xff, 0xff, 0xff, 0xff, 0xff, 0xff, 0xff, 0xff, 0xff, 0x1c, 0xdf, 0xd1, 0x2a
.byte 0x71, 0x12, 0x91, 0x12, 0x71, 0x12, 0x51, 0x12, 0xd5, 0x3b, 0x1d, 0x7e, 0x9f, 0x8e, 0x7f, 0x86
.byte 0x3e, 0x7e, 0xf5, 0x3b, 0x0e, 0x0a, 0x4f, 0x12, 0xce, 0x01, 0x72, 0x43, 0x5e, 0xe7, 0xff, 0xff
.byte 0xff, 0xff, 0xff, 0xff, 0xff, 0xff, 0xff, 0xff, 0x37, 0x95, 0x70, 0x1a, 0x4f, 0x12, 0x70, 0x12
.byte 0x2f, 0x0a, 0x74, 0x2b, 0xfd, 0x75, 0x9f, 0x8e, 0x3e, 0x7e, 0x3e, 0x76, 0x7f, 0x7e, 0xdc, 0x6d
.byte 0x12, 0x23, 0x2f, 0x0a, 0x71, 0x12, 0x30, 0x0a, 0x17, 0x85, 0x9e, 0xf7, 0xff, 0xff, 0xff, 0xff
.byte 0xff, 0xff, 0xff, 0xff, 0xff, 0xff, 0xff, 0xff, 0xff, 0xff, 0xff, 0xff, 0xff, 0xff, 0xff, 0xff
.byte 0xff, 0xff, 0xff, 0xff, 0xff, 0xff, 0xff, 0xff, 0xff, 0xff, 0xff, 0xff, 0xff, 0xff, 0xff, 0xff
.byte 0xff, 0xff, 0xff, 0xff, 0xff, 0xff, 0xff, 0xff, 0xff, 0xff, 0xff, 0xff, 0xff, 0xff, 0xff, 0xff
.byte 0xff, 0xff, 0xff, 0xff, 0xff, 0xff, 0xff, 0xff, 0xff, 0xff, 0xff, 0xff, 0xff, 0xff, 0xff, 0xff
.byte 0xff, 0xff, 0xff, 0xff, 0xff, 0xff, 0x92, 0x4b, 0x70, 0x12, 0x70, 0x1a, 0x50, 0x12, 0xf2, 0x22
.byte 0x9c, 0x6d, 0xbf, 0x8e, 0x3e, 0x7e, 0x3e, 0x76, 0x3e, 0x76, 0x5f, 0x76, 0xdd, 0x6d, 0x12, 0x23
.byte 0x2f, 0x12, 0x50, 0x12, 0xce, 0x01, 0x96, 0x74, 0xff, 0xff, 0xff, 0xff, 0xff, 0xff, 0xff, 0xff
.byte 0xff, 0xff, 0x7e, 0xef, 0xd3, 0x5b, 0x10, 0x0a, 0x71, 0x12, 0x70, 0x12, 0x50, 0x12, 0xf6, 0x3b
.byte 0x3e, 0x86, 0x9f, 0x8e, 0x5e, 0x7e, 0x5e, 0x7e, 0x5e, 0x7e, 0x36, 0x44, 0x2f, 0x0a, 0x4f, 0x12
.byte 0xce, 0x01, 0x52, 0x3b, 0x5d, 0xe7, 0xff, 0xff, 0xff, 0xff, 0xff, 0xff, 0xff, 0xff, 0x9e, 0xef
.byte 0xf3, 0x5b, 0x0f, 0x0a, 0x70, 0x1a, 0x0f, 0x12, 0xb1, 0x1a, 0x9c, 0x6d, 0x7f, 0x86, 0x3e, 0x76
.byte 0x3e, 0x76, 0x3e, 0x76, 0x5f, 0x7e, 0xfd, 0x75, 0x13, 0x2b, 0x2f, 0x0a, 0x50, 0x12, 0x2f, 0x0a
.byte 0xd6, 0x7c, 0x7d, 0xef, 0xff, 0xff, 0xff, 0xff, 0xff, 0xff, 0xff, 0xff, 0xff, 0xff, 0xff, 0xff
.byte 0xff, 0xff, 0xff, 0xff, 0xff, 0xff, 0xff, 0xff, 0xff, 0xff, 0xff, 0xff, 0xff, 0xff, 0xff, 0xff
.byte 0xff, 0xff, 0xff, 0xff, 0xff, 0xff, 0xff, 0xff, 0xff, 0xff, 0xff, 0xff, 0xff, 0xff, 0xff, 0xff
.byte 0xff, 0xff, 0xff, 0xff, 0xff, 0xff, 0xff, 0xff, 0xff, 0xff, 0xff, 0xff, 0xff, 0xff, 0xff, 0xff
.byte 0xff, 0xff, 0xff, 0xff, 0xff, 0xff, 0xff, 0xff, 0xff, 0xff, 0xff, 0xff, 0xff, 0xff, 0x11, 0x33
.byte 0x91, 0x12, 0x70, 0x12, 0x50, 0x12, 0x16, 0x44, 0x9f, 0x86, 0x5e, 0x7e, 0x3e, 0x76, 0x3e, 0x76
.byte 0x3e, 0x76, 0x5f, 0x76, 0xfd, 0x6d, 0x33, 0x23, 0x2f, 0x12, 0x70, 0x12, 0xee, 0x01, 0x95, 0x74
.byte 0xdf, 0xf7, 0xff, 0xff, 0xff, 0xff, 0xff, 0xff, 0xff, 0xff, 0xbc, 0xce, 0x50, 0x1a, 0x2f, 0x12
.byte 0x2f, 0x12, 0x0f, 0x0a, 0x94, 0x33, 0x1e, 0x7e, 0x9f, 0x86, 0x3e, 0x7e, 0x3e, 0x7e, 0x5e, 0x7e
.byte 0x7f, 0x86, 0x77, 0x4c, 0x50, 0x0a, 0x70, 0x1a, 0xee, 0x01, 0x31, 0x33, 0x3d, 0xdf, 0xff, 0xff
.byte 0xff, 0xff, 0xff, 0xff, 0xff, 0xff, 0xbc, 0xce, 0x11, 0x33, 0x0f, 0x0a, 0x4f, 0x12, 0xee, 0x09
.byte 0x16, 0x44, 0x5f, 0x76, 0x3f, 0x76, 0x1e, 0x76, 0x3e, 0x76, 0x3e, 0x76, 0x7f, 0x7e, 0x1e, 0x76
.byte 0x34, 0x2b, 0x2f, 0x0a, 0x50, 0x12, 0x2f, 0x0a, 0x76, 0x74, 0x5d, 0xef, 0xff, 0xff, 0xff, 0xff
.byte 0xff, 0xff, 0xff, 0xff, 0xff, 0xff, 0xff, 0xff, 0xff, 0xff, 0xff, 0xff, 0xff, 0xff, 0xff, 0xff
.byte 0xff, 0xff, 0xff, 0xff, 0xff, 0xff, 0xff, 0xff, 0xff, 0xff, 0xff, 0xff, 0xff, 0xff, 0xff, 0xff
.byte 0xff, 0xff, 0xff, 0xff, 0xff, 0xff, 0xff, 0xff, 0xff, 0xff, 0xff, 0xff, 0xff, 0xff, 0xff, 0xff
.byte 0xff, 0xff, 0xff, 0xff, 0xff, 0xff, 0xff, 0xff, 0xff, 0xff, 0xff, 0xff, 0xff, 0xff, 0xff, 0xff
.byte 0xff, 0xff, 0xff, 0xff, 0xff, 0xff, 0xf1, 0x32, 0x71, 0x1a, 0x50, 0x12, 0x50, 0x12, 0x98, 0x4c
.byte 0x9f, 0x86, 0x3e, 0x76, 0x1e, 0x76, 0x1e, 0x76, 0x1e, 0x76, 0x5f, 0x76, 0xfd, 0x75, 0x13, 0x2b
.byte 0x30, 0x12, 0x71, 0x1a, 0xef, 0x01, 0x95, 0x74, 0xff, 0xff, 0xff, 0xff, 0xff, 0xff, 0xff, 0xff
.byte 0xff, 0xff, 0x78, 0x9d, 0xce, 0x09, 0x2f, 0x12, 0x0e, 0x12, 0x50, 0x12, 0x1a, 0x5d, 0x7f, 0x7e
.byte 0x1e, 0x76, 0x3e, 0x76, 0x3e, 0x7e, 0x5e, 0x7e, 0x7f, 0x86, 0xb8, 0x4c, 0x70, 0x0a, 0x91, 0x12
.byte 0x30, 0x0a, 0x32, 0x33, 0x3d, 0xdf, 0xff, 0xff, 0xff, 0xff, 0xff, 0xff, 0xff, 0xff, 0x7b, 0xc6
.byte 0xf2, 0x32, 0x2f, 0x0a, 0x50, 0x12, 0x2f, 0x12, 0xd9, 0x54, 0x5f, 0x76, 0x1e, 0x76, 0x1e, 0x76
.byte 0x1e, 0x76, 0x1e, 0x76, 0x5f, 0x7e, 0xfd, 0x75, 0x33, 0x2b, 0x2f, 0x0a, 0x50, 0x12, 0x0f, 0x0a
.byte 0x75, 0x74, 0x5d, 0xef, 0xff, 0xff, 0xff, 0xff, 0xff, 0xff, 0xff, 0xff, 0xff, 0xff, 0xff, 0xff
.byte 0xff, 0xff, 0xff, 0xff, 0xff, 0xff, 0xff, 0xff, 0xff, 0xff, 0xff, 0xff, 0xff, 0xff, 0xff, 0xff
.byte 0xff, 0xff, 0xff, 0xff, 0xff, 0xff, 0xff, 0xff, 0xff, 0xff, 0xff, 0xff, 0xff, 0xff, 0xff, 0xff
.byte 0xff, 0xff, 0xff, 0xff, 0xff, 0xff, 0xff, 0xff, 0xff, 0xff, 0xff, 0xff, 0xff, 0xff, 0xff, 0xff
.byte 0xff, 0xff, 0xff, 0xff, 0xff, 0xff, 0xff, 0xff, 0xff, 0xff, 0xff, 0xff, 0xbf, 0xf7, 0xf1, 0x32
.byte 0x71, 0x12, 0x50, 0x12, 0x2f, 0x12, 0x37, 0x4c, 0x9f, 0x86, 0x3e, 0x7e, 0x1e, 0x76, 0x1e, 0x76
.byte 0x1e, 0x76, 0x5f, 0x7e, 0xbd, 0x6d, 0xd2, 0x22, 0x30, 0x12, 0x71, 0x1a, 0x0f, 0x0a, 0x96, 0x74
.byte 0xff, 0xff, 0xff, 0xff, 0xff, 0xff, 0xff, 0xff, 0xbf, 0xf7, 0x14, 0x64, 0xce, 0x09, 0x2f, 0x12
.byte 0xee, 0x09, 0xd1, 0x22, 0xbd, 0x6d, 0x5f, 0x76, 0x1e, 0x6e, 0x1e, 0x76, 0x3e, 0x76, 0x3e, 0x7e
.byte 0x7f, 0x86, 0xb9, 0x4c, 0x71, 0x12, 0x91, 0x12, 0x50, 0x0a, 0x52, 0x3b, 0xfc, 0xd6, 0xff, 0xff
.byte 0xff, 0xff, 0xff, 0xff, 0xff, 0xff, 0x9b, 0xc6, 0x32, 0x33, 0x30, 0x0a, 0x70, 0x12, 0x30, 0x12
.byte 0x98, 0x4c, 0x5f, 0x7e, 0x3e, 0x76, 0x1e, 0x76, 0x1e, 0x76, 0x1e, 0x76, 0x7f, 0x7e, 0x9c, 0x6d
.byte 0xd2, 0x22, 0x2f, 0x12, 0x70, 0x12, 0x0f, 0x0a, 0xd6, 0x84, 0xbe, 0xf7, 0xff, 0xff, 0xff, 0xff
.byte 0xff, 0xff, 0xff, 0xff, 0xff, 0xff, 0xff, 0xff, 0xff, 0xff, 0xff, 0xff, 0xff, 0xff, 0xff, 0xff
.byte 0xff, 0xff, 0xff, 0xff, 0xff, 0xff, 0xff, 0xff, 0xff, 0xff, 0xff, 0xff, 0xff, 0xff, 0xff, 0xff
.byte 0xff, 0xff, 0xff, 0xff, 0xff, 0xff, 0xff, 0xff, 0xff, 0xff, 0xff, 0xff, 0xff, 0xff, 0xff, 0xff
.byte 0xff, 0xff, 0xff, 0xff, 0xff, 0xff, 0xff, 0xff, 0xff, 0xff, 0xff, 0xff, 0xff, 0xff, 0xff, 0xff
.byte 0xff, 0xff, 0xff, 0xff, 0xbe, 0xf7, 0x11, 0x3b, 0x70, 0x12, 0x50, 0x1a, 0x2f, 0x12, 0x33, 0x2b
.byte 0x1d, 0x76, 0x7f, 0x86, 0x3e, 0x7e, 0x3e, 0x7e, 0x5f, 0x86, 0x9f, 0x86, 0xd9, 0x54, 0x70, 0x12
.byte 0x50, 0x1a, 0x51, 0x12, 0x30, 0x0a, 0x37, 0x8d, 0x7d, 0xf7, 0xdf, 0xff, 0xff, 0xff, 0xff, 0xff
.byte 0xbe, 0xf7, 0x14, 0x5c, 0x0f, 0x0a, 0x50, 0x12, 0xee, 0x09, 0xd1, 0x22, 0xbc, 0x65, 0x5f, 0x76
.byte 0x1e, 0x6e, 0x1e, 0x6e, 0x1e, 0x6e, 0x3e, 0x76, 0x7f, 0x7e, 0x98, 0x4c, 0x50, 0x0a, 0x91, 0x12
.byte 0x51, 0x0a, 0x52, 0x3b, 0xbb, 0xce, 0xff, 0xff, 0xff, 0xff, 0xff, 0xff, 0xff, 0xff, 0x1d, 0xdf
.byte 0x93, 0x43, 0x0f, 0x0a, 0x71, 0x1a, 0x30, 0x12, 0x74, 0x33, 0x3e, 0x7e, 0x7f, 0x86, 0x3f, 0x7e
.byte 0x3e, 0x76, 0x3f, 0x76, 0x7f, 0x7e, 0x99, 0x4c, 0x70, 0x12, 0x50, 0x12, 0x50, 0x12, 0x2f, 0x0a
.byte 0xf9, 0xa5, 0xff, 0xff, 0xff, 0xff, 0xff, 0xff, 0xff, 0xff, 0xff, 0xff, 0xff, 0xff, 0xff, 0xff
.byte 0xff, 0xff, 0xff, 0xff, 0xff, 0xff, 0xff, 0xff, 0xff, 0xff, 0xff, 0xff, 0xff, 0xff, 0xff, 0xff
.byte 0xff, 0xff, 0xff, 0xff, 0xff, 0xff, 0xff, 0xff, 0xff, 0xff, 0xff, 0xff, 0xff, 0xff, 0xff, 0xff
.byte 0xff, 0xff, 0xff, 0xff, 0xff, 0xff, 0xff, 0xff, 0xff, 0xff, 0xff, 0xff, 0xff, 0xff, 0xff, 0xff
.byte 0xff, 0xff, 0xff, 0xff, 0xff, 0xff, 0xff, 0xff, 0xff, 0xff, 0xff, 0xff, 0xff, 0xff, 0xd3, 0x5b
.byte 0x50, 0x12, 0x50, 0x12, 0x50, 0x12, 0x30, 0x12, 0xf6, 0x3b, 0x1e, 0x76, 0x7f, 0x86, 0x7f, 0x86
.byte 0x7f, 0x86, 0x5b, 0x65, 0x13, 0x23, 0x71, 0x12, 0x91, 0x1a, 0x30, 0x0a, 0x90, 0x1a, 0x7b, 0xbe
.byte 0xff, 0xff, 0xff, 0xff, 0xff, 0xff, 0xff, 0xff, 0xdf, 0xf7, 0x95, 0x74, 0x2f, 0x0a, 0x70, 0x1a
.byte 0x2f, 0x12, 0x90, 0x12, 0x3b, 0x5d, 0x7f, 0x7e, 0x1e, 0x6e, 0x1e, 0x6e, 0x1e, 0x6e, 0x5f, 0x76
.byte 0x3e, 0x76, 0xb5, 0x33, 0x2f, 0x0a, 0x91, 0x1a, 0x30, 0x0a, 0xb3, 0x4b, 0xfc, 0xd6, 0xff, 0xff
.byte 0xff, 0xff, 0xff, 0xff, 0xff, 0xff, 0xdf, 0xff, 0x75, 0x74, 0x0f, 0x02, 0x70, 0x12, 0x50, 0x12
.byte 0x50, 0x12, 0x57, 0x4c, 0x3e, 0x7e, 0x7f, 0x86, 0x5f, 0x7e, 0x5f, 0x7e, 0x3b, 0x5d, 0xd2, 0x22
.byte 0x30, 0x12, 0x71, 0x1a, 0x50, 0x0a, 0x90, 0x22, 0xfd, 0xce, 0xff, 0xff, 0xff, 0xff, 0xff, 0xff
.byte 0xff, 0xff, 0xff, 0xff, 0xff, 0xff, 0xff, 0xff, 0xff, 0xff, 0xff, 0xff, 0xff, 0xff, 0xff, 0xff
.byte 0xff, 0xff, 0xff, 0xff, 0xff, 0xff, 0xff, 0xff, 0xff, 0xff, 0xff, 0xff, 0xff, 0xff, 0xff, 0xff
.byte 0xff, 0xff, 0xff, 0xff, 0xff, 0xff, 0xff, 0xff, 0xff, 0xff, 0xff, 0xff, 0xff, 0xff, 0xff, 0xff
.byte 0xff, 0xff, 0xff, 0xff, 0xff, 0xff, 0xff, 0xff, 0xff, 0xff, 0xff, 0xff, 0xff, 0xff, 0xff, 0xff
.byte 0xff, 0xff, 0xff, 0xff, 0xff, 0xff, 0x98, 0x9d, 0x4f, 0x1a, 0x2f, 0x12, 0x50, 0x1a, 0x30, 0x12
.byte 0x2f, 0x12, 0x53, 0x2b, 0x98, 0x4c, 0xf9, 0x5c, 0x37, 0x44, 0xd2, 0x1a, 0x71, 0x12, 0x91, 0x1a
.byte 0x91, 0x12, 0x0f, 0x02, 0xb3, 0x53, 0x9e, 0xef, 0xde, 0xff, 0xff, 0xff, 0xff, 0xff, 0xff, 0xff
.byte 0xff, 0xff, 0x98, 0x9d, 0x70, 0x12, 0x71, 0x12, 0x71, 0x1a, 0x50, 0x12, 0xb5, 0x3b, 0x1e, 0x7e
.byte 0x9f, 0x86, 0x5f, 0x76, 0x5f, 0x76, 0x5f, 0x76, 0xb9, 0x54, 0x50, 0x12, 0x2f, 0x12, 0x71, 0x1a
.byte 0x0f, 0x0a, 0x55, 0x6c, 0x3c, 0xe7, 0xff, 0xff, 0xff, 0xff, 0xff, 0xff, 0xff, 0xff, 0xff, 0xff
.byte 0x19, 0xae, 0x12, 0x2b, 0x30, 0x0a, 0x91, 0x12, 0x70, 0x12, 0x70, 0x12, 0x95, 0x33, 0xb9, 0x54
.byte 0xfa, 0x5c, 0x37, 0x44, 0xb1, 0x1a, 0x2f, 0x12, 0x70, 0x12, 0x71, 0x12, 0xef, 0x01, 0xf4, 0x5b
.byte 0xbe, 0xef, 0xff, 0xff, 0xff, 0xff, 0xff, 0xff, 0xff, 0xff, 0xff, 0xff, 0xff, 0xff, 0xff, 0xff
.byte 0xff, 0xff, 0xff, 0xff, 0xff, 0xff, 0xff, 0xff, 0xff, 0xff, 0xff, 0xff, 0xff, 0xff, 0xff, 0xff
.byte 0xff, 0xff, 0xff, 0xff, 0xff, 0xff, 0xff, 0xff, 0xff, 0xff, 0xff, 0xff, 0xff, 0xff, 0xff, 0xff
.byte 0xff, 0xff, 0xff, 0xff, 0xff, 0xff, 0xff, 0xff, 0xff, 0xff, 0xff, 0xff, 0xff, 0xff, 0xff, 0xff
.byte 0xff, 0xff, 0xff, 0xff, 0xff, 0xff, 0xff, 0xff, 0xff, 0xff, 0xff, 0xff, 0xff, 0xff, 0x7e, 0xe7
.byte 0xd3, 0x5b, 0xce, 0x01, 0x2f, 0x12, 0x50, 0x12, 0x50, 0x12, 0x2f, 0x12, 0x30, 0x12, 0x50, 0x12
.byte 0x50, 0x12, 0x71, 0x12, 0x91, 0x1a, 0xb2, 0x1a, 0x30, 0x02, 0x90, 0x22, 0x5b, 0xb6, 0x7d, 0xef
.byte 0xde, 0xff, 0xff, 0xff, 0xff, 0xff, 0xff, 0xff, 0xff, 0xff, 0xfc, 0xd6, 0x12, 0x33, 0x50, 0x0a
.byte 0x91, 0x1a, 0x71, 0x1a, 0x70, 0x12, 0xb5, 0x3b, 0x5b, 0x65, 0xdd, 0x6d, 0xbd, 0x6d, 0x77, 0x4c
.byte 0x70, 0x1a, 0x0e, 0x12, 0x4f, 0x12, 0x30, 0x12, 0x0e, 0x0a, 0x58, 0x95, 0x5c, 0xef, 0xff, 0xff
.byte 0xff, 0xff, 0xff, 0xff, 0xff, 0xff, 0xff, 0xff, 0x7e, 0xef, 0x35, 0x64, 0x30, 0x0a, 0x71, 0x12
.byte 0x91, 0x1a, 0x70, 0x12, 0x50, 0x12, 0x50, 0x12, 0x50, 0x12, 0x2f, 0x12, 0x50, 0x12, 0x70, 0x12
.byte 0x70, 0x12, 0x0f, 0x0a, 0x4f, 0x1a, 0x5a, 0xbe, 0xff, 0xff, 0xff, 0xff, 0xff, 0xff, 0xff, 0xff
.byte 0xff, 0xff, 0xff, 0xff, 0xff, 0xff, 0xff, 0xff, 0xff, 0xff, 0xff, 0xff, 0xff, 0xff, 0xff, 0xff
.byte 0xff, 0xff, 0xff, 0xff, 0xff, 0xff, 0xff, 0xff, 0xff, 0xff, 0xff, 0xff, 0xff, 0xff, 0xff, 0xff
.byte 0xff, 0xff, 0xff, 0xff, 0xff, 0xff, 0xff, 0xff, 0xff, 0xff, 0xff, 0xff, 0xff, 0xff, 0xff, 0xff
.byte 0xff, 0xff, 0xff, 0xff, 0xff, 0xff, 0xff, 0xff, 0xff, 0xff, 0xff, 0xff, 0xff, 0xff, 0xff, 0xff
.byte 0xff, 0xff, 0xff, 0xff, 0xff, 0xff, 0xff, 0xff, 0x7b, 0xc6, 0x31, 0x3b, 0xad, 0x01, 0x2f, 0x12
.byte 0x50, 0x1a, 0x50, 0x1a, 0x50, 0x12, 0x70, 0x12, 0x71, 0x12, 0x91, 0x1a, 0x91, 0x12, 0x30, 0x02
.byte 0x50, 0x12, 0x38, 0x8d, 0x9e, 0xf7, 0xbe, 0xf7, 0xff, 0xff, 0xff, 0xff, 0xff, 0xff, 0xff, 0xff
.byte 0xff, 0xff, 0xdf, 0xf7, 0x58, 0x8d, 0x0f, 0x0a, 0x91, 0x12, 0x70, 0x1a, 0x70, 0x1a, 0x30, 0x12
.byte 0xb1, 0x1a, 0x13, 0x23, 0xf2, 0x22, 0x2f, 0x12, 0x2f, 0x12, 0x4f, 0x1a, 0x4f, 0x1a, 0xae, 0x01
.byte 0xf1, 0x32, 0x7b, 0xc6, 0x3c, 0xef, 0xdf, 0xff, 0xff, 0xff, 0xff, 0xff, 0xff, 0xff, 0xff, 0xff
.byte 0xff, 0xff, 0xfc, 0xd6, 0x73, 0x43, 0x0f, 0x02, 0x50, 0x12, 0x91, 0x1a, 0x71, 0x1a, 0x71, 0x1a
.byte 0x50, 0x12, 0x70, 0x12, 0x71, 0x1a, 0x71, 0x1a, 0x0f, 0x0a, 0xee, 0x09, 0xf6, 0x84, 0xff, 0xff
.byte 0xff, 0xff, 0xff, 0xff, 0xff, 0xff, 0xff, 0xff, 0xff, 0xff, 0xff, 0xff, 0xff, 0xff, 0xff, 0xff
.byte 0xff, 0xff, 0xff, 0xff, 0xff, 0xff, 0xff, 0xff, 0xff, 0xff, 0xff, 0xff, 0xff, 0xff, 0xff, 0xff
.byte 0xff, 0xff, 0xff, 0xff, 0xff, 0xff, 0xff, 0xff, 0xff, 0xff, 0xff, 0xff, 0xff, 0xff, 0xff, 0xff
.byte 0xff, 0xff, 0xff, 0xff, 0xff, 0xff, 0xff, 0xff, 0xff, 0xff, 0xff, 0xff, 0xff, 0xff, 0xff, 0xff
.byte 0xff, 0xff, 0xff, 0xff, 0xff, 0xff, 0xff, 0xff, 0xff, 0xff, 0xff, 0xff, 0xff, 0xff, 0xff, 0xff
.byte 0xff, 0xff, 0x1a, 0xb6, 0x93, 0x53, 0xce, 0x09, 0xce, 0x01, 0x10, 0x0a, 0x50, 0x12, 0x50, 0x12
.byte 0x50, 0x12, 0x0f, 0x0a, 0xce, 0x01, 0xb0, 0x22, 0x57, 0x95, 0xdf, 0xff, 0x5c, 0xef, 0xff, 0xff
.byte 0xff, 0xff, 0xff, 0xff, 0xff, 0xff, 0xff, 0xff, 0xff, 0xff, 0xff, 0xff, 0x3d, 0xdf, 0x14, 0x5c
.byte 0xce, 0x01, 0x70, 0x12, 0x70, 0x1a, 0x70, 0x1a, 0x50, 0x12, 0x2f, 0x0a, 0x2f, 0x12, 0x50, 0x12
.byte 0x50, 0x1a, 0x50, 0x12, 0xef, 0x01, 0x2e, 0x12, 0x58, 0x95, 0x7d, 0xef, 0x9e, 0xf7, 0xff, 0xff
.byte 0xff, 0xff, 0xff, 0xff, 0xff, 0xff, 0xff, 0xff, 0xff, 0xff, 0xff, 0xff, 0xbb, 0xce, 0xd3, 0x53
.byte 0x0f, 0x0a, 0xef, 0x01, 0x50, 0x12, 0x91, 0x12, 0x71, 0x12, 0x71, 0x12, 0x30, 0x0a, 0xef, 0x01
.byte 0x4f, 0x1a, 0xd6, 0x7c, 0x9e, 0xef, 0xff, 0xff, 0xff, 0xff, 0xff, 0xff, 0xff, 0xff, 0xff, 0xff
.byte 0xff, 0xff, 0xff, 0xff, 0xff, 0xff, 0xff, 0xff, 0xff, 0xff, 0xff, 0xff, 0xff, 0xff, 0xff, 0xff
.byte 0xff, 0xff, 0xff, 0xff, 0xff, 0xff, 0xff, 0xff, 0xff, 0xff, 0xff, 0xff, 0xff, 0xff, 0xff, 0xff
.byte 0xff, 0xff, 0xff, 0xff, 0xff, 0xff, 0xff, 0xff, 0xff, 0xff, 0xff, 0xff, 0xff, 0xff, 0xff, 0xff
.byte 0xff, 0xff, 0xff, 0xff, 0xff, 0xff, 0xff, 0xff, 0xff, 0xff, 0xff, 0xff, 0xff, 0xff, 0xff, 0xff
.byte 0xff, 0xff, 0xff, 0xff, 0xff, 0xff, 0xff, 0xff, 0xff, 0xff, 0xff, 0xff, 0xfc, 0xd6, 0x78, 0x95
.byte 0x72, 0x43, 0x6f, 0x1a, 0x0e, 0x12, 0xee, 0x09, 0x2f, 0x12, 0xd1, 0x2a, 0x75, 0x6c, 0xbb, 0xce
.byte 0xff, 0xff, 0x9d, 0xf7, 0xde, 0xff, 0xff, 0xff, 0xff, 0xff, 0xff, 0xff, 0xff, 0xff, 0xff, 0xff
.byte 0xff, 0xff, 0xff, 0xff, 0xff, 0xff, 0xfc, 0xd6, 0xd3, 0x53, 0xad, 0x01, 0x0f, 0x0a, 0x70, 0x12
.byte 0x70, 0x12, 0x71, 0x12, 0x71, 0x12, 0x71, 0x12, 0x50, 0x12, 0xef, 0x01, 0x4f, 0x12, 0x17, 0x85
.byte 0x9e, 0xef, 0x7d, 0xef, 0xff, 0xff, 0xff, 0xff, 0xff, 0xff, 0xff, 0xff, 0xff, 0xff, 0xff, 0xff
.byte 0xff, 0xff, 0xff, 0xff, 0xff, 0xff, 0x3d, 0xdf, 0x17, 0x85, 0x73, 0x43, 0x50, 0x12, 0x2f, 0x0a
.byte 0x2f, 0x0a, 0x2f, 0x12, 0xb0, 0x22, 0xd3, 0x53, 0xf9, 0xad, 0x7d, 0xef, 0xbe, 0xf7, 0xff, 0xff
.byte 0xff, 0xff, 0xff, 0xff, 0xff, 0xff, 0xff, 0xff, 0xff, 0xff, 0xff, 0xff, 0xff, 0xff, 0xff, 0xff
.byte 0xff, 0xff, 0xff, 0xff, 0xff, 0xff, 0xff, 0xff, 0xff, 0xff, 0xff, 0xff, 0xff, 0xff, 0xff, 0xff
.byte 0xff, 0xff, 0xff, 0xff, 0xff, 0xff, 0xff, 0xff, 0xff, 0xff, 0xff, 0xff, 0xff, 0xff, 0xff, 0xff
.byte 0xff, 0xff, 0xff, 0xff, 0xff, 0xff, 0xff, 0xff, 0xff, 0xff, 0xff, 0xff, 0xff, 0xff, 0xff, 0xff
.byte 0xff, 0xff, 0xff, 0xff, 0xff, 0xff, 0xff, 0xff, 0xff, 0xff, 0xff, 0xff, 0xff, 0xff, 0xff, 0xff
.byte 0xff, 0xff, 0xff, 0xff, 0xff, 0xff, 0xff, 0xff, 0x5e, 0xe7, 0xbc, 0xce, 0xf9, 0xad, 0xd9, 0xa5
.byte 0x3a, 0xb6, 0x1d, 0xdf, 0xff, 0xff, 0xff, 0xff, 0xff, 0xff, 0xdf, 0xff, 0xff, 0xff, 0xff, 0xff
.byte 0xff, 0xff, 0xff, 0xff, 0xff, 0xff, 0xff, 0xff, 0xff, 0xff, 0xff, 0xff, 0xff, 0xff, 0xff, 0xff
.byte 0x3d, 0xdf, 0x17, 0x85, 0x6f, 0x22, 0xee, 0x01, 0x0f, 0x02, 0x30, 0x02, 0x0f, 0x02, 0xef, 0x01
.byte 0x0e, 0x0a, 0x52, 0x43, 0xd9, 0xa5, 0xdf, 0xf7, 0x9e, 0xf7, 0xff, 0xff, 0xff, 0xff, 0xff, 0xff
.byte 0xff, 0xff, 0xff, 0xff, 0xff, 0xff, 0xff, 0xff, 0xff, 0xff, 0xff, 0xff, 0xff, 0xff, 0xff, 0xff
.byte 0xff, 0xff, 0x3d, 0xdf, 0x1a, 0xae, 0x58, 0x95, 0x38, 0x95, 0xb9, 0x9d, 0x5b, 0xbe, 0x7d, 0xe7
.byte 0xbe, 0xf7, 0xde, 0xff, 0xff, 0xff, 0xff, 0xff, 0xff, 0xff, 0xff, 0xff, 0xff, 0xff, 0xff, 0xff
.byte 0xff, 0xff, 0xff, 0xff, 0xff, 0xff, 0xff, 0xff, 0xff, 0xff, 0xff, 0xff, 0xff, 0xff, 0xff, 0xff
.byte 0xff, 0xff, 0xff, 0xff, 0xff, 0xff, 0xff, 0xff, 0xff, 0xff, 0xff, 0xff, 0xff, 0xff, 0xff, 0xff
.byte 0xff, 0xff, 0xff, 0xff, 0xff, 0xff, 0xff, 0xff, 0xff, 0xff, 0xff, 0xff, 0xff, 0xff, 0xff, 0xff
.byte 0xff, 0xff, 0xff, 0xff, 0xff, 0xff, 0xff, 0xff, 0xff, 0xff, 0xff, 0xff, 0xff, 0xff, 0xff, 0xff
.byte 0xff, 0xff, 0xff, 0xff, 0xff, 0xff, 0xff, 0xff, 0xff, 0xff, 0xff, 0xff, 0xff, 0xff, 0xff, 0xff
.byte 0xff, 0xff, 0xff, 0xff, 0xff, 0xff, 0xff, 0xff, 0xff, 0xff, 0xff, 0xff, 0xff, 0xff, 0xff, 0xff
.byte 0xff, 0xff, 0xff, 0xff, 0xff, 0xff, 0xff, 0xff, 0xff, 0xff, 0xff, 0xff, 0xff, 0xff, 0xff, 0xff
.byte 0xff, 0xff, 0xff, 0xff, 0xff, 0xff, 0xff, 0xff, 0xff, 0xff, 0xff, 0xff, 0x9b, 0xc6, 0x16, 0x85
.byte 0xd3, 0x53, 0x72, 0x43, 0x72, 0x43, 0x34, 0x64, 0x78, 0x95, 0xdc, 0xd6, 0x5d, 0xef, 0xde, 0xff
.byte 0xff, 0xff, 0xff, 0xff, 0xff, 0xff, 0xff, 0xff, 0xff, 0xff, 0xff, 0xff, 0xff, 0xff, 0xff, 0xff
.byte 0xff, 0xff, 0xff, 0xff, 0xff, 0xff, 0xff, 0xff, 0xff, 0xff, 0xff, 0xff, 0xff, 0xff, 0xdf, 0xff
.byte 0xdf, 0xff, 0xff, 0xff, 0xff, 0xff, 0xff, 0xff, 0xff, 0xff, 0xff, 0xff, 0xff, 0xff, 0xff, 0xff
.byte 0xff, 0xff, 0xff, 0xff, 0xff, 0xff, 0xff, 0xff, 0xff, 0xff, 0xff, 0xff, 0xff, 0xff, 0xff, 0xff
.byte 0xff, 0xff, 0xff, 0xff, 0xff, 0xff, 0xff, 0xff, 0xff, 0xff, 0xff, 0xff, 0xff, 0xff, 0xff, 0xff
.byte 0xff, 0xff, 0xff, 0xff, 0xff, 0xff, 0xff, 0xff, 0xff, 0xff, 0xff, 0xff, 0xff, 0xff, 0xff, 0xff
.byte 0xff, 0xff, 0xff, 0xff, 0xff, 0xff, 0xff, 0xff, 0xff, 0xff, 0xff, 0xff, 0xff, 0xff, 0xff, 0xff
.byte 0xff, 0xff, 0xff, 0xff, 0xff, 0xff, 0xff, 0xff, 0xff, 0xff, 0xff, 0xff, 0xff, 0xff, 0xff, 0xff
.byte 0xff, 0xff, 0xff, 0xff, 0xff, 0xff, 0xff, 0xff, 0xff, 0xff, 0xff, 0xff, 0xff, 0xff, 0xff, 0xff
.byte 0xff, 0xff, 0xff, 0xff, 0xff, 0xff, 0xff, 0xff, 0xff, 0xff, 0xff, 0xff, 0xff, 0xff, 0xff, 0xff
.byte 0xff, 0xff, 0xff, 0xff, 0xff, 0xff, 0xff, 0xff, 0xff, 0xff, 0xff, 0xff, 0xff, 0xff, 0xff, 0xff
.byte 0xff, 0xff, 0xff, 0xff, 0xff, 0xff, 0xdf, 0xff, 0x5c, 0xe7, 0x1c, 0xdf, 0x1c, 0xdf, 0xdf, 0xff
.byte 0xff, 0xff, 0xff, 0xff, 0xff, 0xff, 0xff, 0xff, 0xff, 0xff, 0xff, 0xff, 0xff, 0xff, 0xff, 0xff
.byte 0xff, 0xff, 0xff, 0xff, 0xff, 0xff, 0xff, 0xff, 0xff, 0xff, 0xff, 0xff, 0xff, 0xff, 0xff, 0xff
.byte 0xff, 0xff, 0xff, 0xff, 0xff, 0xff, 0xff, 0xff, 0xff, 0xff, 0xff, 0xff, 0xff, 0xff, 0xff, 0xff
.byte 0xff, 0xff, 0xff, 0xff, 0xff, 0xff, 0xff, 0xff, 0xff, 0xff, 0xff, 0xff, 0xff, 0xff, 0xff, 0xff
.byte 0xff, 0xff, 0xff, 0xff, 0xff, 0xff, 0xff, 0xff, 0xff, 0xff, 0xff, 0xff, 0xff, 0xff, 0xff, 0xff
.byte 0xff, 0xff, 0xff, 0xff, 0xff, 0xff, 0xff, 0xff, 0xff, 0xff, 0xff, 0xff, 0xff, 0xff, 0xff, 0xff

.global _binary_rain_bin_end
_binary_rain_bin_end: /* for objcopy compatibility */


.global rain_bin_length
rain_bin_length:
.long 20000
