/* * Data converted from E:/Embedded-Systems/ESP32 Workspace/01_ST7789_Display_Module/main/snow.bin
 */
.data
#if !defined (__APPLE__) && !defined (__linux__)
.section .rodata.embedded
#endif

.global snow_bin
snow_bin:

.global _binary_snow_bin_start
_binary_snow_bin_start: /* for objcopy compatibility */
.byte 0xff, 0xff, 0xff, 0xff, 0xff, 0xff, 0xff, 0xff, 0xff, 0xff, 0xff, 0xff, 0xff, 0xff, 0xff, 0xff
.byte 0xff, 0xff, 0xff, 0xff, 0xff, 0xff, 0xff, 0xff, 0xff, 0xff, 0xff, 0xff, 0xff, 0xff, 0xff, 0xff
.byte 0xff, 0xff, 0xff, 0xff, 0xff, 0xff, 0xff, 0xff, 0xff, 0xff, 0xff, 0xff, 0xff, 0xff, 0xff, 0xff
.byte 0xff, 0xff, 0xff, 0xff, 0xff, 0xff, 0xff, 0xff, 0xff, 0xff, 0xff, 0xff, 0xff, 0xff, 0xff, 0xff
.byte 0xff, 0xff, 0xff, 0xff, 0xff, 0xff, 0xff, 0xff, 0xff, 0xff, 0xff, 0xff, 0xff, 0xff, 0xff, 0xff
.byte 0xff, 0xff, 0xff, 0xff, 0xff, 0xff, 0xff, 0xff, 0xff, 0xff, 0xff, 0xff, 0xff, 0xff, 0xff, 0xff
.byte 0xff, 0xff, 0xff, 0xff, 0xff, 0xff, 0xff, 0xff, 0xff, 0xff, 0xff, 0xff, 0xff, 0xff, 0xff, 0xff
.byte 0xff, 0xff, 0xff, 0xff, 0xff, 0xff, 0xff, 0xff, 0xff, 0xff, 0xff, 0xff, 0xff, 0xff, 0xff, 0xff
.byte 0xff, 0xff, 0xff, 0xff, 0xff, 0xff, 0xff, 0xff, 0xff, 0xff, 0xff, 0xff, 0xff, 0xff, 0xff, 0xff
.byte 0xff, 0xff, 0xff, 0xff, 0xff, 0xff, 0xff, 0xff, 0xff, 0xff, 0xff, 0xff, 0xff, 0xff, 0xff, 0xff
.byte 0xff, 0xff, 0xff, 0xff, 0xff, 0xff, 0xff, 0xff, 0xff, 0xff, 0xff, 0xff, 0xff, 0xff, 0xff, 0xff
.byte 0xff, 0xff, 0xff, 0xff, 0xff, 0xff, 0xff, 0xff, 0xff, 0xff, 0xff, 0xff, 0xff, 0xff, 0xff, 0xff
.byte 0xff, 0xff, 0xff, 0xff, 0xff, 0xff, 0xff, 0xff, 0xff, 0xff, 0xff, 0xff, 0xff, 0xff, 0xff, 0xff
.byte 0xff, 0xff, 0xff, 0xff, 0xff, 0xff, 0xff, 0xff, 0xff, 0xff, 0xff, 0xff, 0xff, 0xff, 0xff, 0xff
.byte 0xff, 0xff, 0xff, 0xff, 0xff, 0xff, 0xff, 0xff, 0xff, 0xff, 0xff, 0xff, 0xff, 0xff, 0xff, 0xff
.byte 0xff, 0xff, 0xff, 0xff, 0xff, 0xff, 0xff, 0xff, 0xff, 0xff, 0xff, 0xff, 0xff, 0xff, 0xff, 0xff
.byte 0xff, 0xff, 0xff, 0xff, 0xff, 0xff, 0xff, 0xff, 0xff, 0xff, 0xff, 0xff, 0xff, 0xff, 0xff, 0xff
.byte 0xff, 0xff, 0xff, 0xff, 0xff, 0xff, 0xff, 0xff, 0xff, 0xff, 0xff, 0xff, 0xff, 0xff, 0xff, 0xff
.byte 0xff, 0xff, 0xff, 0xff, 0xdf, 0xff, 0x93, 0x4b, 0x2f, 0x12, 0x0f, 0x0a, 0xee, 0x09, 0x2e, 0x1a
.byte 0x54, 0x6c, 0xdf, 0xff, 0xff, 0xff, 0xff, 0xff, 0xff, 0xff, 0xff, 0xff, 0xff, 0xff, 0xff, 0xff
.byte 0xff, 0xff, 0xff, 0xff, 0xff, 0xff, 0xff, 0xff, 0xff, 0xff, 0xff, 0xff, 0xff, 0xff, 0xff, 0xff
.byte 0xff, 0xff, 0xff, 0xff, 0xff, 0xff, 0xff, 0xff, 0xff, 0xff, 0xff, 0xff, 0xff, 0xff, 0xff, 0xff
.byte 0xff, 0xff, 0xff, 0xff, 0xff, 0xff, 0xff, 0xff, 0xff, 0xff, 0xff, 0xff, 0xff, 0xff, 0xff, 0xff
.byte 0xff, 0xff, 0xff, 0xff, 0xff, 0xff, 0xff, 0xff, 0xff, 0xff, 0xff, 0xff, 0xff, 0xff, 0xff, 0xff
.byte 0xff, 0xff, 0xff, 0xff, 0xff, 0xff, 0xff, 0xff, 0xff, 0xff, 0xff, 0xff, 0xff, 0xff, 0xff, 0xff
.byte 0xff, 0xff, 0xff, 0xff, 0xff, 0xff, 0xff, 0xff, 0xff, 0xff, 0xff, 0xff, 0xff, 0xff, 0xff, 0xff
.byte 0xff, 0xff, 0xff, 0xff, 0xff, 0xff, 0xff, 0xff, 0xff, 0xff, 0xff, 0xff, 0xff, 0xff, 0xff, 0xff
.byte 0xff, 0xff, 0xff, 0xff, 0xff, 0xff, 0xff, 0xff, 0xff, 0xff, 0xff, 0xff, 0xff, 0xff, 0xff, 0xff
.byte 0xff, 0xff, 0xff, 0xff, 0xff, 0xff, 0xff, 0xff, 0xff, 0xff, 0xff, 0xff, 0xff, 0xff, 0xff, 0xff
.byte 0xff, 0xff, 0xff, 0xff, 0xff, 0xff, 0xff, 0xff, 0xff, 0xff, 0xff, 0xff, 0xff, 0xff, 0xff, 0xff
.byte 0xff, 0xff, 0xff, 0xff, 0xff, 0xff, 0xff, 0xff, 0xff, 0xff, 0x93, 0x4b, 0x30, 0x0a, 0x92, 0x12
.byte 0x91, 0x12, 0x71, 0x12, 0x71, 0x12, 0x50, 0x0a, 0xef, 0x01, 0x2e, 0x1a, 0xd9, 0x9d, 0xff, 0xff
.byte 0xff, 0xff, 0xff, 0xff, 0xff, 0xff, 0xff, 0xff, 0xff, 0xff, 0xff, 0xff, 0xff, 0xff, 0xff, 0xff
.byte 0xff, 0xff, 0xff, 0xff, 0xff, 0xff, 0xff, 0xff, 0xff, 0xff, 0xff, 0xff, 0xff, 0xff, 0xff, 0xff
.byte 0xff, 0xff, 0xff, 0xff, 0xff, 0xff, 0xff, 0xff, 0xff, 0xff, 0xff, 0xff, 0xff, 0xff, 0xff, 0xff
.byte 0xff, 0xff, 0xff, 0xff, 0xff, 0xff, 0xff, 0xff, 0xff, 0xff, 0xff, 0xff, 0xff, 0xff, 0xff, 0xff
.byte 0xff, 0xff, 0xff, 0xff, 0xff, 0xff, 0xff, 0xff, 0xff, 0xff, 0xff, 0xff, 0xff, 0xff, 0xff, 0xff
.byte 0xff, 0xff, 0xff, 0xff, 0xff, 0xff, 0xff, 0xff, 0xff, 0xff, 0xff, 0xff, 0xff, 0xff, 0xff, 0xff
.byte 0xff, 0xff, 0xff, 0xff, 0xff, 0xff, 0xff, 0xff, 0xff, 0xff, 0xff, 0xff, 0xff, 0xff, 0xff, 0xff
.byte 0xff, 0xff, 0xff, 0xff, 0xff, 0xff, 0xff, 0xff, 0xff, 0xff, 0xff, 0xff, 0xff, 0xff, 0xff, 0xff
.byte 0xff, 0xff, 0xff, 0xff, 0xff, 0xff, 0xff, 0xff, 0xff, 0xff, 0xff, 0xff, 0xff, 0xff, 0xff, 0xff
.byte 0xff, 0xff, 0xff, 0xff, 0xff, 0xff, 0xff, 0xff, 0xff, 0xff, 0xff, 0xff, 0xff, 0xff, 0xff, 0xff
.byte 0xff, 0xff, 0xff, 0xff, 0xff, 0xff, 0xff, 0xff, 0xff, 0xff, 0xff, 0xff, 0xff, 0xff, 0xff, 0xff
.byte 0x32, 0x3b, 0x30, 0x0a, 0x91, 0x1a, 0x91, 0x1a, 0x70, 0x12, 0x50, 0x0a, 0x70, 0x12, 0x90, 0x12
.byte 0x70, 0x12, 0x30, 0x0a, 0x6f, 0x1a, 0x1d, 0xd7, 0xff, 0xff, 0xff, 0xff, 0xff, 0xff, 0xff, 0xff
.byte 0xff, 0xff, 0xff, 0xff, 0xff, 0xff, 0xff, 0xff, 0xff, 0xff, 0xff, 0xff, 0xff, 0xff, 0xff, 0xff
.byte 0xff, 0xff, 0xff, 0xff, 0xff, 0xff, 0xff, 0xff, 0xff, 0xff, 0xff, 0xff, 0xff, 0xff, 0xff, 0xff
.byte 0xff, 0xff, 0xff, 0xff, 0xff, 0xff, 0xff, 0xff, 0xff, 0xff, 0xff, 0xff, 0xff, 0xff, 0xff, 0xff
.byte 0xff, 0xff, 0xff, 0xff, 0xff, 0xff, 0xff, 0xff, 0xff, 0xff, 0xff, 0xff, 0xff, 0xff, 0xff, 0xff
.byte 0xff, 0xff, 0xff, 0xff, 0xff, 0xff, 0xff, 0xff, 0xff, 0xff, 0xff, 0xff, 0xff, 0xff, 0xff, 0xff
.byte 0xff, 0xff, 0xff, 0xff, 0xff, 0xff, 0xff, 0xff, 0xff, 0xff, 0xff, 0xff, 0xff, 0xff, 0xff, 0xff
.byte 0xff, 0xff, 0xff, 0xff, 0xff, 0xff, 0xff, 0xff, 0xff, 0xff, 0xff, 0xff, 0xff, 0xff, 0xff, 0xff
.byte 0xff, 0xff, 0xff, 0xff, 0xff, 0xff, 0xff, 0xff, 0xff, 0xff, 0xff, 0xff, 0xff, 0xff, 0xff, 0xff
.byte 0xff, 0xff, 0xff, 0xff, 0xff, 0xff, 0xff, 0xff, 0xff, 0xff, 0xff, 0xff, 0xff, 0xff, 0xff, 0xff
.byte 0xff, 0xff, 0xff, 0xff, 0xff, 0xff, 0xff, 0xff, 0xff, 0xff, 0xff, 0xff, 0xff, 0xff, 0xff, 0xff
.byte 0xff, 0xff, 0xff, 0xff, 0xff, 0xff, 0x9e, 0xf7, 0xcd, 0x09, 0x70, 0x12, 0x91, 0x1a, 0x71, 0x12
.byte 0x13, 0x23, 0xd6, 0x3b, 0x33, 0x23, 0x91, 0x12, 0x91, 0x12, 0x91, 0x12, 0x0f, 0x0a, 0xb5, 0x7c
.byte 0xff, 0xff, 0xff, 0xff, 0xff, 0xff, 0xff, 0xff, 0xff, 0xff, 0xff, 0xff, 0xff, 0xff, 0xff, 0xff
.byte 0xff, 0xff, 0xff, 0xff, 0xff, 0xff, 0xff, 0xff, 0xff, 0xff, 0xff, 0xff, 0xff, 0xff, 0xff, 0xff
.byte 0xff, 0xff, 0xff, 0xff, 0xff, 0xff, 0xff, 0xff, 0xff, 0xff, 0xff, 0xff, 0xff, 0xff, 0xff, 0xff
.byte 0xff, 0xff, 0xff, 0xff, 0xff, 0xff, 0xff, 0xff, 0xff, 0xff, 0xff, 0xff, 0xff, 0xff, 0xff, 0xff
.byte 0xff, 0xff, 0xff, 0xff, 0xff, 0xff, 0xff, 0xff, 0xff, 0xff, 0xff, 0xff, 0xff, 0xff, 0xff, 0xff
.byte 0xff, 0xff, 0xff, 0xff, 0xff, 0xff, 0xff, 0xff, 0xff, 0xff, 0xff, 0xff, 0xff, 0xff, 0xff, 0xff
.byte 0xff, 0xff, 0xff, 0xff, 0xff, 0xff, 0xff, 0xff, 0xff, 0xff, 0xff, 0xff, 0xff, 0xff, 0xff, 0xff
.byte 0xff, 0xff, 0xff, 0xff, 0xff, 0xff, 0xff, 0xff, 0xff, 0xff, 0xff, 0xff, 0xff, 0xff, 0xff, 0xff
.byte 0xff, 0xff, 0xff, 0xff, 0xff, 0xff, 0xff, 0xff, 0xff, 0xff, 0xff, 0xff, 0xff, 0xff, 0xff, 0xff
.byte 0xff, 0xff, 0xff, 0xff, 0xff, 0xff, 0xff, 0xff, 0xff, 0xff, 0xff, 0xff, 0xff, 0xff, 0xff, 0xff
.byte 0xff, 0xff, 0xff, 0xff, 0xff, 0xff, 0xff, 0xff, 0xff, 0xff, 0xff, 0xff, 0xff, 0xff, 0x14, 0x6c
.byte 0xee, 0x09, 0x50, 0x12, 0x50, 0x0a, 0x13, 0x23, 0x1d, 0x7e, 0x9f, 0x8e, 0x5e, 0x86, 0xd6, 0x3b
.byte 0x71, 0x0a, 0x91, 0x12, 0x50, 0x0a, 0x71, 0x4b, 0xdf, 0xf7, 0xff, 0xff, 0xff, 0xff, 0xff, 0xff
.byte 0xff, 0xff, 0xff, 0xff, 0xff, 0xff, 0xff, 0xff, 0xff, 0xff, 0xff, 0xff, 0xff, 0xff, 0xff, 0xff
.byte 0xff, 0xff, 0xff, 0xff, 0xff, 0xff, 0xff, 0xff, 0xff, 0xff, 0xff, 0xff, 0xff, 0xff, 0xff, 0xff
.byte 0xff, 0xff, 0xff, 0xff, 0xff, 0xff, 0xff, 0xff, 0xff, 0xff, 0xff, 0xff, 0xff, 0xff, 0xff, 0xff
.byte 0xff, 0xff, 0xff, 0xff, 0xff, 0xff, 0xff, 0xff, 0xff, 0xff, 0xff, 0xff, 0xff, 0xff, 0xff, 0xff
.byte 0xff, 0xff, 0xff, 0xff, 0xff, 0xff, 0xff, 0xff, 0xff, 0xff, 0xff, 0xff, 0xff, 0xff, 0xff, 0xff
.byte 0xff, 0xff, 0xff, 0xff, 0xff, 0xff, 0xff, 0xff, 0xff, 0xff, 0xff, 0xff, 0xff, 0xff, 0xff, 0xff
.byte 0xff, 0xff, 0xff, 0xff, 0xff, 0xff, 0xff, 0xff, 0xff, 0xff, 0xff, 0xff, 0xff, 0xff, 0xff, 0xff
.byte 0xff, 0xff, 0xff, 0xff, 0xff, 0xff, 0xff, 0xff, 0xff, 0xff, 0xff, 0xff, 0xff, 0xff, 0xff, 0xff
.byte 0xff, 0xff, 0xff, 0xff, 0xff, 0xff, 0xff, 0xff, 0xff, 0xff, 0xff, 0xff, 0xff, 0xff, 0xff, 0xff
.byte 0xff, 0xff, 0xff, 0xff, 0xff, 0xff, 0x95, 0x7c, 0x31, 0x43, 0x31, 0x43, 0x74, 0x74, 0x1c, 0xd7
.byte 0xff, 0xff, 0xff, 0xff, 0xff, 0xff, 0x92, 0x4b, 0x0e, 0x0a, 0x50, 0x12, 0x0f, 0x0a, 0x37, 0x44
.byte 0x7e, 0x86, 0x3d, 0x7e, 0x9f, 0x8e, 0x5b, 0x65, 0x50, 0x0a, 0x70, 0x12, 0x50, 0x12, 0xb0, 0x32
.byte 0x5d, 0xdf, 0xff, 0xff, 0xff, 0xff, 0xff, 0xff, 0xff, 0xff, 0xf6, 0x8c, 0x72, 0x4b, 0x72, 0x4b
.byte 0x75, 0x74, 0xfc, 0xd6, 0xff, 0xff, 0xff, 0xff, 0xff, 0xff, 0xff, 0xff, 0xff, 0xff, 0xff, 0xff
.byte 0xff, 0xff, 0xff, 0xff, 0xff, 0xff, 0xff, 0xff, 0xff, 0xff, 0xff, 0xff, 0xff, 0xff, 0xff, 0xff
.byte 0xff, 0xff, 0xff, 0xff, 0xff, 0xff, 0xff, 0xff, 0xff, 0xff, 0xff, 0xff, 0xff, 0xff, 0xff, 0xff
.byte 0xff, 0xff, 0xff, 0xff, 0xff, 0xff, 0xff, 0xff, 0xff, 0xff, 0xff, 0xff, 0xff, 0xff, 0xff, 0xff
.byte 0xff, 0xff, 0xff, 0xff, 0xff, 0xff, 0xff, 0xff, 0xff, 0xff, 0xff, 0xff, 0xff, 0xff, 0xff, 0xff
.byte 0xff, 0xff, 0xff, 0xff, 0xff, 0xff, 0xff, 0xff, 0xff, 0xff, 0xff, 0xff, 0xff, 0xff, 0xff, 0xff
.byte 0xff, 0xff, 0xff, 0xff, 0xff, 0xff, 0xff, 0xff, 0xff, 0xff, 0xff, 0xff, 0xff, 0xff, 0xff, 0xff
.byte 0xff, 0xff, 0xff, 0xff, 0xff, 0xff, 0xff, 0xff, 0xff, 0xff, 0xff, 0xff, 0xff, 0xff, 0xff, 0xff
.byte 0xff, 0xff, 0xff, 0xff, 0xff, 0xff, 0xff, 0xff, 0xff, 0xff, 0xb0, 0x2a, 0x0f, 0x0a, 0x30, 0x0a
.byte 0x30, 0x0a, 0x0f, 0x0a, 0xce, 0x01, 0x0e, 0x12, 0x34, 0x6c, 0xdf, 0xf7, 0xff, 0xff, 0x72, 0x4b
.byte 0x0e, 0x0a, 0x70, 0x12, 0x2f, 0x0a, 0x37, 0x44, 0x3e, 0x7e, 0x1d, 0x7e, 0x7e, 0x86, 0x3a, 0x65
.byte 0x4f, 0x0a, 0x4f, 0x12, 0x2f, 0x12, 0x4e, 0x22, 0x5d, 0xdf, 0xff, 0xff, 0xff, 0xff, 0x31, 0x3b
.byte 0xad, 0x01, 0x0f, 0x0a, 0x30, 0x0a, 0x30, 0x0a, 0x0f, 0x02, 0x2f, 0x12, 0x14, 0x64, 0xfd, 0xd6
.byte 0xff, 0xff, 0xff, 0xff, 0xff, 0xff, 0xff, 0xff, 0xff, 0xff, 0xff, 0xff, 0xff, 0xff, 0xff, 0xff
.byte 0xff, 0xff, 0xff, 0xff, 0xff, 0xff, 0xff, 0xff, 0xff, 0xff, 0xff, 0xff, 0xff, 0xff, 0xff, 0xff
.byte 0xff, 0xff, 0xff, 0xff, 0xff, 0xff, 0xff, 0xff, 0xff, 0xff, 0xff, 0xff, 0xff, 0xff, 0xff, 0xff
.byte 0xff, 0xff, 0xff, 0xff, 0xff, 0xff, 0xff, 0xff, 0xff, 0xff, 0xff, 0xff, 0xff, 0xff, 0xff, 0xff
.byte 0xff, 0xff, 0xff, 0xff, 0xff, 0xff, 0xff, 0xff, 0xff, 0xff, 0xff, 0xff, 0xff, 0xff, 0xff, 0xff
.byte 0xff, 0xff, 0xff, 0xff, 0xff, 0xff, 0xff, 0xff, 0xff, 0xff, 0xff, 0xff, 0xff, 0xff, 0xff, 0xff
.byte 0xff, 0xff, 0xff, 0xff, 0xff, 0xff, 0xff, 0xff, 0xff, 0xff, 0xff, 0xff, 0xff, 0xff, 0xff, 0xff
.byte 0xff, 0xff, 0xff, 0xff, 0xff, 0xff, 0xff, 0xff, 0xff, 0xff, 0xff, 0xff, 0xff, 0xff, 0x3a, 0xb6
.byte 0xee, 0x09, 0x72, 0x12, 0x92, 0x1a, 0x91, 0x1a, 0x70, 0x12, 0x70, 0x12, 0x70, 0x12, 0x50, 0x12
.byte 0xce, 0x01, 0xf0, 0x3a, 0xfc, 0xce, 0xd3, 0x53, 0x0f, 0x0a, 0x70, 0x12, 0x50, 0x0a, 0x57, 0x44
.byte 0x5e, 0x7e, 0x1d, 0x7e, 0x5e, 0x86, 0x3a, 0x5d, 0x2f, 0x0a, 0x2f, 0x12, 0x2f, 0x0a, 0x8e, 0x2a
.byte 0x9c, 0xbe, 0xbf, 0xf7, 0x8c, 0x01, 0x0f, 0x0a, 0x70, 0x12, 0x71, 0x12, 0x70, 0x12, 0x71, 0x12
.byte 0x71, 0x12, 0x92, 0x12, 0x30, 0x0a, 0xb3, 0x53, 0x3d, 0xdf, 0xff, 0xff, 0xff, 0xff, 0xff, 0xff
.byte 0xff, 0xff, 0xff, 0xff, 0xff, 0xff, 0xff, 0xff, 0xff, 0xff, 0xff, 0xff, 0xff, 0xff, 0xff, 0xff
.byte 0xff, 0xff, 0xff, 0xff, 0xff, 0xff, 0xff, 0xff, 0xff, 0xff, 0xff, 0xff, 0xff, 0xff, 0xff, 0xff
.byte 0xff, 0xff, 0xff, 0xff, 0xff, 0xff, 0xff, 0xff, 0xff, 0xff, 0xff, 0xff, 0xff, 0xff, 0xff, 0xff
.byte 0xff, 0xff, 0xff, 0xff, 0xff, 0xff, 0xff, 0xff, 0xff, 0xff, 0xff, 0xff, 0xff, 0xff, 0xff, 0xff
.byte 0xff, 0xff, 0xff, 0xff, 0xff, 0xff, 0xff, 0xff, 0xff, 0xff, 0xff, 0xff, 0xff, 0xff, 0xff, 0xff
.byte 0xff, 0xff, 0xff, 0xff, 0xff, 0xff, 0xff, 0xff, 0xff, 0xff, 0xff, 0xff, 0xff, 0xff, 0xff, 0xff
.byte 0xff, 0xff, 0xff, 0xff, 0xff, 0xff, 0xff, 0xff, 0xff, 0xff, 0xff, 0xff, 0xff, 0xff, 0xff, 0xff
.byte 0xff, 0xff, 0xff, 0xff, 0xff, 0xff, 0x0e, 0x1a, 0x51, 0x12, 0x71, 0x1a, 0x71, 0x1a, 0x30, 0x12
.byte 0x70, 0x12, 0x50, 0x12, 0x70, 0x12, 0x70, 0x1a, 0x71, 0x12, 0x30, 0x0a, 0xd1, 0x2a, 0x12, 0x33
.byte 0x70, 0x12, 0x91, 0x12, 0x50, 0x0a, 0x37, 0x44, 0x3e, 0x7e, 0x1d, 0x76, 0x5e, 0x7e, 0x3a, 0x5d
.byte 0x2f, 0x0a, 0x50, 0x0a, 0x4f, 0x12, 0xb0, 0x22, 0xf1, 0x32, 0xad, 0x01, 0x30, 0x12, 0x50, 0x12
.byte 0x50, 0x12, 0x50, 0x12, 0x70, 0x12, 0x50, 0x12, 0x50, 0x12, 0x91, 0x1a, 0xb2, 0x12, 0x0f, 0x0a
.byte 0x57, 0x95, 0xff, 0xff, 0xff, 0xff, 0xff, 0xff, 0xff, 0xff, 0xff, 0xff, 0xff, 0xff, 0xff, 0xff
.byte 0xff, 0xff, 0xff, 0xff, 0xff, 0xff, 0xff, 0xff, 0xff, 0xff, 0xff, 0xff, 0xff, 0xff, 0xff, 0xff
.byte 0xff, 0xff, 0xff, 0xff, 0xff, 0xff, 0xff, 0xff, 0xff, 0xff, 0xff, 0xff, 0xff, 0xff, 0xff, 0xff
.byte 0xff, 0xff, 0xff, 0xff, 0xff, 0xff, 0xff, 0xff, 0xff, 0xff, 0xff, 0xff, 0xff, 0xff, 0xff, 0xff
.byte 0xff, 0xff, 0xff, 0xff, 0xff, 0xff, 0xff, 0xff, 0xff, 0xff, 0xff, 0xff, 0xff, 0xff, 0xff, 0xff
.byte 0xff, 0xff, 0xff, 0xff, 0xff, 0xff, 0xff, 0xff, 0xff, 0xff, 0xff, 0xff, 0xff, 0xff, 0xff, 0xff
.byte 0xff, 0xff, 0xff, 0xff, 0xff, 0xff, 0xff, 0xff, 0xff, 0xff, 0xff, 0xff, 0xff, 0xff, 0xff, 0xff
.byte 0xff, 0xff, 0xff, 0xff, 0xff, 0xff, 0xff, 0xff, 0xff, 0xff, 0xff, 0xff, 0xb8, 0xa5, 0xce, 0x09
.byte 0x71, 0x12, 0x50, 0x12, 0x50, 0x12, 0xf5, 0x43, 0x7b, 0x6d, 0xb8, 0x54, 0xb1, 0x1a, 0x50, 0x12
.byte 0x91, 0x1a, 0xb1, 0x1a, 0x91, 0x12, 0x91, 0x12, 0xb1, 0x12, 0xb1, 0x12, 0x50, 0x0a, 0x57, 0x44
.byte 0x3e, 0x7e, 0xfe, 0x75, 0x3e, 0x7e, 0x3a, 0x5d, 0x2f, 0x0a, 0x70, 0x12, 0x70, 0x12, 0x70, 0x12
.byte 0x50, 0x0a, 0x71, 0x12, 0x70, 0x12, 0x30, 0x12, 0x50, 0x12, 0xf6, 0x3b, 0x5b, 0x65, 0x78, 0x4c
.byte 0xb1, 0x1a, 0x91, 0x12, 0x91, 0x12, 0x71, 0x0a, 0x91, 0x53, 0xff, 0xff, 0xff, 0xff, 0xff, 0xff
.byte 0xff, 0xff, 0xff, 0xff, 0xff, 0xff, 0xff, 0xff, 0xff, 0xff, 0xff, 0xff, 0xff, 0xff, 0xff, 0xff
.byte 0xff, 0xff, 0xff, 0xff, 0xff, 0xff, 0xff, 0xff, 0xff, 0xff, 0xff, 0xff, 0xff, 0xff, 0xff, 0xff
.byte 0xff, 0xff, 0xff, 0xff, 0xff, 0xff, 0xff, 0xff, 0xff, 0xff, 0xff, 0xff, 0xff, 0xff, 0xff, 0xff
.byte 0xff, 0xff, 0xff, 0xff, 0xff, 0xff, 0xff, 0xff, 0xff, 0xff, 0xff, 0xff, 0xff, 0xff, 0xff, 0xff
.byte 0xff, 0xff, 0xff, 0xff, 0xff, 0xff, 0xff, 0xff, 0xff, 0xff, 0xff, 0xff, 0xff, 0xff, 0xff, 0xff
.byte 0xff, 0xff, 0xff, 0xff, 0xff, 0xff, 0xff, 0xff, 0xff, 0xff, 0xff, 0xff, 0xff, 0xff, 0xff, 0xff
.byte 0xff, 0xff, 0xff, 0xff, 0xff, 0xff, 0xff, 0xff, 0xff, 0xff, 0xff, 0xff, 0xff, 0xff, 0xff, 0xff
.byte 0xff, 0xff, 0xff, 0xff, 0xd3, 0x63, 0xef, 0x09, 0x70, 0x12, 0x0f, 0x0a, 0x12, 0x2b, 0x3e, 0x7e
.byte 0x5e, 0x7e, 0x5e, 0x7e, 0x9b, 0x6d, 0x33, 0x2b, 0x50, 0x12, 0xb2, 0x1a, 0xb2, 0x1a, 0xb2, 0x12
.byte 0x91, 0x12, 0xb1, 0x12, 0x50, 0x0a, 0x37, 0x44, 0x1e, 0x76, 0xfe, 0x6d, 0x3e, 0x76, 0x3a, 0x5d
.byte 0x2f, 0x0a, 0x70, 0x12, 0x71, 0x12, 0x91, 0x12, 0x91, 0x12, 0x92, 0x12, 0x71, 0x12, 0x91, 0x1a
.byte 0xd9, 0x5c, 0x3e, 0x7e, 0x1e, 0x76, 0x5f, 0x86, 0x77, 0x4c, 0x50, 0x12, 0x50, 0x12, 0x71, 0x12
.byte 0x11, 0x3b, 0xbe, 0xf7, 0xff, 0xff, 0xff, 0xff, 0xff, 0xff, 0xff, 0xff, 0xff, 0xff, 0xff, 0xff
.byte 0xff, 0xff, 0xff, 0xff, 0xff, 0xff, 0xff, 0xff, 0xff, 0xff, 0xff, 0xff, 0xff, 0xff, 0xff, 0xff
.byte 0xff, 0xff, 0xff, 0xff, 0xff, 0xff, 0xff, 0xff, 0xff, 0xff, 0xff, 0xff, 0xff, 0xff, 0xff, 0xff
.byte 0xff, 0xff, 0xff, 0xff, 0xff, 0xff, 0xff, 0xff, 0xff, 0xff, 0xff, 0xff, 0xff, 0xff, 0xff, 0xff
.byte 0xff, 0xff, 0xff, 0xff, 0xff, 0xff, 0xff, 0xff, 0xff, 0xff, 0xff, 0xff, 0xff, 0xff, 0xff, 0xff
.byte 0xff, 0xff, 0xff, 0xff, 0xff, 0xff, 0xff, 0xff, 0xff, 0xff, 0xff, 0xff, 0xff, 0xff, 0xff, 0xff
.byte 0xff, 0xff, 0xff, 0xff, 0xff, 0xff, 0xff, 0xff, 0xff, 0xff, 0xff, 0xff, 0xff, 0xff, 0xff, 0xff
.byte 0xff, 0xff, 0xff, 0xff, 0xff, 0xff, 0xff, 0xff, 0xff, 0xff, 0xff, 0xff, 0xd2, 0x5b, 0xef, 0x09
.byte 0x70, 0x12, 0x0f, 0x12, 0x74, 0x33, 0x3e, 0x7e, 0x1d, 0x76, 0x1d, 0x7e, 0x5e, 0x86, 0x1d, 0x7e
.byte 0xf6, 0x43, 0x71, 0x12, 0xb2, 0x12, 0xb1, 0x12, 0x91, 0x12, 0x91, 0x12, 0x2f, 0x0a, 0x17, 0x3c
.byte 0x1e, 0x76, 0xdd, 0x6d, 0x1e, 0x76, 0x1a, 0x5d, 0x0f, 0x0a, 0x50, 0x12, 0x71, 0x12, 0x91, 0x12
.byte 0xb2, 0x12, 0x91, 0x12, 0x33, 0x23, 0x9b, 0x6d, 0x5e, 0x86, 0xfd, 0x75, 0xdd, 0x6d, 0x3e, 0x7e
.byte 0x98, 0x54, 0x2f, 0x12, 0x50, 0x12, 0x51, 0x12, 0xcf, 0x32, 0x9e, 0xef, 0xff, 0xff, 0xff, 0xff
.byte 0xff, 0xff, 0xff, 0xff, 0xff, 0xff, 0xff, 0xff, 0xff, 0xff, 0xff, 0xff, 0xff, 0xff, 0xff, 0xff
.byte 0xff, 0xff, 0xff, 0xff, 0xff, 0xff, 0xff, 0xff, 0xff, 0xff, 0xff, 0xff, 0xff, 0xff, 0xff, 0xff
.byte 0xff, 0xff, 0xff, 0xff, 0xff, 0xff, 0xff, 0xff, 0xff, 0xff, 0xff, 0xff, 0xff, 0xff, 0xff, 0xff
.byte 0xff, 0xff, 0xff, 0xff, 0xff, 0xff, 0xff, 0xff, 0xff, 0xff, 0xff, 0xff, 0xff, 0xff, 0xff, 0xff
.byte 0xff, 0xff, 0xff, 0xff, 0xff, 0xff, 0xff, 0xff, 0xff, 0xff, 0xff, 0xff, 0xff, 0xff, 0xff, 0xff
.byte 0xff, 0xff, 0xff, 0xff, 0xff, 0xff, 0xff, 0xff, 0xff, 0xff, 0xff, 0xff, 0xff, 0xff, 0xff, 0xff
.byte 0xff, 0xff, 0xff, 0xff, 0xff, 0xff, 0xff, 0xff, 0xff, 0xff, 0xff, 0xff, 0xff, 0xff, 0xff, 0xff
.byte 0xff, 0xff, 0xff, 0xff, 0xb5, 0x84, 0xce, 0x09, 0x70, 0x12, 0x50, 0x12, 0x70, 0x1a, 0xd9, 0x5c
.byte 0x7e, 0x86, 0x3d, 0x7e, 0x3d, 0x7e, 0x5e, 0x86, 0x5e, 0x86, 0x57, 0x4c, 0x50, 0x12, 0x50, 0x12
.byte 0x70, 0x12, 0x70, 0x12, 0x2f, 0x0a, 0x17, 0x3c, 0xfe, 0x75, 0xdd, 0x6d, 0x1e, 0x76, 0xf9, 0x5c
.byte 0x0e, 0x0a, 0x50, 0x12, 0x70, 0x12, 0x91, 0x12, 0x50, 0x0a, 0x94, 0x33, 0xfd, 0x7d, 0x5e, 0x86
.byte 0x1d, 0x7e, 0x1d, 0x76, 0x3e, 0x7e, 0x5b, 0x6d, 0xb1, 0x22, 0x70, 0x1a, 0x70, 0x1a, 0x2f, 0x0a
.byte 0x10, 0x43, 0xdf, 0xff, 0xff, 0xff, 0xff, 0xff, 0xff, 0xff, 0xff, 0xff, 0xff, 0xff, 0xff, 0xff
.byte 0xff, 0xff, 0xff, 0xff, 0xff, 0xff, 0xff, 0xff, 0xff, 0xff, 0xff, 0xff, 0xff, 0xff, 0xff, 0xff
.byte 0xff, 0xff, 0xff, 0xff, 0xff, 0xff, 0xff, 0xff, 0xff, 0xff, 0xff, 0xff, 0xff, 0xff, 0xff, 0xff
.byte 0xff, 0xff, 0xff, 0xff, 0xff, 0xff, 0xff, 0xff, 0xff, 0xff, 0xff, 0xff, 0xff, 0xff, 0xff, 0xff
.byte 0xff, 0xff, 0xff, 0xff, 0xff, 0xff, 0xff, 0xff, 0xff, 0xff, 0xff, 0xff, 0xff, 0xff, 0xff, 0xff
.byte 0xff, 0xff, 0xff, 0xff, 0xff, 0xff, 0xff, 0xff, 0xff, 0xff, 0xff, 0xff, 0xff, 0xff, 0xff, 0xff
.byte 0xff, 0xff, 0xff, 0xff, 0xff, 0xff, 0x58, 0x95, 0x31, 0x3b, 0xf1, 0x32, 0xd0, 0x3a, 0x71, 0x53
.byte 0x57, 0x95, 0xff, 0xff, 0xff, 0xff, 0xff, 0xff, 0xff, 0xff, 0xff, 0xff, 0x3d, 0xdf, 0x4e, 0x1a
.byte 0x70, 0x12, 0x71, 0x12, 0x71, 0x12, 0x71, 0x12, 0x78, 0x4c, 0x5e, 0x86, 0x3e, 0x7e, 0x1d, 0x7e
.byte 0x3e, 0x76, 0x7f, 0x7e, 0xd9, 0x54, 0x50, 0x12, 0x70, 0x12, 0x70, 0x12, 0x0f, 0x0a, 0x17, 0x3c
.byte 0xfe, 0x6d, 0xdd, 0x65, 0x1e, 0x76, 0xf9, 0x5c, 0xee, 0x09, 0x2f, 0x12, 0x50, 0x12, 0x2f, 0x12
.byte 0xb5, 0x3b, 0xfe, 0x7d, 0x3e, 0x7e, 0x1d, 0x7e, 0x1d, 0x7e, 0x7f, 0x86, 0x5b, 0x6d, 0xb1, 0x1a
.byte 0x70, 0x12, 0x71, 0x1a, 0x71, 0x1a, 0xce, 0x09, 0x57, 0x95, 0xff, 0xff, 0xff, 0xff, 0xff, 0xff
.byte 0xff, 0xff, 0xff, 0xff, 0x5a, 0xbe, 0x92, 0x4b, 0xaf, 0x2a, 0x8f, 0x22, 0xcf, 0x32, 0xd3, 0x53
.byte 0x58, 0x95, 0xff, 0xff, 0xff, 0xff, 0xff, 0xff, 0xff, 0xff, 0xff, 0xff, 0xff, 0xff, 0xff, 0xff
.byte 0xff, 0xff, 0xff, 0xff, 0xff, 0xff, 0xff, 0xff, 0xff, 0xff, 0xff, 0xff, 0xff, 0xff, 0xff, 0xff
.byte 0xff, 0xff, 0xff, 0xff, 0xff, 0xff, 0xff, 0xff, 0xff, 0xff, 0xff, 0xff, 0xff, 0xff, 0xff, 0xff
.byte 0xff, 0xff, 0xff, 0xff, 0xff, 0xff, 0xff, 0xff, 0xff, 0xff, 0xff, 0xff, 0xff, 0xff, 0xff, 0xff
.byte 0xff, 0xff, 0xff, 0xff, 0xff, 0xff, 0xff, 0xff, 0xff, 0xff, 0x9e, 0xef, 0x6f, 0x22, 0x0f, 0x0a
.byte 0x2f, 0x0a, 0x0f, 0x0a, 0xee, 0x09, 0xad, 0x01, 0xac, 0x01, 0xf0, 0x3a, 0x1c, 0xd7, 0xff, 0xff
.byte 0xff, 0xff, 0xff, 0xff, 0xff, 0xff, 0x37, 0x8d, 0x0e, 0x0a, 0x91, 0x12, 0x91, 0x12, 0x91, 0x12
.byte 0x50, 0x12, 0xd5, 0x3b, 0x1e, 0x7e, 0x3e, 0x7e, 0x1d, 0x76, 0xfe, 0x6d, 0x3e, 0x76, 0xfa, 0x5c
.byte 0x91, 0x1a, 0x0e, 0x0a, 0xee, 0x01, 0x78, 0x44, 0xfe, 0x6d, 0xdd, 0x6d, 0x1e, 0x6e, 0x5b, 0x5d
.byte 0x0e, 0x0a, 0xcd, 0x01, 0x0e, 0x0a, 0x37, 0x44, 0x1e, 0x76, 0xfd, 0x75, 0xfd, 0x75, 0x3e, 0x7e
.byte 0x7f, 0x86, 0xd9, 0x5c, 0xb1, 0x1a, 0x91, 0x12, 0xb1, 0x12, 0x91, 0x1a, 0xef, 0x09, 0x91, 0x53
.byte 0xdf, 0xf7, 0xff, 0xff, 0xff, 0xff, 0xff, 0xff, 0xbf, 0xf7, 0x31, 0x3b, 0xad, 0x09, 0xce, 0x09
.byte 0x0f, 0x0a, 0x2f, 0x0a, 0x2f, 0x0a, 0xee, 0x09, 0xee, 0x09, 0x14, 0x64, 0xdf, 0xf7, 0xff, 0xff
.byte 0xff, 0xff, 0xff, 0xff, 0xff, 0xff, 0xff, 0xff, 0xff, 0xff, 0xff, 0xff, 0xff, 0xff, 0xff, 0xff
.byte 0xff, 0xff, 0xff, 0xff, 0xff, 0xff, 0xff, 0xff, 0xff, 0xff, 0xff, 0xff, 0xff, 0xff, 0xff, 0xff
.byte 0xff, 0xff, 0xff, 0xff, 0xff, 0xff, 0xff, 0xff, 0xff, 0xff, 0xff, 0xff, 0xff, 0xff, 0xff, 0xff
.byte 0xff, 0xff, 0xff, 0xff, 0xff, 0xff, 0xff, 0xff, 0xff, 0xff, 0xff, 0xff, 0xff, 0xff, 0xff, 0xff
.byte 0x5d, 0xe7, 0x0e, 0x12, 0x91, 0x12, 0x91, 0x1a, 0x71, 0x1a, 0x50, 0x12, 0x50, 0x12, 0x50, 0x12
.byte 0x50, 0x12, 0xee, 0x09, 0xf0, 0x3a, 0xfc, 0xd6, 0xff, 0xff, 0xff, 0xff, 0xff, 0xff, 0xff, 0xff
.byte 0xd6, 0x7c, 0x2f, 0x12, 0x71, 0x12, 0x91, 0x12, 0x91, 0x12, 0x30, 0x0a, 0x54, 0x2b, 0xdd, 0x6d
.byte 0x1e, 0x76, 0xfd, 0x6d, 0xfd, 0x6d, 0x1e, 0x6e, 0x7c, 0x65, 0xf6, 0x3b, 0x16, 0x3c, 0xdd, 0x6d
.byte 0xfd, 0x6d, 0xdd, 0x6d, 0xdd, 0x6d, 0xfe, 0x6d, 0x98, 0x4c, 0x53, 0x2b, 0xb9, 0x54, 0x1e, 0x6e
.byte 0xdd, 0x6d, 0xdd, 0x6d, 0xfe, 0x75, 0x3e, 0x7e, 0x57, 0x4c, 0x70, 0x12, 0x70, 0x12, 0x70, 0x12
.byte 0x71, 0x12, 0x0f, 0x0a, 0x31, 0x43, 0x1c, 0xdf, 0x9d, 0xf7, 0xdf, 0xff, 0xff, 0xff, 0xff, 0xff
.byte 0xf0, 0x3a, 0xad, 0x01, 0x50, 0x12, 0x50, 0x12, 0x50, 0x12, 0x50, 0x12, 0x50, 0x12, 0x70, 0x12
.byte 0x70, 0x12, 0xee, 0x09, 0x95, 0x74, 0xff, 0xff, 0xff, 0xff, 0xff, 0xff, 0xff, 0xff, 0xff, 0xff
.byte 0xff, 0xff, 0xff, 0xff, 0xff, 0xff, 0xff, 0xff, 0xff, 0xff, 0xff, 0xff, 0xff, 0xff, 0xff, 0xff
.byte 0xff, 0xff, 0xff, 0xff, 0xff, 0xff, 0xff, 0xff, 0xff, 0xff, 0xff, 0xff, 0xff, 0xff, 0xff, 0xff
.byte 0xff, 0xff, 0xff, 0xff, 0xff, 0xff, 0xff, 0xff, 0xff, 0xff, 0xff, 0xff, 0xff, 0xff, 0xff, 0xff
.byte 0xff, 0xff, 0xff, 0xff, 0xff, 0xff, 0xff, 0xff, 0xd0, 0x32, 0x71, 0x12, 0xb2, 0x1a, 0xb1, 0x1a
.byte 0x70, 0x12, 0x91, 0x1a, 0x70, 0x12, 0x50, 0x12, 0x70, 0x1a, 0x71, 0x1a, 0x0f, 0x0a, 0x54, 0x6c
.byte 0x9e, 0xef, 0xff, 0xff, 0xff, 0xff, 0xff, 0xff, 0xff, 0xff, 0xb8, 0x9d, 0x2e, 0x1a, 0x50, 0x12
.byte 0x71, 0x12, 0x70, 0x12, 0x0f, 0x0a, 0xd1, 0x22, 0x3a, 0x5d, 0x1e, 0x6e, 0xfe, 0x6d, 0xfd, 0x6d
.byte 0xfe, 0x6d, 0x3e, 0x76, 0x3e, 0x76, 0xfd, 0x6d, 0xfd, 0x6d, 0xfd, 0x6d, 0xfd, 0x6d, 0xdd, 0x6d
.byte 0x1e, 0x76, 0x1e, 0x76, 0xfe, 0x6d, 0xbd, 0x6d, 0xdd, 0x6d, 0x1e, 0x6e, 0xdd, 0x6d, 0x94, 0x33
.byte 0x0f, 0x0a, 0x91, 0x12, 0x91, 0x12, 0x70, 0x12, 0xed, 0x09, 0xb2, 0x5b, 0x1c, 0xdf, 0x1b, 0xe7
.byte 0x7d, 0xef, 0xff, 0xff, 0xff, 0xff, 0xdf, 0xff, 0x8c, 0x01, 0x2f, 0x12, 0x91, 0x1a, 0x70, 0x1a
.byte 0x50, 0x12, 0x90, 0x1a, 0x2f, 0x12, 0x50, 0x12, 0x50, 0x12, 0x70, 0x12, 0x2e, 0x1a, 0xf9, 0xb5
.byte 0xff, 0xff, 0xff, 0xff, 0xff, 0xff, 0xff, 0xff, 0xff, 0xff, 0xff, 0xff, 0xff, 0xff, 0xff, 0xff
.byte 0xff, 0xff, 0xff, 0xff, 0xff, 0xff, 0xff, 0xff, 0xff, 0xff, 0xff, 0xff, 0xff, 0xff, 0xff, 0xff
.byte 0xff, 0xff, 0xff, 0xff, 0xff, 0xff, 0xff, 0xff, 0xff, 0xff, 0xff, 0xff, 0xff, 0xff, 0xff, 0xff
.byte 0xff, 0xff, 0xff, 0xff, 0xff, 0xff, 0xff, 0xff, 0xff, 0xff, 0xff, 0xff, 0xff, 0xff, 0x7e, 0xef
.byte 0x0f, 0x0a, 0xb2, 0x1a, 0x91, 0x1a, 0x91, 0x12, 0x16, 0x3c, 0xbc, 0x6d, 0x5b, 0x65, 0x13, 0x23
.byte 0x70, 0x12, 0x91, 0x12, 0x71, 0x12, 0xf0, 0x32, 0x1c, 0xd7, 0xde, 0xf7, 0xff, 0xff, 0xff, 0xff
.byte 0xff, 0xff, 0xff, 0xff, 0x5a, 0xb6, 0x4e, 0x22, 0xee, 0x09, 0x4f, 0x12, 0x2f, 0x12, 0x0e, 0x12
.byte 0x2f, 0x12, 0x98, 0x4c, 0x3e, 0x76, 0xdd, 0x6d, 0xfd, 0x6d, 0xfd, 0x75, 0x1e, 0x76, 0x1e, 0x76
.byte 0x1d, 0x76, 0x1d, 0x76, 0xfd, 0x75, 0xfd, 0x75, 0xfd, 0x75, 0xfd, 0x6d, 0xfd, 0x6d, 0xfd, 0x6d
.byte 0x3e, 0x76, 0x9c, 0x6d, 0x12, 0x23, 0x0e, 0x0a, 0x4f, 0x12, 0x70, 0x1a, 0x4f, 0x12, 0xed, 0x11
.byte 0x74, 0x74, 0x5d, 0xe7, 0x1b, 0xe7, 0x9d, 0xf7, 0xff, 0xff, 0xff, 0xff, 0xff, 0xff, 0x72, 0x43
.byte 0x2f, 0x0a, 0x50, 0x12, 0x70, 0x12, 0xf2, 0x22, 0x1a, 0x65, 0xbc, 0x75, 0x78, 0x4c, 0x70, 0x1a
.byte 0x50, 0x12, 0x71, 0x12, 0x0f, 0x0a, 0x13, 0x64, 0x9d, 0xef, 0xff, 0xff, 0xff, 0xff, 0xff, 0xff
.byte 0xff, 0xff, 0xff, 0xff, 0xff, 0xff, 0xff, 0xff, 0xff, 0xff, 0xff, 0xff, 0xff, 0xff, 0xff, 0xff
.byte 0xff, 0xff, 0xff, 0xff, 0xff, 0xff, 0xff, 0xff, 0xff, 0xff, 0xff, 0xff, 0xff, 0xff, 0xff, 0xff
.byte 0xff, 0xff, 0xff, 0xff, 0xff, 0xff, 0xff, 0xff, 0xff, 0xff, 0xff, 0xff, 0xff, 0xff, 0xff, 0xff
.byte 0xff, 0xff, 0xff, 0xff, 0xff, 0xff, 0xb5, 0x84, 0xee, 0x09, 0x71, 0x1a, 0x70, 0x12, 0xf2, 0x22
.byte 0xdd, 0x75, 0x3e, 0x76, 0x9f, 0x86, 0x3a, 0x65, 0x91, 0x12, 0xb2, 0x1a, 0x92, 0x12, 0x4f, 0x1a
.byte 0x3a, 0xb6, 0x7d, 0xef, 0xff, 0xff, 0xff, 0xff, 0xff, 0xff, 0xff, 0xff, 0xff, 0xff, 0x1d, 0xd7
.byte 0xaf, 0x32, 0xcd, 0x01, 0x2f, 0x12, 0x2f, 0x12, 0x2f, 0x12, 0x2f, 0x0a, 0x57, 0x44, 0x3e, 0x7e
.byte 0x1d, 0x76, 0x1d, 0x76, 0x1e, 0x76, 0x1d, 0x7e, 0x1d, 0x7e, 0x1d, 0x76, 0xfe, 0x75, 0xfd, 0x75
.byte 0x1d, 0x76, 0xfd, 0x75, 0xfd, 0x75, 0x3e, 0x7e, 0x3a, 0x5d, 0xb1, 0x1a, 0x2f, 0x12, 0x70, 0x1a
.byte 0x50, 0x12, 0x0e, 0x12, 0xec, 0x19, 0xf6, 0x8c, 0x5d, 0xe7, 0x1b, 0xe7, 0xdf, 0xff, 0xff, 0xff
.byte 0xff, 0xff, 0xff, 0xff, 0xff, 0xff, 0xb0, 0x22, 0x70, 0x12, 0x70, 0x12, 0x0f, 0x0a, 0x98, 0x54
.byte 0x7f, 0x86, 0x1d, 0x76, 0x5f, 0x7e, 0xb5, 0x33, 0x2f, 0x0a, 0x91, 0x12, 0x50, 0x12, 0x72, 0x4b
.byte 0x5d, 0xe7, 0xff, 0xff, 0xff, 0xff, 0xff, 0xff, 0xff, 0xff, 0xff, 0xff, 0xff, 0xff, 0xff, 0xff
.byte 0xff, 0xff, 0xff, 0xff, 0xff, 0xff, 0xff, 0xff, 0xff, 0xff, 0xff, 0xff, 0xff, 0xff, 0xff, 0xff
.byte 0xff, 0xff, 0xff, 0xff, 0xff, 0xff, 0xff, 0xff, 0xff, 0xff, 0xff, 0xff, 0xff, 0xff, 0xff, 0xff
.byte 0xff, 0xff, 0xff, 0xff, 0xff, 0xff, 0xff, 0xff, 0xff, 0xff, 0xff, 0xff, 0xff, 0xff, 0x34, 0x74
.byte 0xad, 0x01, 0x4f, 0x12, 0x50, 0x12, 0xf2, 0x22, 0xdd, 0x6d, 0xfd, 0x75, 0x3e, 0x7e, 0xfd, 0x75
.byte 0xf3, 0x1a, 0x91, 0x12, 0x91, 0x12, 0x0f, 0x0a, 0x17, 0x8d, 0x5c, 0xe7, 0xff, 0xff, 0xff, 0xff
.byte 0xff, 0xff, 0xff, 0xff, 0xff, 0xff, 0xff, 0xff, 0xbf, 0xf7, 0x92, 0x53, 0xad, 0x09, 0x2f, 0x12
.byte 0x70, 0x12, 0x70, 0x12, 0x50, 0x12, 0x16, 0x44, 0x5e, 0x86, 0x5e, 0x86, 0x1d, 0x7e, 0x1e, 0x7e
.byte 0x1d, 0x7e, 0x1e, 0x7e, 0x1e, 0x76, 0x1e, 0x76, 0x1e, 0x76, 0x1e, 0x76, 0x5e, 0x7e, 0xd9, 0x54
.byte 0x91, 0x12, 0x70, 0x12, 0x91, 0x12, 0x91, 0x12, 0x0e, 0x0a, 0x4d, 0x22, 0xd8, 0xad, 0x5d, 0xe7
.byte 0xfa, 0xde, 0xff, 0xff, 0xff, 0xff, 0xff, 0xff, 0xff, 0xff, 0xff, 0xff, 0xdf, 0xff, 0x4f, 0x12
.byte 0x71, 0x12, 0x70, 0x12, 0x4f, 0x12, 0x5a, 0x65, 0x3e, 0x7e, 0xfd, 0x75, 0x1e, 0x76, 0xb5, 0x3b
.byte 0x2f, 0x0a, 0x91, 0x1a, 0x30, 0x0a, 0x92, 0x4b, 0x3c, 0xe7, 0xff, 0xff, 0xff, 0xff, 0xff, 0xff
.byte 0xff, 0xff, 0xff, 0xff, 0xff, 0xff, 0xff, 0xff, 0xff, 0xff, 0xff, 0xff, 0xff, 0xff, 0xff, 0xff
.byte 0xff, 0xff, 0xff, 0xff, 0xff, 0xff, 0xff, 0xff, 0xff, 0xff, 0xff, 0xff, 0xff, 0xff, 0xff, 0xff
.byte 0xff, 0xff, 0xff, 0xff, 0xff, 0xff, 0xdf, 0xff, 0xd5, 0x84, 0xd3, 0x63, 0xd3, 0x63, 0xb5, 0x7c
.byte 0x5d, 0xe7, 0xff, 0xff, 0xff, 0xff, 0xf5, 0x8c, 0xac, 0x01, 0x4f, 0x12, 0x70, 0x12, 0xb1, 0x1a
.byte 0xbc, 0x6d, 0x1d, 0x7e, 0x1d, 0x7e, 0x5e, 0x86, 0x94, 0x2b, 0x70, 0x12, 0x70, 0x12, 0xef, 0x09
.byte 0xf4, 0x5b, 0x3d, 0xe7, 0xff, 0xff, 0xff, 0xff, 0xff, 0xff, 0xff, 0xff, 0xff, 0xff, 0xff, 0xff
.byte 0xff, 0xff, 0xff, 0xff, 0x74, 0x74, 0xee, 0x11, 0x71, 0x12, 0x91, 0x12, 0x92, 0x12, 0x51, 0x0a
.byte 0xb5, 0x33, 0x3e, 0x7e, 0x5e, 0x86, 0x1d, 0x7e, 0x1e, 0x7e, 0x1e, 0x76, 0x1d, 0x7e, 0x1d, 0x7e
.byte 0x1d, 0x7e, 0x5f, 0x86, 0x78, 0x4c, 0x71, 0x12, 0x70, 0x12, 0xb1, 0x1a, 0xb2, 0x1a, 0x0f, 0x0a
.byte 0xcf, 0x32, 0x9b, 0xc6, 0x5c, 0xe7, 0xfb, 0xde, 0xff, 0xff, 0xff, 0xff, 0xff, 0xff, 0xff, 0xff
.byte 0xff, 0xff, 0xff, 0xff, 0x9b, 0xc6, 0x0f, 0x0a, 0x91, 0x12, 0x70, 0x12, 0x91, 0x1a, 0xdc, 0x75
.byte 0x3e, 0x7e, 0x1d, 0x76, 0x1e, 0x76, 0x33, 0x2b, 0x30, 0x0a, 0x91, 0x12, 0x0f, 0x0a, 0x34, 0x6c
.byte 0x5d, 0xef, 0xff, 0xff, 0xff, 0xff, 0xbe, 0xf7, 0x34, 0x6c, 0xb2, 0x5b, 0x13, 0x64, 0x98, 0xa5
.byte 0xdf, 0xf7, 0xff, 0xff, 0xff, 0xff, 0xff, 0xff, 0xff, 0xff, 0xff, 0xff, 0xff, 0xff, 0xff, 0xff
.byte 0xff, 0xff, 0xff, 0xff, 0xff, 0xff, 0xff, 0xff, 0xff, 0xff, 0xff, 0xff, 0xd6, 0x7c, 0x2e, 0x1a
.byte 0x0f, 0x0a, 0x0f, 0x0a, 0xee, 0x09, 0xcd, 0x09, 0x2e, 0x22, 0x74, 0x74, 0x5d, 0xe7, 0x7a, 0xbe
.byte 0xed, 0x11, 0x50, 0x12, 0x91, 0x1a, 0x90, 0x1a, 0x5b, 0x6d, 0x5e, 0x86, 0x1d, 0x7e, 0x7f, 0x86
.byte 0x16, 0x3c, 0x50, 0x0a, 0x50, 0x12, 0x0f, 0x0a, 0x51, 0x43, 0x1d, 0xd7, 0xdf, 0xff, 0xff, 0xff
.byte 0xff, 0xff, 0xff, 0xff, 0xff, 0xff, 0xff, 0xff, 0xff, 0xff, 0xff, 0xff, 0xff, 0xff, 0x77, 0x9d
.byte 0x4f, 0x1a, 0x51, 0x0a, 0x91, 0x12, 0x91, 0x12, 0x51, 0x0a, 0x74, 0x2b, 0x1d, 0x7e, 0x7e, 0x86
.byte 0x1d, 0x7e, 0x1d, 0x7e, 0x1d, 0x7e, 0x3d, 0x7e, 0x3e, 0x7e, 0x16, 0x44, 0x91, 0x12, 0xd2, 0x1a
.byte 0x90, 0x12, 0x91, 0x12, 0x2f, 0x0a, 0xb2, 0x53, 0x7e, 0xef, 0xff, 0xff, 0x7d, 0xef, 0xff, 0xff
.byte 0xff, 0xff, 0xff, 0xff, 0xff, 0xff, 0xff, 0xff, 0xff, 0xff, 0xff, 0xff, 0x55, 0x64, 0xee, 0x01
.byte 0x70, 0x12, 0x50, 0x0a, 0x12, 0x23, 0x1d, 0x7e, 0x3d, 0x7e, 0x3e, 0x7e, 0xfd, 0x75, 0xf2, 0x22
.byte 0x50, 0x12, 0x91, 0x12, 0xef, 0x09, 0x38, 0x85, 0x3e, 0xd7, 0xbf, 0xf7, 0xf1, 0x32, 0x0e, 0x0a
.byte 0x0f, 0x0a, 0x0f, 0x0a, 0xef, 0x09, 0xee, 0x11, 0x10, 0x43, 0x3a, 0xb6, 0xff, 0xff, 0xff, 0xff
.byte 0xff, 0xff, 0xff, 0xff, 0xff, 0xff, 0xff, 0xff, 0xff, 0xff, 0xff, 0xff, 0xff, 0xff, 0xff, 0xff
.byte 0xff, 0xff, 0xd0, 0x2a, 0x30, 0x0a, 0xb2, 0x1a, 0x91, 0x1a, 0x91, 0x12, 0x70, 0x12, 0x50, 0x12
.byte 0x2f, 0x12, 0xcd, 0x09, 0x6e, 0x2a, 0x95, 0x74, 0x90, 0x22, 0x70, 0x12, 0xb1, 0x12, 0x71, 0x12
.byte 0xb8, 0x54, 0x5e, 0x86, 0xfd, 0x7d, 0x7f, 0x86, 0x98, 0x4c, 0x2f, 0x0a, 0x2f, 0x12, 0x2f, 0x0a
.byte 0xb0, 0x2a, 0x9b, 0xc6, 0xbe, 0xf7, 0xff, 0xff, 0xff, 0xff, 0xff, 0xff, 0xff, 0xff, 0xff, 0xff
.byte 0xff, 0xff, 0xff, 0xff, 0xff, 0xff, 0xff, 0xff, 0x5a, 0xbe, 0xd0, 0x2a, 0x50, 0x0a, 0x91, 0x12
.byte 0xb2, 0x12, 0x72, 0x12, 0x34, 0x23, 0xfd, 0x75, 0x3d, 0x86, 0x3d, 0x7e, 0x3d, 0x7e, 0x3d, 0x86
.byte 0xd5, 0x3b, 0x71, 0x0a, 0xd2, 0x12, 0xd3, 0x12, 0x92, 0x12, 0x0e, 0x0a, 0x95, 0x7c, 0xff, 0xff
.byte 0xff, 0xff, 0xff, 0xff, 0xff, 0xff, 0xff, 0xff, 0xff, 0xff, 0xff, 0xff, 0xff, 0xff, 0xff, 0xff
.byte 0xff, 0xff, 0xff, 0xff, 0x52, 0x3b, 0x2f, 0x0a, 0x70, 0x12, 0x2f, 0x0a, 0xd5, 0x3b, 0x5e, 0x7e
.byte 0x3d, 0x7e, 0x5e, 0x86, 0xbc, 0x6d, 0x91, 0x12, 0x91, 0x12, 0x91, 0x12, 0x50, 0x12, 0xd4, 0x53
.byte 0x11, 0x33, 0x2f, 0x0a, 0x50, 0x0a, 0x71, 0x12, 0x71, 0x12, 0x70, 0x12, 0x70, 0x12, 0x51, 0x12
.byte 0x0f, 0x0a, 0x0e, 0x12, 0xd9, 0xa5, 0xff, 0xff, 0xff, 0xff, 0xff, 0xff, 0xff, 0xff, 0xff, 0xff
.byte 0xff, 0xff, 0xff, 0xff, 0xff, 0xff, 0xff, 0xff, 0x55, 0x6c, 0x2f, 0x02, 0xb2, 0x12, 0xb1, 0x1a
.byte 0x71, 0x1a, 0x50, 0x12, 0x4f, 0x12, 0x4f, 0x12, 0x70, 0x12, 0x70, 0x12, 0x4f, 0x12, 0x4f, 0x12
.byte 0x70, 0x1a, 0x91, 0x12, 0xb1, 0x12, 0x71, 0x0a, 0xf6, 0x3b, 0x5e, 0x86, 0xfd, 0x75, 0x5e, 0x76
.byte 0x1a, 0x5d, 0x2f, 0x0a, 0x2f, 0x12, 0x50, 0x12, 0x4f, 0x1a, 0x19, 0xae, 0x9d, 0xf7, 0xff, 0xff
.byte 0xff, 0xff, 0xff, 0xff, 0xff, 0xff, 0xff, 0xff, 0xff, 0xff, 0xff, 0xff, 0xff, 0xff, 0xff, 0xff
.byte 0xff, 0xff, 0x3d, 0xdf, 0xf0, 0x3a, 0x4f, 0x12, 0x91, 0x12, 0xb2, 0x1a, 0x50, 0x0a, 0x37, 0x44
.byte 0x3e, 0x7e, 0x1e, 0x7e, 0x7e, 0x86, 0x5a, 0x65, 0x50, 0x0a, 0xb1, 0x12, 0xb1, 0x12, 0xb1, 0x1a
.byte 0x6f, 0x22, 0x98, 0x9d, 0xff, 0xff, 0xff, 0xff, 0xff, 0xff, 0xff, 0xff, 0xff, 0xff, 0xff, 0xff
.byte 0xff, 0xff, 0xff, 0xff, 0xff, 0xff, 0xff, 0xff, 0xff, 0xff, 0xff, 0xff, 0xb0, 0x22, 0x50, 0x0a
.byte 0x70, 0x12, 0x2f, 0x0a, 0x98, 0x4c, 0x5e, 0x7e, 0x3e, 0x7e, 0x7e, 0x86, 0x3a, 0x65, 0x50, 0x0a
.byte 0x91, 0x12, 0x91, 0x1a, 0x91, 0x1a, 0x50, 0x12, 0x50, 0x12, 0x91, 0x12, 0x70, 0x12, 0x4f, 0x12
.byte 0x2f, 0x12, 0x2f, 0x0a, 0x2f, 0x12, 0x70, 0x12, 0x71, 0x12, 0x30, 0x0a, 0x8f, 0x22, 0x3d, 0xdf
.byte 0xff, 0xff, 0xff, 0xff, 0xff, 0xff, 0xff, 0xff, 0xff, 0xff, 0xff, 0xff, 0xff, 0xff, 0xff, 0xff
.byte 0x70, 0x1a, 0xb2, 0x1a, 0x91, 0x12, 0x70, 0x12, 0x12, 0x23, 0xd9, 0x54, 0x98, 0x54, 0x12, 0x23
.byte 0x4f, 0x12, 0x70, 0x12, 0x91, 0x1a, 0x71, 0x12, 0x91, 0x12, 0x91, 0x12, 0x91, 0x12, 0x50, 0x12
.byte 0x13, 0x23, 0xfd, 0x75, 0xdd, 0x6d, 0x1e, 0x6e, 0x9c, 0x65, 0x70, 0x12, 0x2f, 0x12, 0x70, 0x12
.byte 0x2f, 0x0a, 0x98, 0x9d, 0xbe, 0xf7, 0xff, 0xff, 0xff, 0xff, 0xff, 0xff, 0xff, 0xff, 0xff, 0xff
.byte 0xff, 0xff, 0xff, 0xff, 0xff, 0xff, 0xff, 0xff, 0xff, 0xff, 0xff, 0xff, 0xbe, 0xf7, 0xd0, 0x32
.byte 0x2f, 0x0a, 0x70, 0x12, 0x2f, 0x0a, 0xd5, 0x33, 0x1e, 0x76, 0xfd, 0x6d, 0x3e, 0x7e, 0xf9, 0x5c
.byte 0x0f, 0x0a, 0x4f, 0x12, 0x70, 0x12, 0x4e, 0x1a, 0x19, 0xae, 0xff, 0xff, 0xff, 0xff, 0xff, 0xff
.byte 0xff, 0xff, 0xff, 0xff, 0xff, 0xff, 0xff, 0xff, 0xff, 0xff, 0xff, 0xff, 0xff, 0xff, 0xff, 0xff
.byte 0xff, 0xff, 0xff, 0xff, 0x4f, 0x1a, 0x71, 0x12, 0x71, 0x12, 0x50, 0x0a, 0x3a, 0x5d, 0x3e, 0x7e
.byte 0x1d, 0x7e, 0x7f, 0x86, 0x98, 0x54, 0x30, 0x0a, 0x71, 0x12, 0x91, 0x12, 0x71, 0x12, 0x70, 0x12
.byte 0x50, 0x12, 0x50, 0x12, 0x0f, 0x0a, 0xb1, 0x22, 0x57, 0x4c, 0xd9, 0x4c, 0x53, 0x2b, 0x50, 0x12
.byte 0x70, 0x12, 0x71, 0x12, 0xce, 0x09, 0x57, 0x95, 0xff, 0xff, 0xff, 0xff, 0xff, 0xff, 0xff, 0xff
.byte 0xff, 0xff, 0xff, 0xff, 0xff, 0xff, 0xbc, 0xce, 0x0f, 0x0a, 0xb1, 0x1a, 0x70, 0x12, 0xb1, 0x1a
.byte 0x9b, 0x65, 0x5e, 0x7e, 0x3e, 0x7e, 0x1d, 0x76, 0xb8, 0x54, 0x13, 0x23, 0x71, 0x12, 0x70, 0x12
.byte 0x91, 0x12, 0x70, 0x12, 0x70, 0x12, 0x50, 0x12, 0x90, 0x1a, 0x7c, 0x65, 0xdd, 0x6d, 0xfd, 0x6d
.byte 0xfe, 0x75, 0xf2, 0x22, 0x0f, 0x12, 0x71, 0x12, 0x30, 0x0a, 0xd6, 0x84, 0xff, 0xff, 0xff, 0xff
.byte 0xff, 0xff, 0xff, 0xff, 0xff, 0xff, 0xff, 0xff, 0xff, 0xff, 0xff, 0xff, 0xff, 0xff, 0xff, 0xff
.byte 0xff, 0xff, 0xff, 0xff, 0xff, 0xff, 0x92, 0x53, 0xee, 0x09, 0x4f, 0x12, 0x0e, 0x0a, 0xb6, 0x33
.byte 0xfe, 0x6d, 0xdd, 0x65, 0x1e, 0x76, 0xf9, 0x54, 0x0e, 0x0a, 0x2e, 0x12, 0x2e, 0x0a, 0x6e, 0x22
.byte 0x5d, 0xe7, 0xff, 0xff, 0xff, 0xff, 0xff, 0xff, 0xff, 0xff, 0xff, 0xff, 0xff, 0xff, 0xff, 0xff
.byte 0xff, 0xff, 0xff, 0xff, 0xff, 0xff, 0xff, 0xff, 0xff, 0xff, 0x7e, 0xe7, 0x2f, 0x0a, 0x91, 0x1a
.byte 0x71, 0x12, 0x91, 0x12, 0xbc, 0x6d, 0x1d, 0x76, 0x1e, 0x76, 0x5f, 0x7e, 0xb5, 0x3b, 0xef, 0x09
.byte 0x70, 0x12, 0x71, 0x12, 0x90, 0x12, 0x70, 0x12, 0x0f, 0x0a, 0x90, 0x12, 0x36, 0x44, 0xbc, 0x6d
.byte 0x1e, 0x6e, 0x1e, 0x6e, 0xfd, 0x75, 0x13, 0x2b, 0x2f, 0x12, 0x70, 0x12, 0x0f, 0x0a, 0x74, 0x74
.byte 0xff, 0xff, 0xff, 0xff, 0xff, 0xff, 0xff, 0xff, 0xff, 0xff, 0xff, 0xff, 0xff, 0xff, 0x98, 0x9d
.byte 0xce, 0x01, 0x50, 0x12, 0x2f, 0x12, 0xf2, 0x22, 0xfd, 0x75, 0x1d, 0x76, 0x1d, 0x7e, 0x3d, 0x7e
.byte 0x7e, 0x86, 0x1d, 0x7e, 0x98, 0x4c, 0xb1, 0x1a, 0x2f, 0x0a, 0x70, 0x1a, 0x70, 0x1a, 0x4f, 0x12
.byte 0x2f, 0x0a, 0xfa, 0x54, 0x1e, 0x76, 0xfe, 0x75, 0x5f, 0x86, 0xb5, 0x3b, 0x2f, 0x0a, 0x91, 0x12
.byte 0x71, 0x12, 0xf3, 0x63, 0xff, 0xff, 0xff, 0xff, 0xff, 0xff, 0xff, 0xff, 0xff, 0xff, 0xff, 0xff
.byte 0xff, 0xff, 0xff, 0xff, 0xff, 0xff, 0xff, 0xff, 0xff, 0xff, 0xff, 0xff, 0xff, 0xff, 0x92, 0x53
.byte 0xee, 0x09, 0x4f, 0x12, 0x0e, 0x0a, 0xd5, 0x33, 0xfe, 0x6d, 0xdd, 0x65, 0x1e, 0x76, 0xf9, 0x54
.byte 0x0e, 0x0a, 0x2f, 0x12, 0x2f, 0x12, 0x6e, 0x22, 0x3c, 0xdf, 0xff, 0xff, 0xff, 0xff, 0xff, 0xff
.byte 0xff, 0xff, 0xff, 0xff, 0xff, 0xff, 0xff, 0xff, 0xff, 0xff, 0xff, 0xff, 0xff, 0xff, 0xff, 0xff
.byte 0xff, 0xff, 0x1a, 0xae, 0x30, 0x0a, 0x91, 0x12, 0x71, 0x12, 0x13, 0x23, 0xfd, 0x7d, 0xfd, 0x75
.byte 0x1e, 0x76, 0xfe, 0x75, 0xf2, 0x22, 0x0e, 0x0a, 0x50, 0x12, 0x70, 0x12, 0x2f, 0x12, 0x70, 0x12
.byte 0xf6, 0x3b, 0xbc, 0x6d, 0x3e, 0x7e, 0xfd, 0x75, 0xfd, 0x6d, 0xdd, 0x6d, 0x3e, 0x76, 0xb5, 0x33
.byte 0x0e, 0x12, 0x4f, 0x12, 0xee, 0x09, 0x54, 0x74, 0xff, 0xff, 0xff, 0xff, 0xff, 0xff, 0xff, 0xff
.byte 0xff, 0xff, 0xff, 0xff, 0xff, 0xff, 0x3a, 0xb6, 0xad, 0x01, 0x2f, 0x12, 0x50, 0x12, 0x50, 0x12
.byte 0x78, 0x4c, 0x5e, 0x86, 0x5e, 0x7e, 0x1d, 0x76, 0x1d, 0x76, 0x1d, 0x76, 0x3e, 0x76, 0x7c, 0x65
.byte 0x94, 0x33, 0x2f, 0x12, 0x0f, 0x12, 0x4f, 0x12, 0x0f, 0x0a, 0x99, 0x4c, 0x3e, 0x76, 0x1e, 0x7e
.byte 0x7f, 0x86, 0x98, 0x54, 0x30, 0x0a, 0xb2, 0x12, 0xb2, 0x12, 0x31, 0x43, 0xbf, 0xf7, 0xff, 0xff
.byte 0xff, 0xff, 0xff, 0xff, 0xff, 0xff, 0xff, 0xff, 0xff, 0xff, 0xff, 0xff, 0xff, 0xff, 0xff, 0xff
.byte 0xff, 0xff, 0xff, 0xff, 0xff, 0xff, 0xb2, 0x53, 0x0e, 0x0a, 0x4f, 0x12, 0x0e, 0x0a, 0xf6, 0x3b
.byte 0xfe, 0x6d, 0xdd, 0x65, 0x1e, 0x76, 0xd9, 0x54, 0xee, 0x09, 0x2f, 0x12, 0x50, 0x12, 0x6f, 0x22
.byte 0x1c, 0xdf, 0xff, 0xff, 0xff, 0xff, 0xff, 0xff, 0xff, 0xff, 0xff, 0xff, 0xff, 0xff, 0xff, 0xff
.byte 0xff, 0xff, 0xff, 0xff, 0xff, 0xff, 0xff, 0xff, 0xff, 0xff, 0x95, 0x6c, 0x51, 0x0a, 0xb1, 0x1a
.byte 0x71, 0x12, 0xb5, 0x33, 0x5e, 0x86, 0xfd, 0x75, 0x1e, 0x76, 0xdd, 0x6d, 0x70, 0x12, 0x0e, 0x0a
.byte 0x0e, 0x0a, 0x0e, 0x0a, 0x53, 0x2b, 0x3b, 0x65, 0x3e, 0x7e, 0x1e, 0x76, 0xfd, 0x75, 0xfd, 0x6d
.byte 0x1d, 0x76, 0x3e, 0x76, 0xf9, 0x5c, 0x70, 0x1a, 0x2f, 0x12, 0x4f, 0x12, 0xcd, 0x01, 0x94, 0x7c
.byte 0xff, 0xff, 0xff, 0xff, 0xff, 0xff, 0xff, 0xff, 0xff, 0xff, 0xff, 0xff, 0xff, 0xff, 0xdf, 0xf7
.byte 0x4e, 0x22, 0x2f, 0x0a, 0x70, 0x12, 0x71, 0x12, 0x91, 0x12, 0xb5, 0x33, 0x5b, 0x65, 0x3e, 0x7e
.byte 0x1e, 0x76, 0xfd, 0x6d, 0xdd, 0x6d, 0x1e, 0x6e, 0x1e, 0x76, 0xfa, 0x54, 0x33, 0x2b, 0x50, 0x12
.byte 0xb1, 0x1a, 0x7c, 0x65, 0x1e, 0x76, 0x3e, 0x7e, 0x5e, 0x86, 0x3a, 0x65, 0x70, 0x12, 0xb2, 0x12
.byte 0xb2, 0x12, 0x90, 0x22, 0xfc, 0xd6, 0xff, 0xff, 0xff, 0xff, 0xff, 0xff, 0xff, 0xff, 0xff, 0xff
.byte 0xff, 0xff, 0xff, 0xff, 0xff, 0xff, 0xff, 0xff, 0xff, 0xff, 0xff, 0xff, 0xff, 0xff, 0x14, 0x64
.byte 0x2f, 0x0a, 0x70, 0x1a, 0x4f, 0x0a, 0x17, 0x3c, 0x1e, 0x76, 0xfd, 0x6d, 0x3f, 0x76, 0xfa, 0x5c
.byte 0x0f, 0x0a, 0x70, 0x12, 0x71, 0x12, 0x6f, 0x22, 0x5d, 0xdf, 0xff, 0xff, 0xff, 0xff, 0xff, 0xff
.byte 0xff, 0xff, 0xff, 0xff, 0xff, 0xff, 0xff, 0xff, 0xff, 0xff, 0xff, 0xff, 0xff, 0xff, 0xff, 0xff
.byte 0xff, 0xff, 0x72, 0x43, 0x71, 0x12, 0xb2, 0x1a, 0x71, 0x12, 0x58, 0x4c, 0x5e, 0x86, 0x1d, 0x7e
.byte 0xfd, 0x75, 0xfe, 0x75, 0x54, 0x33, 0xee, 0x09, 0x90, 0x1a, 0x77, 0x4c, 0xfd, 0x6d, 0x1e, 0x76
.byte 0xfd, 0x6d, 0xfd, 0x6d, 0x1e, 0x76, 0x3e, 0x76, 0x9c, 0x65, 0xf6, 0x3b, 0x91, 0x1a, 0x70, 0x12
.byte 0x70, 0x12, 0x4f, 0x12, 0xcc, 0x09, 0x39, 0xb6, 0xff, 0xff, 0xff, 0xff, 0xff, 0xff, 0xff, 0xff
.byte 0xff, 0xff, 0xff, 0xff, 0xff, 0xff, 0xff, 0xff, 0x98, 0x9d, 0xed, 0x09, 0x70, 0x12, 0x71, 0x12
.byte 0x70, 0x12, 0x30, 0x12, 0x50, 0x12, 0x74, 0x33, 0x5b, 0x5d, 0x3e, 0x76, 0x1e, 0x6e, 0xfd, 0x6d
.byte 0xfd, 0x6d, 0x3e, 0x76, 0x1e, 0x76, 0x7b, 0x65, 0xbc, 0x6d, 0x1e, 0x76, 0xfd, 0x75, 0x1e, 0x7e
.byte 0x3e, 0x7e, 0xbc, 0x75, 0x91, 0x1a, 0x71, 0x12, 0x91, 0x12, 0x0e, 0x12, 0xd9, 0xad, 0xff, 0xff
.byte 0xff, 0xff, 0xff, 0xff, 0xff, 0xff, 0xff, 0xff, 0xff, 0xff, 0xff, 0xff, 0xff, 0xff, 0xff, 0xff
.byte 0xff, 0xff, 0xff, 0xff, 0x9e, 0xf7, 0x11, 0x3b, 0x91, 0x12, 0xb1, 0x1a, 0x71, 0x12, 0x57, 0x44
.byte 0x3e, 0x7e, 0x1e, 0x7e, 0x7f, 0x86, 0x3b, 0x5d, 0x50, 0x0a, 0x91, 0x12, 0x91, 0x12, 0x70, 0x1a
.byte 0xb5, 0x7c, 0xdf, 0xff, 0xff, 0xff, 0xff, 0xff, 0xff, 0xff, 0xff, 0xff, 0xff, 0xff, 0xff, 0xff
.byte 0xff, 0xff, 0xff, 0xff, 0xff, 0xff, 0xff, 0xff, 0xff, 0xff, 0xb0, 0x2a, 0x71, 0x12, 0x91, 0x1a
.byte 0x70, 0x12, 0xf9, 0x54, 0x3e, 0x7e, 0x1d, 0x76, 0xfe, 0x75, 0x1e, 0x76, 0xdd, 0x6d, 0x5b, 0x65
.byte 0xbd, 0x6d, 0x1e, 0x76, 0xfd, 0x6d, 0xdd, 0x6d, 0xfd, 0x6d, 0x1e, 0x76, 0xbc, 0x65, 0x36, 0x44
.byte 0xb1, 0x1a, 0x2f, 0x0a, 0x70, 0x12, 0x71, 0x12, 0x71, 0x12, 0xcd, 0x09, 0x13, 0x6c, 0xff, 0xff
.byte 0xff, 0xff, 0xff, 0xff, 0xff, 0xff, 0xff, 0xff, 0xff, 0xff, 0xff, 0xff, 0xff, 0xff, 0xff, 0xff
.byte 0xff, 0xff, 0x16, 0x8d, 0x0e, 0x12, 0x0f, 0x0a, 0x50, 0x12, 0x50, 0x12, 0x50, 0x12, 0x0e, 0x0a
.byte 0x50, 0x12, 0xd6, 0x3b, 0x9c, 0x6d, 0x3e, 0x7e, 0x1e, 0x7e, 0x1e, 0x76, 0x1e, 0x7e, 0x3e, 0x7e
.byte 0x1e, 0x76, 0x1e, 0x76, 0xfd, 0x75, 0x1e, 0x7e, 0xfd, 0x75, 0xdd, 0x75, 0xd2, 0x22, 0x2f, 0x12
.byte 0x70, 0x1a, 0xee, 0x09, 0x75, 0x74, 0xff, 0xff, 0xff, 0xff, 0xff, 0xff, 0xff, 0xff, 0xff, 0xff
.byte 0xff, 0xff, 0xff, 0xff, 0xff, 0xff, 0xff, 0xff, 0x3d, 0xe7, 0x10, 0x3b, 0xee, 0x11, 0x70, 0x12
.byte 0xb1, 0x1a, 0xb2, 0x1a, 0x71, 0x12, 0x57, 0x4c, 0x5e, 0x86, 0x3d, 0x7e, 0x9f, 0x86, 0x5b, 0x65
.byte 0x50, 0x0a, 0x91, 0x12, 0x91, 0x1a, 0x91, 0x1a, 0x2f, 0x0a, 0xaf, 0x2a, 0x37, 0x95, 0xff, 0xff
.byte 0xff, 0xff, 0xff, 0xff, 0xff, 0xff, 0xff, 0xff, 0xff, 0xff, 0xff, 0xff, 0xff, 0xff, 0xff, 0xff
.byte 0xff, 0xff, 0x0e, 0x12, 0x71, 0x12, 0x70, 0x12, 0x70, 0x12, 0x7b, 0x65, 0x3e, 0x7e, 0xfd, 0x75
.byte 0x1e, 0x76, 0xfe, 0x75, 0xfd, 0x6d, 0x1e, 0x76, 0x1d, 0x76, 0xfd, 0x75, 0xfd, 0x6d, 0x1e, 0x76
.byte 0xbc, 0x6d, 0x36, 0x44, 0x90, 0x1a, 0x2f, 0x0a, 0x50, 0x12, 0x90, 0x12, 0x71, 0x12, 0x30, 0x12
.byte 0xed, 0x11, 0x54, 0x74, 0xdf, 0xf7, 0xff, 0xff, 0xff, 0xff, 0xff, 0xff, 0xff, 0xff, 0xff, 0xff
.byte 0xff, 0xff, 0xff, 0xff, 0xff, 0xff, 0xff, 0xff, 0xff, 0xff, 0xff, 0xff, 0x7a, 0xc6, 0x51, 0x4b
.byte 0x0e, 0x12, 0x50, 0x12, 0x50, 0x12, 0x70, 0x1a, 0x50, 0x12, 0x30, 0x12, 0xd2, 0x22, 0x58, 0x4c
.byte 0xfd, 0x7d, 0x3e, 0x86, 0x1e, 0x7e, 0xfd, 0x75, 0xfd, 0x75, 0xfe, 0x75, 0xfe, 0x75, 0xfe, 0x75
.byte 0xdd, 0x6d, 0xfe, 0x75, 0x33, 0x2b, 0x0f, 0x12, 0x50, 0x12, 0x30, 0x12, 0x4f, 0x22, 0x74, 0x7c
.byte 0x1d, 0xdf, 0xff, 0xff, 0xff, 0xff, 0xff, 0xff, 0xff, 0xff, 0xff, 0xff, 0x5e, 0xe7, 0x51, 0x43
.byte 0x0e, 0x0a, 0x50, 0x12, 0x91, 0x1a, 0x71, 0x12, 0x91, 0x12, 0x50, 0x12, 0xb2, 0x12, 0x3a, 0x65
.byte 0x3e, 0x86, 0x1d, 0x7e, 0x5e, 0x86, 0xfd, 0x7d, 0xf2, 0x22, 0x30, 0x0a, 0x71, 0x12, 0x91, 0x12
.byte 0x91, 0x12, 0x50, 0x12, 0x0e, 0x12, 0xf0, 0x3a, 0x57, 0x95, 0xbf, 0xf7, 0xff, 0xff, 0xff, 0xff
.byte 0xff, 0xff, 0xff, 0xff, 0xff, 0xff, 0x9e, 0xef, 0x8f, 0x32, 0x0f, 0x12, 0x50, 0x1a, 0x30, 0x12
.byte 0xb1, 0x1a, 0xdd, 0x6d, 0xfd, 0x6d, 0xfd, 0x75, 0x1d, 0x76, 0xfd, 0x75, 0xfd, 0x75, 0xfd, 0x75
.byte 0xfd, 0x75, 0x1d, 0x76, 0x1e, 0x76, 0xb9, 0x54, 0xf2, 0x22, 0x4f, 0x12, 0x70, 0x12, 0x70, 0x12
.byte 0x70, 0x12, 0x90, 0x1a, 0x4f, 0x12, 0xcf, 0x32, 0xd8, 0xad, 0xff, 0xff, 0xff, 0xff, 0xff, 0xff
.byte 0xff, 0xff, 0xff, 0xff, 0xff, 0xff, 0xff, 0xff, 0xff, 0xff, 0xff, 0xff, 0xff, 0xff, 0xff, 0xff
.byte 0xff, 0xff, 0xff, 0xff, 0xff, 0xff, 0xff, 0xff, 0x57, 0x95, 0x70, 0x1a, 0x92, 0x12, 0x91, 0x1a
.byte 0x91, 0x1a, 0x92, 0x1a, 0x92, 0x12, 0x51, 0x12, 0x54, 0x33, 0xdc, 0x7d, 0x3e, 0x7e, 0xfe, 0x75
.byte 0xfe, 0x75, 0xfe, 0x75, 0xfe, 0x6d, 0xfe, 0x75, 0xfe, 0x6d, 0x1e, 0x76, 0x17, 0x44, 0xce, 0x09
.byte 0x70, 0x1a, 0x70, 0x1a, 0x50, 0x12, 0x0f, 0x0a, 0xb0, 0x2a, 0x17, 0x85, 0x7e, 0xef, 0xff, 0xff
.byte 0xff, 0xff, 0x92, 0x4b, 0x0e, 0x0a, 0x50, 0x12, 0x91, 0x12, 0x91, 0x1a, 0x91, 0x12, 0x50, 0x12
.byte 0x50, 0x0a, 0xd5, 0x33, 0x9c, 0x6d, 0x3e, 0x7e, 0x1d, 0x76, 0x3e, 0x7e, 0x3e, 0x7e, 0x3e, 0x7e
.byte 0xdd, 0x75, 0x57, 0x4c, 0xb2, 0x1a, 0x30, 0x0a, 0x50, 0x12, 0x70, 0x12, 0x71, 0x1a, 0x50, 0x12
.byte 0xee, 0x09, 0xf0, 0x32, 0x78, 0x9d, 0xbf, 0xf7, 0xff, 0xff, 0xff, 0xff, 0x75, 0x74, 0xee, 0x11
.byte 0x0e, 0x12, 0x2f, 0x12, 0x30, 0x1a, 0xee, 0x09, 0x74, 0x2b, 0x1e, 0x76, 0xdd, 0x6d, 0xfe, 0x6d
.byte 0xfd, 0x6d, 0xfd, 0x6d, 0xfd, 0x6d, 0xfe, 0x75, 0x1d, 0x76, 0x3d, 0x7e, 0xd5, 0x3b, 0x70, 0x12
.byte 0x71, 0x12, 0x91, 0x1a, 0x91, 0x1a, 0x90, 0x12, 0x70, 0x1a, 0x2f, 0x1a, 0x54, 0x6c, 0xbe, 0xef
.byte 0xff, 0xff, 0xff, 0xff, 0xff, 0xff, 0xff, 0xff, 0xff, 0xff, 0xff, 0xff, 0xff, 0xff, 0xff, 0xff
.byte 0xff, 0xff, 0xff, 0xff, 0xff, 0xff, 0xff, 0xff, 0xff, 0xff, 0xff, 0xff, 0xff, 0xff, 0xff, 0xff
.byte 0x78, 0x95, 0xb1, 0x22, 0x92, 0x1a, 0x91, 0x1a, 0x71, 0x12, 0x71, 0x12, 0x91, 0x12, 0x92, 0x12
.byte 0x0f, 0x0a, 0xb9, 0x54, 0x3e, 0x7e, 0xfd, 0x6d, 0xfd, 0x6d, 0xfe, 0x6d, 0xfe, 0x6d, 0xfe, 0x6d
.byte 0xde, 0x6d, 0xfe, 0x6d, 0x9c, 0x65, 0x33, 0x2b, 0x2f, 0x0a, 0x50, 0x12, 0x50, 0x12, 0x71, 0x12
.byte 0x70, 0x12, 0x0f, 0x12, 0x72, 0x43, 0xf3, 0x5b, 0x2f, 0x12, 0x30, 0x0a, 0x91, 0x12, 0x91, 0x12
.byte 0x91, 0x12, 0x71, 0x12, 0x50, 0x0a, 0x33, 0x23, 0x1a, 0x5d, 0x3e, 0x7e, 0x3e, 0x76, 0x1d, 0x76
.byte 0x1e, 0x76, 0x1e, 0x76, 0x1e, 0x76, 0x1e, 0x76, 0x1e, 0x76, 0x5f, 0x7e, 0xbd, 0x6d, 0xf7, 0x43
.byte 0x71, 0x12, 0x30, 0x0a, 0x70, 0x12, 0x70, 0x12, 0x71, 0x12, 0x30, 0x12, 0xee, 0x09, 0xb2, 0x53
.byte 0xf4, 0x5b, 0x4f, 0x1a, 0x30, 0x12, 0x91, 0x1a, 0x70, 0x1a, 0x2f, 0x12, 0xce, 0x09, 0x70, 0x1a
.byte 0x1a, 0x5d, 0xfd, 0x6d, 0xdd, 0x6d, 0xfd, 0x6d, 0xfd, 0x6d, 0xfd, 0x6d, 0xfd, 0x6d, 0xfd, 0x75
.byte 0x1e, 0x76, 0xfd, 0x75, 0x91, 0x12, 0x71, 0x12, 0x91, 0x12, 0x70, 0x12, 0x70, 0x12, 0x70, 0x12
.byte 0x70, 0x1a, 0x70, 0x1a, 0xf1, 0x32, 0xd3, 0x5b, 0x9e, 0xef, 0xff, 0xff, 0xff, 0xff, 0xff, 0xff
.byte 0xff, 0xff, 0xff, 0xff, 0xff, 0xff, 0xff, 0xff, 0xff, 0xff, 0xff, 0xff, 0xff, 0xff, 0xff, 0xff
.byte 0xff, 0xff, 0x14, 0x64, 0xcd, 0x01, 0xef, 0x09, 0x30, 0x12, 0x71, 0x1a, 0x91, 0x1a, 0x91, 0x1a
.byte 0x92, 0x12, 0x51, 0x0a, 0x51, 0x0a, 0xb2, 0x1a, 0xb5, 0x33, 0xdd, 0x75, 0x1e, 0x76, 0xfd, 0x6d
.byte 0xfe, 0x6d, 0xfe, 0x6d, 0xfe, 0x6d, 0xfe, 0x6d, 0xde, 0x6d, 0xde, 0x6d, 0xfe, 0x6d, 0xfe, 0x75
.byte 0x98, 0x4c, 0xb2, 0x1a, 0x0f, 0x0a, 0x50, 0x12, 0x70, 0x12, 0x71, 0x1a, 0x50, 0x12, 0x30, 0x0a
.byte 0x91, 0x12, 0x91, 0x12, 0x91, 0x1a, 0x71, 0x12, 0x50, 0x0a, 0x33, 0x23, 0xd9, 0x54, 0x1e, 0x76
.byte 0x3e, 0x76, 0xfe, 0x6d, 0xfe, 0x6d, 0xfd, 0x6d, 0x3e, 0x76, 0x3e, 0x7e, 0x3e, 0x76, 0xfd, 0x75
.byte 0xfd, 0x6d, 0xfd, 0x6d, 0x1e, 0x6e, 0x3e, 0x76, 0x5b, 0x65, 0x74, 0x2b, 0x30, 0x0a, 0x30, 0x0a
.byte 0x70, 0x1a, 0x71, 0x1a, 0x70, 0x12, 0x2f, 0x12, 0x2f, 0x0a, 0x71, 0x1a, 0x70, 0x1a, 0x70, 0x12
.byte 0x0f, 0x0a, 0x2f, 0x12, 0x94, 0x33, 0x7c, 0x65, 0xfd, 0x6d, 0xdd, 0x65, 0xdd, 0x6d, 0xfd, 0x6d
.byte 0xfe, 0x6d, 0xfd, 0x6d, 0x1d, 0x6e, 0x1e, 0x76, 0x1d, 0x7e, 0x3e, 0x7e, 0xb9, 0x54, 0xf3, 0x1a
.byte 0x71, 0x12, 0x50, 0x0a, 0x70, 0x12, 0x91, 0x12, 0x91, 0x1a, 0x91, 0x12, 0x71, 0x12, 0x30, 0x0a
.byte 0x0f, 0x0a, 0x2f, 0x1a, 0x92, 0x53, 0x3d, 0xdf, 0xff, 0xff, 0xff, 0xff, 0xff, 0xff, 0xff, 0xff
.byte 0xff, 0xff, 0xff, 0xff, 0xff, 0xff, 0xfc, 0xd6, 0x8d, 0x01, 0x0f, 0x0a, 0x50, 0x12, 0x50, 0x12
.byte 0x50, 0x12, 0x2f, 0x12, 0x2f, 0x12, 0x70, 0x12, 0xf3, 0x22, 0xb6, 0x33, 0x98, 0x4c, 0xbc, 0x75
.byte 0x5e, 0x86, 0x3e, 0x7e, 0xfd, 0x75, 0xfe, 0x75, 0xfe, 0x6d, 0xfe, 0x6d, 0xfe, 0x6d, 0x1e, 0x76
.byte 0x1e, 0x76, 0xfd, 0x75, 0xfd, 0x75, 0x1e, 0x76, 0x5e, 0x7e, 0xdd, 0x75, 0x57, 0x44, 0x70, 0x12
.byte 0x0f, 0x0a, 0x50, 0x12, 0x70, 0x12, 0x70, 0x12, 0x71, 0x12, 0x71, 0x12, 0x50, 0x0a, 0xf3, 0x1a
.byte 0x98, 0x4c, 0x1d, 0x7e, 0x7e, 0x7e, 0x1e, 0x76, 0x1e, 0x76, 0xfd, 0x75, 0x3e, 0x76, 0x1d, 0x76
.byte 0xfa, 0x5c, 0xf6, 0x3b, 0x77, 0x4c, 0xbc, 0x6d, 0x3e, 0x7e, 0x1e, 0x76, 0x1d, 0x76, 0x1d, 0x76
.byte 0x3e, 0x76, 0x3e, 0x7e, 0x1a, 0x65, 0x74, 0x2b, 0x50, 0x12, 0x50, 0x12, 0x70, 0x12, 0x70, 0x1a
.byte 0x70, 0x1a, 0x50, 0x1a, 0x2f, 0x12, 0x0f, 0x0a, 0x74, 0x33, 0x5b, 0x65, 0x1e, 0x76, 0xfd, 0x6d
.byte 0xdd, 0x6d, 0xfd, 0x6d, 0x1e, 0x76, 0x1e, 0x76, 0x1d, 0x76, 0xfd, 0x75, 0x1d, 0x76, 0x1d, 0x76
.byte 0x1d, 0x76, 0x1d, 0x76, 0x5e, 0x7e, 0xfd, 0x75, 0x3b, 0x5d, 0x37, 0x44, 0x33, 0x2b, 0x91, 0x12
.byte 0x51, 0x0a, 0x71, 0x12, 0x71, 0x12, 0x91, 0x12, 0x91, 0x12, 0x71, 0x12, 0xee, 0x09, 0xaf, 0x2a
.byte 0x7a, 0xbe, 0xff, 0xff, 0xff, 0xff, 0xff, 0xff, 0xff, 0xff, 0xff, 0xff, 0xff, 0xff, 0x8c, 0x01
.byte 0x30, 0x12, 0x4f, 0x12, 0x2f, 0x12, 0xee, 0x09, 0x50, 0x12, 0x12, 0x23, 0xf6, 0x3b, 0xfa, 0x5c
.byte 0xdd, 0x75, 0x5f, 0x7e, 0x5f, 0x86, 0x3e, 0x86, 0x3e, 0x7e, 0x1d, 0x7e, 0x1d, 0x7e, 0x3e, 0x7e
.byte 0x5e, 0x7e, 0x5f, 0x86, 0x1e, 0x76, 0x5b, 0x65, 0x7b, 0x65, 0x3e, 0x7e, 0x3e, 0x7e, 0x1d, 0x7e
.byte 0x1d, 0x76, 0x1e, 0x76, 0x5e, 0x7e, 0x7b, 0x65, 0x94, 0x33, 0x2e, 0x12, 0xee, 0x09, 0x2f, 0x12
.byte 0x0f, 0x0a, 0x71, 0x12, 0x37, 0x44, 0xfe, 0x75, 0x7f, 0x7e, 0x3e, 0x76, 0x3d, 0x7e, 0x3d, 0x7e
.byte 0x5e, 0x7e, 0x5e, 0x86, 0x1a, 0x5d, 0x33, 0x2b, 0x50, 0x12, 0x2f, 0x12, 0x2f, 0x12, 0xd2, 0x22
.byte 0x78, 0x4c, 0x1d, 0x7e, 0x5e, 0x7e, 0x1e, 0x76, 0x1e, 0x76, 0x1e, 0x76, 0x5e, 0x7e, 0x3e, 0x7e
.byte 0xfa, 0x5c, 0xf2, 0x22, 0x0f, 0x0a, 0x2f, 0x12, 0x2f, 0x12, 0x0e, 0x0a, 0xf2, 0x22, 0xb9, 0x54
.byte 0x1e, 0x76, 0x1e, 0x76, 0xfd, 0x6d, 0xfd, 0x75, 0x3e, 0x76, 0x5f, 0x7e, 0xbc, 0x6d, 0x5b, 0x65
.byte 0xfd, 0x7d, 0x5e, 0x86, 0x7e, 0x86, 0x3e, 0x7e, 0x1d, 0x76, 0xfd, 0x75, 0x1e, 0x76, 0x1e, 0x76
.byte 0x3e, 0x7e, 0x7f, 0x7e, 0x3e, 0x7e, 0x9c, 0x6d, 0xd9, 0x54, 0xb5, 0x33, 0xf3, 0x1a, 0x50, 0x0a
.byte 0x2f, 0x12, 0x4f, 0x12, 0x50, 0x12, 0xce, 0x09, 0x51, 0x4b, 0x1c, 0xd7, 0xff, 0xff, 0xff, 0xff
.byte 0xff, 0xff, 0xff, 0xff, 0xf3, 0x63, 0x50, 0x0a, 0x91, 0x12, 0x50, 0x12, 0x70, 0x12, 0x37, 0x44
.byte 0x7c, 0x65, 0xfe, 0x6d, 0x1e, 0x76, 0x1e, 0x76, 0xfe, 0x6d, 0xfe, 0x75, 0x1e, 0x76, 0x1d, 0x7e
.byte 0x5e, 0x7e, 0x7f, 0x86, 0x5e, 0x86, 0xdd, 0x75, 0x3a, 0x5d, 0x37, 0x44, 0x33, 0x23, 0x92, 0x12
.byte 0xb1, 0x1a, 0xd5, 0x3b, 0x7b, 0x75, 0x5e, 0x86, 0x3e, 0x7e, 0x1d, 0x76, 0xfd, 0x75, 0x1e, 0x6e
.byte 0x1e, 0x76, 0xfa, 0x5c, 0x33, 0x2b, 0x90, 0x12, 0x74, 0x2b, 0x5c, 0x5d, 0x3e, 0x76, 0x1e, 0x6e
.byte 0xfd, 0x6d, 0x1d, 0x6e, 0x3e, 0x76, 0x5e, 0x7e, 0x7b, 0x6d, 0xb5, 0x3b, 0x70, 0x12, 0x50, 0x12
.byte 0x90, 0x1a, 0x91, 0x1a, 0x91, 0x1a, 0x71, 0x12, 0x50, 0x12, 0x33, 0x2b, 0xb9, 0x5c, 0x1e, 0x7e
.byte 0x3e, 0x7e, 0xfd, 0x75, 0xfd, 0x75, 0xfd, 0x6d, 0x1e, 0x76, 0xdd, 0x6d, 0x16, 0x44, 0xb0, 0x22
.byte 0xd1, 0x1a, 0x78, 0x4c, 0xfd, 0x75, 0x1d, 0x76, 0xfd, 0x75, 0xfd, 0x6d, 0x1d, 0x76, 0x7e, 0x86
.byte 0xdd, 0x6d, 0x37, 0x44, 0xd2, 0x1a, 0x91, 0x12, 0xf2, 0x22, 0xb5, 0x3b, 0xb8, 0x54, 0x7b, 0x6d
.byte 0xfd, 0x75, 0x3e, 0x76, 0x1e, 0x76, 0xfd, 0x75, 0xfd, 0x75, 0x1d, 0x76, 0x1d, 0x76, 0x3e, 0x76
.byte 0x5f, 0x7e, 0x3e, 0x76, 0xdd, 0x6d, 0xfa, 0x54, 0xd2, 0x22, 0x0f, 0x12, 0x70, 0x12, 0x50, 0x12
.byte 0xee, 0x11, 0xd9, 0xa5, 0xdf, 0xff, 0xff, 0xff, 0xff, 0xff, 0xff, 0xff, 0xed, 0x11, 0x71, 0x1a
.byte 0xb1, 0x1a, 0x71, 0x12, 0x99, 0x4c, 0x9f, 0x86, 0x3e, 0x7e, 0x1e, 0x76, 0xfe, 0x6d, 0xfe, 0x6d
.byte 0x1e, 0x6e, 0x1e, 0x6e, 0x1e, 0x76, 0xdd, 0x6d, 0x3a, 0x5d, 0x57, 0x4c, 0x54, 0x33, 0xb2, 0x1a
.byte 0x71, 0x12, 0x51, 0x12, 0x71, 0x12, 0x92, 0x1a, 0x92, 0x1a, 0x71, 0x12, 0x91, 0x1a, 0xd5, 0x3b
.byte 0xbc, 0x6d, 0x5e, 0x7e, 0x1e, 0x76, 0xfd, 0x6d, 0xfd, 0x6d, 0x1e, 0x6e, 0xfe, 0x6d, 0xbd, 0x65
.byte 0xfe, 0x6d, 0xfe, 0x6d, 0xfd, 0x65, 0xfd, 0x6d, 0x1e, 0x6e, 0x3f, 0x76, 0x7c, 0x65, 0xb5, 0x33
.byte 0x91, 0x12, 0x70, 0x12, 0x91, 0x12, 0x91, 0x1a, 0x91, 0x12, 0x71, 0x12, 0x91, 0x1a, 0x91, 0x1a
.byte 0x91, 0x1a, 0x50, 0x12, 0x0f, 0x12, 0x12, 0x2b, 0xd8, 0x54, 0x1d, 0x76, 0x1e, 0x76, 0xfd, 0x6d
.byte 0xfd, 0x6d, 0xfd, 0x6d, 0x1e, 0x76, 0xdd, 0x6d, 0xdd, 0x6d, 0xfe, 0x6d, 0xfd, 0x6d, 0xfd, 0x6d
.byte 0xfd, 0x6d, 0x5e, 0x7e, 0x1d, 0x7e, 0x78, 0x4c, 0xb2, 0x1a, 0x50, 0x0a, 0x71, 0x12, 0x91, 0x12
.byte 0x71, 0x12, 0x30, 0x12, 0x2f, 0x0a, 0x70, 0x12, 0xf2, 0x22, 0xb5, 0x3b, 0xb9, 0x54, 0xbc, 0x6d
.byte 0x1e, 0x7e, 0x3e, 0x76, 0x1e, 0x76, 0xfd, 0x6d, 0xfe, 0x6d, 0xdd, 0x6d, 0xfd, 0x6d, 0x3e, 0x76
.byte 0x7c, 0x65, 0x90, 0x1a, 0x2f, 0x12, 0x30, 0x12, 0xad, 0x01, 0xf6, 0x84, 0x1b, 0xdf, 0xff, 0xff
.byte 0xff, 0xff, 0xff, 0xff, 0xac, 0x09, 0x70, 0x12, 0x91, 0x1a, 0x71, 0x12, 0x5b, 0x65, 0x9f, 0x86
.byte 0x5e, 0x7e, 0x5f, 0x86, 0x7f, 0x86, 0x3e, 0x76, 0xbd, 0x6d, 0xb8, 0x4c, 0x94, 0x33, 0xd1, 0x1a
.byte 0x2f, 0x12, 0x0f, 0x0a, 0x30, 0x12, 0x71, 0x12, 0x71, 0x1a, 0x71, 0x1a, 0x71, 0x12, 0x50, 0x0a
.byte 0x71, 0x12, 0x91, 0x12, 0x91, 0x12, 0x50, 0x12, 0xb1, 0x1a, 0x57, 0x4c, 0xfd, 0x75, 0x5e, 0x7e
.byte 0xfd, 0x6d, 0xfd, 0x6d, 0xfe, 0x6d, 0xfe, 0x6d, 0xfd, 0x6d, 0xfd, 0x6d, 0xfd, 0x6d, 0x3e, 0x76
.byte 0xbc, 0x6d, 0xf6, 0x3b, 0x4f, 0x12, 0x0f, 0x12, 0x70, 0x12, 0x91, 0x12, 0x91, 0x12, 0x71, 0x12
.byte 0x70, 0x12, 0x32, 0x3b, 0x70, 0x1a, 0x30, 0x0a, 0x71, 0x1a, 0x70, 0x1a, 0x50, 0x12, 0x0f, 0x12
.byte 0x0e, 0x12, 0x33, 0x2b, 0x3b, 0x65, 0x3e, 0x76, 0x1e, 0x76, 0xfd, 0x6d, 0xfe, 0x6d, 0x1d, 0x6e
.byte 0x1d, 0x76, 0xfd, 0x75, 0xfd, 0x75, 0x1e, 0x76, 0x3e, 0x7e, 0xd9, 0x5c, 0xd2, 0x22, 0x30, 0x12
.byte 0x71, 0x12, 0x91, 0x12, 0x91, 0x12, 0x70, 0x12, 0x70, 0x12, 0x50, 0x12, 0x50, 0x12, 0x50, 0x12
.byte 0x30, 0x12, 0x2f, 0x0a, 0x2f, 0x0a, 0xb1, 0x1a, 0x74, 0x33, 0x78, 0x4c, 0x3b, 0x5d, 0xdd, 0x6d
.byte 0x1e, 0x76, 0xfe, 0x6d, 0xfd, 0x6d, 0xfd, 0x6d, 0x1d, 0x76, 0xf2, 0x2a, 0x4f, 0x12, 0x50, 0x12
.byte 0xcd, 0x09, 0xb5, 0x7c, 0xfb, 0xde, 0xff, 0xff, 0xff, 0xff, 0xff, 0xff, 0xcd, 0x11, 0x50, 0x12
.byte 0x91, 0x1a, 0x71, 0x12, 0xb5, 0x3b, 0x1d, 0x7e, 0x3e, 0x86, 0x9c, 0x75, 0x98, 0x54, 0x94, 0x33
.byte 0xb1, 0x1a, 0x2f, 0x0a, 0x2f, 0x12, 0x50, 0x12, 0x70, 0x1a, 0x70, 0x12, 0x70, 0x12, 0x70, 0x12
.byte 0x50, 0x0a, 0x0f, 0x0a, 0x2f, 0x12, 0xf1, 0x2a, 0x70, 0x12, 0x30, 0x0a, 0x91, 0x12, 0x91, 0x12
.byte 0x70, 0x1a, 0x2f, 0x12, 0xf1, 0x22, 0xb8, 0x54, 0x3e, 0x7e, 0x1e, 0x76, 0xfd, 0x75, 0xfe, 0x75
.byte 0xfd, 0x75, 0x1e, 0x76, 0x1e, 0x76, 0x98, 0x54, 0xd2, 0x22, 0x0f, 0x12, 0x50, 0x12, 0x50, 0x12
.byte 0x50, 0x12, 0x50, 0x0a, 0xee, 0x09, 0x11, 0x33, 0xf9, 0xad, 0xdf, 0xf7, 0x9b, 0xc6, 0x92, 0x4b
.byte 0xee, 0x09, 0x2f, 0x12, 0x70, 0x12, 0x4f, 0x1a, 0x50, 0x12, 0x0f, 0x12, 0x70, 0x12, 0xf6, 0x43
.byte 0xdd, 0x75, 0x3e, 0x7e, 0x1e, 0x76, 0x1d, 0x76, 0xfd, 0x75, 0x1d, 0x76, 0x5e, 0x86, 0xbc, 0x75
.byte 0xb5, 0x33, 0x50, 0x12, 0x50, 0x12, 0x70, 0x12, 0x70, 0x12, 0x50, 0x0a, 0xee, 0x09, 0x90, 0x1a
.byte 0x4f, 0x12, 0x0f, 0x0a, 0x30, 0x0a, 0x71, 0x12, 0x91, 0x12, 0x91, 0x12, 0x90, 0x12, 0x50, 0x12
.byte 0x2f, 0x12, 0x0e, 0x0a, 0x4f, 0x12, 0xf2, 0x22, 0xf5, 0x43, 0x1a, 0x5d, 0xbd, 0x6d, 0xbc, 0x6d
.byte 0x57, 0x4c, 0x70, 0x1a, 0x90, 0x1a, 0x71, 0x12, 0xed, 0x09, 0x77, 0x9d, 0x1b, 0xe7, 0xff, 0xff
.byte 0xff, 0xff, 0xff, 0xff, 0x31, 0x4b, 0x0f, 0x0a, 0x91, 0x1a, 0x92, 0x1a, 0x71, 0x12, 0xf3, 0x22
.byte 0x34, 0x2b, 0xb2, 0x1a, 0x71, 0x12, 0x71, 0x12, 0x91, 0x12, 0x91, 0x12, 0x91, 0x1a, 0x70, 0x1a
.byte 0x50, 0x12, 0x0f, 0x0a, 0x0e, 0x0a, 0x4f, 0x1a, 0x11, 0x3b, 0x95, 0x74, 0xf9, 0xad, 0x5d, 0xdf
.byte 0x5a, 0xb6, 0x72, 0x4b, 0x2f, 0x0a, 0x50, 0x12, 0x70, 0x1a, 0x70, 0x1a, 0x4f, 0x12, 0x0f, 0x0a
.byte 0xd5, 0x3b, 0x3e, 0x7e, 0x1d, 0x7e, 0x1d, 0x7e, 0x3e, 0x86, 0xdd, 0x75, 0x94, 0x33, 0x50, 0x12
.byte 0x50, 0x12, 0x91, 0x1a, 0x91, 0x12, 0x50, 0x12, 0x0e, 0x0a, 0xb0, 0x2a, 0x17, 0x8d, 0x9e, 0xef
.byte 0xff, 0xff, 0xff, 0xff, 0xff, 0xff, 0xff, 0xff, 0x98, 0x9d, 0xcf, 0x32, 0xcd, 0x09, 0x2f, 0x12
.byte 0x70, 0x12, 0x70, 0x12, 0x50, 0x12, 0x2f, 0x0a, 0xd2, 0x22, 0x1a, 0x65, 0x5e, 0x86, 0x3e, 0x7e
.byte 0x1d, 0x7e, 0x3e, 0x7e, 0x1a, 0x65, 0xd2, 0x1a, 0x50, 0x12, 0x91, 0x12, 0x91, 0x1a, 0x71, 0x12
.byte 0x0f, 0x0a, 0x8f, 0x22, 0xf6, 0x84, 0xfd, 0xce, 0x5b, 0xae, 0xf7, 0x74, 0x93, 0x43, 0x90, 0x1a
.byte 0x2f, 0x0a, 0x2f, 0x0a, 0x50, 0x0a, 0x50, 0x12, 0x70, 0x12, 0x50, 0x12, 0x50, 0x12, 0x2f, 0x12
.byte 0x0e, 0x12, 0x2f, 0x12, 0xb1, 0x22, 0xb1, 0x22, 0x2f, 0x12, 0x91, 0x1a, 0xb1, 0x1a, 0x70, 0x12
.byte 0xd0, 0x32, 0xdb, 0xce, 0x3c, 0xe7, 0xff, 0xff, 0xff, 0xff, 0xff, 0xff, 0x9b, 0xce, 0x2e, 0x1a
.byte 0x30, 0x0a, 0x71, 0x12, 0x71, 0x12, 0x50, 0x0a, 0x50, 0x0a, 0x71, 0x12, 0x91, 0x12, 0x91, 0x12
.byte 0x71, 0x12, 0x70, 0x0a, 0x0f, 0x0a, 0x0e, 0x12, 0x8f, 0x22, 0x71, 0x4b, 0xd5, 0x7c, 0x1a, 0xb6
.byte 0x1d, 0xd7, 0xbe, 0xef, 0xbd, 0xf7, 0xff, 0xff, 0xff, 0xff, 0xff, 0xff, 0x98, 0x9d, 0xd0, 0x32
.byte 0x2f, 0x0a, 0x90, 0x1a, 0x4f, 0x1a, 0x70, 0x1a, 0x91, 0x12, 0xbc, 0x75, 0x3e, 0x7e, 0x1d, 0x7e
.byte 0x7f, 0x8e, 0x16, 0x44, 0x50, 0x12, 0x91, 0x12, 0x91, 0x12, 0x91, 0x12, 0x2f, 0x0a, 0x8f, 0x22
.byte 0x95, 0x74, 0xdb, 0xce, 0x9d, 0xef, 0x5c, 0xef, 0xde, 0xff, 0xff, 0xff, 0xff, 0xff, 0xff, 0xff
.byte 0xff, 0xff, 0x5c, 0xe7, 0x36, 0x95, 0xcf, 0x32, 0x0e, 0x0a, 0x70, 0x12, 0x91, 0x12, 0x91, 0x12
.byte 0x70, 0x12, 0xf2, 0x22, 0x3d, 0x7e, 0x5e, 0x7e, 0xfd, 0x75, 0x3e, 0x7e, 0x94, 0x33, 0x50, 0x0a
.byte 0x91, 0x12, 0x91, 0x12, 0x50, 0x12, 0x2f, 0x12, 0x74, 0x74, 0x5d, 0xe7, 0xff, 0xff, 0xff, 0xff
.byte 0xff, 0xff, 0xff, 0xff, 0xff, 0xf7, 0x1c, 0xd7, 0xb8, 0xa5, 0x54, 0x6c, 0xf0, 0x32, 0x0e, 0x12
.byte 0xce, 0x09, 0xee, 0x09, 0x2f, 0x12, 0x50, 0x12, 0x50, 0x12, 0x50, 0x12, 0x4f, 0x12, 0x50, 0x12
.byte 0x70, 0x12, 0x50, 0x12, 0x70, 0x12, 0x0e, 0x12, 0xd9, 0xa5, 0xdf, 0xf7, 0xff, 0xff, 0xff, 0xff
.byte 0xff, 0xff, 0xff, 0xff, 0xff, 0xff, 0xf9, 0xad, 0x4e, 0x22, 0xcd, 0x01, 0x2f, 0x0a, 0x50, 0x0a
.byte 0x50, 0x0a, 0x0f, 0x0a, 0xef, 0x01, 0xce, 0x01, 0x4f, 0x1a, 0x52, 0x43, 0x95, 0x74, 0xb8, 0xa5
.byte 0x9b, 0xc6, 0x1c, 0xdf, 0x3b, 0xe7, 0x1b, 0xdf, 0x5d, 0xef, 0xdf, 0xff, 0xff, 0xff, 0xff, 0xff
.byte 0xff, 0xff, 0xff, 0xff, 0xff, 0xff, 0x9e, 0xef, 0x13, 0x5c, 0xee, 0x09, 0x4f, 0x1a, 0x70, 0x1a
.byte 0xd2, 0x1a, 0xbc, 0x75, 0x3e, 0x86, 0x1e, 0x7e, 0x7f, 0x8e, 0xf6, 0x43, 0x71, 0x1a, 0xb2, 0x12
.byte 0x92, 0x12, 0xb0, 0x22, 0x74, 0x74, 0xbb, 0xc6, 0x5d, 0xe7, 0xfa, 0xe6, 0xbe, 0xf7, 0xff, 0xff
.byte 0xff, 0xff, 0xff, 0xff, 0xff, 0xff, 0xff, 0xff, 0xff, 0xff, 0xff, 0xff, 0xff, 0xff, 0x9e, 0xef
.byte 0x37, 0x8d, 0xf1, 0x2a, 0x91, 0x12, 0xb1, 0x12, 0x71, 0x12, 0xf3, 0x22, 0xfd, 0x7d, 0x5e, 0x7e
.byte 0xfd, 0x75, 0x3e, 0x7e, 0xb5, 0x33, 0x50, 0x0a, 0x71, 0x12, 0x50, 0x12, 0x11, 0x33, 0x9b, 0xbe
.byte 0xff, 0xff, 0xff, 0xff, 0xff, 0xff, 0xff, 0xff, 0xff, 0xff, 0xff, 0xff, 0xff, 0xff, 0xff, 0xff
.byte 0xff, 0xff, 0xde, 0xf7, 0xba, 0xce, 0xd9, 0xad, 0xb5, 0x7c, 0x51, 0x4b, 0x4e, 0x22, 0xcd, 0x09
.byte 0xee, 0x09, 0x2f, 0x0a, 0x50, 0x0a, 0x70, 0x12, 0x50, 0x0a, 0xce, 0x01, 0xed, 0x11, 0x37, 0x8d
.byte 0xff, 0xff, 0xff, 0xff, 0xff, 0xff, 0xff, 0xff, 0xff, 0xff, 0xff, 0xff, 0xff, 0xff, 0xff, 0xff
.byte 0x5d, 0xe7, 0x95, 0x74, 0xf0, 0x3a, 0x4e, 0x22, 0x4e, 0x22, 0xaf, 0x32, 0xf3, 0x5b, 0x97, 0x9d
.byte 0xfc, 0xd6, 0x3c, 0xe7, 0x7c, 0xef, 0x7c, 0xef, 0x9d, 0xf7, 0xdf, 0xff, 0xff, 0xff, 0xff, 0xff
.byte 0xff, 0xff, 0xff, 0xff, 0xff, 0xff, 0xff, 0xff, 0xff, 0xff, 0xff, 0xff, 0xff, 0xff, 0xff, 0xff
.byte 0xbe, 0xf7, 0xad, 0x01, 0x91, 0x1a, 0x91, 0x12, 0xd2, 0x1a, 0xdc, 0x75, 0x3e, 0x7e, 0x3e, 0x7e
.byte 0x7e, 0x8e, 0xf6, 0x3b, 0x71, 0x1a, 0x92, 0x1a, 0x30, 0x0a, 0x72, 0x4b, 0xff, 0xff, 0x7c, 0xef
.byte 0xdf, 0xff, 0xff, 0xff, 0xff, 0xff, 0xff, 0xff, 0xff, 0xff, 0xff, 0xff, 0xff, 0xff, 0xff, 0xff
.byte 0xff, 0xff, 0xff, 0xff, 0xff, 0xff, 0xff, 0xff, 0xff, 0xff, 0x57, 0x8d, 0x50, 0x0a, 0xb2, 0x1a
.byte 0x71, 0x12, 0xf3, 0x22, 0x1d, 0x7e, 0x5e, 0x86, 0xfd, 0x7d, 0x3e, 0x7e, 0xb5, 0x33, 0x50, 0x0a
.byte 0x90, 0x12, 0x0f, 0x0a, 0xf4, 0x53, 0xdf, 0xf7, 0xff, 0xff, 0xff, 0xff, 0xff, 0xff, 0xff, 0xff
.byte 0xff, 0xff, 0xff, 0xff, 0xff, 0xff, 0xff, 0xff, 0xff, 0xff, 0xff, 0xff, 0xff, 0xff, 0xff, 0xff
.byte 0x9d, 0xf7, 0xfb, 0xde, 0x7a, 0xc6, 0x98, 0x9d, 0x34, 0x6c, 0x11, 0x43, 0x8f, 0x2a, 0x6e, 0x22
.byte 0xcf, 0x32, 0xd3, 0x5b, 0x7b, 0xbe, 0xff, 0xff, 0xff, 0xff, 0xff, 0xff, 0xff, 0xff, 0xff, 0xff
.byte 0xff, 0xff, 0xff, 0xff, 0xff, 0xff, 0xff, 0xff, 0xff, 0xff, 0xff, 0xff, 0x9e, 0xef, 0xfc, 0xd6
.byte 0xfc, 0xd6, 0x9e, 0xef, 0xff, 0xff, 0xff, 0xff, 0xff, 0xff, 0xff, 0xff, 0xff, 0xff, 0xff, 0xff
.byte 0xff, 0xff, 0xff, 0xff, 0xff, 0xff, 0xff, 0xff, 0xff, 0xff, 0xff, 0xff, 0xff, 0xff, 0xff, 0xff
.byte 0xff, 0xff, 0xff, 0xff, 0xff, 0xff, 0xff, 0xff, 0xff, 0xff, 0xad, 0x01, 0x71, 0x1a, 0x91, 0x12
.byte 0xb2, 0x1a, 0xbc, 0x75, 0x3e, 0x7e, 0x1e, 0x76, 0x5e, 0x86, 0xd5, 0x3b, 0x4f, 0x12, 0x71, 0x12
.byte 0x30, 0x0a, 0x93, 0x4b, 0xdf, 0xf7, 0xdf, 0xff, 0xff, 0xff, 0xff, 0xff, 0xff, 0xff, 0xff, 0xff
.byte 0xff, 0xff, 0xff, 0xff, 0xff, 0xff, 0xff, 0xff, 0xff, 0xff, 0xff, 0xff, 0xff, 0xff, 0xff, 0xff
.byte 0xff, 0xff, 0xdf, 0xff, 0x50, 0x12, 0xb2, 0x1a, 0x70, 0x12, 0xf2, 0x1a, 0xfd, 0x7d, 0x3d, 0x7e
.byte 0xfd, 0x75, 0x1e, 0x7e, 0xb5, 0x33, 0x50, 0x12, 0x70, 0x1a, 0x0f, 0x0a, 0x93, 0x4b, 0x7e, 0xe7
.byte 0xff, 0xff, 0xff, 0xff, 0xff, 0xff, 0xff, 0xff, 0xff, 0xff, 0xff, 0xff, 0xff, 0xff, 0xff, 0xff
.byte 0xff, 0xff, 0xff, 0xff, 0xff, 0xff, 0xff, 0xff, 0xff, 0xff, 0xff, 0xff, 0xff, 0xff, 0xdf, 0xff
.byte 0x9d, 0xf7, 0x3c, 0xe7, 0x9a, 0xce, 0xda, 0xd6, 0x7d, 0xe7, 0xff, 0xff, 0xff, 0xff, 0xff, 0xff
.byte 0xff, 0xff, 0xff, 0xff, 0xff, 0xff, 0xff, 0xff, 0xff, 0xff, 0xff, 0xff, 0xff, 0xff, 0xff, 0xff
.byte 0xff, 0xff, 0xff, 0xff, 0xff, 0xff, 0xff, 0xff, 0xff, 0xff, 0xff, 0xff, 0xff, 0xff, 0xff, 0xff
.byte 0xff, 0xff, 0xff, 0xff, 0xff, 0xff, 0xff, 0xff, 0xff, 0xff, 0xff, 0xff, 0xff, 0xff, 0xff, 0xff
.byte 0xff, 0xff, 0xff, 0xff, 0xff, 0xff, 0xff, 0xff, 0xff, 0xff, 0xff, 0xff, 0xff, 0xff, 0xff, 0xff
.byte 0xff, 0xff, 0xad, 0x01, 0x71, 0x1a, 0x71, 0x12, 0xb2, 0x1a, 0xbc, 0x6d, 0x1e, 0x76, 0xfe, 0x6d
.byte 0x3e, 0x7e, 0x94, 0x33, 0x0f, 0x12, 0x50, 0x12, 0x2f, 0x02, 0x72, 0x43, 0xdf, 0xef, 0xff, 0xff
.byte 0xff, 0xff, 0xff, 0xff, 0xff, 0xff, 0xff, 0xff, 0xff, 0xff, 0xff, 0xff, 0xff, 0xff, 0xff, 0xff
.byte 0xff, 0xff, 0xff, 0xff, 0xff, 0xff, 0xff, 0xff, 0xff, 0xff, 0xff, 0xff, 0x30, 0x0a, 0x71, 0x12
.byte 0x2f, 0x12, 0xb1, 0x1a, 0xdd, 0x6d, 0x3e, 0x76, 0xfd, 0x75, 0x1e, 0x76, 0xb5, 0x33, 0x50, 0x0a
.byte 0x91, 0x1a, 0x30, 0x12, 0x93, 0x4b, 0x7e, 0xe7, 0xff, 0xff, 0xff, 0xff, 0xff, 0xff, 0xff, 0xff
.byte 0xff, 0xff, 0xff, 0xff, 0xff, 0xff, 0xff, 0xff, 0xff, 0xff, 0xff, 0xff, 0xff, 0xff, 0xff, 0xff
.byte 0xff, 0xff, 0xff, 0xff, 0xff, 0xff, 0xff, 0xff, 0xff, 0xff, 0xff, 0xff, 0xff, 0xff, 0xff, 0xff
.byte 0xff, 0xff, 0xff, 0xff, 0xff, 0xff, 0xff, 0xff, 0xff, 0xff, 0xff, 0xff, 0xff, 0xff, 0xff, 0xff
.byte 0xff, 0xff, 0xff, 0xff, 0xff, 0xff, 0xff, 0xff, 0xff, 0xff, 0xff, 0xff, 0xff, 0xff, 0xff, 0xff
.byte 0xff, 0xff, 0xff, 0xff, 0xff, 0xff, 0xff, 0xff, 0xff, 0xff, 0xff, 0xff, 0xff, 0xff, 0xff, 0xff
.byte 0xff, 0xff, 0xff, 0xff, 0xff, 0xff, 0xff, 0xff, 0xff, 0xff, 0xff, 0xff, 0xff, 0xff, 0xff, 0xff
.byte 0xff, 0xff, 0xff, 0xff, 0xff, 0xff, 0xff, 0xff, 0xff, 0xff, 0xad, 0x01, 0x71, 0x1a, 0x71, 0x12
.byte 0xb2, 0x12, 0x9c, 0x6d, 0xfe, 0x75, 0xde, 0x6d, 0x1e, 0x76, 0x94, 0x33, 0x0e, 0x12, 0x4f, 0x12
.byte 0xee, 0x01, 0x31, 0x43, 0xbe, 0xef, 0xff, 0xff, 0xff, 0xff, 0xff, 0xff, 0xff, 0xff, 0xff, 0xff
.byte 0xff, 0xff, 0xff, 0xff, 0xff, 0xff, 0xff, 0xff, 0xff, 0xff, 0xff, 0xff, 0xff, 0xff, 0xff, 0xff
.byte 0xff, 0xff, 0xbf, 0xf7, 0x0f, 0x0a, 0x50, 0x12, 0x0e, 0x12, 0xb1, 0x12, 0xdd, 0x6d, 0x3e, 0x76
.byte 0xfd, 0x75, 0x3e, 0x7e, 0xb5, 0x33, 0x50, 0x0a, 0x91, 0x12, 0x30, 0x12, 0xb4, 0x4b, 0x7e, 0xe7
.byte 0xff, 0xff, 0xff, 0xff, 0xff, 0xff, 0xff, 0xff, 0xff, 0xff, 0xff, 0xff, 0xff, 0xff, 0xff, 0xff
.byte 0xff, 0xff, 0xff, 0xff, 0xff, 0xff, 0xff, 0xff, 0xff, 0xff, 0xff, 0xff, 0xff, 0xff, 0xff, 0xff
.byte 0xff, 0xff, 0xff, 0xff, 0xff, 0xff, 0xff, 0xff, 0xff, 0xff, 0xff, 0xff, 0xff, 0xff, 0xff, 0xff
.byte 0xff, 0xff, 0xff, 0xff, 0xff, 0xff, 0xff, 0xff, 0xff, 0xff, 0xff, 0xff, 0xff, 0xff, 0xff, 0xff
.byte 0xff, 0xff, 0xff, 0xff, 0xff, 0xff, 0xff, 0xff, 0xff, 0xff, 0xff, 0xff, 0xff, 0xff, 0xff, 0xff
.byte 0xff, 0xff, 0xff, 0xff, 0xff, 0xff, 0xff, 0xff, 0xff, 0xff, 0xff, 0xff, 0xff, 0xff, 0xff, 0xff
.byte 0xff, 0xff, 0xff, 0xff, 0xff, 0xff, 0xff, 0xff, 0xff, 0xff, 0xff, 0xff, 0xff, 0xff, 0xff, 0xff
.byte 0xff, 0xff, 0xad, 0x01, 0x71, 0x1a, 0x71, 0x12, 0xb2, 0x12, 0x9c, 0x6d, 0xfe, 0x6d, 0xde, 0x6d
.byte 0x1e, 0x76, 0x94, 0x33, 0x0f, 0x12, 0x4f, 0x12, 0xee, 0x01, 0x31, 0x43, 0x9e, 0xe7, 0xff, 0xff
.byte 0xff, 0xff, 0xff, 0xff, 0xff, 0xff, 0xff, 0xff, 0xff, 0xff, 0xff, 0xff, 0xff, 0xff, 0xff, 0xff
.byte 0xff, 0xff, 0xff, 0xff, 0xff, 0xff, 0xff, 0xff, 0xff, 0xff, 0x3d, 0xdf, 0x0e, 0x0a, 0x50, 0x12
.byte 0x0e, 0x12, 0xb1, 0x12, 0xdd, 0x6d, 0x3e, 0x76, 0xfd, 0x75, 0x1e, 0x7e, 0xb5, 0x33, 0x50, 0x0a
.byte 0x71, 0x1a, 0x30, 0x12, 0xb3, 0x4b, 0x7e, 0xe7, 0xff, 0xff, 0xff, 0xff, 0xff, 0xff, 0xff, 0xff
.byte 0xff, 0xff, 0xff, 0xff, 0xff, 0xff, 0xff, 0xff, 0xff, 0xff, 0xff, 0xff, 0xff, 0xff, 0xff, 0xff
.byte 0xff, 0xff, 0xff, 0xff, 0xff, 0xff, 0xff, 0xff, 0xff, 0xff, 0xff, 0xff, 0xff, 0xff, 0xff, 0xff
.byte 0xff, 0xff, 0xff, 0xff, 0xff, 0xff, 0xff, 0xff, 0xff, 0xff, 0xff, 0xff, 0xff, 0xff, 0xff, 0xff
.byte 0xff, 0xff, 0xff, 0xff, 0xff, 0xff, 0xff, 0xff, 0xff, 0xff, 0xff, 0xff, 0xff, 0xff, 0xff, 0xff
.byte 0xff, 0xff, 0xff, 0xff, 0xff, 0xff, 0xff, 0xff, 0xff, 0xff, 0xff, 0xff, 0xff, 0xff, 0xff, 0xff
.byte 0xff, 0xff, 0xff, 0xff, 0xff, 0xff, 0xff, 0xff, 0xff, 0xff, 0xff, 0xff, 0xff, 0xff, 0xff, 0xff
.byte 0xff, 0xff, 0xff, 0xff, 0xff, 0xff, 0xff, 0xff, 0xff, 0xff, 0x8d, 0x01, 0x70, 0x1a, 0x70, 0x12
.byte 0x91, 0x12, 0x9c, 0x65, 0xfe, 0x75, 0xdd, 0x6d, 0x1e, 0x7e, 0xb4, 0x33, 0x0f, 0x12, 0x50, 0x12
.byte 0x0f, 0x02, 0x72, 0x43, 0x9e, 0xef, 0xff, 0xff, 0xff, 0xff, 0xff, 0xff, 0xff, 0xff, 0xff, 0xff
.byte 0xff, 0xff, 0xff, 0xff, 0xff, 0xff, 0xff, 0xff, 0xff, 0xff, 0xff, 0xff, 0xff, 0xff, 0xff, 0xff
.byte 0xff, 0xff, 0xfc, 0xd6, 0x0f, 0x0a, 0x70, 0x12, 0x0f, 0x12, 0xb1, 0x1a, 0xdd, 0x6d, 0x3e, 0x76
.byte 0xfd, 0x75, 0x1e, 0x76, 0x95, 0x33, 0x50, 0x0a, 0x70, 0x1a, 0x2f, 0x12, 0x93, 0x4b, 0x5d, 0xe7
.byte 0xff, 0xff, 0xff, 0xff, 0xff, 0xff, 0xff, 0xff, 0xff, 0xff, 0xff, 0xff, 0xff, 0xff, 0xff, 0xff
.byte 0xff, 0xff, 0xff, 0xff, 0xff, 0xff, 0xff, 0xff, 0xff, 0xff, 0xff, 0xff, 0xff, 0xff, 0xff, 0xff
.byte 0xff, 0xff, 0xff, 0xff, 0xff, 0xff, 0xff, 0xff, 0xff, 0xff, 0xff, 0xff, 0xff, 0xff, 0xff, 0xff
.byte 0xff, 0xff, 0xff, 0xff, 0xff, 0xff, 0xff, 0xff, 0xff, 0xff, 0xff, 0xff, 0xff, 0xff, 0xff, 0xff
.byte 0xff, 0xff, 0xff, 0xff, 0xff, 0xff, 0xff, 0xff, 0xff, 0xff, 0xff, 0xff, 0xff, 0xff, 0xff, 0xff
.byte 0xff, 0xff, 0xff, 0xff, 0xff, 0xff, 0xff, 0xff, 0xff, 0xff, 0xff, 0xff, 0xff, 0xff, 0xff, 0xff
.byte 0xff, 0xff, 0xff, 0xff, 0xff, 0xff, 0xff, 0xff, 0xff, 0xff, 0xff, 0xff, 0xff, 0xff, 0xff, 0xff
.byte 0xdf, 0xf7, 0x8c, 0x01, 0x50, 0x12, 0x70, 0x12, 0x91, 0x1a, 0x9c, 0x6d, 0x1e, 0x76, 0xfd, 0x75
.byte 0x3e, 0x7e, 0xb5, 0x3b, 0x2f, 0x12, 0x70, 0x1a, 0x2f, 0x0a, 0x93, 0x4b, 0xbe, 0xef, 0xff, 0xff
.byte 0xff, 0xff, 0xff, 0xff, 0xff, 0xff, 0xff, 0xff, 0xff, 0xff, 0xff, 0xff, 0xff, 0xff, 0xff, 0xff
.byte 0xff, 0xff, 0xff, 0xff, 0xff, 0xff, 0xff, 0xff, 0xff, 0xff, 0x1d, 0xdf, 0x2f, 0x0a, 0x70, 0x1a
.byte 0x2f, 0x12, 0xb1, 0x1a, 0xdd, 0x75, 0x3e, 0x7e, 0xdd, 0x75, 0x1e, 0x76, 0x95, 0x2b, 0x50, 0x0a
.byte 0x70, 0x1a, 0x2f, 0x0a, 0x93, 0x4b, 0x5d, 0xe7, 0xff, 0xff, 0xff, 0xff, 0xff, 0xff, 0xff, 0xff
.byte 0xff, 0xff, 0xff, 0xff, 0xff, 0xff, 0xff, 0xff, 0xff, 0xff, 0xff, 0xff, 0xff, 0xff, 0xff, 0xff
.byte 0xff, 0xff, 0xff, 0xff, 0xff, 0xff, 0xff, 0xff, 0xff, 0xff, 0xff, 0xff, 0xff, 0xff, 0xff, 0xff
.byte 0xff, 0xff, 0xff, 0xff, 0xff, 0xff, 0xff, 0xff, 0xff, 0xff, 0xff, 0xff, 0xff, 0xff, 0xff, 0xff
.byte 0xff, 0xff, 0xff, 0xff, 0xff, 0xff, 0xff, 0xff, 0xff, 0xff, 0xbc, 0xce, 0x4f, 0x1a, 0xee, 0x09
.byte 0xee, 0x09, 0x2e, 0x12, 0xd0, 0x32, 0x34, 0x6c, 0xdc, 0xce, 0xff, 0xff, 0xff, 0xff, 0xff, 0xff
.byte 0xff, 0xff, 0xff, 0xff, 0xff, 0xff, 0xff, 0xff, 0xff, 0xff, 0xff, 0xff, 0xff, 0xff, 0xff, 0xff
.byte 0xff, 0xff, 0xff, 0xff, 0xff, 0xff, 0xff, 0xff, 0xbf, 0xf7, 0xad, 0x01, 0x70, 0x1a, 0x70, 0x1a
.byte 0x91, 0x1a, 0x9c, 0x6d, 0x1e, 0x76, 0xfe, 0x75, 0x5e, 0x7e, 0xd5, 0x3b, 0x50, 0x12, 0x91, 0x1a
.byte 0x50, 0x0a, 0x73, 0x43, 0xff, 0xf7, 0xff, 0xff, 0xff, 0xff, 0xff, 0xff, 0xff, 0xff, 0xff, 0xff
.byte 0xff, 0xff, 0xff, 0xff, 0xff, 0xff, 0xff, 0xff, 0xff, 0xff, 0xff, 0xff, 0xff, 0xff, 0xff, 0xff
.byte 0xff, 0xff, 0x1d, 0xdf, 0x30, 0x12, 0x91, 0x1a, 0x50, 0x12, 0xd2, 0x1a, 0xfe, 0x75, 0x3e, 0x7e
.byte 0xfd, 0x75, 0x3e, 0x7e, 0xb5, 0x33, 0x50, 0x12, 0x71, 0x1a, 0x0f, 0x0a, 0xb3, 0x53, 0xbf, 0xf7
.byte 0xff, 0xff, 0xff, 0xff, 0xff, 0xff, 0xff, 0xff, 0xff, 0xff, 0xff, 0xff, 0xff, 0xff, 0xff, 0xff
.byte 0xff, 0xff, 0xff, 0xff, 0xff, 0xff, 0xff, 0xff, 0xff, 0xff, 0xff, 0xff, 0xff, 0xff, 0x7b, 0xbe
.byte 0x93, 0x4b, 0x90, 0x22, 0x2f, 0x12, 0x0f, 0x0a, 0x2f, 0x1a, 0x52, 0x43, 0x3a, 0xb6, 0xff, 0xff
.byte 0xff, 0xff, 0xff, 0xff, 0xff, 0xff, 0xff, 0xff, 0xff, 0xff, 0xff, 0xff, 0xff, 0xff, 0xff, 0xff
.byte 0x6f, 0x22, 0x0f, 0x0a, 0x70, 0x12, 0x71, 0x12, 0x70, 0x12, 0x70, 0x12, 0x50, 0x12, 0x2f, 0x0a
.byte 0x2f, 0x12, 0xaf, 0x2a, 0xd3, 0x5b, 0x37, 0x95, 0xfc, 0xde, 0xff, 0xff, 0xff, 0xff, 0xff, 0xff
.byte 0xff, 0xff, 0xff, 0xff, 0xff, 0xff, 0xff, 0xff, 0xff, 0xff, 0xff, 0xff, 0xff, 0xff, 0xff, 0xff
.byte 0xfa, 0xad, 0x2f, 0x12, 0x71, 0x1a, 0x70, 0x1a, 0x91, 0x1a, 0x9c, 0x6d, 0x1d, 0x7e, 0x1d, 0x7e
.byte 0x5e, 0x86, 0xf6, 0x3b, 0x71, 0x12, 0x91, 0x12, 0x91, 0x12, 0x90, 0x1a, 0x34, 0x64, 0x1d, 0xdf
.byte 0xff, 0xff, 0xff, 0xff, 0xff, 0xff, 0xff, 0xff, 0xff, 0xff, 0xff, 0xff, 0xff, 0xff, 0xff, 0xff
.byte 0xff, 0xff, 0xff, 0xff, 0xff, 0xff, 0xff, 0xff, 0xff, 0xff, 0x52, 0x43, 0x91, 0x1a, 0x91, 0x1a
.byte 0x71, 0x12, 0xf2, 0x22, 0xfe, 0x7d, 0x3e, 0x86, 0xfd, 0x7d, 0x3e, 0x7e, 0xb5, 0x33, 0x50, 0x12
.byte 0x71, 0x1a, 0x50, 0x1a, 0xb1, 0x2a, 0x1a, 0xb6, 0xff, 0xff, 0xff, 0xff, 0xff, 0xff, 0xff, 0xff
.byte 0xff, 0xff, 0xff, 0xff, 0xff, 0xff, 0xff, 0xff, 0xff, 0xff, 0xff, 0xff, 0xff, 0xff, 0xff, 0xff
.byte 0x95, 0x7c, 0xcf, 0x32, 0x0e, 0x12, 0xee, 0x09, 0x0f, 0x0a, 0x50, 0x12, 0x71, 0x12, 0x71, 0x12
.byte 0x71, 0x12, 0x30, 0x0a, 0x0e, 0x12, 0x95, 0x74, 0xdf, 0xff, 0xff, 0xff, 0xff, 0xff, 0xff, 0xff
.byte 0xff, 0xff, 0xff, 0xff, 0xff, 0xff, 0x8f, 0x2a, 0x70, 0x12, 0x70, 0x12, 0x71, 0x12, 0x50, 0x12
.byte 0x50, 0x12, 0x70, 0x12, 0x71, 0x1a, 0x91, 0x12, 0x71, 0x12, 0x71, 0x12, 0x0f, 0x0a, 0xee, 0x09
.byte 0x2f, 0x1a, 0x11, 0x43, 0x95, 0x7c, 0x5a, 0xbe, 0xff, 0xff, 0xff, 0xff, 0xff, 0xff, 0xff, 0xff
.byte 0xff, 0xff, 0xff, 0xff, 0xbc, 0xce, 0x90, 0x22, 0x30, 0x0a, 0xb1, 0x1a, 0x91, 0x12, 0x50, 0x12
.byte 0x90, 0x12, 0xbc, 0x75, 0x1e, 0x7e, 0x1d, 0x7e, 0x5e, 0x86, 0xd5, 0x33, 0x50, 0x0a, 0x91, 0x12
.byte 0x71, 0x12, 0x71, 0x12, 0x0f, 0x0a, 0x6f, 0x1a, 0x95, 0x74, 0x9e, 0xef, 0xff, 0xff, 0xff, 0xff
.byte 0xff, 0xff, 0xff, 0xff, 0xff, 0xff, 0xff, 0xff, 0xff, 0xff, 0xff, 0xff, 0xff, 0xff, 0x95, 0x7c
.byte 0x2f, 0x12, 0x71, 0x12, 0x91, 0x1a, 0x91, 0x1a, 0x51, 0x12, 0xd2, 0x22, 0x1e, 0x86, 0x3e, 0x86
.byte 0xfd, 0x7d, 0x3e, 0x86, 0x95, 0x33, 0x30, 0x12, 0x91, 0x1a, 0x91, 0x1a, 0x71, 0x12, 0x0e, 0x12
.byte 0xf3, 0x63, 0x3d, 0xdf, 0xff, 0xff, 0xff, 0xff, 0xff, 0xff, 0xff, 0xff, 0xff, 0xff, 0xff, 0xff
.byte 0x7b, 0xc6, 0x34, 0x6c, 0x8f, 0x2a, 0x0e, 0x0a, 0x0f, 0x0a, 0x30, 0x0a, 0x50, 0x0a, 0x70, 0x12
.byte 0x71, 0x12, 0x70, 0x12, 0x50, 0x12, 0x50, 0x12, 0x70, 0x1a, 0x70, 0x12, 0x50, 0x12, 0x0f, 0x12
.byte 0x17, 0x8d, 0xdf, 0xf7, 0xff, 0xff, 0xff, 0xff, 0xff, 0xff, 0xff, 0xff, 0xd9, 0xad, 0xce, 0x09
.byte 0x70, 0x12, 0x71, 0x12, 0x50, 0x12, 0xf2, 0x1a, 0xb5, 0x33, 0x13, 0x23, 0x70, 0x12, 0x50, 0x0a
.byte 0x71, 0x12, 0x71, 0x12, 0x71, 0x12, 0x71, 0x12, 0x50, 0x12, 0x0f, 0x0a, 0xce, 0x09, 0xed, 0x11
.byte 0x6e, 0x2a, 0x92, 0x53, 0xb8, 0xa5, 0xdf, 0xf7, 0xdc, 0xce, 0xb0, 0x2a, 0x0f, 0x0a, 0x71, 0x12
.byte 0x92, 0x12, 0x91, 0x12, 0x70, 0x12, 0x50, 0x0a, 0x16, 0x44, 0x1e, 0x7e, 0xfd, 0x75, 0x1e, 0x76
.byte 0x3e, 0x7e, 0x7b, 0x6d, 0x12, 0x23, 0x2f, 0x0a, 0x70, 0x12, 0x91, 0x12, 0x91, 0x12, 0x50, 0x0a
.byte 0xcd, 0x01, 0x6e, 0x2a, 0x16, 0x8d, 0xff, 0xff, 0xff, 0xff, 0xff, 0xff, 0xff, 0xff, 0xff, 0xff
.byte 0xff, 0xff, 0x17, 0x8d, 0xce, 0x09, 0xef, 0x09, 0x71, 0x12, 0x91, 0x12, 0x71, 0x12, 0x50, 0x12
.byte 0xb1, 0x1a, 0xb9, 0x54, 0x3e, 0x86, 0x3d, 0x7e, 0xfd, 0x7d, 0x3e, 0x7e, 0xfa, 0x5c, 0xb1, 0x1a
.byte 0x70, 0x12, 0x91, 0x1a, 0x70, 0x1a, 0x50, 0x12, 0xef, 0x09, 0x4f, 0x1a, 0x55, 0x6c, 0x9b, 0xc6
.byte 0xbf, 0xf7, 0xd6, 0x7c, 0x90, 0x22, 0xee, 0x09, 0xce, 0x09, 0x0f, 0x0a, 0x50, 0x12, 0x71, 0x12
.byte 0x91, 0x12, 0x91, 0x12, 0x50, 0x12, 0x0f, 0x12, 0x2f, 0x12, 0xb1, 0x1a, 0x74, 0x33, 0x74, 0x33
.byte 0x50, 0x12, 0x71, 0x12, 0x71, 0x12, 0x50, 0x12, 0x90, 0x2a, 0xbb, 0xce, 0xff, 0xff, 0xff, 0xff
.byte 0xff, 0xff, 0xff, 0xff, 0xec, 0x11, 0x0f, 0x12, 0x50, 0x12, 0x50, 0x12, 0x95, 0x2b, 0xfd, 0x75
.byte 0x3e, 0x7e, 0xfd, 0x75, 0x5b, 0x65, 0x57, 0x44, 0x33, 0x2b, 0x91, 0x12, 0x30, 0x0a, 0x2f, 0x0a
.byte 0x2f, 0x12, 0x30, 0x12, 0x50, 0x1a, 0x71, 0x1a, 0x50, 0x12, 0xee, 0x01, 0x0f, 0x0a, 0x70, 0x1a
.byte 0x50, 0x0a, 0x71, 0x0a, 0x92, 0x12, 0x91, 0x12, 0x71, 0x12, 0x51, 0x0a, 0x33, 0x2b, 0x1a, 0x65
.byte 0x3e, 0x7e, 0x1d, 0x76, 0xfd, 0x75, 0xfd, 0x75, 0xfd, 0x75, 0x1e, 0x76, 0xdd, 0x75, 0x77, 0x4c
.byte 0xd1, 0x1a, 0x2f, 0x0a, 0x2f, 0x12, 0x0f, 0x12, 0x70, 0x1a, 0x50, 0x12, 0xee, 0x09, 0xf0, 0x3a
.byte 0x5a, 0xbe, 0xff, 0xff, 0xff, 0xff, 0xff, 0xff, 0xee, 0x11, 0x0f, 0x0a, 0x50, 0x1a, 0x50, 0x12
.byte 0x0f, 0x12, 0x0f, 0x0a, 0x70, 0x12, 0xd5, 0x3b, 0x9c, 0x6d, 0x3e, 0x7e, 0xfd, 0x75, 0xfd, 0x75
.byte 0xfd, 0x75, 0x1d, 0x7e, 0x5e, 0x7e, 0xbc, 0x6d, 0xb5, 0x33, 0x50, 0x12, 0x0f, 0x0a, 0x50, 0x12
.byte 0x71, 0x12, 0x50, 0x12, 0x0f, 0x0a, 0x70, 0x12, 0x50, 0x12, 0x30, 0x0a, 0x71, 0x12, 0x71, 0x12
.byte 0x71, 0x12, 0x70, 0x12, 0x50, 0x12, 0x2f, 0x0a, 0x2f, 0x0a, 0x90, 0x12, 0x32, 0x23, 0xf6, 0x3b
.byte 0xd9, 0x54, 0xbc, 0x6d, 0x1e, 0x76, 0x3e, 0x7e, 0x78, 0x54, 0x50, 0x12, 0x71, 0x12, 0x50, 0x12
.byte 0xee, 0x11, 0x57, 0x95, 0xbe, 0xf7, 0xff, 0xff, 0xff, 0xff, 0xff, 0xff, 0xac, 0x09, 0x2f, 0x12
.byte 0x50, 0x12, 0x2f, 0x0a, 0xfa, 0x54, 0x7f, 0x86, 0xfd, 0x75, 0xfd, 0x75, 0x1e, 0x76, 0x3f, 0x7e
.byte 0x1e, 0x76, 0x7c, 0x65, 0xb9, 0x4c, 0x94, 0x33, 0x91, 0x1a, 0x2f, 0x12, 0x2f, 0x12, 0x50, 0x12
.byte 0x70, 0x12, 0x91, 0x12, 0x71, 0x12, 0x71, 0x12, 0x91, 0x12, 0x91, 0x1a, 0x71, 0x12, 0x50, 0x0a
.byte 0x13, 0x23, 0xd9, 0x54, 0x1e, 0x7e, 0x3e, 0x7e, 0x1d, 0x76, 0xfd, 0x75, 0xfd, 0x75, 0x1e, 0x76
.byte 0xfd, 0x75, 0xfd, 0x75, 0x1e, 0x76, 0x5f, 0x7e, 0xdc, 0x75, 0x16, 0x44, 0x4f, 0x12, 0x0e, 0x0a
.byte 0x70, 0x1a, 0x91, 0x1a, 0x91, 0x1a, 0x50, 0x12, 0x2f, 0x1a, 0x72, 0x4b, 0xf1, 0x32, 0x30, 0x0a
.byte 0x71, 0x1a, 0x70, 0x1a, 0x50, 0x1a, 0x2f, 0x12, 0x0f, 0x0a, 0x73, 0x2b, 0x5b, 0x65, 0x3e, 0x7e
.byte 0x1e, 0x76, 0xfd, 0x75, 0xfd, 0x75, 0x1d, 0x76, 0x1d, 0x76, 0x1d, 0x76, 0x1d, 0x76, 0x5e, 0x7e
.byte 0x5f, 0x7e, 0x3a, 0x5d, 0x53, 0x2b, 0x2f, 0x0a, 0x50, 0x12, 0x71, 0x1a, 0x71, 0x1a, 0x91, 0x12
.byte 0xb2, 0x12, 0xb2, 0x1a, 0x92, 0x1a, 0x71, 0x12, 0x50, 0x12, 0x4f, 0x12, 0x90, 0x1a, 0x53, 0x2b
.byte 0x77, 0x4c, 0x7b, 0x65, 0xfd, 0x75, 0x3e, 0x7e, 0x3e, 0x76, 0x1e, 0x76, 0xfe, 0x75, 0xfd, 0x75
.byte 0xfe, 0x75, 0xf2, 0x22, 0x2f, 0x12, 0x2f, 0x12, 0xce, 0x09, 0xd6, 0x84, 0x1b, 0xdf, 0xff, 0xff
.byte 0xff, 0xff, 0xff, 0xff, 0x0d, 0x1a, 0x30, 0x12, 0x71, 0x1a, 0x50, 0x12, 0xf6, 0x43, 0x3e, 0x86
.byte 0x3e, 0x7e, 0x1e, 0x76, 0xfe, 0x75, 0xfe, 0x75, 0xfe, 0x6d, 0xfe, 0x6d, 0x1f, 0x76, 0x1e, 0x76
.byte 0xbd, 0x6d, 0xfa, 0x5c, 0x16, 0x44, 0x33, 0x2b, 0x91, 0x1a, 0x50, 0x12, 0x51, 0x12, 0x71, 0x12
.byte 0x71, 0x12, 0x2f, 0x0a, 0x91, 0x1a, 0x57, 0x4c, 0xfd, 0x75, 0x5e, 0x7e, 0x1e, 0x76, 0x1d, 0x76
.byte 0x1d, 0x76, 0x5e, 0x7e, 0x3e, 0x7e, 0xbc, 0x6d, 0x1e, 0x7e, 0x1e, 0x7e, 0xfe, 0x75, 0xfd, 0x6d
.byte 0xfe, 0x75, 0x3e, 0x7e, 0xbc, 0x6d, 0xd5, 0x3b, 0x4f, 0x12, 0x2f, 0x12, 0x70, 0x1a, 0x70, 0x12
.byte 0x71, 0x12, 0x71, 0x12, 0x71, 0x12, 0x91, 0x12, 0x91, 0x1a, 0x50, 0x12, 0x0f, 0x0a, 0x13, 0x2b
.byte 0x1a, 0x5d, 0x1e, 0x76, 0x1e, 0x76, 0xfd, 0x75, 0xfd, 0x75, 0xfe, 0x75, 0x3e, 0x7e, 0xdc, 0x75
.byte 0xdd, 0x75, 0x3e, 0x7e, 0x1e, 0x76, 0x1d, 0x76, 0x1e, 0x76, 0x5e, 0x7e, 0x3e, 0x7e, 0xf9, 0x5c
.byte 0x12, 0x23, 0x30, 0x12, 0x71, 0x12, 0xb1, 0x1a, 0x91, 0x12, 0x71, 0x12, 0xb1, 0x12, 0x33, 0x2b
.byte 0x16, 0x44, 0xf9, 0x5c, 0x9c, 0x6d, 0x1e, 0x76, 0x3e, 0x76, 0x3e, 0x7e, 0x1d, 0x76, 0xfd, 0x75
.byte 0xfd, 0x75, 0xfd, 0x75, 0x1e, 0x7e, 0x5f, 0x7e, 0x5b, 0x65, 0x90, 0x1a, 0x30, 0x12, 0x2f, 0x12
.byte 0xce, 0x11, 0x37, 0x95, 0xfa, 0xde, 0xff, 0xff, 0xff, 0xff, 0xff, 0xff, 0x51, 0x4b, 0x0f, 0x0a
.byte 0x91, 0x1a, 0x71, 0x1a, 0x70, 0x12, 0x74, 0x33, 0xd9, 0x54, 0xbc, 0x6d, 0x1e, 0x7e, 0x1e, 0x76
.byte 0xfe, 0x75, 0xfe, 0x6d, 0xfe, 0x6d, 0xfe, 0x6d, 0x1e, 0x76, 0x3e, 0x76, 0x3f, 0x7e, 0x1e, 0x7e
.byte 0x9c, 0x6d, 0xb9, 0x4c, 0xb5, 0x33, 0xf2, 0x22, 0xd2, 0x1a, 0xd5, 0x3b, 0x9c, 0x6d, 0x5f, 0x7e
.byte 0x1e, 0x76, 0xfe, 0x75, 0x1e, 0x76, 0x3e, 0x7e, 0x5e, 0x86, 0x5a, 0x65, 0xb4, 0x33, 0xb1, 0x1a
.byte 0xb5, 0x33, 0x5b, 0x65, 0x3e, 0x7e, 0x1e, 0x76, 0xfd, 0x6d, 0xfe, 0x6d, 0x1e, 0x76, 0x3e, 0x76
.byte 0x3b, 0x5d, 0x33, 0x2b, 0x0e, 0x0a, 0x0f, 0x0a, 0x71, 0x12, 0x71, 0x12, 0x71, 0x12, 0x50, 0x12
.byte 0x2f, 0x0a, 0xd1, 0x1a, 0x98, 0x54, 0x1e, 0x76, 0x3e, 0x76, 0xfe, 0x75, 0xfe, 0x75, 0x1e, 0x76
.byte 0x3e, 0x7e, 0xbc, 0x6d, 0x57, 0x44, 0xf2, 0x1a, 0xf2, 0x22, 0x78, 0x4c, 0xfd, 0x75, 0x3e, 0x76
.byte 0x1e, 0x76, 0xfe, 0x75, 0xfe, 0x6d, 0x3e, 0x76, 0xfd, 0x75, 0x98, 0x4c, 0x54, 0x2b, 0x33, 0x23
.byte 0xd5, 0x33, 0x98, 0x54, 0x7b, 0x6d, 0x1e, 0x7e, 0x5e, 0x7e, 0x3e, 0x7e, 0xfe, 0x75, 0xfd, 0x75
.byte 0xfd, 0x6d, 0xfd, 0x75, 0x1d, 0x76, 0x3e, 0x7e, 0x3e, 0x86, 0xfd, 0x7d, 0x7b, 0x6d, 0x78, 0x4c
.byte 0xd2, 0x22, 0x50, 0x12, 0x91, 0x1a, 0x50, 0x12, 0x2f, 0x1a, 0x5a, 0xbe, 0x5c, 0xef, 0xff, 0xff
.byte 0xff, 0xff, 0xff, 0xff, 0xbc, 0xce, 0x0e, 0x12, 0x71, 0x12, 0x70, 0x12, 0x70, 0x12, 0x30, 0x0a
.byte 0x4f, 0x12, 0xb1, 0x1a, 0x94, 0x33, 0x98, 0x4c, 0x7c, 0x65, 0x1e, 0x76, 0x3e, 0x76, 0x1e, 0x76
.byte 0x1e, 0x76, 0xfd, 0x75, 0xfe, 0x75, 0x1e, 0x76, 0x3e, 0x76, 0x5e, 0x7e, 0x3e, 0x76, 0xbc, 0x6d
.byte 0xbc, 0x65, 0x3e, 0x76, 0x3e, 0x76, 0xfd, 0x6d, 0xfe, 0x75, 0x1e, 0x76, 0x3e, 0x7e, 0x7b, 0x65
.byte 0xb5, 0x33, 0x70, 0x12, 0x50, 0x12, 0x71, 0x1a, 0x2f, 0x12, 0x70, 0x12, 0xf6, 0x3b, 0xbc, 0x6d
.byte 0x3e, 0x76, 0xfd, 0x6d, 0xdd, 0x6d, 0xdd, 0x6d, 0xfe, 0x6d, 0xfe, 0x75, 0xd9, 0x54, 0x33, 0x23
.byte 0x50, 0x0a, 0x50, 0x0a, 0x30, 0x0a, 0xb1, 0x1a, 0x36, 0x44, 0xdd, 0x75, 0x3e, 0x7e, 0xfd, 0x75
.byte 0xfd, 0x75, 0xfd, 0x75, 0x3e, 0x76, 0xfd, 0x75, 0x98, 0x4c, 0x13, 0x23, 0x71, 0x0a, 0x91, 0x12
.byte 0x70, 0x12, 0x2f, 0x0a, 0x12, 0x23, 0xb9, 0x54, 0xfe, 0x75, 0x1e, 0x6e, 0xdd, 0x6d, 0xfd, 0x6d
.byte 0xfd, 0x75, 0x3e, 0x76, 0x1d, 0x76, 0xfd, 0x6d, 0x3e, 0x76, 0x3e, 0x7e, 0x3e, 0x7e, 0x1e, 0x7e
.byte 0x1e, 0x76, 0xfd, 0x75, 0xdd, 0x6d, 0x1e, 0x76, 0x3e, 0x76, 0x1e, 0x7e, 0xbc, 0x75, 0x1a, 0x5d
.byte 0x37, 0x4c, 0x53, 0x2b, 0x91, 0x1a, 0x50, 0x0a, 0x71, 0x12, 0x91, 0x12, 0x92, 0x12, 0xef, 0x09
.byte 0x75, 0x6c, 0x3d, 0xdf, 0xde, 0xff, 0xff, 0xff, 0xff, 0xff, 0xff, 0xff, 0xff, 0xff, 0xf6, 0x84
.byte 0xcd, 0x09, 0x0f, 0x0a, 0x50, 0x12, 0x50, 0x12, 0x50, 0x12, 0x2f, 0x0a, 0x0f, 0x0a, 0x0e, 0x0a
.byte 0x70, 0x12, 0x73, 0x2b, 0x77, 0x4c, 0x7b, 0x65, 0x1e, 0x7e, 0x1d, 0x76, 0xfd, 0x75, 0x1e, 0x76
.byte 0x1e, 0x76, 0x1d, 0x76, 0xfe, 0x75, 0x1e, 0x6e, 0x1d, 0x6e, 0xfd, 0x6d, 0xfd, 0x6d, 0xfe, 0x6d
.byte 0x3e, 0x76, 0x7b, 0x65, 0xb5, 0x3b, 0x70, 0x12, 0x2f, 0x0a, 0x50, 0x12, 0x71, 0x1a, 0x71, 0x1a
.byte 0x71, 0x12, 0x50, 0x12, 0x0f, 0x0a, 0x90, 0x1a, 0x36, 0x4c, 0xbc, 0x6d, 0x1e, 0x76, 0xfd, 0x6d
.byte 0xfd, 0x6d, 0xfd, 0x6d, 0x3e, 0x7e, 0x3e, 0x7e, 0xfa, 0x5c, 0xb5, 0x33, 0x37, 0x44, 0xbc, 0x6d
.byte 0x5f, 0x7e, 0x1e, 0x76, 0xfd, 0x75, 0xfd, 0x6d, 0x1e, 0x76, 0x1d, 0x76, 0xb9, 0x54, 0xf2, 0x22
.byte 0x30, 0x0a, 0x71, 0x12, 0x91, 0x12, 0x91, 0x12, 0x71, 0x12, 0x70, 0x1a, 0x0f, 0x0a, 0x0e, 0x0a
.byte 0x32, 0x2b, 0xfa, 0x54, 0x1e, 0x76, 0x1e, 0x76, 0xfd, 0x75, 0xfd, 0x6d, 0x1e, 0x76, 0x1e, 0x76
.byte 0x1d, 0x6e, 0xfd, 0x75, 0xfd, 0x75, 0xfd, 0x75, 0xfd, 0x75, 0xfd, 0x75, 0x1e, 0x7e, 0xbc, 0x75
.byte 0xb8, 0x54, 0xb5, 0x3b, 0xd2, 0x22, 0x50, 0x12, 0x2f, 0x0a, 0x30, 0x12, 0x71, 0x12, 0x71, 0x12
.byte 0x91, 0x1a, 0x50, 0x12, 0xee, 0x09, 0xf4, 0x63, 0x7e, 0xe7, 0xbe, 0xf7, 0xff, 0xff, 0xff, 0xff
.byte 0xff, 0xff, 0xff, 0xff, 0xff, 0xff, 0xdf, 0xff, 0x1a, 0xae, 0x51, 0x43, 0xee, 0x11, 0xad, 0x01
.byte 0x0f, 0x0a, 0x50, 0x12, 0x70, 0x12, 0x70, 0x12, 0x50, 0x12, 0x2f, 0x0a, 0x2f, 0x0a, 0x70, 0x12
.byte 0x94, 0x33, 0xdc, 0x75, 0x3e, 0x7e, 0x1e, 0x7e, 0x1d, 0x76, 0x1d, 0x76, 0x1d, 0x76, 0x1d, 0x76
.byte 0x1e, 0x76, 0xfd, 0x75, 0x1e, 0x76, 0xdd, 0x6d, 0x36, 0x44, 0x6f, 0x1a, 0x0e, 0x12, 0x50, 0x1a
.byte 0x70, 0x12, 0x50, 0x12, 0x30, 0x0a, 0x0f, 0x0a, 0x50, 0x12, 0x70, 0x12, 0x50, 0x12, 0x2f, 0x12
.byte 0xee, 0x09, 0xb0, 0x22, 0x98, 0x4c, 0x1e, 0x76, 0x3e, 0x7e, 0x1e, 0x7e, 0x1e, 0x7e, 0x1e, 0x7e
.byte 0x5e, 0x86, 0x5e, 0x86, 0x5e, 0x86, 0x3e, 0x7e, 0x1e, 0x7e, 0x1e, 0x76, 0x3e, 0x76, 0x3e, 0x7e
.byte 0x1a, 0x5d, 0x32, 0x2b, 0x0f, 0x0a, 0x2f, 0x12, 0x70, 0x12, 0x71, 0x12, 0x71, 0x12, 0x30, 0x0a
.byte 0x30, 0x0a, 0x71, 0x12, 0x70, 0x12, 0x50, 0x12, 0x0e, 0x12, 0x2f, 0x12, 0x74, 0x33, 0x7b, 0x65
.byte 0x3e, 0x76, 0xfe, 0x75, 0x1e, 0x76, 0x1e, 0x76, 0x1e, 0x76, 0x1e, 0x76, 0xfe, 0x75, 0xfd, 0x75
.byte 0x1d, 0x76, 0x3e, 0x7e, 0x56, 0x4c, 0xb1, 0x1a, 0x50, 0x12, 0x50, 0x12, 0x71, 0x12, 0x71, 0x1a
.byte 0x71, 0x1a, 0x70, 0x1a, 0x30, 0x12, 0xce, 0x09, 0x0e, 0x12, 0xf0, 0x32, 0x78, 0x95, 0xff, 0xf7
.byte 0xff, 0xff, 0xff, 0xff, 0xff, 0xff, 0xff, 0xff, 0xff, 0xff, 0xff, 0xff, 0xff, 0xff, 0xff, 0xff
.byte 0xff, 0xff, 0xdf, 0xf7, 0x5a, 0xbe, 0xb5, 0x7c, 0x92, 0x4b, 0x4f, 0x1a, 0x4f, 0x12, 0x70, 0x12
.byte 0x71, 0x12, 0x70, 0x12, 0x70, 0x12, 0x70, 0x12, 0x2f, 0x02, 0x5b, 0x65, 0x5e, 0x86, 0x1e, 0x7e
.byte 0x1d, 0x76, 0x1d, 0x76, 0x1d, 0x76, 0x1d, 0x76, 0x1d, 0x76, 0x1e, 0x76, 0xbc, 0x6d, 0x12, 0x23
.byte 0xee, 0x09, 0x2f, 0x12, 0x50, 0x12, 0x70, 0x12, 0x0f, 0x0a, 0xee, 0x11, 0xd3, 0x5b, 0x37, 0x8d
.byte 0xf0, 0x32, 0xee, 0x09, 0x2f, 0x12, 0x50, 0x1a, 0x50, 0x1a, 0x2f, 0x12, 0x2f, 0x0a, 0x33, 0x2b
.byte 0x1a, 0x65, 0x5e, 0x86, 0x5e, 0x86, 0x1d, 0x7e, 0x1e, 0x7e, 0x1d, 0x7e, 0x1d, 0x7e, 0x1d, 0x7e
.byte 0x3e, 0x7e, 0x7f, 0x86, 0x7b, 0x6d, 0x94, 0x33, 0x50, 0x12, 0x2f, 0x12, 0x50, 0x1a, 0x4f, 0x12
.byte 0x50, 0x12, 0xef, 0x01, 0x2f, 0x12, 0x75, 0x6c, 0x35, 0x6c, 0x0f, 0x12, 0xef, 0x09, 0x70, 0x12
.byte 0x70, 0x1a, 0x4f, 0x1a, 0xee, 0x09, 0x4f, 0x12, 0xfa, 0x5c, 0x1e, 0x7e, 0xfe, 0x75, 0xfd, 0x75
.byte 0xfe, 0x75, 0xfe, 0x75, 0x1e, 0x76, 0x1e, 0x76, 0x3e, 0x76, 0x1d, 0x7e, 0xf2, 0x22, 0x51, 0x12
.byte 0xb2, 0x1a, 0x91, 0x1a, 0x91, 0x1a, 0x70, 0x1a, 0x70, 0x1a, 0x90, 0x22, 0x72, 0x4b, 0x95, 0x7c
.byte 0x5a, 0xbe, 0xbe, 0xef, 0xff, 0xff, 0xff, 0xff, 0xff, 0xff, 0xff, 0xff, 0xff, 0xff, 0xff, 0xff
.byte 0xff, 0xff, 0xff, 0xff, 0xff, 0xff, 0xff, 0xff, 0xff, 0xff, 0xff, 0xff, 0xff, 0xff, 0xff, 0xff
.byte 0x9b, 0xc6, 0xb0, 0x22, 0x50, 0x12, 0x70, 0x12, 0x71, 0x12, 0x71, 0x12, 0x70, 0x12, 0x2f, 0x0a
.byte 0xb5, 0x33, 0x1d, 0x7e, 0x3d, 0x7e, 0x3e, 0x76, 0x3e, 0x76, 0x1e, 0x76, 0x1e, 0x76, 0x1e, 0x76
.byte 0xfd, 0x75, 0x5e, 0x7e, 0x57, 0x4c, 0x0f, 0x0a, 0x70, 0x12, 0x70, 0x12, 0x2f, 0x12, 0xad, 0x01
.byte 0x30, 0x43, 0xb8, 0xa5, 0x5d, 0xe7, 0x9d, 0xef, 0xdc, 0xce, 0x54, 0x74, 0x2e, 0x22, 0xee, 0x09
.byte 0x70, 0x12, 0x71, 0x1a, 0x71, 0x12, 0x30, 0x0a, 0x50, 0x12, 0xb4, 0x3b, 0x9b, 0x6d, 0x5e, 0x86
.byte 0x1e, 0x7e, 0x1e, 0x7e, 0x1e, 0x7e, 0x3e, 0x86, 0x1d, 0x7e, 0x36, 0x44, 0x91, 0x12, 0x0f, 0x0a
.byte 0x50, 0x12, 0x71, 0x12, 0x70, 0x12, 0xee, 0x09, 0xed, 0x09, 0x72, 0x4b, 0x3a, 0xb6, 0xbe, 0xef
.byte 0x9d, 0xef, 0x3a, 0xb6, 0x92, 0x53, 0x0e, 0x12, 0x0f, 0x12, 0x70, 0x1a, 0x50, 0x12, 0x2f, 0x12
.byte 0xf2, 0x22, 0x1d, 0x76, 0x1e, 0x76, 0x1e, 0x76, 0x1d, 0x76, 0x1d, 0x76, 0x1e, 0x76, 0x1d, 0x76
.byte 0x3d, 0x7e, 0x5e, 0x86, 0xd9, 0x5c, 0x91, 0x12, 0x71, 0x12, 0x91, 0x12, 0x91, 0x12, 0x71, 0x12
.byte 0x71, 0x12, 0x70, 0x1a, 0xd6, 0x7c, 0xff, 0xff, 0xff, 0xff, 0xff, 0xff, 0xff, 0xff, 0xff, 0xff
.byte 0xff, 0xff, 0xff, 0xff, 0xff, 0xff, 0xff, 0xff, 0xff, 0xff, 0xff, 0xff, 0xff, 0xff, 0xff, 0xff
.byte 0xff, 0xff, 0xff, 0xff, 0xff, 0xff, 0xfc, 0xd6, 0x4f, 0x1a, 0x50, 0x12, 0x70, 0x12, 0x70, 0x12
.byte 0x50, 0x12, 0x2f, 0x0a, 0xf2, 0x1a, 0xb9, 0x4c, 0x3e, 0x76, 0x3e, 0x76, 0x1e, 0x76, 0x1e, 0x76
.byte 0x1e, 0x76, 0x1e, 0x76, 0x1e, 0x76, 0x1e, 0x76, 0xfd, 0x75, 0x3e, 0x7e, 0xb5, 0x33, 0x2f, 0x12
.byte 0x70, 0x12, 0x50, 0x12, 0x6f, 0x22, 0x57, 0x95, 0x7e, 0xe7, 0x1b, 0xe7, 0xbe, 0xf7, 0xff, 0xff
.byte 0xff, 0xff, 0xbe, 0xf7, 0x5b, 0xbe, 0xf3, 0x5b, 0x2e, 0x12, 0x0f, 0x0a, 0x51, 0x12, 0x71, 0x12
.byte 0x92, 0x1a, 0x71, 0x12, 0x91, 0x12, 0x3a, 0x65, 0x7e, 0x86, 0x3e, 0x86, 0x5e, 0x86, 0xfc, 0x7d
.byte 0x12, 0x23, 0x51, 0x12, 0xb2, 0x1a, 0x71, 0x12, 0x30, 0x0a, 0x0f, 0x0a, 0xad, 0x01, 0x31, 0x43
.byte 0x5a, 0xb6, 0xbe, 0xef, 0x1b, 0xdf, 0xff, 0xff, 0xff, 0xff, 0xff, 0xff, 0x3c, 0xe7, 0x98, 0xa5
.byte 0xf0, 0x3a, 0x2f, 0x12, 0x70, 0x12, 0x70, 0x12, 0xb1, 0x12, 0xbc, 0x6d, 0x3e, 0x76, 0x1d, 0x76
.byte 0x1d, 0x76, 0x1d, 0x76, 0x1d, 0x76, 0x1e, 0x76, 0x1e, 0x76, 0x1d, 0x7e, 0x5e, 0x86, 0x9b, 0x6d
.byte 0x94, 0x33, 0x50, 0x0a, 0x30, 0x0a, 0x71, 0x12, 0x71, 0x12, 0x50, 0x12, 0xee, 0x09, 0x11, 0x43
.byte 0xfc, 0xd6, 0xff, 0xff, 0xff, 0xff, 0xff, 0xff, 0xff, 0xff, 0xff, 0xff, 0xff, 0xff, 0xff, 0xff
.byte 0xff, 0xff, 0xff, 0xff, 0xff, 0xff, 0xff, 0xff, 0xff, 0xff, 0xff, 0xff, 0xed, 0x11, 0x0f, 0x0a
.byte 0x71, 0x12, 0x91, 0x12, 0x70, 0x12, 0x2f, 0x0a, 0xd1, 0x1a, 0x77, 0x44, 0xfd, 0x6d, 0x5e, 0x7e
.byte 0x1e, 0x76, 0xfd, 0x75, 0x1d, 0x76, 0x3e, 0x76, 0x1e, 0x76, 0xfe, 0x75, 0x1d, 0x76, 0x1e, 0x76
.byte 0x1d, 0x76, 0x1d, 0x76, 0x32, 0x2b, 0x50, 0x12, 0x71, 0x1a, 0x0f, 0x0a, 0xb8, 0x9d, 0xff, 0xff
.byte 0x9d, 0xf7, 0xff, 0xff, 0xff, 0xff, 0xff, 0xff, 0xff, 0xff, 0xff, 0xff, 0xff, 0xff, 0x9e, 0xef
.byte 0x3a, 0xb6, 0xd3, 0x53, 0x2f, 0x12, 0x51, 0x12, 0xb2, 0x1a, 0xb2, 0x1a, 0x51, 0x12, 0x98, 0x4c
.byte 0x7e, 0x86, 0x3d, 0x7e, 0x7f, 0x8e, 0x7b, 0x6d, 0x50, 0x12, 0xb2, 0x12, 0xd2, 0x12, 0x91, 0x12
.byte 0xef, 0x09, 0xd0, 0x32, 0x98, 0x9d, 0xff, 0xf7, 0xff, 0xff, 0xff, 0xff, 0xff, 0xff, 0xff, 0xff
.byte 0xff, 0xff, 0xff, 0xff, 0xff, 0xff, 0xff, 0xff, 0x7b, 0xbe, 0x4f, 0x1a, 0x70, 0x12, 0x91, 0x12
.byte 0x91, 0x12, 0x5b, 0x65, 0x3e, 0x7e, 0x1d, 0x76, 0x1d, 0x76, 0x1d, 0x76, 0x1d, 0x76, 0x3e, 0x7e
.byte 0x1e, 0x76, 0x1d, 0x76, 0x1d, 0x76, 0x3e, 0x7e, 0x3e, 0x7e, 0xf9, 0x5c, 0x12, 0x2b, 0x0f, 0x0a
.byte 0x2f, 0x12, 0x70, 0x12, 0x71, 0x12, 0x10, 0x0a, 0xce, 0x09, 0xb2, 0x5b, 0xdf, 0xff, 0xff, 0xff
.byte 0xff, 0xff, 0xff, 0xff, 0xff, 0xff, 0xff, 0xff, 0xff, 0xff, 0xff, 0xff, 0xff, 0xff, 0xff, 0xff
.byte 0xff, 0xff, 0xad, 0x01, 0x50, 0x12, 0x70, 0x12, 0x70, 0x12, 0x2f, 0x0a, 0x91, 0x12, 0x37, 0x44
.byte 0xdd, 0x6d, 0x5f, 0x7e, 0x1e, 0x76, 0x1e, 0x76, 0xfe, 0x75, 0x3e, 0x7e, 0xfd, 0x75, 0x3a, 0x5d
.byte 0xbc, 0x6d, 0x3e, 0x76, 0xfe, 0x75, 0x1e, 0x76, 0x1d, 0x76, 0xbc, 0x6d, 0x90, 0x1a, 0x70, 0x1a
.byte 0x91, 0x12, 0x4f, 0x1a, 0xbb, 0xc6, 0xff, 0xff, 0xff, 0xff, 0xff, 0xff, 0xff, 0xff, 0xff, 0xff
.byte 0xff, 0xff, 0xff, 0xff, 0xff, 0xff, 0xff, 0xff, 0xff, 0xff, 0x9e, 0xef, 0x3a, 0xb6, 0x11, 0x33
.byte 0x91, 0x1a, 0xb2, 0x1a, 0x71, 0x12, 0x98, 0x4c, 0x5e, 0x86, 0x3d, 0x7e, 0x7f, 0x86, 0x7b, 0x65
.byte 0x70, 0x12, 0x91, 0x12, 0x91, 0x12, 0x70, 0x1a, 0x37, 0x8d, 0xdf, 0xef, 0xff, 0xff, 0xff, 0xff
.byte 0xff, 0xff, 0xff, 0xff, 0xff, 0xff, 0xff, 0xff, 0xff, 0xff, 0xff, 0xff, 0xff, 0xff, 0xff, 0xff
.byte 0xff, 0xff, 0xf1, 0x32, 0x50, 0x12, 0x91, 0x1a, 0x71, 0x12, 0xb9, 0x54, 0x5e, 0x86, 0x1e, 0x76
.byte 0x1d, 0x76, 0x1e, 0x76, 0xfd, 0x75, 0x1a, 0x5d, 0x9c, 0x6d, 0x3e, 0x7e, 0x1d, 0x76, 0x1e, 0x76
.byte 0x1e, 0x76, 0x3e, 0x76, 0x1d, 0x76, 0xd8, 0x54, 0xf1, 0x22, 0x0f, 0x0a, 0x50, 0x12, 0x70, 0x12
.byte 0x71, 0x1a, 0xae, 0x01, 0x92, 0x53, 0xff, 0xff, 0xff, 0xff, 0xff, 0xff, 0xff, 0xff, 0xff, 0xff
.byte 0xff, 0xff, 0xff, 0xff, 0xff, 0xff, 0xff, 0xff, 0x90, 0x2a, 0x51, 0x12, 0x70, 0x12, 0x71, 0x12
.byte 0x70, 0x12, 0xf5, 0x3b, 0x9c, 0x6d, 0x5e, 0x7e, 0x1e, 0x76, 0xfd, 0x75, 0xfd, 0x75, 0x3e, 0x76
.byte 0x1d, 0x76, 0xd9, 0x54, 0x12, 0x23, 0x2f, 0x0a, 0xd2, 0x1a, 0x9b, 0x65, 0x1e, 0x76, 0xfe, 0x75
.byte 0x3e, 0x7e, 0x1a, 0x5d, 0x50, 0x12, 0x91, 0x1a, 0x92, 0x12, 0xd1, 0x2a, 0x7e, 0xe7, 0xff, 0xff
.byte 0xff, 0xff, 0xff, 0xff, 0xff, 0xff, 0xff, 0xff, 0xff, 0xff, 0xff, 0xff, 0xff, 0xff, 0xff, 0xff
.byte 0xff, 0xff, 0xff, 0xff, 0xff, 0xff, 0x14, 0x64, 0x30, 0x12, 0x91, 0x1a, 0x50, 0x12, 0x98, 0x4c
.byte 0x3e, 0x7e, 0x1d, 0x76, 0x5e, 0x7e, 0x5b, 0x65, 0x2f, 0x0a, 0x50, 0x12, 0x50, 0x0a, 0xd0, 0x2a
.byte 0xbe, 0xef, 0xff, 0xff, 0xff, 0xff, 0xff, 0xff, 0xff, 0xff, 0xff, 0xff, 0xff, 0xff, 0xff, 0xff
.byte 0xff, 0xff, 0xff, 0xff, 0xff, 0xff, 0xff, 0xff, 0xff, 0xff, 0x93, 0x4b, 0x30, 0x12, 0x91, 0x1a
.byte 0x71, 0x12, 0x16, 0x44, 0x5e, 0x86, 0x1e, 0x76, 0x1e, 0x76, 0xfd, 0x75, 0x74, 0x2b, 0x2f, 0x0a
.byte 0x91, 0x1a, 0x36, 0x44, 0xdd, 0x75, 0x5e, 0x7e, 0x1e, 0x76, 0x1d, 0x76, 0x1d, 0x76, 0x5e, 0x7e
.byte 0xdd, 0x75, 0x77, 0x54, 0xb0, 0x1a, 0x4f, 0x12, 0x70, 0x12, 0x50, 0x12, 0xad, 0x01, 0xd8, 0xa5
.byte 0xff, 0xff, 0xff, 0xff, 0xff, 0xff, 0xff, 0xff, 0xff, 0xff, 0xff, 0xff, 0xff, 0xff, 0xbf, 0xf7
.byte 0x0f, 0x0a, 0xb2, 0x1a, 0x92, 0x1a, 0x91, 0x12, 0xb8, 0x54, 0x7f, 0x86, 0x3e, 0x7e, 0xfd, 0x75
.byte 0xfd, 0x75, 0x3e, 0x7e, 0x3e, 0x7e, 0x3a, 0x65, 0x73, 0x2b, 0x2f, 0x12, 0x2f, 0x12, 0x50, 0x12
.byte 0x2f, 0x0a, 0xf9, 0x54, 0x5e, 0x7e, 0x1e, 0x76, 0x5e, 0x7e, 0x77, 0x4c, 0x2f, 0x0a, 0x91, 0x12
.byte 0x71, 0x12, 0x72, 0x43, 0xff, 0xff, 0xff, 0xff, 0xff, 0xff, 0xff, 0xff, 0xff, 0xff, 0xff, 0xff
.byte 0xff, 0xff, 0xff, 0xff, 0xff, 0xff, 0xff, 0xff, 0xff, 0xff, 0xff, 0xff, 0xff, 0xff, 0xf3, 0x5b
.byte 0x0f, 0x0a, 0x70, 0x1a, 0x0f, 0x0a, 0x57, 0x44, 0x3e, 0x76, 0xfd, 0x6d, 0x3e, 0x76, 0x19, 0x5d
.byte 0xee, 0x09, 0x0e, 0x12, 0x0f, 0x12, 0x8f, 0x2a, 0x7d, 0xdf, 0xff, 0xff, 0xff, 0xff, 0xff, 0xff
.byte 0xff, 0xff, 0xff, 0xff, 0xff, 0xff, 0xff, 0xff, 0xff, 0xff, 0xff, 0xff, 0xff, 0xff, 0xff, 0xff
.byte 0xff, 0xff, 0x75, 0x6c, 0x2f, 0x0a, 0xb1, 0x1a, 0x71, 0x12, 0x94, 0x33, 0x3e, 0x7e, 0xfd, 0x75
.byte 0x1e, 0x76, 0xbc, 0x6d, 0x70, 0x12, 0x2f, 0x12, 0x2f, 0x12, 0xee, 0x09, 0xb0, 0x1a, 0x98, 0x4c
.byte 0xfe, 0x75, 0x3e, 0x7e, 0x1d, 0x76, 0xfd, 0x75, 0x1e, 0x76, 0x3e, 0x7e, 0x7b, 0x6d, 0xb1, 0x1a
.byte 0x2f, 0x12, 0x4f, 0x12, 0xce, 0x01, 0x34, 0x6c, 0xff, 0xff, 0xff, 0xff, 0xff, 0xff, 0xff, 0xff
.byte 0xff, 0xff, 0xff, 0xff, 0xff, 0xff, 0xf9, 0xad, 0x0f, 0x0a, 0x91, 0x1a, 0x71, 0x12, 0x13, 0x23
.byte 0x1e, 0x7e, 0x3e, 0x7e, 0x1e, 0x76, 0x1e, 0x76, 0x3e, 0x7e, 0x7b, 0x6d, 0xb4, 0x3b, 0x4f, 0x12
.byte 0x2f, 0x12, 0x50, 0x12, 0x50, 0x12, 0x50, 0x12, 0x70, 0x12, 0x9c, 0x65, 0x3e, 0x7e, 0x1e, 0x76
.byte 0x5e, 0x7e, 0xd5, 0x3b, 0x0f, 0x0a, 0x91, 0x12, 0x50, 0x0a, 0x14, 0x64, 0xff, 0xff, 0xff, 0xff
.byte 0xff, 0xff, 0xff, 0xff, 0xff, 0xff, 0xff, 0xff, 0xff, 0xff, 0xff, 0xff, 0xff, 0xff, 0xff, 0xff
.byte 0xff, 0xff, 0xff, 0xff, 0xff, 0xff, 0x92, 0x53, 0xee, 0x09, 0x4f, 0x1a, 0x0e, 0x0a, 0x37, 0x3c
.byte 0x1e, 0x6e, 0xdd, 0x6d, 0x1e, 0x76, 0xf9, 0x5c, 0xed, 0x09, 0x0e, 0x12, 0x0f, 0x0a, 0x6f, 0x22
.byte 0xfc, 0xd6, 0xff, 0xff, 0xff, 0xff, 0xff, 0xff, 0xff, 0xff, 0xff, 0xff, 0xff, 0xff, 0xff, 0xff
.byte 0xff, 0xff, 0xff, 0xff, 0xff, 0xff, 0xff, 0xff, 0xff, 0xff, 0x5a, 0xbe, 0xef, 0x09, 0x91, 0x1a
.byte 0x71, 0x12, 0xf2, 0x22, 0xfd, 0x75, 0x1e, 0x76, 0x1e, 0x76, 0x1e, 0x7e, 0x33, 0x23, 0x0f, 0x0a
.byte 0x50, 0x12, 0x50, 0x1a, 0x2f, 0x12, 0x0f, 0x0a, 0x12, 0x23, 0xfa, 0x5c, 0x3e, 0x7e, 0x3e, 0x7e
.byte 0xfd, 0x75, 0xfd, 0x6d, 0x3e, 0x76, 0xd5, 0x3b, 0xee, 0x09, 0x2f, 0x12, 0xee, 0x09, 0x71, 0x53
.byte 0xbe, 0xf7, 0xff, 0xff, 0xff, 0xff, 0xff, 0xff, 0xff, 0xff, 0xff, 0xff, 0xff, 0xff, 0x9b, 0xce
.byte 0xee, 0x09, 0x70, 0x12, 0x70, 0x12, 0xd1, 0x1a, 0xbc, 0x75, 0x5e, 0x86, 0x5e, 0x86, 0xfc, 0x75
.byte 0x16, 0x44, 0x70, 0x1a, 0x2f, 0x0a, 0x50, 0x12, 0x50, 0x12, 0x70, 0x12, 0x70, 0x12, 0x2f, 0x0a
.byte 0xd2, 0x1a, 0xfd, 0x75, 0xfe, 0x75, 0x1e, 0x76, 0x3e, 0x7e, 0x33, 0x2b, 0x0f, 0x0a, 0x71, 0x12
.byte 0x2f, 0x0a, 0xb6, 0x7c, 0x9d, 0xf7, 0xff, 0xff, 0xff, 0xff, 0xff, 0xff, 0xff, 0xff, 0xff, 0xff
.byte 0xff, 0xff, 0xff, 0xff, 0xff, 0xff, 0xff, 0xff, 0xff, 0xff, 0xff, 0xff, 0xff, 0xff, 0xb2, 0x5b
.byte 0xce, 0x09, 0x2f, 0x12, 0xee, 0x09, 0x37, 0x3c, 0x1e, 0x6e, 0xdd, 0x6d, 0x1e, 0x76, 0xf9, 0x54
.byte 0xed, 0x09, 0x2f, 0x12, 0x2f, 0x12, 0xb0, 0x2a, 0xbb, 0xce, 0xff, 0xff, 0xff, 0xff, 0xff, 0xff
.byte 0xff, 0xff, 0xff, 0xff, 0xff, 0xff, 0xff, 0xff, 0xff, 0xff, 0xff, 0xff, 0xff, 0xff, 0xff, 0xff
.byte 0xff, 0xff, 0xdf, 0xff, 0x0e, 0x12, 0x91, 0x12, 0x71, 0x1a, 0x70, 0x12, 0x7c, 0x65, 0x3e, 0x76
.byte 0x1e, 0x76, 0x5e, 0x7e, 0xb5, 0x33, 0x0f, 0x0a, 0x70, 0x12, 0x70, 0x12, 0x50, 0x12, 0x50, 0x12
.byte 0x2f, 0x12, 0x30, 0x12, 0x74, 0x33, 0x5b, 0x65, 0x1e, 0x76, 0x1e, 0x76, 0xdd, 0x75, 0x12, 0x2b
.byte 0x0f, 0x12, 0x2f, 0x12, 0x0f, 0x0a, 0x51, 0x4b, 0x3c, 0xdf, 0xff, 0xff, 0xff, 0xff, 0xff, 0xff
.byte 0xff, 0xff, 0xff, 0xff, 0xff, 0xff, 0x9e, 0xef, 0x0e, 0x0a, 0x71, 0x1a, 0x70, 0x1a, 0x70, 0x12
.byte 0x12, 0x2b, 0x77, 0x54, 0x56, 0x4c, 0xf2, 0x22, 0x50, 0x12, 0x70, 0x12, 0x71, 0x12, 0x70, 0x12
.byte 0x70, 0x12, 0x71, 0x12, 0x91, 0x12, 0x2f, 0x0a, 0x74, 0x2b, 0x3e, 0x7e, 0xfe, 0x75, 0x1e, 0x76
.byte 0xfd, 0x75, 0xb1, 0x1a, 0x0f, 0x0a, 0x50, 0x12, 0x0f, 0x12, 0x98, 0x9d, 0x7c, 0xef, 0xff, 0xff
.byte 0xff, 0xff, 0xff, 0xff, 0xff, 0xff, 0xff, 0xff, 0xff, 0xff, 0xff, 0xff, 0xff, 0xff, 0xff, 0xff
.byte 0xff, 0xff, 0xff, 0xff, 0xff, 0xff, 0x51, 0x43, 0x0f, 0x0a, 0x4f, 0x1a, 0x0e, 0x0a, 0x37, 0x3c
.byte 0x1e, 0x76, 0xdd, 0x6d, 0x3e, 0x76, 0x19, 0x5d, 0x0e, 0x0a, 0x30, 0x12, 0x50, 0x12, 0x90, 0x22
.byte 0x7b, 0xbe, 0xff, 0xff, 0xff, 0xff, 0xff, 0xff, 0xff, 0xff, 0xff, 0xff, 0xff, 0xff, 0xff, 0xff
.byte 0xff, 0xff, 0xff, 0xff, 0xff, 0xff, 0xff, 0xff, 0xff, 0xff, 0xff, 0xff, 0x6f, 0x22, 0x50, 0x12
.byte 0x71, 0x1a, 0x2f, 0x0a, 0xfa, 0x5c, 0x5e, 0x7e, 0x1e, 0x76, 0x5f, 0x7e, 0x57, 0x44, 0x0f, 0x0a
.byte 0x70, 0x12, 0x91, 0x12, 0x71, 0x12, 0x70, 0x12, 0x70, 0x1a, 0x71, 0x1a, 0x2f, 0x12, 0x70, 0x1a
.byte 0xb5, 0x33, 0x77, 0x4c, 0x73, 0x33, 0x50, 0x12, 0x70, 0x1a, 0x71, 0x12, 0xee, 0x01, 0x14, 0x64
.byte 0x7d, 0xef, 0xff, 0xff, 0xff, 0xff, 0xff, 0xff, 0xff, 0xff, 0xff, 0xff, 0xff, 0xff, 0xff, 0xff
.byte 0x72, 0x43, 0x0f, 0x0a, 0x70, 0x12, 0x50, 0x12, 0x50, 0x12, 0x30, 0x12, 0x50, 0x12, 0x50, 0x12
.byte 0x71, 0x1a, 0x71, 0x1a, 0x50, 0x12, 0x0f, 0x12, 0x70, 0x1a, 0x70, 0x12, 0x90, 0x12, 0x30, 0x0a
.byte 0x16, 0x3c, 0x5f, 0x7e, 0xfd, 0x75, 0x3e, 0x76, 0x5b, 0x65, 0x50, 0x12, 0x2f, 0x12, 0x50, 0x12
.byte 0x4f, 0x1a, 0x7b, 0xbe, 0x5c, 0xef, 0xff, 0xff, 0xff, 0xff, 0xff, 0xff, 0xff, 0xff, 0xff, 0xff
.byte 0xff, 0xff, 0xff, 0xff, 0xff, 0xff, 0xff, 0xff, 0xff, 0xff, 0xff, 0xff, 0x1d, 0xdf, 0x0e, 0x0a
.byte 0x50, 0x12, 0x70, 0x1a, 0x0f, 0x0a, 0x37, 0x3c, 0x3e, 0x7e, 0xfd, 0x75, 0x5e, 0x7e, 0x3a, 0x5d
.byte 0x0f, 0x0a, 0x50, 0x1a, 0x51, 0x1a, 0x30, 0x12, 0x12, 0x3b, 0x7c, 0xbe, 0xff, 0xff, 0xff, 0xff
.byte 0xff, 0xff, 0xff, 0xff, 0xff, 0xff, 0xff, 0xff, 0xff, 0xff, 0xff, 0xff, 0xff, 0xff, 0xff, 0xff
.byte 0xff, 0xff, 0xff, 0xff, 0x11, 0x3b, 0x30, 0x0a, 0x70, 0x1a, 0xee, 0x09, 0x57, 0x4c, 0x5f, 0x7e
.byte 0x1e, 0x76, 0x5e, 0x7e, 0xf9, 0x5c, 0x0f, 0x0a, 0x70, 0x12, 0x71, 0x12, 0x91, 0x1a, 0x50, 0x12
.byte 0x50, 0x0a, 0x71, 0x12, 0x70, 0x1a, 0x50, 0x1a, 0x50, 0x12, 0x50, 0x12, 0x50, 0x12, 0x91, 0x1a
.byte 0x91, 0x1a, 0x51, 0x12, 0x2f, 0x1a, 0x1a, 0xb6, 0x5c, 0xef, 0xff, 0xff, 0xff, 0xff, 0xff, 0xff
.byte 0xff, 0xff, 0xff, 0xff, 0xff, 0xff, 0xff, 0xff, 0xbc, 0xce, 0x6f, 0x2a, 0xee, 0x09, 0x50, 0x12
.byte 0x50, 0x12, 0x70, 0x12, 0x70, 0x12, 0x50, 0x12, 0x30, 0x12, 0xee, 0x09, 0xaf, 0x32, 0x17, 0x8d
.byte 0xb0, 0x2a, 0x50, 0x12, 0x70, 0x1a, 0x2f, 0x0a, 0xb9, 0x54, 0x5e, 0x7e, 0x1e, 0x76, 0x5f, 0x7e
.byte 0xd9, 0x54, 0x2f, 0x0a, 0x2f, 0x12, 0x0f, 0x12, 0xb0, 0x2a, 0x1d, 0xd7, 0x7d, 0xef, 0xff, 0xff
.byte 0xff, 0xff, 0xff, 0xff, 0xff, 0xff, 0xff, 0xff, 0xff, 0xff, 0xff, 0xff, 0xff, 0xff, 0xff, 0xff
.byte 0xff, 0xff, 0x3d, 0xdf, 0x0f, 0x0a, 0x50, 0x12, 0x70, 0x12, 0x71, 0x12, 0x70, 0x12, 0x3a, 0x5d
.byte 0x3e, 0x7e, 0x1e, 0x7e, 0x5e, 0x7e, 0xfd, 0x7d, 0xf2, 0x22, 0x30, 0x12, 0x51, 0x1a, 0x71, 0x1a
.byte 0x50, 0x12, 0x90, 0x2a, 0xb9, 0xa5, 0xff, 0xff, 0xff, 0xff, 0xff, 0xff, 0xff, 0xff, 0xff, 0xff
.byte 0xff, 0xff, 0xff, 0xff, 0xff, 0xff, 0xff, 0xff, 0xff, 0xff, 0xff, 0xff, 0xd3, 0x5b, 0xef, 0x09
.byte 0x70, 0x12, 0xee, 0x09, 0xb5, 0x3b, 0x5e, 0x7e, 0x1e, 0x76, 0x3e, 0x7e, 0x7b, 0x65, 0x50, 0x12
.byte 0x70, 0x12, 0x71, 0x1a, 0x50, 0x12, 0xb6, 0x6c, 0x72, 0x43, 0xed, 0x09, 0xef, 0x01, 0x30, 0x0a
.byte 0x71, 0x12, 0x71, 0x12, 0x91, 0x1a, 0x92, 0x1a, 0x51, 0x12, 0x2e, 0x12, 0x37, 0x8d, 0x7d, 0xef
.byte 0x3c, 0xe7, 0xff, 0xff, 0xff, 0xff, 0xff, 0xff, 0xff, 0xff, 0xff, 0xff, 0xff, 0xff, 0xff, 0xff
.byte 0xff, 0xff, 0x7b, 0xbe, 0x92, 0x53, 0x0e, 0x12, 0xad, 0x01, 0xcd, 0x01, 0xad, 0x01, 0xed, 0x09
.byte 0xaf, 0x2a, 0xb5, 0x7c, 0x7d, 0xe7, 0xfc, 0xd6, 0x2e, 0x1a, 0x70, 0x1a, 0x70, 0x1a, 0x50, 0x12
.byte 0x3b, 0x65, 0x3e, 0x7e, 0xfd, 0x75, 0x5f, 0x7e, 0x37, 0x44, 0x2f, 0x0a, 0x30, 0x12, 0xef, 0x09
.byte 0x51, 0x43, 0x7d, 0xe7, 0x9d, 0xf7, 0xff, 0xff, 0xff, 0xff, 0xff, 0xff, 0xff, 0xff, 0xff, 0xff
.byte 0xff, 0xff, 0xff, 0xff, 0xff, 0xff, 0xff, 0xff, 0xf6, 0x84, 0x50, 0x12, 0x91, 0x1a, 0x70, 0x12
.byte 0x50, 0x0a, 0xb1, 0x1a, 0x3a, 0x65, 0x5e, 0x86, 0x1d, 0x76, 0x1d, 0x7e, 0x3d, 0x7e, 0x5e, 0x86
.byte 0xdc, 0x75, 0x13, 0x23, 0x30, 0x12, 0x71, 0x1a, 0x71, 0x1a, 0x71, 0x1a, 0x2f, 0x1a, 0xd7, 0x7c
.byte 0xbf, 0xf7, 0xff, 0xff, 0xff, 0xff, 0xff, 0xff, 0xff, 0xff, 0xff, 0xff, 0xff, 0xff, 0xff, 0xff
.byte 0xff, 0xff, 0xff, 0xff, 0x36, 0x8d, 0xce, 0x01, 0x50, 0x12, 0x0f, 0x0a, 0x12, 0x23, 0x3e, 0x7e
.byte 0x1e, 0x76, 0x3e, 0x76, 0xdd, 0x75, 0xb1, 0x1a, 0x50, 0x12, 0x71, 0x1a, 0xee, 0x09, 0x98, 0x9d
.byte 0xdf, 0xff, 0x98, 0x9d, 0x31, 0x43, 0xcd, 0x09, 0x8d, 0x01, 0xad, 0x01, 0xcd, 0x01, 0x0f, 0x12
.byte 0x72, 0x4b, 0xf9, 0xad, 0x5d, 0xe7, 0x1c, 0xe7, 0xff, 0xff, 0xff, 0xff, 0xff, 0xff, 0xff, 0xff
.byte 0xff, 0xff, 0xff, 0xff, 0xff, 0xff, 0xff, 0xff, 0xff, 0xff, 0xff, 0xff, 0x3d, 0xe7, 0x19, 0xb6
.byte 0xb5, 0x84, 0x33, 0x74, 0x53, 0x74, 0x97, 0x9d, 0xfc, 0xd6, 0xff, 0xff, 0xff, 0xff, 0x5d, 0xe7
.byte 0xee, 0x11, 0x70, 0x1a, 0x50, 0x1a, 0xb1, 0x1a, 0xdd, 0x75, 0x1e, 0x7e, 0x1d, 0x76, 0x5e, 0x86
.byte 0x74, 0x33, 0x50, 0x12, 0x50, 0x12, 0xee, 0x01, 0x14, 0x64, 0xbe, 0xf7, 0x9d, 0xf7, 0xff, 0xff
.byte 0xff, 0xff, 0xff, 0xff, 0xff, 0xff, 0xff, 0xff, 0xff, 0xff, 0xff, 0xff, 0xff, 0xff, 0x8f, 0x22
.byte 0x30, 0x12, 0x91, 0x1a, 0x91, 0x1a, 0x50, 0x0a, 0xf2, 0x22, 0xbb, 0x75, 0x7e, 0x8e, 0x1e, 0x7e
.byte 0x1e, 0x7e, 0x1d, 0x7e, 0x1d, 0x7e, 0x1d, 0x7e, 0x5e, 0x86, 0x1d, 0x86, 0x94, 0x33, 0x30, 0x0a
.byte 0x71, 0x1a, 0x71, 0x1a, 0x51, 0x12, 0x30, 0x12, 0xb4, 0x53, 0x1d, 0xd7, 0xff, 0xff, 0xff, 0xff
.byte 0xff, 0xff, 0xff, 0xff, 0xff, 0xff, 0xff, 0xff, 0xff, 0xff, 0xff, 0xff, 0xdc, 0xce, 0xce, 0x09
.byte 0x50, 0x12, 0x2f, 0x0a, 0x90, 0x1a, 0xdc, 0x75, 0x3e, 0x7e, 0x1e, 0x76, 0x3e, 0x7e, 0x53, 0x2b
.byte 0x2f, 0x12, 0x70, 0x12, 0xef, 0x09, 0x54, 0x6c, 0xff, 0xff, 0xff, 0xff, 0xdf, 0xf7, 0x7a, 0xbe
.byte 0x16, 0x8d, 0xb4, 0x84, 0x15, 0x8d, 0x19, 0xb6, 0x7d, 0xef, 0x7d, 0xef, 0x5d, 0xef, 0xff, 0xff
.byte 0xff, 0xff, 0xff, 0xff, 0xff, 0xff, 0xff, 0xff, 0xff, 0xff, 0xff, 0xff, 0xff, 0xff, 0xff, 0xff
.byte 0xff, 0xff, 0xff, 0xff, 0xff, 0xff, 0xdf, 0xff, 0x7d, 0xef, 0x5c, 0xef, 0x5c, 0xef, 0x3c, 0xef
.byte 0x7d, 0xf7, 0xff, 0xff, 0xff, 0xff, 0x1c, 0xdf, 0xee, 0x09, 0x71, 0x1a, 0x51, 0x1a, 0x33, 0x2b
.byte 0x5e, 0x86, 0x3e, 0x7e, 0x1e, 0x7e, 0x1d, 0x7e, 0xf2, 0x22, 0x70, 0x12, 0x71, 0x12, 0xee, 0x09
.byte 0x17, 0x85, 0xde, 0xff, 0xbe, 0xf7, 0xff, 0xff, 0xff, 0xff, 0xff, 0xff, 0xff, 0xff, 0xff, 0xff
.byte 0xff, 0xff, 0xff, 0xff, 0xad, 0x09, 0x0f, 0x0a, 0x50, 0x12, 0x50, 0x12, 0x2f, 0x0a, 0x74, 0x33
.byte 0x1d, 0x7e, 0x5e, 0x86, 0x1d, 0x7e, 0x1e, 0x7e, 0x1d, 0x7e, 0x1e, 0x7e, 0x1d, 0x7e, 0x1e, 0x7e
.byte 0x1d, 0x7e, 0x5e, 0x86, 0x3e, 0x86, 0x16, 0x44, 0x2f, 0x12, 0x2f, 0x12, 0x30, 0x12, 0x50, 0x1a
.byte 0xef, 0x09, 0x11, 0x3b, 0x7e, 0xe7, 0xff, 0xff, 0xff, 0xff, 0xff, 0xff, 0xff, 0xff, 0xff, 0xff
.byte 0xff, 0xff, 0xff, 0xff, 0xff, 0xff, 0x2f, 0x12, 0x71, 0x12, 0x50, 0x12, 0x50, 0x12, 0x7b, 0x65
.byte 0x5e, 0x7e, 0x1e, 0x76, 0x5e, 0x7e, 0xf6, 0x43, 0x0f, 0x0a, 0x70, 0x12, 0x0f, 0x0a, 0xd3, 0x5b
.byte 0xff, 0xff, 0xff, 0xff, 0xff, 0xff, 0xff, 0xff, 0xff, 0xff, 0xff, 0xff, 0xff, 0xff, 0xbe, 0xf7
.byte 0x1c, 0xe7, 0x9e, 0xf7, 0xff, 0xff, 0xff, 0xff, 0xff, 0xff, 0xff, 0xff, 0xff, 0xff, 0xff, 0xff
.byte 0xff, 0xff, 0xff, 0xff, 0xff, 0xff, 0xff, 0xff, 0xff, 0xff, 0xff, 0xff, 0xff, 0xff, 0xff, 0xff
.byte 0xff, 0xff, 0xff, 0xff, 0xff, 0xff, 0xff, 0xff, 0xff, 0xff, 0xff, 0xff, 0xff, 0xff, 0x57, 0x95
.byte 0x0f, 0x0a, 0xb2, 0x1a, 0x91, 0x1a, 0x33, 0x2b, 0x3e, 0x7e, 0x5e, 0x7e, 0x7f, 0x86, 0xdc, 0x75
.byte 0x91, 0x1a, 0x71, 0x1a, 0x70, 0x12, 0x0e, 0x0a, 0xd9, 0xa5, 0xde, 0xff, 0xdf, 0xff, 0xff, 0xff
.byte 0xff, 0xff, 0xff, 0xff, 0xff, 0xff, 0xff, 0xff, 0x9e, 0xef, 0xac, 0x09, 0x2f, 0x12, 0x2f, 0x12
.byte 0x30, 0x12, 0xee, 0x09, 0xb4, 0x33, 0x1d, 0x7e, 0x3e, 0x7e, 0x1d, 0x7e, 0x1d, 0x76, 0x1d, 0x76
.byte 0x1d, 0x7e, 0x1d, 0x7e, 0x1d, 0x76, 0x1e, 0x76, 0xfd, 0x75, 0x1d, 0x76, 0x1d, 0x76, 0x5e, 0x86
.byte 0x98, 0x54, 0x2f, 0x0a, 0x2f, 0x12, 0x50, 0x1a, 0x50, 0x12, 0xef, 0x09, 0xb0, 0x2a, 0xfc, 0xd6
.byte 0xff, 0xff, 0xff, 0xff, 0xff, 0xff, 0xff, 0xff, 0xff, 0xff, 0xff, 0xff, 0xff, 0xff, 0x90, 0x22
.byte 0x71, 0x12, 0x50, 0x12, 0x0f, 0x0a, 0xd9, 0x5c, 0x9f, 0x86, 0x3e, 0x76, 0x7f, 0x86, 0xd5, 0x3b
.byte 0x2f, 0x12, 0x50, 0x12, 0xef, 0x09, 0xb2, 0x53, 0xff, 0xff, 0xff, 0xff, 0xff, 0xff, 0xff, 0xff
.byte 0xff, 0xff, 0xff, 0xff, 0xff, 0xff, 0xff, 0xff, 0xff, 0xff, 0xff, 0xff, 0xff, 0xff, 0xff, 0xff
.byte 0xff, 0xff, 0xff, 0xff, 0xff, 0xff, 0xff, 0xff, 0xff, 0xff, 0xff, 0xff, 0xff, 0xff, 0xff, 0xff
.byte 0xff, 0xff, 0xff, 0xff, 0xff, 0xff, 0xff, 0xff, 0xff, 0xff, 0xff, 0xff, 0xff, 0xff, 0xff, 0xff
.byte 0xff, 0xff, 0xff, 0xff, 0xff, 0xff, 0xd9, 0xad, 0x0f, 0x12, 0xb2, 0x1a, 0x92, 0x1a, 0x71, 0x12
.byte 0xd5, 0x3b, 0x9b, 0x6d, 0x9c, 0x6d, 0x94, 0x3b, 0x50, 0x12, 0x91, 0x1a, 0x70, 0x12, 0x4e, 0x1a
.byte 0xbc, 0xc6, 0x9e, 0xf7, 0xff, 0xff, 0xff, 0xff, 0xff, 0xff, 0xff, 0xff, 0xff, 0xff, 0x37, 0x95
.byte 0xad, 0x01, 0x2f, 0x12, 0x4f, 0x12, 0x0f, 0x12, 0x0e, 0x0a, 0x16, 0x44, 0x1d, 0x7e, 0x1e, 0x7e
.byte 0xfd, 0x75, 0xfd, 0x75, 0x1e, 0x76, 0x1d, 0x76, 0x1e, 0x76, 0xfe, 0x75, 0xfe, 0x75, 0xfe, 0x75
.byte 0xfe, 0x75, 0x1e, 0x76, 0x1e, 0x76, 0x1e, 0x76, 0x5e, 0x7e, 0x19, 0x5d, 0x90, 0x1a, 0x0f, 0x0a
.byte 0x50, 0x12, 0x70, 0x1a, 0x30, 0x12, 0x0e, 0x1a, 0x78, 0x95, 0xff, 0xff, 0xff, 0xff, 0xff, 0xff
.byte 0xff, 0xff, 0xff, 0xff, 0xff, 0xff, 0x11, 0x3b, 0x50, 0x12, 0x50, 0x12, 0x50, 0x12, 0xf2, 0x22
.byte 0x5b, 0x65, 0xdc, 0x6d, 0x57, 0x44, 0x50, 0x12, 0x50, 0x12, 0x70, 0x1a, 0x0f, 0x0a, 0xf3, 0x63
.byte 0xde, 0xf7, 0xff, 0xff, 0xff, 0xff, 0xff, 0xff, 0xff, 0xff, 0xff, 0xff, 0xff, 0xff, 0xff, 0xff
.byte 0xff, 0xff, 0xff, 0xff, 0xff, 0xff, 0xff, 0xff, 0xff, 0xff, 0xff, 0xff, 0xff, 0xff, 0xff, 0xff
.byte 0xff, 0xff, 0xff, 0xff, 0xff, 0xff, 0xff, 0xff, 0xff, 0xff, 0xff, 0xff, 0xff, 0xff, 0xff, 0xff
.byte 0xff, 0xff, 0xff, 0xff, 0xff, 0xff, 0xff, 0xff, 0xff, 0xff, 0xff, 0xff, 0xff, 0xff, 0x9e, 0xef
.byte 0x32, 0x3b, 0x51, 0x1a, 0x91, 0x1a, 0x71, 0x1a, 0x30, 0x12, 0x70, 0x1a, 0x70, 0x1a, 0x30, 0x12
.byte 0x71, 0x1a, 0x71, 0x1a, 0xee, 0x09, 0x91, 0x4b, 0x9e, 0xef, 0x9d, 0xf7, 0xff, 0xff, 0xff, 0xff
.byte 0xff, 0xff, 0xbb, 0xce, 0x6e, 0x2a, 0xce, 0x01, 0x0f, 0x12, 0x2f, 0x12, 0x0e, 0x0a, 0x2f, 0x12
.byte 0x98, 0x54, 0x3e, 0x76, 0xfd, 0x75, 0xfd, 0x75, 0xfd, 0x75, 0x3e, 0x7e, 0x3e, 0x76, 0xfd, 0x75
.byte 0xfd, 0x75, 0xfd, 0x75, 0xfd, 0x75, 0xfd, 0x75, 0x3e, 0x7e, 0x5e, 0x7e, 0x1d, 0x76, 0xfd, 0x75
.byte 0xfd, 0x75, 0x5e, 0x7e, 0x9c, 0x6d, 0xd1, 0x22, 0xee, 0x09, 0x4f, 0x12, 0x70, 0x1a, 0x50, 0x12
.byte 0xee, 0x11, 0x54, 0x74, 0x7e, 0xef, 0xff, 0xff, 0xff, 0xff, 0xff, 0xff, 0xff, 0xff, 0xd6, 0x84
.byte 0xee, 0x09, 0x71, 0x12, 0x70, 0x1a, 0x50, 0x12, 0x50, 0x12, 0x90, 0x1a, 0x2f, 0x0a, 0x50, 0x12
.byte 0x50, 0x12, 0x50, 0x12, 0x0e, 0x12, 0xf9, 0xa5, 0x3b, 0xe7, 0xff, 0xff, 0xff, 0xff, 0xff, 0xff
.byte 0xff, 0xff, 0xff, 0xff, 0xff, 0xff, 0xff, 0xff, 0xff, 0xff, 0xff, 0xff, 0xff, 0xff, 0xff, 0xff
.byte 0xff, 0xff, 0xff, 0xff, 0xff, 0xff, 0xff, 0xff, 0xff, 0xff, 0xff, 0xff, 0xff, 0xff, 0xff, 0xff
.byte 0xff, 0xff, 0xff, 0xff, 0xff, 0xff, 0xff, 0xff, 0xff, 0xff, 0xff, 0xff, 0xff, 0xff, 0xff, 0xff
.byte 0xff, 0xff, 0xff, 0xff, 0xff, 0xff, 0xff, 0xff, 0xda, 0xa5, 0x0e, 0x12, 0x2f, 0x12, 0x70, 0x1a
.byte 0x70, 0x1a, 0x50, 0x1a, 0x50, 0x12, 0x50, 0x12, 0x50, 0x12, 0xcd, 0x01, 0x4e, 0x22, 0xbb, 0xc6
.byte 0x9d, 0xef, 0xdf, 0xff, 0xff, 0xff, 0xff, 0xff, 0x77, 0x95, 0x0e, 0x12, 0x50, 0x12, 0x71, 0x1a
.byte 0x50, 0x12, 0xee, 0x01, 0xb1, 0x1a, 0x5b, 0x65, 0x5e, 0x7e, 0xdd, 0x6d, 0xdd, 0x6d, 0x1e, 0x76
.byte 0xdd, 0x75, 0x37, 0x44, 0x98, 0x4c, 0xfd, 0x6d, 0xfd, 0x6d, 0xdd, 0x6d, 0xfe, 0x6d, 0x1e, 0x76
.byte 0xd9, 0x54, 0xf5, 0x3b, 0x9c, 0x6d, 0x5e, 0x7e, 0x1d, 0x76, 0x1d, 0x6e, 0x3e, 0x7e, 0xfc, 0x75
.byte 0x94, 0x33, 0x0e, 0x0a, 0x50, 0x12, 0x70, 0x1a, 0x91, 0x1a, 0x0e, 0x0a, 0xb3, 0x53, 0xfd, 0xd6
.byte 0xff, 0xff, 0xff, 0xff, 0xff, 0xff, 0xdf, 0xff, 0xf0, 0x3a, 0xee, 0x09, 0x50, 0x12, 0x50, 0x12
.byte 0x50, 0x12, 0x50, 0x12, 0x51, 0x12, 0x51, 0x12, 0x50, 0x12, 0xcd, 0x01, 0xb5, 0x74, 0x7e, 0xe7
.byte 0x9e, 0xf7, 0xff, 0xff, 0xff, 0xff, 0xff, 0xff, 0xff, 0xff, 0xff, 0xff, 0xff, 0xff, 0xff, 0xff
.byte 0xff, 0xff, 0xff, 0xff, 0xff, 0xff, 0xff, 0xff, 0xff, 0xff, 0xff, 0xff, 0xff, 0xff, 0xff, 0xff
.byte 0xff, 0xff, 0xff, 0xff, 0xff, 0xff, 0xff, 0xff, 0xff, 0xff, 0xff, 0xff, 0xff, 0xff, 0xff, 0xff
.byte 0xff, 0xff, 0xff, 0xff, 0xff, 0xff, 0xff, 0xff, 0xff, 0xff, 0xff, 0xff, 0xff, 0xff, 0xff, 0xff
.byte 0xff, 0xff, 0x99, 0x9d, 0x8f, 0x2a, 0xee, 0x09, 0x0f, 0x12, 0x2f, 0x12, 0x0f, 0x0a, 0xee, 0x09
.byte 0xac, 0x01, 0xf0, 0x32, 0x9b, 0xbe, 0xbe, 0xef, 0x7d, 0xef, 0xff, 0xff, 0xff, 0xff, 0xd9, 0xa5
.byte 0x0e, 0x12, 0x91, 0x12, 0xb2, 0x1a, 0x92, 0x1a, 0x50, 0x0a, 0x53, 0x2b, 0xbc, 0x6d, 0x5e, 0x7e
.byte 0x1d, 0x76, 0xfd, 0x6d, 0xfd, 0x6d, 0x5a, 0x65, 0xf1, 0x22, 0xce, 0x09, 0xee, 0x09, 0x98, 0x44
.byte 0xfe, 0x6d, 0xdd, 0x6d, 0x1e, 0x76, 0x5b, 0x65, 0x4f, 0x0a, 0x0f, 0x0a, 0xb1, 0x1a, 0x19, 0x5d
.byte 0x3e, 0x7e, 0xfd, 0x75, 0x1e, 0x76, 0x1d, 0x76, 0x3e, 0x7e, 0x57, 0x4c, 0x4f, 0x12, 0x50, 0x12
.byte 0x70, 0x12, 0x91, 0x1a, 0x10, 0x0a, 0x72, 0x4b, 0x3d, 0xdf, 0xff, 0xff, 0xff, 0xff, 0xff, 0xff
.byte 0x3d, 0xdf, 0x71, 0x53, 0xed, 0x09, 0xee, 0x01, 0x2f, 0x0a, 0x30, 0x0a, 0x30, 0x0a, 0x0f, 0x0a
.byte 0x2e, 0x1a, 0xd6, 0x7c, 0x9f, 0xef, 0x1c, 0xe7, 0xff, 0xff, 0xff, 0xff, 0xff, 0xff, 0xff, 0xff
.byte 0xff, 0xff, 0xff, 0xff, 0xff, 0xff, 0xff, 0xff, 0xff, 0xff, 0xff, 0xff, 0xff, 0xff, 0xff, 0xff
.byte 0xff, 0xff, 0xff, 0xff, 0xff, 0xff, 0xff, 0xff, 0xff, 0xff, 0xff, 0xff, 0xff, 0xff, 0xff, 0xff
.byte 0xff, 0xff, 0xff, 0xff, 0xff, 0xff, 0xff, 0xff, 0xff, 0xff, 0xff, 0xff, 0xff, 0xff, 0xff, 0xff
.byte 0xff, 0xff, 0xff, 0xff, 0xff, 0xff, 0xff, 0xff, 0xff, 0xff, 0xbe, 0xf7, 0xdc, 0xce, 0xd6, 0x7c
.byte 0x91, 0x4b, 0xef, 0x32, 0xee, 0x32, 0x71, 0x4b, 0x16, 0x85, 0x3d, 0xdf, 0x9d, 0xef, 0x5c, 0xef
.byte 0xff, 0xff, 0xff, 0xff, 0xdf, 0xff, 0xb0, 0x2a, 0x92, 0x12, 0x91, 0x12, 0x91, 0x12, 0x70, 0x0a
.byte 0x16, 0x44, 0x5d, 0x86, 0x5e, 0x86, 0x1d, 0x76, 0xfd, 0x75, 0x3e, 0x7e, 0x19, 0x5d, 0x6f, 0x1a
.byte 0xee, 0x11, 0x2f, 0x12, 0xce, 0x09, 0x16, 0x3c, 0x1e, 0x76, 0xdd, 0x6d, 0x5e, 0x7e, 0xfa, 0x5c
.byte 0x0f, 0x0a, 0x50, 0x12, 0x50, 0x12, 0x4f, 0x12, 0x57, 0x4c, 0x3e, 0x7e, 0x1e, 0x76, 0x1e, 0x76
.byte 0x1e, 0x76, 0x5e, 0x7e, 0xf9, 0x5c, 0xb1, 0x1a, 0x90, 0x12, 0x90, 0x1a, 0x91, 0x12, 0xee, 0x09
.byte 0x57, 0x8d, 0xbe, 0xf7, 0xff, 0xff, 0xff, 0xff, 0xff, 0xff, 0xff, 0xff, 0x19, 0xa6, 0xb2, 0x53
.byte 0xcf, 0x32, 0xaf, 0x32, 0x50, 0x43, 0xb5, 0x7c, 0xbb, 0xce, 0xdf, 0xf7, 0x3c, 0xe7, 0xff, 0xff
.byte 0xff, 0xff, 0xff, 0xff, 0xff, 0xff, 0xff, 0xff, 0xff, 0xff, 0xff, 0xff, 0xff, 0xff, 0xff, 0xff
.byte 0xff, 0xff, 0xff, 0xff, 0xff, 0xff, 0xff, 0xff, 0xff, 0xff, 0xff, 0xff, 0xff, 0xff, 0xff, 0xff
.byte 0xff, 0xff, 0xff, 0xff, 0xff, 0xff, 0xff, 0xff, 0xff, 0xff, 0xff, 0xff, 0xff, 0xff, 0xff, 0xff
.byte 0xff, 0xff, 0xff, 0xff, 0xff, 0xff, 0xff, 0xff, 0xff, 0xff, 0xff, 0xff, 0xff, 0xff, 0xff, 0xff
.byte 0xff, 0xff, 0xff, 0xff, 0xff, 0xff, 0x9e, 0xef, 0x3c, 0xdf, 0xdb, 0xce, 0xdb, 0xd6, 0x7d, 0xef
.byte 0x9d, 0xef, 0x5c, 0xef, 0xff, 0xff, 0xff, 0xff, 0xff, 0xff, 0xff, 0xff, 0x98, 0x9d, 0x2f, 0x12
.byte 0xb2, 0x1a, 0x91, 0x12, 0x70, 0x12, 0x56, 0x4c, 0x9e, 0x8e, 0x5e, 0x86, 0x3e, 0x7e, 0x3e, 0x7e
.byte 0x5e, 0x86, 0xd8, 0x54, 0x50, 0x12, 0x4f, 0x12, 0x50, 0x1a, 0x50, 0x12, 0x0f, 0x0a, 0x37, 0x44
.byte 0x1e, 0x7e, 0xfd, 0x75, 0x5f, 0x7e, 0x1a, 0x5d, 0x0f, 0x0a, 0x50, 0x12, 0x70, 0x1a, 0x50, 0x1a
.byte 0x0f, 0x12, 0xb4, 0x3b, 0xfd, 0x75, 0x3e, 0x7e, 0x1e, 0x76, 0x1d, 0x76, 0x5e, 0x7e, 0x7a, 0x6d
.byte 0xb1, 0x1a, 0x70, 0x12, 0x70, 0x12, 0x0f, 0x0a, 0xb3, 0x53, 0x5d, 0xe7, 0xff, 0xff, 0xff, 0xff
.byte 0xff, 0xff, 0xff, 0xff, 0xff, 0xff, 0xff, 0xff, 0xbe, 0xef, 0x9e, 0xef, 0xff, 0xff, 0xff, 0xff
.byte 0xff, 0xff, 0xff, 0xff, 0xff, 0xff, 0xff, 0xff, 0xff, 0xff, 0xff, 0xff, 0xff, 0xff, 0xff, 0xff
.byte 0xff, 0xff, 0xff, 0xff, 0xff, 0xff, 0xff, 0xff, 0xff, 0xff, 0xff, 0xff, 0xff, 0xff, 0xff, 0xff
.byte 0xff, 0xff, 0xff, 0xff, 0xff, 0xff, 0xff, 0xff, 0xff, 0xff, 0xff, 0xff, 0xff, 0xff, 0xff, 0xff
.byte 0xff, 0xff, 0xff, 0xff, 0xff, 0xff, 0xff, 0xff, 0xff, 0xff, 0xff, 0xff, 0xff, 0xff, 0xff, 0xff
.byte 0xff, 0xff, 0xff, 0xff, 0xff, 0xff, 0xff, 0xff, 0xff, 0xff, 0xff, 0xff, 0xff, 0xff, 0xff, 0xff
.byte 0xff, 0xff, 0xff, 0xff, 0xff, 0xff, 0xff, 0xff, 0xff, 0xff, 0xff, 0xff, 0xff, 0xff, 0xff, 0xff
.byte 0xff, 0xff, 0xff, 0xff, 0x94, 0x74, 0x50, 0x12, 0x91, 0x1a, 0x50, 0x12, 0x32, 0x2b, 0x5e, 0x86
.byte 0x3e, 0x7e, 0x1e, 0x7e, 0x3e, 0x7e, 0x3d, 0x86, 0x57, 0x4c, 0x50, 0x12, 0x50, 0x12, 0x70, 0x1a
.byte 0x70, 0x1a, 0x70, 0x12, 0x0f, 0x0a, 0x57, 0x44, 0x3e, 0x7e, 0xfd, 0x75, 0x5f, 0x7e, 0x1a, 0x5d
.byte 0x0f, 0x0a, 0x50, 0x12, 0x71, 0x1a, 0x71, 0x1a, 0x70, 0x1a, 0x0f, 0x12, 0x32, 0x2b, 0xdc, 0x75
.byte 0x5e, 0x7e, 0x1e, 0x76, 0x1d, 0x76, 0x7e, 0x86, 0x15, 0x44, 0x4f, 0x12, 0x91, 0x1a, 0x50, 0x12
.byte 0x11, 0x3b, 0x3d, 0xdf, 0xde, 0xff, 0xff, 0xff, 0xff, 0xff, 0xff, 0xff, 0xff, 0xff, 0xff, 0xff
.byte 0xff, 0xff, 0xff, 0xff, 0xff, 0xff, 0xff, 0xff, 0xff, 0xff, 0xff, 0xff, 0xff, 0xff, 0xff, 0xff
.byte 0xff, 0xff, 0xff, 0xff, 0xff, 0xff, 0xff, 0xff, 0xff, 0xff, 0xff, 0xff, 0xff, 0xff, 0xff, 0xff
.byte 0xff, 0xff, 0xff, 0xff, 0xff, 0xff, 0xff, 0xff, 0xff, 0xff, 0xff, 0xff, 0xff, 0xff, 0xff, 0xff
.byte 0xff, 0xff, 0xff, 0xff, 0xff, 0xff, 0xff, 0xff, 0xff, 0xff, 0xff, 0xff, 0xff, 0xff, 0xff, 0xff
.byte 0xff, 0xff, 0xff, 0xff, 0xff, 0xff, 0xff, 0xff, 0xff, 0xff, 0xff, 0xff, 0xff, 0xff, 0xff, 0xff
.byte 0xff, 0xff, 0xff, 0xff, 0xff, 0xff, 0xff, 0xff, 0xff, 0xff, 0xff, 0xff, 0xff, 0xff, 0xff, 0xff
.byte 0xff, 0xff, 0xff, 0xff, 0xff, 0xff, 0xff, 0xff, 0xff, 0xff, 0xff, 0xff, 0xb5, 0x7c, 0x50, 0x12
.byte 0x71, 0x1a, 0x2f, 0x12, 0xf1, 0x22, 0x3d, 0x7e, 0x3e, 0x76, 0x3e, 0x7e, 0xdc, 0x75, 0x73, 0x33
.byte 0x0f, 0x0a, 0x70, 0x12, 0x71, 0x1a, 0x91, 0x12, 0x71, 0x1a, 0x70, 0x1a, 0x0f, 0x0a, 0x57, 0x44
.byte 0x3e, 0x76, 0xfd, 0x75, 0x5f, 0x7e, 0x1a, 0x5d, 0x0f, 0x0a, 0x50, 0x12, 0x71, 0x1a, 0x71, 0x1a
.byte 0x70, 0x1a, 0x70, 0x1a, 0x30, 0x12, 0xd1, 0x1a, 0x7a, 0x65, 0x5e, 0x7e, 0x3e, 0x76, 0x7e, 0x86
.byte 0xf5, 0x3b, 0x2f, 0x0a, 0x70, 0x1a, 0x50, 0x12, 0xf1, 0x32, 0x3d, 0xdf, 0xbe, 0xf7, 0xff, 0xff
.byte 0xff, 0xff, 0xff, 0xff, 0xff, 0xff, 0xff, 0xff, 0xff, 0xff, 0xff, 0xff, 0xff, 0xff, 0xff, 0xff
.byte 0xff, 0xff, 0xff, 0xff, 0xff, 0xff, 0xff, 0xff, 0xff, 0xff, 0xff, 0xff, 0xff, 0xff, 0xff, 0xff
.byte 0xff, 0xff, 0xff, 0xff, 0xff, 0xff, 0xff, 0xff, 0xff, 0xff, 0xff, 0xff, 0xff, 0xff, 0xff, 0xff
.byte 0xff, 0xff, 0xff, 0xff, 0xff, 0xff, 0xff, 0xff, 0xff, 0xff, 0xff, 0xff, 0xff, 0xff, 0xff, 0xff
.byte 0xff, 0xff, 0xff, 0xff, 0xff, 0xff, 0xff, 0xff, 0xff, 0xff, 0xff, 0xff, 0xff, 0xff, 0xff, 0xff
.byte 0xff, 0xff, 0xff, 0xff, 0xff, 0xff, 0xff, 0xff, 0xff, 0xff, 0xff, 0xff, 0xff, 0xff, 0xff, 0xff
.byte 0xff, 0xff, 0xff, 0xff, 0xff, 0xff, 0xff, 0xff, 0xff, 0xff, 0xff, 0xff, 0xff, 0xff, 0xff, 0xff
.byte 0xff, 0xff, 0xff, 0xff, 0x98, 0x9d, 0x2f, 0x12, 0x71, 0x1a, 0x50, 0x12, 0x2f, 0x12, 0xb4, 0x3b
.byte 0x7b, 0x65, 0xf9, 0x5c, 0xf1, 0x22, 0x2f, 0x12, 0x70, 0x12, 0x70, 0x12, 0x50, 0x12, 0x70, 0x12
.byte 0x70, 0x12, 0x70, 0x12, 0x0f, 0x0a, 0x37, 0x44, 0x3e, 0x76, 0xfd, 0x75, 0x5f, 0x7e, 0x3a, 0x5d
.byte 0x2f, 0x0a, 0x50, 0x12, 0x91, 0x1a, 0x90, 0x1a, 0x50, 0x12, 0x90, 0x1a, 0x91, 0x1a, 0x50, 0x12
.byte 0x90, 0x1a, 0xb7, 0x54, 0x9b, 0x6d, 0x97, 0x4c, 0x70, 0x12, 0x70, 0x12, 0x70, 0x12, 0xef, 0x09
.byte 0x72, 0x4b, 0x5d, 0xe7, 0xdf, 0xff, 0xff, 0xff, 0xff, 0xff, 0xff, 0xff, 0xff, 0xff, 0xff, 0xff
.byte 0xff, 0xff, 0xff, 0xff, 0xff, 0xff, 0xff, 0xff, 0xff, 0xff, 0xff, 0xff, 0xff, 0xff, 0xff, 0xff
.byte 0xff, 0xff, 0xff, 0xff, 0xff, 0xff, 0xff, 0xff, 0xff, 0xff, 0xff, 0xff, 0xff, 0xff, 0xff, 0xff
.byte 0xff, 0xff, 0xff, 0xff, 0xff, 0xff, 0xff, 0xff, 0xff, 0xff, 0xff, 0xff, 0xff, 0xff, 0xff, 0xff
.byte 0xff, 0xff, 0xff, 0xff, 0xff, 0xff, 0xff, 0xff, 0xff, 0xff, 0xff, 0xff, 0xff, 0xff, 0xff, 0xff
.byte 0xff, 0xff, 0xff, 0xff, 0xff, 0xff, 0xff, 0xff, 0xff, 0xff, 0xff, 0xff, 0xff, 0xff, 0xff, 0xff
.byte 0xff, 0xff, 0xff, 0xff, 0xff, 0xff, 0xff, 0xff, 0xff, 0xff, 0xff, 0xff, 0xff, 0xff, 0xff, 0xff
.byte 0xff, 0xff, 0xff, 0xff, 0xff, 0xff, 0xff, 0xff, 0xff, 0xff, 0xff, 0xff, 0x3d, 0xdf, 0xd0, 0x32
.byte 0x0f, 0x0a, 0x50, 0x1a, 0x4f, 0x12, 0x2f, 0x12, 0x4f, 0x1a, 0x2f, 0x12, 0x70, 0x1a, 0x91, 0x1a
.byte 0x91, 0x1a, 0x2f, 0x0a, 0xf1, 0x2a, 0x12, 0x33, 0x50, 0x12, 0x50, 0x12, 0x0e, 0x0a, 0x37, 0x44
.byte 0x3e, 0x76, 0xfd, 0x75, 0x7f, 0x7e, 0x1a, 0x5d, 0x2f, 0x0a, 0x50, 0x12, 0x90, 0x12, 0xb0, 0x22
.byte 0x52, 0x3b, 0x4f, 0x12, 0x91, 0x1a, 0x91, 0x1a, 0x70, 0x12, 0x4f, 0x12, 0x90, 0x12, 0x50, 0x12
.byte 0x70, 0x12, 0x70, 0x12, 0x50, 0x12, 0xcd, 0x01, 0x98, 0x9d, 0x9d, 0xef, 0xff, 0xff, 0xff, 0xff
.byte 0xff, 0xff, 0xff, 0xff, 0xff, 0xff, 0xff, 0xff, 0xff, 0xff, 0xff, 0xff, 0xff, 0xff, 0xff, 0xff
.byte 0xff, 0xff, 0xff, 0xff, 0xff, 0xff, 0xff, 0xff, 0xff, 0xff, 0xff, 0xff, 0xff, 0xff, 0xff, 0xff
.byte 0xff, 0xff, 0xff, 0xff, 0xff, 0xff, 0xff, 0xff, 0xff, 0xff, 0xff, 0xff, 0xff, 0xff, 0xff, 0xff
.byte 0xff, 0xff, 0xff, 0xff, 0xff, 0xff, 0xff, 0xff, 0xff, 0xff, 0xff, 0xff, 0xff, 0xff, 0xff, 0xff
.byte 0xff, 0xff, 0xff, 0xff, 0xff, 0xff, 0xff, 0xff, 0xff, 0xff, 0xff, 0xff, 0xff, 0xff, 0xff, 0xff
.byte 0xff, 0xff, 0xff, 0xff, 0xff, 0xff, 0xff, 0xff, 0xff, 0xff, 0xff, 0xff, 0xff, 0xff, 0xff, 0xff
.byte 0xff, 0xff, 0xff, 0xff, 0xff, 0xff, 0xff, 0xff, 0xff, 0xff, 0xff, 0xff, 0xff, 0xff, 0xff, 0xff
.byte 0xff, 0xff, 0xff, 0xff, 0xff, 0xff, 0xb9, 0xa5, 0xcc, 0x09, 0x0f, 0x0a, 0x30, 0x12, 0x50, 0x12
.byte 0x50, 0x12, 0x70, 0x12, 0x50, 0x12, 0x50, 0x12, 0xee, 0x01, 0xf0, 0x32, 0xdd, 0xbe, 0xd3, 0x53
.byte 0x2f, 0x0a, 0x70, 0x12, 0x0f, 0x0a, 0x57, 0x44, 0x5e, 0x7e, 0x1d, 0x76, 0x7f, 0x86, 0x1a, 0x5d
.byte 0x2f, 0x0a, 0x4f, 0x12, 0x50, 0x12, 0x8f, 0x22, 0xbc, 0xbe, 0x75, 0x6c, 0x0f, 0x0a, 0x50, 0x0a
.byte 0x70, 0x12, 0x50, 0x12, 0x50, 0x12, 0x70, 0x12, 0x50, 0x12, 0x30, 0x0a, 0xad, 0x01, 0x74, 0x74
.byte 0xff, 0xf7, 0xff, 0xff, 0xff, 0xff, 0xff, 0xff, 0xff, 0xff, 0xff, 0xff, 0xff, 0xff, 0xff, 0xff
.byte 0xff, 0xff, 0xff, 0xff, 0xff, 0xff, 0xff, 0xff, 0xff, 0xff, 0xff, 0xff, 0xff, 0xff, 0xff, 0xff
.byte 0xff, 0xff, 0xff, 0xff, 0xff, 0xff, 0xff, 0xff, 0xff, 0xff, 0xff, 0xff, 0xff, 0xff, 0xff, 0xff
.byte 0xff, 0xff, 0xff, 0xff, 0xff, 0xff, 0xff, 0xff, 0xff, 0xff, 0xff, 0xff, 0xff, 0xff, 0xff, 0xff
.byte 0xff, 0xff, 0xff, 0xff, 0xff, 0xff, 0xff, 0xff, 0xff, 0xff, 0xff, 0xff, 0xff, 0xff, 0xff, 0xff
.byte 0xff, 0xff, 0xff, 0xff, 0xff, 0xff, 0xff, 0xff, 0xff, 0xff, 0xff, 0xff, 0xff, 0xff, 0xff, 0xff
.byte 0xff, 0xff, 0xff, 0xff, 0xff, 0xff, 0xff, 0xff, 0xff, 0xff, 0xff, 0xff, 0xff, 0xff, 0xff, 0xff
.byte 0xff, 0xff, 0xff, 0xff, 0xff, 0xff, 0xff, 0xff, 0xff, 0xff, 0xff, 0xff, 0xff, 0xff, 0x9e, 0xef
.byte 0x58, 0x95, 0x6f, 0x22, 0xce, 0x01, 0xee, 0x01, 0x0f, 0x0a, 0x0e, 0x0a, 0xcd, 0x01, 0x0e, 0x0a
.byte 0x14, 0x5c, 0x9b, 0xce, 0x9e, 0xef, 0x93, 0x4b, 0x4f, 0x12, 0x91, 0x1a, 0x4f, 0x0a, 0x77, 0x4c
.byte 0x5e, 0x86, 0x1d, 0x7e, 0x9f, 0x86, 0x3a, 0x5d, 0x2f, 0x0a, 0x4f, 0x12, 0x50, 0x12, 0x6f, 0x1a
.byte 0x7b, 0xbe, 0x5d, 0xdf, 0x38, 0x8d, 0x90, 0x22, 0xce, 0x01, 0xee, 0x01, 0xee, 0x01, 0xee, 0x01
.byte 0xad, 0x01, 0x2e, 0x1a, 0x36, 0x8d, 0xff, 0xff, 0xff, 0xff, 0xff, 0xff, 0xff, 0xff, 0xff, 0xff
.byte 0xff, 0xff, 0xff, 0xff, 0xff, 0xff, 0xff, 0xff, 0xff, 0xff, 0xff, 0xff, 0xff, 0xff, 0xff, 0xff
.byte 0xff, 0xff, 0xff, 0xff, 0xff, 0xff, 0xff, 0xff, 0xff, 0xff, 0xff, 0xff, 0xff, 0xff, 0xff, 0xff
.byte 0xff, 0xff, 0xff, 0xff, 0xff, 0xff, 0xff, 0xff, 0xff, 0xff, 0xff, 0xff, 0xff, 0xff, 0xff, 0xff
.byte 0xff, 0xff, 0xff, 0xff, 0xff, 0xff, 0xff, 0xff, 0xff, 0xff, 0xff, 0xff, 0xff, 0xff, 0xff, 0xff
.byte 0xff, 0xff, 0xff, 0xff, 0xff, 0xff, 0xff, 0xff, 0xff, 0xff, 0xff, 0xff, 0xff, 0xff, 0xff, 0xff
.byte 0xff, 0xff, 0xff, 0xff, 0xff, 0xff, 0xff, 0xff, 0xff, 0xff, 0xff, 0xff, 0xff, 0xff, 0xff, 0xff
.byte 0xff, 0xff, 0xff, 0xff, 0xff, 0xff, 0xff, 0xff, 0xff, 0xff, 0xff, 0xff, 0xff, 0xff, 0xff, 0xff
.byte 0xff, 0xff, 0xff, 0xff, 0xff, 0xff, 0xff, 0xff, 0xdf, 0xf7, 0x9c, 0xbe, 0xf6, 0x7c, 0x71, 0x4b
.byte 0xcf, 0x32, 0xef, 0x3a, 0x13, 0x5c, 0xfa, 0xa5, 0x1d, 0xdf, 0xfb, 0xde, 0xff, 0xff, 0x92, 0x43
.byte 0x50, 0x12, 0xb1, 0x1a, 0x50, 0x0a, 0x77, 0x4c, 0x5e, 0x86, 0x3e, 0x7e, 0x9f, 0x8e, 0x5b, 0x65
.byte 0x50, 0x12, 0x50, 0x12, 0x50, 0x12, 0x6f, 0x1a, 0x7b, 0xbe, 0xbe, 0xf7, 0xbf, 0xf7, 0x7b, 0xc6
.byte 0xb6, 0x7c, 0x72, 0x4b, 0x31, 0x43, 0xb2, 0x53, 0xd6, 0x84, 0x1c, 0xd7, 0xff, 0xff, 0xff, 0xff
.byte 0xff, 0xff, 0xff, 0xff, 0xff, 0xff, 0xff, 0xff, 0xff, 0xff, 0xff, 0xff, 0xff, 0xff, 0xff, 0xff
.byte 0xff, 0xff, 0xff, 0xff, 0xff, 0xff, 0xff, 0xff, 0xff, 0xff, 0xff, 0xff, 0xff, 0xff, 0xff, 0xff
.byte 0xff, 0xff, 0xff, 0xff, 0xff, 0xff, 0xff, 0xff, 0xff, 0xff, 0xff, 0xff, 0xff, 0xff, 0xff, 0xff
.byte 0xff, 0xff, 0xff, 0xff, 0xff, 0xff, 0xff, 0xff, 0xff, 0xff, 0xff, 0xff, 0xff, 0xff, 0xff, 0xff
.byte 0xff, 0xff, 0xff, 0xff, 0xff, 0xff, 0xff, 0xff, 0xff, 0xff, 0xff, 0xff, 0xff, 0xff, 0xff, 0xff
.byte 0xff, 0xff, 0xff, 0xff, 0xff, 0xff, 0xff, 0xff, 0xff, 0xff, 0xff, 0xff, 0xff, 0xff, 0xff, 0xff
.byte 0xff, 0xff, 0xff, 0xff, 0xff, 0xff, 0xff, 0xff, 0xff, 0xff, 0xff, 0xff, 0xff, 0xff, 0xff, 0xff
.byte 0xff, 0xff, 0xff, 0xff, 0xff, 0xff, 0xff, 0xff, 0xff, 0xff, 0xff, 0xff, 0xff, 0xff, 0xff, 0xff
.byte 0xff, 0xff, 0xff, 0xff, 0x5e, 0xef, 0x3c, 0xe7, 0xfc, 0xd6, 0xfc, 0xd6, 0x3c, 0xe7, 0x3c, 0xe7
.byte 0xbe, 0xf7, 0xff, 0xff, 0xff, 0xff, 0x92, 0x43, 0x70, 0x0a, 0xb2, 0x1a, 0x91, 0x12, 0xf5, 0x43
.byte 0x9f, 0x8e, 0x5e, 0x7e, 0xdf, 0x96, 0xf9, 0x5c, 0x50, 0x12, 0x51, 0x12, 0x91, 0x12, 0xd1, 0x2a
.byte 0xdc, 0xce, 0xff, 0xff, 0xff, 0xff, 0xff, 0xff, 0x9e, 0xef, 0x3d, 0xdf, 0xdf, 0xf7, 0xff, 0xff
.byte 0xff, 0xff, 0xff, 0xff, 0xff, 0xff, 0xff, 0xff, 0xff, 0xff, 0xff, 0xff, 0xff, 0xff, 0xff, 0xff
.byte 0xff, 0xff, 0xff, 0xff, 0xff, 0xff, 0xff, 0xff, 0xff, 0xff, 0xff, 0xff, 0xff, 0xff, 0xff, 0xff
.byte 0xff, 0xff, 0xff, 0xff, 0xff, 0xff, 0xff, 0xff, 0xff, 0xff, 0xff, 0xff, 0xff, 0xff, 0xff, 0xff
.byte 0xff, 0xff, 0xff, 0xff, 0xff, 0xff, 0xff, 0xff, 0xff, 0xff, 0xff, 0xff, 0xff, 0xff, 0xff, 0xff
.byte 0xff, 0xff, 0xff, 0xff, 0xff, 0xff, 0xff, 0xff, 0xff, 0xff, 0xff, 0xff, 0xff, 0xff, 0xff, 0xff
.byte 0xff, 0xff, 0xff, 0xff, 0xff, 0xff, 0xff, 0xff, 0xff, 0xff, 0xff, 0xff, 0xff, 0xff, 0xff, 0xff
.byte 0xff, 0xff, 0xff, 0xff, 0xff, 0xff, 0xff, 0xff, 0xff, 0xff, 0xff, 0xff, 0xff, 0xff, 0xff, 0xff
.byte 0xff, 0xff, 0xff, 0xff, 0xff, 0xff, 0xff, 0xff, 0xff, 0xff, 0xff, 0xff, 0xff, 0xff, 0xff, 0xff
.byte 0xff, 0xff, 0xff, 0xff, 0xff, 0xff, 0xff, 0xff, 0xff, 0xff, 0xff, 0xff, 0xff, 0xff, 0xff, 0xff
.byte 0xff, 0xff, 0xff, 0xff, 0xff, 0xff, 0xff, 0xff, 0xff, 0xff, 0xff, 0xff, 0xff, 0xff, 0x54, 0x64
.byte 0x30, 0x0a, 0x91, 0x1a, 0xb1, 0x1a, 0x91, 0x12, 0x77, 0x4c, 0x9b, 0x6d, 0xd8, 0x5c, 0xd1, 0x22
.byte 0x71, 0x12, 0x71, 0x12, 0x71, 0x12, 0x92, 0x43, 0x5d, 0xe7, 0xbe, 0xf7, 0xff, 0xff, 0xff, 0xff
.byte 0xff, 0xff, 0xff, 0xff, 0xff, 0xff, 0xff, 0xff, 0xff, 0xff, 0xff, 0xff, 0xff, 0xff, 0xff, 0xff
.byte 0xff, 0xff, 0xff, 0xff, 0xff, 0xff, 0xff, 0xff, 0xff, 0xff, 0xff, 0xff, 0xff, 0xff, 0xff, 0xff
.byte 0xff, 0xff, 0xff, 0xff, 0xff, 0xff, 0xff, 0xff, 0xff, 0xff, 0xff, 0xff, 0xff, 0xff, 0xff, 0xff
.byte 0xff, 0xff, 0xff, 0xff, 0xff, 0xff, 0xff, 0xff, 0xff, 0xff, 0xff, 0xff, 0xff, 0xff, 0xff, 0xff
.byte 0xff, 0xff, 0xff, 0xff, 0xff, 0xff, 0xff, 0xff, 0xff, 0xff, 0xff, 0xff, 0xff, 0xff, 0xff, 0xff
.byte 0xff, 0xff, 0xff, 0xff, 0xff, 0xff, 0xff, 0xff, 0xff, 0xff, 0xff, 0xff, 0xff, 0xff, 0xff, 0xff
.byte 0xff, 0xff, 0xff, 0xff, 0xff, 0xff, 0xff, 0xff, 0xff, 0xff, 0xff, 0xff, 0xff, 0xff, 0xff, 0xff
.byte 0xff, 0xff, 0xff, 0xff, 0xff, 0xff, 0xff, 0xff, 0xff, 0xff, 0xff, 0xff, 0xff, 0xff, 0xff, 0xff
.byte 0xff, 0xff, 0xff, 0xff, 0xff, 0xff, 0xff, 0xff, 0xff, 0xff, 0xff, 0xff, 0xff, 0xff, 0xff, 0xff
.byte 0xff, 0xff, 0xff, 0xff, 0xff, 0xff, 0xff, 0xff, 0xff, 0xff, 0xff, 0xff, 0xff, 0xff, 0xff, 0xff
.byte 0xff, 0xff, 0xff, 0xff, 0xff, 0xff, 0x5a, 0xb6, 0x2e, 0x12, 0x70, 0x12, 0x70, 0x12, 0x70, 0x12
.byte 0x30, 0x12, 0x71, 0x1a, 0x50, 0x12, 0x71, 0x12, 0xb2, 0x1a, 0xb2, 0x12, 0x2f, 0x0a, 0x58, 0x8d
.byte 0xbe, 0xf7, 0x7d, 0xf7, 0xff, 0xff, 0xff, 0xff, 0xff, 0xff, 0xff, 0xff, 0xff, 0xff, 0xff, 0xff
.byte 0xff, 0xff, 0xff, 0xff, 0xff, 0xff, 0xff, 0xff, 0xff, 0xff, 0xff, 0xff, 0xff, 0xff, 0xff, 0xff
.byte 0xff, 0xff, 0xff, 0xff, 0xff, 0xff, 0xff, 0xff, 0xff, 0xff, 0xff, 0xff, 0xff, 0xff, 0xff, 0xff
.byte 0xff, 0xff, 0xff, 0xff, 0xff, 0xff, 0xff, 0xff, 0xff, 0xff, 0xff, 0xff, 0xff, 0xff, 0xff, 0xff
.byte 0xff, 0xff, 0xff, 0xff, 0xff, 0xff, 0xff, 0xff, 0xff, 0xff, 0xff, 0xff, 0xff, 0xff, 0xff, 0xff
.byte 0xff, 0xff, 0xff, 0xff, 0xff, 0xff, 0xff, 0xff, 0xff, 0xff, 0xff, 0xff, 0xff, 0xff, 0xff, 0xff
.byte 0xff, 0xff, 0xff, 0xff, 0xff, 0xff, 0xff, 0xff, 0xff, 0xff, 0xff, 0xff, 0xff, 0xff, 0xff, 0xff
.byte 0xff, 0xff, 0xff, 0xff, 0xff, 0xff, 0xff, 0xff, 0xff, 0xff, 0xff, 0xff, 0xff, 0xff, 0xff, 0xff
.byte 0xff, 0xff, 0xff, 0xff, 0xff, 0xff, 0xff, 0xff, 0xff, 0xff, 0xff, 0xff, 0xff, 0xff, 0xff, 0xff
.byte 0xff, 0xff, 0xff, 0xff, 0xff, 0xff, 0xff, 0xff, 0xff, 0xff, 0xff, 0xff, 0xff, 0xff, 0xff, 0xff
.byte 0xff, 0xff, 0xff, 0xff, 0xff, 0xff, 0xff, 0xff, 0xff, 0xff, 0xff, 0xff, 0xff, 0xff, 0xff, 0xff
.byte 0x74, 0x6c, 0xcd, 0x01, 0x50, 0x0a, 0x70, 0x12, 0x50, 0x12, 0x70, 0x12, 0x70, 0x12, 0x71, 0x12
.byte 0x71, 0x12, 0xef, 0x01, 0x92, 0x4b, 0x3d, 0xd7, 0x3c, 0xe7, 0xff, 0xff, 0xff, 0xff, 0xff, 0xff
.byte 0xff, 0xff, 0xff, 0xff, 0xff, 0xff, 0xff, 0xff, 0xff, 0xff, 0xff, 0xff, 0xff, 0xff, 0xff, 0xff
.byte 0xff, 0xff, 0xff, 0xff, 0xff, 0xff, 0xff, 0xff, 0xff, 0xff, 0xff, 0xff, 0xff, 0xff, 0xff, 0xff
.byte 0xff, 0xff, 0xff, 0xff, 0xff, 0xff, 0xff, 0xff, 0xff, 0xff, 0xff, 0xff, 0xff, 0xff, 0xff, 0xff
.byte 0xff, 0xff, 0xff, 0xff, 0xff, 0xff, 0xff, 0xff, 0xff, 0xff, 0xff, 0xff, 0xff, 0xff, 0xff, 0xff
.byte 0xff, 0xff, 0xff, 0xff, 0xff, 0xff, 0xff, 0xff, 0xff, 0xff, 0xff, 0xff, 0xff, 0xff, 0xff, 0xff
.byte 0xff, 0xff, 0xff, 0xff, 0xff, 0xff, 0xff, 0xff, 0xff, 0xff, 0xff, 0xff, 0xff, 0xff, 0xff, 0xff
.byte 0xff, 0xff, 0xff, 0xff, 0xff, 0xff, 0xff, 0xff, 0xff, 0xff, 0xff, 0xff, 0xff, 0xff, 0xff, 0xff
.byte 0xff, 0xff, 0xff, 0xff, 0xff, 0xff, 0xff, 0xff, 0xff, 0xff, 0xff, 0xff, 0xff, 0xff, 0xff, 0xff
.byte 0xff, 0xff, 0xff, 0xff, 0xff, 0xff, 0xff, 0xff, 0xff, 0xff, 0xff, 0xff, 0xff, 0xff, 0xff, 0xff
.byte 0xff, 0xff, 0xff, 0xff, 0xff, 0xff, 0xff, 0xff, 0xff, 0xff, 0xff, 0xff, 0xff, 0xff, 0xff, 0xff
.byte 0xff, 0xff, 0xff, 0xff, 0xff, 0xff, 0xff, 0xff, 0x9f, 0xef, 0x75, 0x6c, 0x0e, 0x12, 0xce, 0x01
.byte 0xef, 0x01, 0x0f, 0x0a, 0xee, 0x01, 0xad, 0x01, 0xcd, 0x09, 0xf3, 0x5b, 0xdc, 0xce, 0xdc, 0xde
.byte 0xff, 0xff, 0xff, 0xff, 0xff, 0xff, 0xff, 0xff, 0xff, 0xff, 0xff, 0xff, 0xff, 0xff, 0xff, 0xff
.byte 0xff, 0xff, 0xff, 0xff, 0xff, 0xff, 0xff, 0xff, 0xff, 0xff, 0xff, 0xff, 0xff, 0xff, 0xff, 0xff
.byte 0xff, 0xff, 0xff, 0xff, 0xff, 0xff, 0xff, 0xff, 0xff, 0xff, 0xff, 0xff, 0xff, 0xff, 0xff, 0xff
.byte 0xff, 0xff, 0xff, 0xff, 0xff, 0xff, 0xff, 0xff, 0xff, 0xff, 0xff, 0xff, 0xff, 0xff, 0xff, 0xff
.byte 0xff, 0xff, 0xff, 0xff, 0xff, 0xff, 0xff, 0xff, 0xff, 0xff, 0xff, 0xff, 0xff, 0xff, 0xff, 0xff
.byte 0xff, 0xff, 0xff, 0xff, 0xff, 0xff, 0xff, 0xff, 0xff, 0xff, 0xff, 0xff, 0xff, 0xff, 0xff, 0xff
.byte 0xff, 0xff, 0xff, 0xff, 0xff, 0xff, 0xff, 0xff, 0xff, 0xff, 0xff, 0xff, 0xff, 0xff, 0xff, 0xff
.byte 0xff, 0xff, 0xff, 0xff, 0xff, 0xff, 0xff, 0xff, 0xff, 0xff, 0xff, 0xff, 0xff, 0xff, 0xff, 0xff
.byte 0xff, 0xff, 0xff, 0xff, 0xff, 0xff, 0xff, 0xff, 0xff, 0xff, 0xff, 0xff, 0xff, 0xff, 0xff, 0xff
.byte 0xff, 0xff, 0xff, 0xff, 0xff, 0xff, 0xff, 0xff, 0xff, 0xff, 0xff, 0xff, 0xff, 0xff, 0xff, 0xff
.byte 0xff, 0xff, 0xff, 0xff, 0xff, 0xff, 0xff, 0xff, 0xff, 0xff, 0xff, 0xff, 0xff, 0xff, 0xff, 0xff
.byte 0x9e, 0xf7, 0x9e, 0xe7, 0x1a, 0xae, 0x54, 0x6c, 0x10, 0x3b, 0xcf, 0x32, 0xf0, 0x32, 0xf3, 0x5b
.byte 0x1a, 0xae, 0x7e, 0xe7, 0x3c, 0xe7, 0xff, 0xff, 0xff, 0xff, 0xff, 0xff, 0xff, 0xff, 0xff, 0xff
.byte 0xff, 0xff, 0xff, 0xff, 0xff, 0xff, 0xff, 0xff, 0xff, 0xff, 0xff, 0xff, 0xff, 0xff, 0xff, 0xff
.byte 0xff, 0xff, 0xff, 0xff, 0xff, 0xff, 0xff, 0xff, 0xff, 0xff, 0xff, 0xff, 0xff, 0xff, 0xff, 0xff
.byte 0xff, 0xff, 0xff, 0xff, 0xff, 0xff, 0xff, 0xff, 0xff, 0xff, 0xff, 0xff, 0xff, 0xff, 0xff, 0xff
.byte 0xff, 0xff, 0xff, 0xff, 0xff, 0xff, 0xff, 0xff, 0xff, 0xff, 0xff, 0xff, 0xff, 0xff, 0xff, 0xff
.byte 0xff, 0xff, 0xff, 0xff, 0xff, 0xff, 0xff, 0xff, 0xff, 0xff, 0xff, 0xff, 0xff, 0xff, 0xff, 0xff
.byte 0xff, 0xff, 0xff, 0xff, 0xff, 0xff, 0xff, 0xff, 0xff, 0xff, 0xff, 0xff, 0xff, 0xff, 0xff, 0xff
.byte 0xff, 0xff, 0xff, 0xff, 0xff, 0xff, 0xff, 0xff, 0xff, 0xff, 0xff, 0xff, 0xff, 0xff, 0xff, 0xff
.byte 0xff, 0xff, 0xff, 0xff, 0xff, 0xff, 0xff, 0xff, 0xff, 0xff, 0xff, 0xff, 0xff, 0xff, 0xff, 0xff
.byte 0xff, 0xff, 0xff, 0xff, 0xff, 0xff, 0xff, 0xff, 0xff, 0xff, 0xff, 0xff, 0xff, 0xff, 0xff, 0xff
.byte 0xff, 0xff, 0xff, 0xff, 0xff, 0xff, 0xff, 0xff, 0xff, 0xff, 0xff, 0xff, 0xff, 0xff, 0xff, 0xff
.byte 0xff, 0xff, 0xff, 0xff, 0xff, 0xff, 0xff, 0xff, 0xff, 0xff, 0xff, 0xff, 0x9e, 0xf7, 0x3d, 0xe7
.byte 0x1c, 0xdf, 0xdc, 0xd6, 0xfc, 0xde, 0x3d, 0xdf, 0xde, 0xff, 0xff, 0xff, 0xff, 0xff, 0xff, 0xff
.byte 0xff, 0xff, 0xff, 0xff, 0xff, 0xff, 0xff, 0xff, 0xff, 0xff, 0xff, 0xff, 0xff, 0xff, 0xff, 0xff
.byte 0xff, 0xff, 0xff, 0xff, 0xff, 0xff, 0xff, 0xff, 0xff, 0xff, 0xff, 0xff, 0xff, 0xff, 0xff, 0xff
.byte 0xff, 0xff, 0xff, 0xff, 0xff, 0xff, 0xff, 0xff, 0xff, 0xff, 0xff, 0xff, 0xff, 0xff, 0xff, 0xff
.byte 0xff, 0xff, 0xff, 0xff, 0xff, 0xff, 0xff, 0xff, 0xff, 0xff, 0xff, 0xff, 0xff, 0xff, 0xff, 0xff
.byte 0xff, 0xff, 0xff, 0xff, 0xff, 0xff, 0xff, 0xff, 0xff, 0xff, 0xff, 0xff, 0xff, 0xff, 0xff, 0xff
.byte 0xff, 0xff, 0xff, 0xff, 0xff, 0xff, 0xff, 0xff, 0xff, 0xff, 0xff, 0xff, 0xff, 0xff, 0xff, 0xff
.byte 0xff, 0xff, 0xff, 0xff, 0xff, 0xff, 0xff, 0xff, 0xff, 0xff, 0xff, 0xff, 0xff, 0xff, 0xff, 0xff
.byte 0xff, 0xff, 0xff, 0xff, 0xff, 0xff, 0xff, 0xff, 0xff, 0xff, 0xff, 0xff, 0xff, 0xff, 0xff, 0xff
.byte 0xff, 0xff, 0xff, 0xff, 0xff, 0xff, 0xff, 0xff, 0xff, 0xff, 0xff, 0xff, 0xff, 0xff, 0xff, 0xff
.byte 0xff, 0xff, 0xff, 0xff, 0xff, 0xff, 0xff, 0xff, 0xff, 0xff, 0xff, 0xff, 0xff, 0xff, 0xff, 0xff
.byte 0xff, 0xff, 0xff, 0xff, 0xff, 0xff, 0xff, 0xff, 0xff, 0xff, 0xff, 0xff, 0xff, 0xff, 0xff, 0xff
.byte 0xff, 0xff, 0xff, 0xff, 0xff, 0xff, 0xff, 0xff, 0xff, 0xff, 0xff, 0xff, 0xff, 0xff, 0xff, 0xff
.byte 0xff, 0xff, 0xff, 0xff, 0xff, 0xff, 0xff, 0xff, 0xff, 0xff, 0xff, 0xff, 0xff, 0xff, 0xff, 0xff
.byte 0xff, 0xff, 0xff, 0xff, 0xff, 0xff, 0xff, 0xff, 0xff, 0xff, 0xff, 0xff, 0xff, 0xff, 0xff, 0xff
.byte 0xff, 0xff, 0xff, 0xff, 0xff, 0xff, 0xff, 0xff, 0xff, 0xff, 0xff, 0xff, 0xff, 0xff, 0xff, 0xff
.byte 0xff, 0xff, 0xff, 0xff, 0xff, 0xff, 0xff, 0xff, 0xff, 0xff, 0xff, 0xff, 0xff, 0xff, 0xff, 0xff
.byte 0xff, 0xff, 0xff, 0xff, 0xff, 0xff, 0xff, 0xff, 0xff, 0xff, 0xff, 0xff, 0xff, 0xff, 0xff, 0xff
.byte 0xff, 0xff, 0xff, 0xff, 0xff, 0xff, 0xff, 0xff, 0xff, 0xff, 0xff, 0xff, 0xff, 0xff, 0xff, 0xff

.global _binary_snow_bin_end
_binary_snow_bin_end: /* for objcopy compatibility */


.global snow_bin_length
snow_bin_length:
.long 20000
