/* * Data converted from E:/Embedded-Systems/ESP32 Workspace/01_ST7789_Display_Module/main/sun.bin
 */
.data
#if !defined (__APPLE__) && !defined (__linux__)
.section .rodata.embedded
#endif

.global sun_bin
sun_bin:

.global _binary_sun_bin_start
_binary_sun_bin_start: /* for objcopy compatibility */
.byte 0xff, 0xff, 0xff, 0xff, 0xff, 0xff, 0xff, 0xff, 0xff, 0xff, 0xff, 0xff, 0xff, 0xff, 0xff, 0xff
.byte 0xff, 0xff, 0xff, 0xff, 0xff, 0xff, 0xff, 0xff, 0xff, 0xff, 0xff, 0xff, 0xff, 0xff, 0xff, 0xff
.byte 0xff, 0xff, 0xff, 0xff, 0xff, 0xff, 0xff, 0xff, 0xff, 0xff, 0xff, 0xff, 0xff, 0xff, 0xff, 0xff
.byte 0xff, 0xff, 0xff, 0xff, 0xff, 0xff, 0xff, 0xff, 0xff, 0xff, 0xff, 0xff, 0xff, 0xff, 0xff, 0xff
.byte 0xff, 0xff, 0xff, 0xff, 0xff, 0xff, 0xff, 0xff, 0xff, 0xff, 0xff, 0xff, 0xff, 0xff, 0xff, 0xff
.byte 0xff, 0xff, 0xff, 0xff, 0xff, 0xff, 0xff, 0xff, 0xff, 0xff, 0xff, 0xff, 0xff, 0xff, 0xff, 0xff
.byte 0xff, 0xff, 0xff, 0xff, 0xff, 0xff, 0xff, 0xff, 0xff, 0xff, 0xff, 0xff, 0xff, 0xff, 0xff, 0xff
.byte 0xff, 0xff, 0xff, 0xff, 0xff, 0xff, 0xff, 0xff, 0xff, 0xff, 0xff, 0xff, 0xff, 0xff, 0xff, 0xff
.byte 0xff, 0xff, 0xff, 0xff, 0xff, 0xff, 0xff, 0xff, 0xff, 0xff, 0xff, 0xff, 0xff, 0xff, 0xff, 0xff
.byte 0xff, 0xff, 0xff, 0xff, 0xff, 0xff, 0xff, 0xff, 0xff, 0xff, 0xff, 0xff, 0xff, 0xff, 0xff, 0xff
.byte 0xff, 0xff, 0xff, 0xff, 0xff, 0xff, 0xff, 0xff, 0xff, 0xff, 0xff, 0xff, 0xff, 0xff, 0xff, 0xff
.byte 0xff, 0xff, 0xff, 0xff, 0xff, 0xff, 0xff, 0xff, 0xff, 0xff, 0xff, 0xff, 0xff, 0xff, 0xff, 0xff
.byte 0xff, 0xff, 0xff, 0xff, 0xff, 0xff, 0xff, 0xff, 0xff, 0xff, 0xff, 0xff, 0xff, 0xff, 0xff, 0xff
.byte 0xff, 0xff, 0xff, 0xff, 0xff, 0xff, 0xff, 0xff, 0xff, 0xff, 0xff, 0xff, 0xff, 0xff, 0xff, 0xff
.byte 0xff, 0xff, 0xff, 0xff, 0xff, 0xff, 0xff, 0xff, 0xff, 0xff, 0xff, 0xff, 0xff, 0xff, 0xff, 0xff
.byte 0xff, 0xff, 0xff, 0xff, 0xff, 0xff, 0xff, 0xff, 0xff, 0xff, 0xff, 0xff, 0xff, 0xff, 0xff, 0xff
.byte 0xff, 0xff, 0xff, 0xff, 0xff, 0xff, 0xff, 0xff, 0xff, 0xff, 0xff, 0xff, 0xff, 0xff, 0xff, 0xff
.byte 0xff, 0xff, 0xff, 0xff, 0xff, 0xff, 0xff, 0xff, 0xff, 0xff, 0xff, 0xff, 0xff, 0xff, 0xff, 0xff
.byte 0xff, 0xff, 0xff, 0xff, 0xff, 0xff, 0xff, 0xff, 0xff, 0xff, 0x3d, 0xe7, 0x1d, 0xdf, 0x3d, 0xe7
.byte 0xbf, 0xf7, 0xff, 0xff, 0xff, 0xff, 0xff, 0xff, 0xff, 0xff, 0xff, 0xff, 0xff, 0xff, 0xff, 0xff
.byte 0xff, 0xff, 0xff, 0xff, 0xff, 0xff, 0xff, 0xff, 0xff, 0xff, 0xff, 0xff, 0xff, 0xff, 0xff, 0xff
.byte 0xff, 0xff, 0xff, 0xff, 0xff, 0xff, 0xff, 0xff, 0xff, 0xff, 0xff, 0xff, 0xff, 0xff, 0xff, 0xff
.byte 0xff, 0xff, 0xff, 0xff, 0xff, 0xff, 0xff, 0xff, 0xff, 0xff, 0xff, 0xff, 0xff, 0xff, 0xff, 0xff
.byte 0xff, 0xff, 0xff, 0xff, 0xff, 0xff, 0xff, 0xff, 0xff, 0xff, 0xff, 0xff, 0xff, 0xff, 0xff, 0xff
.byte 0xff, 0xff, 0xff, 0xff, 0xff, 0xff, 0xff, 0xff, 0xff, 0xff, 0xff, 0xff, 0xff, 0xff, 0xff, 0xff
.byte 0xff, 0xff, 0xff, 0xff, 0xff, 0xff, 0xff, 0xff, 0xff, 0xff, 0xff, 0xff, 0xff, 0xff, 0xff, 0xff
.byte 0xff, 0xff, 0xff, 0xff, 0xff, 0xff, 0xff, 0xff, 0xff, 0xff, 0xff, 0xff, 0xff, 0xff, 0xff, 0xff
.byte 0xff, 0xff, 0xff, 0xff, 0xff, 0xff, 0xff, 0xff, 0xff, 0xff, 0xff, 0xff, 0xff, 0xff, 0xff, 0xff
.byte 0xff, 0xff, 0xff, 0xff, 0xff, 0xff, 0xff, 0xff, 0xff, 0xff, 0xff, 0xff, 0xff, 0xff, 0xff, 0xff
.byte 0xff, 0xff, 0xff, 0xff, 0xff, 0xff, 0xff, 0xff, 0xff, 0xff, 0xff, 0xff, 0xff, 0xff, 0xff, 0xff
.byte 0xff, 0xff, 0xff, 0xff, 0xff, 0xff, 0xff, 0xff, 0xff, 0xff, 0xff, 0xff, 0x9e, 0xef, 0x7b, 0xc6
.byte 0x17, 0x8d, 0x11, 0x3b, 0xf1, 0x3a, 0x52, 0x43, 0x55, 0x74, 0x9b, 0xc6, 0xbf, 0xf7, 0xff, 0xff
.byte 0xff, 0xff, 0xff, 0xff, 0xff, 0xff, 0xff, 0xff, 0xff, 0xff, 0xff, 0xff, 0xff, 0xff, 0xff, 0xff
.byte 0xff, 0xff, 0xff, 0xff, 0xff, 0xff, 0xff, 0xff, 0xff, 0xff, 0xff, 0xff, 0xff, 0xff, 0xff, 0xff
.byte 0xff, 0xff, 0xff, 0xff, 0xff, 0xff, 0xff, 0xff, 0xff, 0xff, 0xff, 0xff, 0xff, 0xff, 0xff, 0xff
.byte 0xff, 0xff, 0xff, 0xff, 0xff, 0xff, 0xff, 0xff, 0xff, 0xff, 0xff, 0xff, 0xff, 0xff, 0xff, 0xff
.byte 0xff, 0xff, 0xff, 0xff, 0xff, 0xff, 0xff, 0xff, 0xff, 0xff, 0xff, 0xff, 0xff, 0xff, 0xff, 0xff
.byte 0xff, 0xff, 0xff, 0xff, 0xff, 0xff, 0xff, 0xff, 0xff, 0xff, 0xff, 0xff, 0xff, 0xff, 0xff, 0xff
.byte 0xff, 0xff, 0xff, 0xff, 0xff, 0xff, 0xff, 0xff, 0xff, 0xff, 0xff, 0xff, 0xff, 0xff, 0xff, 0xff
.byte 0xff, 0xff, 0xff, 0xff, 0xff, 0xff, 0xff, 0xff, 0xff, 0xff, 0xff, 0xff, 0xff, 0xff, 0xff, 0xff
.byte 0xff, 0xff, 0xff, 0xff, 0xff, 0xff, 0xff, 0xff, 0xff, 0xff, 0xff, 0xff, 0xff, 0xff, 0xff, 0xff
.byte 0xff, 0xff, 0xff, 0xff, 0xff, 0xff, 0xff, 0xff, 0xff, 0xff, 0xff, 0xff, 0xff, 0xff, 0xff, 0xff
.byte 0xff, 0xff, 0xff, 0xff, 0xff, 0xff, 0xff, 0xff, 0xff, 0xff, 0xff, 0xff, 0xff, 0xff, 0xff, 0xff
.byte 0xff, 0xff, 0x7e, 0xe7, 0x34, 0x6c, 0x70, 0x1a, 0x0f, 0x0a, 0x0f, 0x0a, 0x0f, 0x0a, 0xef, 0x09
.byte 0xce, 0x09, 0x70, 0x1a, 0x75, 0x6c, 0x9f, 0xef, 0xff, 0xff, 0xff, 0xff, 0xff, 0xff, 0xff, 0xff
.byte 0xff, 0xff, 0xff, 0xff, 0xff, 0xff, 0xff, 0xff, 0xff, 0xff, 0xff, 0xff, 0xff, 0xff, 0xff, 0xff
.byte 0xff, 0xff, 0xff, 0xff, 0xff, 0xff, 0xff, 0xff, 0xff, 0xff, 0xff, 0xff, 0xff, 0xff, 0xff, 0xff
.byte 0xff, 0xff, 0xff, 0xff, 0xff, 0xff, 0xff, 0xff, 0xff, 0xff, 0xff, 0xff, 0xff, 0xff, 0xff, 0xff
.byte 0xff, 0xff, 0xff, 0xff, 0xff, 0xff, 0xff, 0xff, 0xff, 0xff, 0xff, 0xff, 0xff, 0xff, 0xff, 0xff
.byte 0xff, 0xff, 0xff, 0xff, 0xff, 0xff, 0xff, 0xff, 0xff, 0xff, 0xff, 0xff, 0xff, 0xff, 0xff, 0xff
.byte 0xff, 0xff, 0xff, 0xff, 0xff, 0xff, 0xff, 0xff, 0xff, 0xff, 0xff, 0xff, 0xff, 0xff, 0xff, 0xff
.byte 0xff, 0xff, 0xff, 0xff, 0xff, 0xff, 0xff, 0xff, 0xff, 0xff, 0xff, 0xff, 0xff, 0xff, 0xff, 0xff
.byte 0xff, 0xff, 0xff, 0xff, 0xff, 0xff, 0xff, 0xff, 0xff, 0xff, 0xff, 0xff, 0xff, 0xff, 0xff, 0xff
.byte 0xff, 0xff, 0xff, 0xff, 0xff, 0xff, 0xff, 0xff, 0xff, 0xff, 0xff, 0xff, 0xff, 0xff, 0xff, 0xff
.byte 0xff, 0xff, 0xff, 0xff, 0xff, 0xff, 0xff, 0xff, 0xff, 0xff, 0xff, 0xff, 0xff, 0xff, 0xff, 0xff
.byte 0xff, 0xff, 0xff, 0xff, 0xff, 0xff, 0xff, 0xff, 0xbf, 0xf7, 0x75, 0x74, 0x2f, 0x0a, 0x50, 0x12
.byte 0x71, 0x1a, 0x30, 0x0a, 0x30, 0x0a, 0x50, 0x12, 0x50, 0x12, 0xee, 0x09, 0x8d, 0x01, 0xb7, 0x74
.byte 0x9e, 0xef, 0xff, 0xff, 0xff, 0xff, 0xff, 0xff, 0xff, 0xff, 0xff, 0xff, 0xff, 0xff, 0xff, 0xff
.byte 0xff, 0xff, 0xff, 0xff, 0xff, 0xff, 0xff, 0xff, 0xff, 0xff, 0xff, 0xff, 0xff, 0xff, 0xff, 0xff
.byte 0xff, 0xff, 0xff, 0xff, 0xff, 0xff, 0xff, 0xff, 0xff, 0xff, 0xff, 0xff, 0xff, 0xff, 0xff, 0xff
.byte 0xff, 0xff, 0xff, 0xff, 0xff, 0xff, 0xff, 0xff, 0xff, 0xff, 0xff, 0xff, 0xff, 0xff, 0xff, 0xff
.byte 0xff, 0xff, 0xff, 0xff, 0xff, 0xff, 0xff, 0xff, 0xff, 0xff, 0xff, 0xff, 0xff, 0xff, 0xff, 0xff
.byte 0xff, 0xff, 0xff, 0xff, 0xff, 0xff, 0xff, 0xff, 0xff, 0xff, 0xff, 0xff, 0xff, 0xff, 0xff, 0xff
.byte 0xff, 0xff, 0xff, 0xff, 0xff, 0xff, 0xff, 0xff, 0xff, 0xff, 0xff, 0xff, 0xff, 0xff, 0xff, 0xff
.byte 0xff, 0xff, 0xff, 0xff, 0xff, 0xff, 0xff, 0xff, 0xff, 0xff, 0xff, 0xff, 0xff, 0xff, 0xff, 0xff
.byte 0xff, 0xff, 0xff, 0xff, 0xff, 0xff, 0xff, 0xff, 0xff, 0xff, 0xff, 0xff, 0xff, 0xff, 0xff, 0xff
.byte 0xff, 0xff, 0xff, 0xff, 0xff, 0xff, 0xff, 0xff, 0xff, 0xff, 0xff, 0xff, 0xff, 0xff, 0xff, 0xff
.byte 0xff, 0xff, 0xff, 0xff, 0xff, 0xff, 0xff, 0xff, 0xff, 0xff, 0xff, 0xff, 0xff, 0xff, 0xff, 0xff
.byte 0x1a, 0xb6, 0x70, 0x1a, 0x50, 0x12, 0x50, 0x1a, 0x10, 0x0a, 0x4f, 0x1a, 0x6f, 0x22, 0x0e, 0x12
.byte 0xef, 0x09, 0x50, 0x12, 0x0f, 0x0a, 0xad, 0x01, 0xfa, 0xa5, 0xdf, 0xff, 0xff, 0xff, 0xff, 0xff
.byte 0xff, 0xff, 0xff, 0xff, 0xff, 0xff, 0xff, 0xff, 0xff, 0xff, 0xff, 0xff, 0xff, 0xff, 0xff, 0xff
.byte 0xff, 0xff, 0xff, 0xff, 0xff, 0xff, 0xff, 0xff, 0xff, 0xff, 0xff, 0xff, 0xff, 0xff, 0xff, 0xff
.byte 0xff, 0xff, 0xff, 0xff, 0xff, 0xff, 0xff, 0xff, 0xff, 0xff, 0xff, 0xff, 0xff, 0xff, 0xff, 0xff
.byte 0xff, 0xff, 0xff, 0xff, 0xff, 0xff, 0xff, 0xff, 0xff, 0xff, 0xff, 0xff, 0xff, 0xff, 0xff, 0xff
.byte 0xff, 0xff, 0xff, 0xff, 0xff, 0xff, 0xff, 0xff, 0xff, 0xff, 0xff, 0xff, 0xff, 0xff, 0xff, 0xff
.byte 0xff, 0xff, 0xff, 0xff, 0xff, 0xff, 0xff, 0xff, 0xff, 0xff, 0xff, 0xff, 0xff, 0xff, 0xff, 0xff
.byte 0xff, 0xff, 0xff, 0xff, 0xff, 0xff, 0xff, 0xff, 0xff, 0xff, 0xff, 0xff, 0xff, 0xff, 0xff, 0xff
.byte 0xff, 0xff, 0xff, 0xff, 0xff, 0xff, 0xff, 0xff, 0xff, 0xff, 0xff, 0xff, 0xff, 0xff, 0xff, 0xff
.byte 0xff, 0xff, 0xff, 0xff, 0xff, 0xff, 0xff, 0xff, 0xff, 0xff, 0xff, 0xff, 0xff, 0xff, 0xff, 0xff
.byte 0xff, 0xff, 0xff, 0xff, 0xff, 0xff, 0xff, 0xff, 0xff, 0xff, 0xff, 0xff, 0xff, 0xff, 0xff, 0xff
.byte 0xff, 0xff, 0xff, 0xff, 0xff, 0xff, 0xfc, 0xd6, 0x73, 0x43, 0x30, 0x12, 0x50, 0x12, 0x0f, 0x0a
.byte 0x2d, 0x4b, 0x2d, 0xad, 0xcd, 0xc5, 0xad, 0x94, 0x8d, 0x32, 0xef, 0x09, 0x50, 0x12, 0xcf, 0x01
.byte 0x52, 0x3b, 0x3d, 0xdf, 0xff, 0xff, 0xff, 0xff, 0xff, 0xff, 0xff, 0xff, 0xff, 0xff, 0xff, 0xff
.byte 0xff, 0xff, 0xff, 0xff, 0xff, 0xff, 0xff, 0xff, 0xff, 0xff, 0xff, 0xff, 0xff, 0xff, 0xff, 0xff
.byte 0xff, 0xff, 0xff, 0xff, 0xff, 0xff, 0xff, 0xff, 0xff, 0xff, 0xff, 0xff, 0xff, 0xff, 0xff, 0xff
.byte 0xff, 0xff, 0xff, 0xff, 0xff, 0xff, 0xff, 0xff, 0xff, 0xff, 0xff, 0xff, 0xff, 0xff, 0xff, 0xff
.byte 0xff, 0xff, 0xff, 0xff, 0xff, 0xff, 0xff, 0xff, 0xff, 0xff, 0xff, 0xff, 0xff, 0xff, 0xff, 0xff
.byte 0xff, 0xff, 0xff, 0xff, 0xff, 0xff, 0xff, 0xff, 0xff, 0xff, 0xff, 0xff, 0xff, 0xff, 0xff, 0xff
.byte 0xff, 0xff, 0xff, 0xff, 0xff, 0xff, 0xff, 0xff, 0xff, 0xff, 0xff, 0xff, 0xff, 0xff, 0xff, 0xff
.byte 0xff, 0xff, 0xff, 0xff, 0xff, 0xff, 0xff, 0xff, 0xff, 0xff, 0xff, 0xff, 0xff, 0xff, 0xff, 0xff
.byte 0xff, 0xff, 0xff, 0xff, 0xff, 0xff, 0xff, 0xff, 0xff, 0xff, 0xff, 0xff, 0xff, 0xff, 0xff, 0xff
.byte 0xff, 0xff, 0xff, 0xff, 0xff, 0xff, 0xff, 0xff, 0xff, 0xff, 0xff, 0xff, 0xff, 0xff, 0xff, 0xff
.byte 0xff, 0xff, 0xff, 0xff, 0xff, 0xff, 0xff, 0xff, 0xff, 0xff, 0xff, 0xff, 0xff, 0xff, 0xf9, 0xad
.byte 0xb2, 0x1a, 0x51, 0x12, 0x10, 0x0a, 0xce, 0x3a, 0xcc, 0xcd, 0xe9, 0xfe, 0xe9, 0xfe, 0xeb, 0xfe
.byte 0x4e, 0xb5, 0x6e, 0x22, 0x30, 0x0a, 0x50, 0x12, 0x70, 0x1a, 0xbc, 0xc6, 0xff, 0xff, 0xff, 0xff
.byte 0xff, 0xff, 0xff, 0xff, 0xff, 0xff, 0xff, 0xff, 0xff, 0xff, 0xff, 0xff, 0xff, 0xff, 0xff, 0xff
.byte 0xff, 0xff, 0xff, 0xff, 0xff, 0xff, 0xff, 0xff, 0xff, 0xff, 0xff, 0xff, 0xff, 0xff, 0xff, 0xff
.byte 0xff, 0xff, 0xff, 0xff, 0xff, 0xff, 0xff, 0xff, 0xff, 0xff, 0xff, 0xff, 0xff, 0xff, 0xff, 0xff
.byte 0xff, 0xff, 0xff, 0xff, 0xff, 0xff, 0xff, 0xff, 0xff, 0xff, 0xff, 0xff, 0xff, 0xff, 0xff, 0xff
.byte 0xff, 0xff, 0xff, 0xff, 0xff, 0xff, 0xff, 0xff, 0xff, 0xff, 0xff, 0xff, 0xff, 0xff, 0xff, 0xff
.byte 0xff, 0xff, 0xff, 0xff, 0xff, 0xff, 0xff, 0xff, 0xff, 0xff, 0xff, 0xff, 0xff, 0xff, 0xff, 0xff
.byte 0xff, 0xff, 0xff, 0xff, 0xff, 0xff, 0xff, 0xff, 0xff, 0xff, 0xff, 0xff, 0xff, 0xff, 0xff, 0xff
.byte 0xff, 0xff, 0xff, 0xff, 0xff, 0xff, 0xff, 0xff, 0xff, 0xff, 0xff, 0xff, 0xff, 0xff, 0xff, 0xff
.byte 0xff, 0xff, 0xff, 0xff, 0xff, 0xff, 0xff, 0xff, 0xff, 0xff, 0xff, 0xff, 0xff, 0xff, 0xff, 0xff
.byte 0xff, 0xff, 0xff, 0xff, 0xff, 0xff, 0xff, 0xff, 0xff, 0xff, 0xff, 0xff, 0xff, 0xff, 0xff, 0xff
.byte 0xff, 0xff, 0xff, 0xff, 0xff, 0xff, 0x78, 0x95, 0x50, 0x12, 0x91, 0x12, 0x0f, 0x0a, 0x0e, 0x74
.byte 0xaa, 0xfe, 0xa8, 0xfe, 0x68, 0xfe, 0xc8, 0xfe, 0xac, 0xee, 0xaf, 0x53, 0x10, 0x02, 0x91, 0x12
.byte 0x2f, 0x0a, 0x58, 0x95, 0xdf, 0xff, 0xff, 0xff, 0xff, 0xff, 0xff, 0xff, 0xff, 0xff, 0xff, 0xff
.byte 0xff, 0xff, 0xff, 0xff, 0xff, 0xff, 0xff, 0xff, 0xff, 0xff, 0xff, 0xff, 0xff, 0xff, 0xff, 0xff
.byte 0xff, 0xff, 0xff, 0xff, 0xff, 0xff, 0xff, 0xff, 0xff, 0xff, 0xff, 0xff, 0xff, 0xff, 0xff, 0xff
.byte 0xff, 0xff, 0xff, 0xff, 0xff, 0xff, 0xff, 0xff, 0xff, 0xff, 0xff, 0xff, 0xff, 0xff, 0xff, 0xff
.byte 0xff, 0xff, 0xff, 0xff, 0xff, 0xff, 0xff, 0xff, 0xff, 0xff, 0xff, 0xff, 0xff, 0xff, 0xff, 0xff
.byte 0xff, 0xff, 0xff, 0xff, 0xff, 0xff, 0xff, 0xff, 0xff, 0xff, 0xff, 0xff, 0xff, 0xff, 0xff, 0xff
.byte 0xff, 0xff, 0xff, 0xff, 0xff, 0xff, 0xff, 0xff, 0xff, 0xff, 0xff, 0xff, 0xff, 0xff, 0xff, 0xff
.byte 0xff, 0xff, 0xff, 0xff, 0xff, 0xff, 0xff, 0xff, 0xff, 0xff, 0xff, 0xff, 0xff, 0xff, 0xff, 0xff
.byte 0xff, 0xff, 0xff, 0xff, 0xff, 0xff, 0xff, 0xff, 0xff, 0xff, 0xff, 0xff, 0xff, 0xff, 0xff, 0xff
.byte 0xff, 0xff, 0xff, 0xff, 0xff, 0xff, 0xff, 0xff, 0xff, 0xff, 0xff, 0xff, 0xff, 0xff, 0xff, 0xff
.byte 0xff, 0xff, 0xff, 0xff, 0xff, 0xff, 0xff, 0xff, 0xff, 0xff, 0xff, 0xff, 0x9e, 0xf7, 0x34, 0x64
.byte 0x0f, 0x0a, 0x71, 0x12, 0x0f, 0x0a, 0x6d, 0x84, 0xaa, 0xfe, 0xa8, 0xfe, 0x88, 0xfe, 0xa8, 0xfe
.byte 0x8b, 0xf6, 0xee, 0x63, 0x10, 0x02, 0x91, 0x12, 0x2f, 0x0a, 0xd6, 0x7c, 0x7d, 0xef, 0xff, 0xff
.byte 0xff, 0xff, 0xff, 0xff, 0xff, 0xff, 0xff, 0xff, 0xff, 0xff, 0xff, 0xff, 0xff, 0xff, 0xff, 0xff
.byte 0xff, 0xff, 0xff, 0xff, 0xff, 0xff, 0xff, 0xff, 0xff, 0xff, 0xff, 0xff, 0xff, 0xff, 0xff, 0xff
.byte 0xff, 0xff, 0xff, 0xff, 0xff, 0xff, 0xff, 0xff, 0xff, 0xff, 0xff, 0xff, 0xff, 0xff, 0xff, 0xff
.byte 0xff, 0xff, 0xff, 0xff, 0xff, 0xff, 0xff, 0xff, 0xff, 0xff, 0xff, 0xff, 0xff, 0xff, 0xff, 0xff
.byte 0xff, 0xff, 0xff, 0xff, 0xff, 0xff, 0xff, 0xff, 0xff, 0xff, 0xff, 0xff, 0xff, 0xff, 0xff, 0xff
.byte 0xff, 0xff, 0xff, 0xff, 0xff, 0xff, 0xff, 0xff, 0xff, 0xff, 0xff, 0xff, 0xff, 0xff, 0xff, 0xff
.byte 0xff, 0xff, 0xff, 0xff, 0xff, 0xff, 0xff, 0xff, 0xff, 0xff, 0xff, 0xff, 0xff, 0xff, 0xff, 0xff
.byte 0xff, 0xff, 0xff, 0xff, 0xff, 0xff, 0xff, 0xff, 0xff, 0xff, 0xff, 0xff, 0xff, 0xff, 0xff, 0xff
.byte 0xff, 0xff, 0xff, 0xff, 0xff, 0xff, 0xff, 0xff, 0xff, 0xff, 0xff, 0xff, 0xff, 0xff, 0xff, 0xff
.byte 0xff, 0xff, 0xff, 0xff, 0xff, 0xff, 0xff, 0xff, 0xff, 0xff, 0xff, 0xff, 0xff, 0xff, 0xff, 0xff
.byte 0xff, 0xff, 0xff, 0xff, 0x7e, 0xef, 0x55, 0x6c, 0x0f, 0x0a, 0x71, 0x12, 0x0f, 0x0a, 0x6e, 0x84
.byte 0xaa, 0xfe, 0xa8, 0xfe, 0x88, 0xfe, 0xc8, 0xfe, 0x8b, 0xee, 0xce, 0x63, 0x10, 0x0a, 0x71, 0x12
.byte 0x2f, 0x0a, 0xb6, 0x7c, 0x3c, 0xe7, 0xff, 0xff, 0xff, 0xff, 0xff, 0xff, 0xff, 0xff, 0xff, 0xff
.byte 0xff, 0xff, 0xff, 0xff, 0xff, 0xff, 0xff, 0xff, 0xff, 0xff, 0xff, 0xff, 0xff, 0xff, 0xff, 0xff
.byte 0xff, 0xff, 0xff, 0xff, 0xff, 0xff, 0xff, 0xff, 0xff, 0xff, 0xff, 0xff, 0xff, 0xff, 0xff, 0xff
.byte 0xff, 0xff, 0xff, 0xff, 0xff, 0xff, 0xff, 0xff, 0xff, 0xff, 0xff, 0xff, 0xff, 0xff, 0xff, 0xff
.byte 0xff, 0xff, 0xff, 0xff, 0xff, 0xff, 0xff, 0xff, 0xff, 0xff, 0xff, 0xff, 0xff, 0xff, 0xff, 0xff
.byte 0xff, 0xff, 0xff, 0xff, 0xff, 0xff, 0xff, 0xff, 0xff, 0xff, 0xff, 0xff, 0xff, 0xff, 0xff, 0xff
.byte 0xff, 0xff, 0xff, 0xff, 0xff, 0xff, 0xff, 0xff, 0xff, 0xff, 0xff, 0xff, 0xff, 0xff, 0xff, 0xff
.byte 0xff, 0xff, 0xff, 0xff, 0xff, 0xff, 0xff, 0xff, 0xff, 0xff, 0xff, 0xff, 0xff, 0xff, 0xff, 0xff
.byte 0xff, 0xff, 0xff, 0xff, 0xff, 0xff, 0xff, 0xff, 0xff, 0xff, 0xff, 0xff, 0xff, 0xff, 0xff, 0xff
.byte 0xff, 0xff, 0xff, 0xff, 0xff, 0xff, 0xff, 0xff, 0xff, 0xff, 0xff, 0xff, 0xff, 0xff, 0xff, 0xff
.byte 0xff, 0xff, 0xff, 0xff, 0xff, 0xff, 0xff, 0xff, 0xff, 0xff, 0xff, 0xff, 0x7e, 0xef, 0x35, 0x64
.byte 0x0f, 0x0a, 0x91, 0x12, 0x2f, 0x0a, 0x6e, 0x84, 0xaa, 0xfe, 0xa8, 0xfe, 0x88, 0xfe, 0xc9, 0xfe
.byte 0xab, 0xee, 0xee, 0x63, 0x10, 0x02, 0x91, 0x12, 0x0f, 0x0a, 0xb6, 0x7c, 0x1c, 0xe7, 0xff, 0xff
.byte 0xff, 0xff, 0xff, 0xff, 0xff, 0xff, 0xff, 0xff, 0xff, 0xff, 0xff, 0xff, 0xff, 0xff, 0xff, 0xff
.byte 0xff, 0xff, 0xff, 0xff, 0xff, 0xff, 0xff, 0xff, 0xff, 0xff, 0xff, 0xff, 0xff, 0xff, 0xff, 0xff
.byte 0xff, 0xff, 0xff, 0xff, 0xff, 0xff, 0xff, 0xff, 0xff, 0xff, 0xff, 0xff, 0xff, 0xff, 0xff, 0xff
.byte 0xff, 0xff, 0xff, 0xff, 0xff, 0xff, 0xff, 0xff, 0xff, 0xff, 0xff, 0xff, 0xff, 0xff, 0xff, 0xff
.byte 0xff, 0xff, 0xff, 0xff, 0xff, 0xff, 0xff, 0xff, 0xff, 0xff, 0xff, 0xff, 0xff, 0xff, 0xff, 0xff
.byte 0xff, 0xff, 0xff, 0xff, 0xff, 0xff, 0xff, 0xff, 0xff, 0xff, 0xff, 0xff, 0xff, 0xff, 0xff, 0xff
.byte 0xff, 0xff, 0xff, 0xff, 0xff, 0xff, 0xff, 0xff, 0xff, 0xff, 0xff, 0xff, 0xff, 0xff, 0xff, 0xff
.byte 0xff, 0xff, 0xff, 0xff, 0xff, 0xff, 0xff, 0xff, 0xff, 0xff, 0xff, 0xff, 0xff, 0xff, 0xff, 0xff
.byte 0xff, 0xff, 0xff, 0xff, 0xff, 0xff, 0xff, 0xff, 0xff, 0xff, 0xff, 0xff, 0xff, 0xff, 0xff, 0xff
.byte 0xff, 0xff, 0xff, 0xff, 0xff, 0xff, 0xff, 0xff, 0xff, 0xff, 0xff, 0xff, 0xff, 0xff, 0xff, 0xff
.byte 0xff, 0xff, 0xff, 0xff, 0x7e, 0xef, 0x34, 0x64, 0x0f, 0x0a, 0x91, 0x12, 0x0f, 0x0a, 0x6e, 0x84
.byte 0xaa, 0xfe, 0xa8, 0xfe, 0x88, 0xfe, 0xc9, 0xfe, 0xab, 0xf6, 0xee, 0x63, 0x10, 0x02, 0x92, 0x12
.byte 0x0f, 0x0a, 0xb5, 0x7c, 0x1c, 0xe7, 0xff, 0xff, 0xff, 0xff, 0xff, 0xff, 0xff, 0xff, 0xff, 0xff
.byte 0xff, 0xff, 0xff, 0xff, 0xff, 0xff, 0xff, 0xff, 0xff, 0xff, 0xff, 0xff, 0xff, 0xff, 0xff, 0xff
.byte 0xff, 0xff, 0xff, 0xff, 0xff, 0xff, 0xff, 0xff, 0xff, 0xff, 0xff, 0xff, 0xff, 0xff, 0xff, 0xff
.byte 0xff, 0xff, 0xff, 0xff, 0xff, 0xff, 0xff, 0xff, 0xff, 0xff, 0xff, 0xff, 0xff, 0xff, 0xff, 0xff
.byte 0xff, 0xff, 0xff, 0xff, 0xff, 0xff, 0xff, 0xff, 0xff, 0xff, 0xff, 0xff, 0xff, 0xff, 0xff, 0xff
.byte 0xff, 0xff, 0xff, 0xff, 0xff, 0xff, 0xff, 0xff, 0xff, 0xff, 0xff, 0xff, 0xff, 0xff, 0xff, 0xff
.byte 0xff, 0xff, 0xff, 0xff, 0xff, 0xff, 0xff, 0xff, 0xff, 0xff, 0xff, 0xff, 0xff, 0xff, 0xff, 0xff
.byte 0xff, 0xff, 0xff, 0xff, 0xff, 0xff, 0xff, 0xff, 0xff, 0xff, 0xff, 0xff, 0xff, 0xff, 0xbc, 0xce
.byte 0x3a, 0xb6, 0x3a, 0xb6, 0x9b, 0xc6, 0x5d, 0xe7, 0xff, 0xff, 0xff, 0xff, 0xff, 0xff, 0xff, 0xff
.byte 0xff, 0xff, 0xff, 0xff, 0xff, 0xff, 0xff, 0xff, 0xff, 0xff, 0xff, 0xff, 0xff, 0xff, 0xff, 0xff
.byte 0xff, 0xff, 0xff, 0xff, 0xff, 0xff, 0xff, 0xff, 0xff, 0xff, 0xff, 0xff, 0x7e, 0xef, 0x55, 0x6c
.byte 0x0f, 0x0a, 0x71, 0x12, 0x0f, 0x0a, 0x6e, 0x84, 0xcb, 0xfe, 0xa8, 0xfe, 0x88, 0xfe, 0xc9, 0xfe
.byte 0xab, 0xf6, 0xee, 0x63, 0x10, 0x02, 0x91, 0x12, 0x0f, 0x0a, 0xb6, 0x7c, 0x3c, 0xe7, 0xff, 0xff
.byte 0xff, 0xff, 0xff, 0xff, 0xff, 0xff, 0xff, 0xff, 0xff, 0xff, 0xff, 0xff, 0xff, 0xff, 0xff, 0xff
.byte 0xff, 0xff, 0xff, 0xff, 0xff, 0xff, 0xff, 0xff, 0xff, 0xff, 0xff, 0xff, 0xff, 0xff, 0xff, 0xff
.byte 0xff, 0xff, 0x7e, 0xe7, 0x9b, 0xc6, 0x5a, 0xbe, 0x5b, 0xbe, 0xfc, 0xd6, 0xbe, 0xf7, 0xff, 0xff
.byte 0xff, 0xff, 0xff, 0xff, 0xff, 0xff, 0xff, 0xff, 0xff, 0xff, 0xff, 0xff, 0xff, 0xff, 0xff, 0xff
.byte 0xff, 0xff, 0xff, 0xff, 0xff, 0xff, 0xff, 0xff, 0xff, 0xff, 0xff, 0xff, 0xff, 0xff, 0xff, 0xff
.byte 0xff, 0xff, 0xff, 0xff, 0xff, 0xff, 0xff, 0xff, 0xff, 0xff, 0xff, 0xff, 0xff, 0xff, 0xff, 0xff
.byte 0xff, 0xff, 0xff, 0xff, 0xff, 0xff, 0xff, 0xff, 0xff, 0xff, 0xff, 0xff, 0xff, 0xff, 0xff, 0xff
.byte 0xff, 0xff, 0x5a, 0xbe, 0xf7, 0x7c, 0xf2, 0x2a, 0xf2, 0x22, 0xd2, 0x22, 0x33, 0x33, 0x36, 0x5c
.byte 0xb9, 0xa5, 0x9e, 0xef, 0xff, 0xff, 0xff, 0xff, 0xff, 0xff, 0xff, 0xff, 0xff, 0xff, 0xff, 0xff
.byte 0xff, 0xff, 0xff, 0xff, 0xff, 0xff, 0xff, 0xff, 0xff, 0xff, 0xff, 0xff, 0xff, 0xff, 0xff, 0xff
.byte 0xff, 0xff, 0xff, 0xff, 0x7e, 0xef, 0x55, 0x6c, 0xef, 0x09, 0x71, 0x12, 0x0f, 0x0a, 0x6d, 0x84
.byte 0xca, 0xfe, 0xa8, 0xfe, 0x88, 0xfe, 0xc8, 0xfe, 0xab, 0xf6, 0xee, 0x63, 0x10, 0x0a, 0x91, 0x12
.byte 0x0f, 0x0a, 0xb5, 0x7c, 0x1c, 0xe7, 0xff, 0xff, 0xff, 0xff, 0xff, 0xff, 0xff, 0xff, 0xff, 0xff
.byte 0xff, 0xff, 0xff, 0xff, 0xff, 0xff, 0xff, 0xff, 0xff, 0xff, 0xff, 0xff, 0xff, 0xff, 0xff, 0xff
.byte 0xff, 0xff, 0xff, 0xff, 0xff, 0xff, 0xbe, 0xf7, 0xd9, 0xa5, 0x93, 0x4b, 0x33, 0x33, 0xd1, 0x2a
.byte 0xf2, 0x2a, 0x93, 0x43, 0x14, 0x5c, 0x3a, 0xb6, 0xdf, 0xf7, 0xff, 0xff, 0xff, 0xff, 0xff, 0xff
.byte 0xff, 0xff, 0xff, 0xff, 0xff, 0xff, 0xff, 0xff, 0xff, 0xff, 0xff, 0xff, 0xff, 0xff, 0xff, 0xff
.byte 0xff, 0xff, 0xff, 0xff, 0xff, 0xff, 0xff, 0xff, 0xff, 0xff, 0xff, 0xff, 0xff, 0xff, 0xff, 0xff
.byte 0xff, 0xff, 0xff, 0xff, 0xff, 0xff, 0xff, 0xff, 0xff, 0xff, 0xff, 0xff, 0xff, 0xff, 0xff, 0xff
.byte 0xff, 0xff, 0xff, 0xff, 0xff, 0xff, 0xff, 0xff, 0xfa, 0xb5, 0xd1, 0x2a, 0x72, 0x12, 0x51, 0x12
.byte 0x51, 0x12, 0x51, 0x12, 0x30, 0x12, 0xef, 0x01, 0x91, 0x22, 0x75, 0x74, 0x3d, 0xdf, 0xff, 0xff
.byte 0xff, 0xff, 0xff, 0xff, 0xff, 0xff, 0xff, 0xff, 0xff, 0xff, 0xff, 0xff, 0xff, 0xff, 0xff, 0xff
.byte 0xff, 0xff, 0xff, 0xff, 0xff, 0xff, 0xff, 0xff, 0xff, 0xff, 0xff, 0xff, 0x7e, 0xef, 0x55, 0x64
.byte 0xef, 0x01, 0x71, 0x12, 0x0f, 0x0a, 0x4d, 0x7c, 0xaa, 0xfe, 0xa8, 0xfe, 0x88, 0xfe, 0xa8, 0xfe
.byte 0x8b, 0xf6, 0xee, 0x63, 0x10, 0x02, 0x71, 0x12, 0x0f, 0x02, 0x95, 0x74, 0xfb, 0xde, 0xff, 0xff
.byte 0xff, 0xff, 0xff, 0xff, 0xff, 0xff, 0xff, 0xff, 0xff, 0xff, 0xff, 0xff, 0xff, 0xff, 0xff, 0xff
.byte 0xff, 0xff, 0xff, 0xff, 0xff, 0xff, 0xff, 0xff, 0xff, 0xff, 0xff, 0xff, 0x5d, 0xe7, 0xb6, 0x74
.byte 0xb1, 0x22, 0x0f, 0x0a, 0x0f, 0x0a, 0x2f, 0x0a, 0x0f, 0x0a, 0xce, 0x01, 0xad, 0x01, 0xb0, 0x22
.byte 0xb5, 0x7c, 0x9e, 0xef, 0xff, 0xff, 0xff, 0xff, 0xff, 0xff, 0xff, 0xff, 0xff, 0xff, 0xff, 0xff
.byte 0xff, 0xff, 0xff, 0xff, 0xff, 0xff, 0xff, 0xff, 0xff, 0xff, 0xff, 0xff, 0xff, 0xff, 0xff, 0xff
.byte 0xff, 0xff, 0xff, 0xff, 0xff, 0xff, 0xff, 0xff, 0xff, 0xff, 0xff, 0xff, 0xff, 0xff, 0xff, 0xff
.byte 0xff, 0xff, 0xff, 0xff, 0xff, 0xff, 0xff, 0xff, 0xff, 0xff, 0xff, 0xff, 0xff, 0xff, 0xfa, 0xb5
.byte 0xb1, 0x22, 0x71, 0x12, 0x71, 0x1a, 0x51, 0x12, 0x30, 0x0a, 0x30, 0x0a, 0x70, 0x12, 0x70, 0x1a
.byte 0x0f, 0x0a, 0xee, 0x09, 0x55, 0x6c, 0xfc, 0xd6, 0xff, 0xff, 0xff, 0xff, 0xff, 0xff, 0xff, 0xff
.byte 0xff, 0xff, 0xff, 0xff, 0xff, 0xff, 0xff, 0xff, 0xff, 0xff, 0xff, 0xff, 0xff, 0xff, 0xff, 0xff
.byte 0xff, 0xff, 0xff, 0xff, 0x9e, 0xef, 0x75, 0x6c, 0xee, 0x01, 0x71, 0x12, 0xef, 0x01, 0x4c, 0x7c
.byte 0xa9, 0xfe, 0xa8, 0xfe, 0x88, 0xfe, 0xa8, 0xfe, 0x8a, 0xee, 0xcd, 0x63, 0xef, 0x01, 0x51, 0x12
.byte 0xef, 0x01, 0xb6, 0x7c, 0x3c, 0xe7, 0xff, 0xff, 0xff, 0xff, 0xff, 0xff, 0xff, 0xff, 0xff, 0xff
.byte 0xff, 0xff, 0xff, 0xff, 0xff, 0xff, 0xff, 0xff, 0xff, 0xff, 0xff, 0xff, 0xff, 0xff, 0xff, 0xff
.byte 0xff, 0xff, 0x5d, 0xe7, 0x14, 0x64, 0xb2, 0x1a, 0x50, 0x12, 0x91, 0x1a, 0x50, 0x12, 0x10, 0x0a
.byte 0x0f, 0x0a, 0x50, 0x12, 0x50, 0x12, 0xee, 0x09, 0x0e, 0x0a, 0xd9, 0x9d, 0xdf, 0xf7, 0xff, 0xff
.byte 0xff, 0xff, 0xff, 0xff, 0xff, 0xff, 0xff, 0xff, 0xff, 0xff, 0xff, 0xff, 0xff, 0xff, 0xff, 0xff
.byte 0xff, 0xff, 0xff, 0xff, 0xff, 0xff, 0xff, 0xff, 0xff, 0xff, 0xff, 0xff, 0xff, 0xff, 0xff, 0xff
.byte 0xff, 0xff, 0xff, 0xff, 0xff, 0xff, 0xff, 0xff, 0xff, 0xff, 0xff, 0xff, 0xff, 0xff, 0xff, 0xff
.byte 0xff, 0xff, 0xff, 0xff, 0x7b, 0xc6, 0xf2, 0x2a, 0x71, 0x12, 0x71, 0x1a, 0x51, 0x12, 0x6f, 0x22
.byte 0x4f, 0x4b, 0x2f, 0x43, 0x4f, 0x1a, 0x10, 0x0a, 0x50, 0x1a, 0x0f, 0x0a, 0xce, 0x01, 0x14, 0x5c
.byte 0x1d, 0xdf, 0xff, 0xff, 0xff, 0xff, 0xff, 0xff, 0xff, 0xff, 0xff, 0xff, 0xff, 0xff, 0xff, 0xff
.byte 0xff, 0xff, 0xff, 0xff, 0xff, 0xff, 0xff, 0xff, 0xff, 0xff, 0xff, 0xff, 0xbe, 0xef, 0x96, 0x6c
.byte 0xce, 0x01, 0x50, 0x12, 0xee, 0x09, 0x4c, 0x84, 0xa9, 0xfe, 0xa8, 0xfe, 0x88, 0xfe, 0xa8, 0xfe
.byte 0x69, 0xee, 0xad, 0x63, 0xcf, 0x01, 0x50, 0x12, 0xce, 0x01, 0xd6, 0x7c, 0xbe, 0xf7, 0xff, 0xff
.byte 0xff, 0xff, 0xff, 0xff, 0xff, 0xff, 0xff, 0xff, 0xff, 0xff, 0xff, 0xff, 0xff, 0xff, 0xff, 0xff
.byte 0xff, 0xff, 0xff, 0xff, 0xff, 0xff, 0xff, 0xff, 0x5d, 0xe7, 0xd3, 0x53, 0x70, 0x1a, 0x50, 0x12
.byte 0x91, 0x1a, 0x50, 0x12, 0x6e, 0x22, 0x0e, 0x3b, 0xce, 0x3a, 0x0e, 0x12, 0x30, 0x12, 0x70, 0x1a
.byte 0x0f, 0x0a, 0xd1, 0x2a, 0xdc, 0xce, 0xff, 0xff, 0xff, 0xff, 0xff, 0xff, 0xff, 0xff, 0xff, 0xff
.byte 0xff, 0xff, 0xff, 0xff, 0xff, 0xff, 0xff, 0xff, 0xff, 0xff, 0xff, 0xff, 0xff, 0xff, 0xff, 0xff
.byte 0xff, 0xff, 0xff, 0xff, 0xff, 0xff, 0xff, 0xff, 0xff, 0xff, 0xff, 0xff, 0xff, 0xff, 0xff, 0xff
.byte 0xff, 0xff, 0xff, 0xff, 0xff, 0xff, 0xff, 0xff, 0xff, 0xff, 0xff, 0xff, 0x38, 0x95, 0xb2, 0x1a
.byte 0x71, 0x1a, 0x51, 0x12, 0xef, 0x32, 0x4e, 0xad, 0x8c, 0xe6, 0x6c, 0xe6, 0xed, 0xa4, 0x6d, 0x2a
.byte 0xce, 0x09, 0x2f, 0x12, 0x0f, 0x12, 0xee, 0x09, 0x14, 0x64, 0x1d, 0xdf, 0xff, 0xff, 0xff, 0xff
.byte 0xff, 0xff, 0xff, 0xff, 0xff, 0xff, 0xff, 0xff, 0xff, 0xff, 0xff, 0xff, 0xff, 0xff, 0xff, 0xff
.byte 0xff, 0xff, 0xff, 0xff, 0xbe, 0xef, 0x55, 0x64, 0xce, 0x01, 0x71, 0x12, 0xef, 0x01, 0x6d, 0x84
.byte 0xea, 0xfe, 0xc8, 0xfe, 0xa8, 0xfe, 0xc8, 0xfe, 0x89, 0xf6, 0xad, 0x63, 0xcf, 0x01, 0x50, 0x12
.byte 0xce, 0x01, 0xf7, 0x84, 0xdf, 0xff, 0xff, 0xff, 0xff, 0xff, 0xff, 0xff, 0xff, 0xff, 0xff, 0xff
.byte 0xff, 0xff, 0xff, 0xff, 0xff, 0xff, 0xff, 0xff, 0xff, 0xff, 0xff, 0xff, 0xff, 0xff, 0x5d, 0xe7
.byte 0xb3, 0x4b, 0x50, 0x12, 0x50, 0x12, 0x71, 0x1a, 0x30, 0x0a, 0x0e, 0x43, 0x4d, 0xad, 0x6c, 0xe6
.byte 0x2c, 0xde, 0x6d, 0x84, 0x4e, 0x1a, 0x30, 0x12, 0x50, 0x12, 0xce, 0x01, 0x17, 0x85, 0x7d, 0xef
.byte 0xff, 0xff, 0xff, 0xff, 0xff, 0xff, 0xff, 0xff, 0xff, 0xff, 0xff, 0xff, 0xff, 0xff, 0xff, 0xff
.byte 0xff, 0xff, 0xff, 0xff, 0xff, 0xff, 0xff, 0xff, 0xff, 0xff, 0xff, 0xff, 0xff, 0xff, 0xff, 0xff
.byte 0xff, 0xff, 0xff, 0xff, 0xff, 0xff, 0xff, 0xff, 0xff, 0xff, 0xff, 0xff, 0xff, 0xff, 0xff, 0xff
.byte 0xff, 0xff, 0xbe, 0xf7, 0x35, 0x64, 0x51, 0x12, 0x92, 0x1a, 0x50, 0x12, 0xcd, 0x94, 0x0b, 0xff
.byte 0xe9, 0xfe, 0xc8, 0xfe, 0xea, 0xfe, 0x4c, 0xbd, 0x6d, 0x2a, 0xcf, 0x01, 0x4f, 0x12, 0x2f, 0x12
.byte 0x2f, 0x12, 0x55, 0x64, 0x3d, 0xdf, 0xff, 0xff, 0xff, 0xff, 0xff, 0xff, 0xff, 0xff, 0xff, 0xff
.byte 0xff, 0xff, 0xff, 0xff, 0xff, 0xff, 0xff, 0xff, 0xff, 0xff, 0xff, 0xff, 0xff, 0xff, 0xd6, 0x7c
.byte 0x0f, 0x0a, 0x71, 0x12, 0x0f, 0x0a, 0x2f, 0x74, 0x0d, 0xd6, 0xcb, 0xcd, 0x8b, 0xc5, 0xca, 0xcd
.byte 0xcc, 0xcd, 0x6e, 0x5b, 0xcf, 0x01, 0x50, 0x12, 0xee, 0x01, 0x37, 0x8d, 0xff, 0xff, 0xff, 0xff
.byte 0xff, 0xff, 0xff, 0xff, 0xff, 0xff, 0xff, 0xff, 0xff, 0xff, 0xff, 0xff, 0xff, 0xff, 0xff, 0xff
.byte 0xff, 0xff, 0xff, 0xff, 0x5d, 0xe7, 0x93, 0x4b, 0x50, 0x12, 0x50, 0x12, 0x50, 0x12, 0x0f, 0x0a
.byte 0xed, 0x3a, 0xed, 0xcd, 0xea, 0xfe, 0xe9, 0xfe, 0x09, 0xff, 0xcc, 0xf6, 0x0e, 0x74, 0xef, 0x09
.byte 0x50, 0x12, 0xae, 0x01, 0x92, 0x4b, 0x5d, 0xe7, 0xff, 0xff, 0xff, 0xff, 0xff, 0xff, 0xff, 0xff
.byte 0xff, 0xff, 0xff, 0xff, 0xff, 0xff, 0xff, 0xff, 0xff, 0xff, 0xff, 0xff, 0xff, 0xff, 0xff, 0xff
.byte 0xff, 0xff, 0xff, 0xff, 0xff, 0xff, 0xff, 0xff, 0xff, 0xff, 0xff, 0xff, 0xff, 0xff, 0xff, 0xff
.byte 0xff, 0xff, 0xff, 0xff, 0xff, 0xff, 0xff, 0xff, 0xff, 0xff, 0x1d, 0xdf, 0x52, 0x3b, 0x30, 0x0a
.byte 0x51, 0x12, 0x6f, 0x22, 0xcc, 0xc5, 0xe9, 0xfe, 0xa8, 0xfe, 0x89, 0xfe, 0xa8, 0xfe, 0xea, 0xfe
.byte 0x4d, 0xb5, 0x8d, 0x2a, 0xef, 0x01, 0x70, 0x12, 0x71, 0x12, 0x50, 0x12, 0x75, 0x6c, 0x7d, 0xe7
.byte 0xff, 0xff, 0xff, 0xff, 0xff, 0xff, 0xff, 0xff, 0xff, 0xff, 0xff, 0xff, 0xff, 0xff, 0xff, 0xff
.byte 0xff, 0xff, 0xff, 0xff, 0x7e, 0xef, 0xb6, 0x7c, 0x50, 0x0a, 0x91, 0x12, 0x50, 0x12, 0x8f, 0x22
.byte 0x8e, 0x2a, 0x6d, 0x22, 0x4d, 0x22, 0x4d, 0x22, 0x6d, 0x2a, 0x4e, 0x22, 0x30, 0x12, 0x50, 0x12
.byte 0x0f, 0x0a, 0xb6, 0x74, 0x5e, 0xe7, 0xdf, 0xff, 0xff, 0xff, 0xff, 0xff, 0xff, 0xff, 0xff, 0xff
.byte 0xff, 0xff, 0xff, 0xff, 0xff, 0xff, 0xff, 0xff, 0xff, 0xff, 0x7e, 0xef, 0xb3, 0x53, 0x50, 0x12
.byte 0x50, 0x12, 0x50, 0x12, 0xcf, 0x01, 0xad, 0x32, 0xad, 0xc5, 0x0a, 0xff, 0xa9, 0xfe, 0xa9, 0xfe
.byte 0xa9, 0xfe, 0x0a, 0xff, 0x6e, 0xad, 0x2f, 0x12, 0x51, 0x12, 0xcf, 0x01, 0x32, 0x3b, 0xfc, 0xd6
.byte 0xff, 0xff, 0xff, 0xff, 0xff, 0xff, 0xff, 0xff, 0xff, 0xff, 0xff, 0xff, 0xff, 0xff, 0xff, 0xff
.byte 0xff, 0xff, 0xff, 0xff, 0xff, 0xff, 0xff, 0xff, 0xff, 0xff, 0xff, 0xff, 0xff, 0xff, 0xff, 0xff
.byte 0xff, 0xff, 0xff, 0xff, 0xff, 0xff, 0xff, 0xff, 0xff, 0xff, 0xff, 0xff, 0xff, 0xff, 0xff, 0xff
.byte 0xff, 0xff, 0x1d, 0xdf, 0x32, 0x3b, 0x10, 0x0a, 0x51, 0x12, 0x0f, 0x12, 0x0d, 0xa5, 0xe9, 0xfe
.byte 0xa8, 0xfe, 0x89, 0xf6, 0x89, 0xfe, 0x88, 0xfe, 0xea, 0xfe, 0x8d, 0xbd, 0xce, 0x32, 0x31, 0x0a
.byte 0x91, 0x1a, 0x71, 0x12, 0x51, 0x12, 0x96, 0x74, 0x5d, 0xe7, 0xff, 0xff, 0xff, 0xff, 0xff, 0xff
.byte 0xff, 0xff, 0xff, 0xff, 0xff, 0xff, 0x3d, 0xdf, 0xdc, 0xce, 0x99, 0x9d, 0x32, 0x3b, 0x91, 0x1a
.byte 0x71, 0x12, 0x71, 0x12, 0x71, 0x12, 0x50, 0x12, 0x31, 0x0a, 0x30, 0x0a, 0x30, 0x0a, 0x30, 0x0a
.byte 0x10, 0x0a, 0x30, 0x12, 0x50, 0x12, 0x50, 0x12, 0x50, 0x12, 0x91, 0x1a, 0x52, 0x3b, 0xb6, 0x7c
.byte 0x9b, 0xc6, 0x3d, 0xe7, 0xdf, 0xff, 0xff, 0xff, 0xff, 0xff, 0xff, 0xff, 0xff, 0xff, 0xff, 0xff
.byte 0x7e, 0xef, 0x14, 0x5c, 0x50, 0x12, 0x70, 0x12, 0x50, 0x12, 0xef, 0x01, 0xad, 0x32, 0x8c, 0xbd
.byte 0xea, 0xfe, 0x88, 0xfe, 0x89, 0xf6, 0x89, 0xf6, 0xc9, 0xfe, 0x0b, 0xff, 0xef, 0x9c, 0x30, 0x12
.byte 0x72, 0x12, 0x10, 0x02, 0x93, 0x43, 0x3d, 0xdf, 0xff, 0xff, 0xff, 0xff, 0xff, 0xff, 0xff, 0xff
.byte 0xff, 0xff, 0xff, 0xff, 0xff, 0xff, 0xff, 0xff, 0xff, 0xff, 0xff, 0xff, 0xff, 0xff, 0xff, 0xff
.byte 0xff, 0xff, 0xff, 0xff, 0xff, 0xff, 0xff, 0xff, 0xff, 0xff, 0xff, 0xff, 0xff, 0xff, 0xff, 0xff
.byte 0xff, 0xff, 0xff, 0xff, 0xff, 0xff, 0xff, 0xff, 0xff, 0xff, 0x9e, 0xf7, 0xf4, 0x5b, 0x0f, 0x0a
.byte 0x50, 0x12, 0xef, 0x09, 0x0d, 0x4b, 0x2b, 0xde, 0xc8, 0xfe, 0x68, 0xfe, 0x89, 0xf6, 0x89, 0xfe
.byte 0xa9, 0xfe, 0x0b, 0xff, 0xcf, 0xc5, 0xef, 0x32, 0x31, 0x0a, 0x92, 0x1a, 0x71, 0x12, 0x30, 0x12
.byte 0x76, 0x6c, 0x1d, 0xdf, 0xff, 0xff, 0xff, 0xff, 0xff, 0xff, 0xfc, 0xd6, 0x98, 0x9d, 0xf1, 0x32
.byte 0x70, 0x12, 0x30, 0x0a, 0x71, 0x0a, 0x71, 0x12, 0x71, 0x12, 0x71, 0x12, 0x50, 0x12, 0x10, 0x0a
.byte 0xef, 0x09, 0xef, 0x09, 0xef, 0x09, 0xef, 0x09, 0x0f, 0x0a, 0x10, 0x0a, 0x30, 0x12, 0x51, 0x12
.byte 0x71, 0x12, 0x51, 0x12, 0x51, 0x0a, 0x30, 0x0a, 0x50, 0x1a, 0x52, 0x3b, 0xb6, 0x7c, 0x9b, 0xc6
.byte 0x9e, 0xef, 0xff, 0xff, 0xff, 0xff, 0xdf, 0xff, 0x14, 0x64, 0x71, 0x12, 0x70, 0x1a, 0x50, 0x12
.byte 0xef, 0x09, 0xee, 0x3a, 0xcd, 0xc5, 0xea, 0xfe, 0x88, 0xfe, 0x89, 0xf6, 0x89, 0xf6, 0x88, 0xfe
.byte 0x0a, 0xff, 0x0d, 0xd6, 0x0f, 0x43, 0x31, 0x0a, 0x92, 0x1a, 0x10, 0x0a, 0x75, 0x6c, 0x9e, 0xf7
.byte 0xff, 0xff, 0xff, 0xff, 0xff, 0xff, 0xff, 0xff, 0xff, 0xff, 0xff, 0xff, 0xff, 0xff, 0xff, 0xff
.byte 0xff, 0xff, 0xff, 0xff, 0xff, 0xff, 0xff, 0xff, 0xff, 0xff, 0xff, 0xff, 0xff, 0xff, 0xff, 0xff
.byte 0xff, 0xff, 0xff, 0xff, 0xff, 0xff, 0xff, 0xff, 0xff, 0xff, 0xff, 0xff, 0xff, 0xff, 0xff, 0xff
.byte 0xff, 0xff, 0xff, 0xff, 0x37, 0x95, 0x50, 0x12, 0x2f, 0x12, 0x30, 0x12, 0xce, 0x09, 0x4c, 0x5b
.byte 0x2b, 0xe6, 0xc9, 0xfe, 0x89, 0xfe, 0xa9, 0xfe, 0xaa, 0xfe, 0xca, 0xfe, 0x0c, 0xff, 0xcf, 0xc5
.byte 0xef, 0x32, 0x30, 0x0a, 0x71, 0x12, 0x50, 0x12, 0x2f, 0x0a, 0x14, 0x64, 0x3d, 0xdf, 0xfc, 0xd6
.byte 0xd9, 0xad, 0xb0, 0x32, 0x0f, 0x0a, 0x2f, 0x0a, 0x71, 0x12, 0x71, 0x12, 0x51, 0x0a, 0x11, 0x0a
.byte 0x10, 0x0a, 0x30, 0x0a, 0x2f, 0x12, 0x4e, 0x1a, 0x4d, 0x22, 0x4d, 0x22, 0x4d, 0x22, 0x2d, 0x22
.byte 0x2e, 0x1a, 0x2e, 0x12, 0x2f, 0x12, 0x10, 0x0a, 0x10, 0x0a, 0x31, 0x0a, 0x51, 0x12, 0x71, 0x1a
.byte 0x50, 0x12, 0x0f, 0x0a, 0xce, 0x09, 0xb0, 0x2a, 0xf3, 0x5b, 0x7b, 0xc6, 0xdc, 0xce, 0xd6, 0x7c
.byte 0x50, 0x1a, 0x71, 0x12, 0x71, 0x12, 0x10, 0x0a, 0x0e, 0x43, 0xee, 0xcd, 0x0a, 0xff, 0x89, 0xfe
.byte 0x89, 0xf6, 0x89, 0xf6, 0x88, 0xfe, 0xe9, 0xfe, 0x0c, 0xd6, 0x0d, 0x4b, 0x10, 0x0a, 0x71, 0x1a
.byte 0x51, 0x12, 0x30, 0x12, 0xd9, 0xad, 0xff, 0xff, 0xff, 0xff, 0xff, 0xff, 0xff, 0xff, 0xff, 0xff
.byte 0xff, 0xff, 0xff, 0xff, 0xff, 0xff, 0xff, 0xff, 0xff, 0xff, 0xff, 0xff, 0xff, 0xff, 0xff, 0xff
.byte 0xff, 0xff, 0xff, 0xff, 0xff, 0xff, 0xff, 0xff, 0xff, 0xff, 0xff, 0xff, 0xff, 0xff, 0xff, 0xff
.byte 0xff, 0xff, 0xff, 0xff, 0xff, 0xff, 0xff, 0xff, 0xff, 0xff, 0xff, 0xff, 0xfc, 0xd6, 0x52, 0x43
.byte 0xae, 0x01, 0x50, 0x12, 0x30, 0x12, 0xce, 0x09, 0x6c, 0x5b, 0x6c, 0xe6, 0xe9, 0xfe, 0xa9, 0xfe
.byte 0xca, 0xfe, 0xca, 0xfe, 0xca, 0xfe, 0x2c, 0xff, 0xce, 0xc5, 0xce, 0x32, 0x10, 0x0a, 0x70, 0x12
.byte 0x2f, 0x12, 0x4f, 0x1a, 0x72, 0x43, 0x31, 0x3b, 0x0f, 0x0a, 0x2f, 0x12, 0x50, 0x1a, 0x50, 0x12
.byte 0xef, 0x09, 0xef, 0x09, 0x4f, 0x1a, 0xef, 0x3a, 0xae, 0x5b, 0x6e, 0x7c, 0xee, 0x9c, 0x4d, 0xb5
.byte 0x8c, 0xbd, 0x8c, 0xbd, 0x8c, 0xbd, 0x6c, 0xbd, 0x4d, 0xad, 0x0d, 0x9d, 0x8e, 0x8c, 0xee, 0x6b
.byte 0x4f, 0x4b, 0xaf, 0x2a, 0x0f, 0x12, 0xef, 0x01, 0x10, 0x0a, 0x50, 0x12, 0x4f, 0x12, 0xee, 0x09
.byte 0xce, 0x09, 0x12, 0x33, 0x73, 0x43, 0x50, 0x12, 0x50, 0x1a, 0x51, 0x12, 0x10, 0x02, 0x0d, 0x43
.byte 0x0d, 0xd6, 0x0b, 0xff, 0x89, 0xfe, 0x89, 0xfe, 0xa9, 0xfe, 0x88, 0xfe, 0xe9, 0xfe, 0x0c, 0xd6
.byte 0x0d, 0x4b, 0xcf, 0x01, 0x51, 0x12, 0x50, 0x12, 0xce, 0x01, 0x92, 0x4b, 0x7e, 0xef, 0xdf, 0xff
.byte 0xdf, 0xff, 0xff, 0xff, 0xff, 0xff, 0xff, 0xff, 0xff, 0xff, 0xff, 0xff, 0xff, 0xff, 0xff, 0xff
.byte 0xff, 0xff, 0xff, 0xff, 0xff, 0xff, 0xff, 0xff, 0xff, 0xff, 0xff, 0xff, 0xff, 0xff, 0xff, 0xff
.byte 0xff, 0xff, 0xff, 0xff, 0xff, 0xff, 0xff, 0xff, 0xff, 0xff, 0xff, 0xff, 0xff, 0xff, 0xff, 0xff
.byte 0xff, 0xff, 0xff, 0xff, 0xff, 0xff, 0xf9, 0xad, 0x12, 0x33, 0xae, 0x01, 0x50, 0x12, 0x30, 0x12
.byte 0xef, 0x09, 0xce, 0x63, 0xad, 0xee, 0x0a, 0xff, 0xaa, 0xfe, 0xaa, 0xfe, 0xaa, 0xfe, 0xc9, 0xfe
.byte 0x0b, 0xff, 0x8d, 0xbd, 0xad, 0x32, 0x2f, 0x12, 0x50, 0x12, 0x2f, 0x12, 0xef, 0x09, 0x30, 0x0a
.byte 0x50, 0x1a, 0x50, 0x12, 0xef, 0x09, 0xce, 0x09, 0x8d, 0x32, 0xcc, 0x6b, 0x2c, 0xad, 0x0c, 0xd6
.byte 0xac, 0xee, 0xec, 0xfe, 0x0b, 0xff, 0x0b, 0xff, 0x0a, 0xff, 0x0a, 0xff, 0x0a, 0xff, 0x0b, 0xff
.byte 0x2b, 0xff, 0x0b, 0xff, 0x0b, 0xff, 0xcc, 0xf6, 0x6d, 0xe6, 0xad, 0xc5, 0xad, 0x94, 0x6d, 0x53
.byte 0x4d, 0x22, 0xae, 0x01, 0xef, 0x09, 0x4f, 0x12, 0x4f, 0x12, 0x0f, 0x0a, 0x0f, 0x0a, 0x70, 0x12
.byte 0x71, 0x12, 0x30, 0x12, 0x0d, 0x43, 0xcc, 0xcd, 0x0a, 0xff, 0xa9, 0xfe, 0x89, 0xfe, 0xa9, 0xfe
.byte 0x88, 0xfe, 0xe9, 0xfe, 0x0c, 0xd6, 0x0d, 0x4b, 0xcf, 0x01, 0x30, 0x12, 0x50, 0x12, 0xef, 0x01
.byte 0xd0, 0x2a, 0x39, 0xb6, 0xff, 0xff, 0x9d, 0xf7, 0xff, 0xff, 0xff, 0xff, 0xff, 0xff, 0xff, 0xff
.byte 0xff, 0xff, 0xff, 0xff, 0xff, 0xff, 0xff, 0xff, 0xff, 0xff, 0xff, 0xff, 0xff, 0xff, 0xff, 0xff
.byte 0xff, 0xff, 0xff, 0xff, 0xff, 0xff, 0xff, 0xff, 0xff, 0xff, 0xff, 0xff, 0xff, 0xff, 0xff, 0xff
.byte 0xff, 0xff, 0xff, 0xff, 0xff, 0xff, 0xff, 0xff, 0xff, 0xff, 0xff, 0xff, 0xff, 0xff, 0xff, 0xff
.byte 0xfa, 0xad, 0xf1, 0x2a, 0xef, 0x01, 0x71, 0x1a, 0x71, 0x12, 0x30, 0x12, 0xee, 0x6b, 0xad, 0xee
.byte 0x0a, 0xff, 0xa9, 0xfe, 0xaa, 0xfe, 0xa9, 0xfe, 0xa8, 0xfe, 0x0a, 0xff, 0x4e, 0xad, 0x2e, 0x1a
.byte 0x30, 0x12, 0x50, 0x12, 0x70, 0x12, 0x50, 0x12, 0x10, 0x0a, 0xee, 0x09, 0xcd, 0x3a, 0x6c, 0x8c
.byte 0xeb, 0xd5, 0xaa, 0xf6, 0xea, 0xfe, 0xe9, 0xfe, 0xc9, 0xfe, 0xa9, 0xfe, 0xa9, 0xfe, 0xa9, 0xfe
.byte 0xa9, 0xfe, 0xa9, 0xfe, 0xa9, 0xfe, 0xa9, 0xfe, 0xa9, 0xfe, 0xa9, 0xfe, 0xa9, 0xfe, 0xc9, 0xfe
.byte 0xea, 0xfe, 0xea, 0xfe, 0xea, 0xfe, 0x8b, 0xee, 0x8c, 0xbd, 0xec, 0x73, 0x6d, 0x2a, 0xce, 0x01
.byte 0x2f, 0x0a, 0x70, 0x1a, 0x50, 0x1a, 0x50, 0x12, 0x51, 0x0a, 0x8f, 0x2a, 0xae, 0xc5, 0x0a, 0xff
.byte 0x88, 0xfe, 0x89, 0xf6, 0xa9, 0xfe, 0x89, 0xfe, 0xea, 0xfe, 0x2c, 0xd6, 0x2d, 0x4b, 0xef, 0x09
.byte 0x51, 0x12, 0x50, 0x12, 0xef, 0x01, 0xb0, 0x2a, 0xd9, 0xad, 0xbe, 0xf7, 0x5d, 0xef, 0xdf, 0xff
.byte 0xff, 0xff, 0xff, 0xff, 0xff, 0xff, 0xff, 0xff, 0xff, 0xff, 0xff, 0xff, 0xff, 0xff, 0xff, 0xff
.byte 0xff, 0xff, 0xff, 0xff, 0xff, 0xff, 0xff, 0xff, 0xff, 0xff, 0xff, 0xff, 0xff, 0xff, 0xff, 0xff
.byte 0xff, 0xff, 0xff, 0xff, 0xff, 0xff, 0xff, 0xff, 0xff, 0xff, 0xff, 0xff, 0xff, 0xff, 0xff, 0xff
.byte 0xff, 0xff, 0xff, 0xff, 0xff, 0xff, 0xff, 0xff, 0xff, 0xff, 0xfa, 0xad, 0x12, 0x33, 0x51, 0x0a
.byte 0x91, 0x1a, 0x71, 0x12, 0x30, 0x12, 0xee, 0x6b, 0x8d, 0xe6, 0x0a, 0xff, 0xa9, 0xfe, 0x89, 0xfe
.byte 0xc9, 0xfe, 0x6b, 0xee, 0x0d, 0x74, 0x2f, 0x12, 0x50, 0x12, 0x70, 0x12, 0x51, 0x12, 0xef, 0x09
.byte 0x8d, 0x2a, 0x6d, 0x8c, 0x0c, 0xde, 0xca, 0xfe, 0xe9, 0xfe, 0xa9, 0xfe, 0x89, 0xfe, 0x89, 0xfe
.byte 0x89, 0xfe, 0x89, 0xfe, 0xaa, 0xfe, 0xaa, 0xfe, 0xaa, 0xfe, 0xaa, 0xfe, 0xaa, 0xfe, 0xaa, 0xfe
.byte 0xaa, 0xfe, 0xaa, 0xfe, 0xaa, 0xfe, 0x89, 0xfe, 0x89, 0xfe, 0x89, 0xfe, 0xa9, 0xfe, 0xe9, 0xfe
.byte 0x0a, 0xff, 0xca, 0xf6, 0xec, 0xcd, 0xed, 0x73, 0x4e, 0x1a, 0x10, 0x0a, 0x50, 0x12, 0x70, 0x1a
.byte 0x50, 0x12, 0x6f, 0x1a, 0x6d, 0x8c, 0xab, 0xf6, 0xc9, 0xfe, 0x88, 0xf6, 0x88, 0xfe, 0xea, 0xfe
.byte 0x2d, 0xd6, 0x4e, 0x4b, 0xf0, 0x09, 0x51, 0x12, 0x70, 0x1a, 0x0f, 0x0a, 0xd0, 0x2a, 0xd9, 0xad
.byte 0x9e, 0xf7, 0x5d, 0xef, 0xdf, 0xff, 0xff, 0xff, 0xff, 0xff, 0xff, 0xff, 0xff, 0xff, 0xff, 0xff
.byte 0xff, 0xff, 0xff, 0xff, 0xff, 0xff, 0xff, 0xff, 0xff, 0xff, 0xff, 0xff, 0xff, 0xff, 0xff, 0xff
.byte 0xff, 0xff, 0xff, 0xff, 0xff, 0xff, 0xff, 0xff, 0xff, 0xff, 0xff, 0xff, 0xff, 0xff, 0xff, 0xff
.byte 0xff, 0xff, 0xff, 0xff, 0xff, 0xff, 0xff, 0xff, 0xff, 0xff, 0xff, 0xff, 0xff, 0xff, 0xff, 0xff
.byte 0xff, 0xff, 0xff, 0xff, 0x1a, 0xae, 0x32, 0x33, 0x51, 0x0a, 0x91, 0x1a, 0x71, 0x12, 0x30, 0x0a
.byte 0xce, 0x6b, 0x8d, 0xe6, 0xc9, 0xfe, 0xc9, 0xfe, 0x6d, 0xe6, 0xae, 0x63, 0x2f, 0x12, 0x71, 0x12
.byte 0x71, 0x12, 0x51, 0x0a, 0x2f, 0x12, 0xae, 0x5b, 0xed, 0xcd, 0xeb, 0xfe, 0xc9, 0xfe, 0xa9, 0xfe
.byte 0x89, 0xfe, 0x89, 0xfe, 0x89, 0xfe, 0x89, 0xfe, 0x89, 0xfe, 0xaa, 0xfe, 0xaa, 0xfe, 0xaa, 0xfe
.byte 0x8a, 0xfe, 0x8a, 0xfe, 0xaa, 0xfe, 0xaa, 0xfe, 0xaa, 0xfe, 0xaa, 0xfe, 0xaa, 0xfe, 0xa9, 0xfe
.byte 0x89, 0xfe, 0xa9, 0xfe, 0x89, 0xfe, 0x89, 0xfe, 0xa9, 0xfe, 0xc9, 0xfe, 0x0a, 0xff, 0xcc, 0xf6
.byte 0x6d, 0xb5, 0x0e, 0x4b, 0x30, 0x12, 0x51, 0x12, 0x71, 0x1a, 0x51, 0x12, 0x2f, 0x12, 0x0d, 0x7c
.byte 0x8c, 0xf6, 0xc8, 0xfe, 0xc9, 0xfe, 0x0d, 0xd6, 0x2e, 0x4b, 0xef, 0x09, 0x51, 0x12, 0x71, 0x1a
.byte 0x0f, 0x0a, 0xf1, 0x32, 0x19, 0xb6, 0xbe, 0xff, 0x7d, 0xef, 0xdf, 0xff, 0xff, 0xff, 0xff, 0xff
.byte 0xff, 0xff, 0xff, 0xff, 0xff, 0xff, 0xff, 0xff, 0xff, 0xff, 0xff, 0xff, 0xff, 0xff, 0xff, 0xff
.byte 0xff, 0xff, 0xff, 0xff, 0xff, 0xff, 0xff, 0xff, 0xff, 0xff, 0xff, 0xff, 0xff, 0xff, 0xff, 0xff
.byte 0xff, 0xff, 0xff, 0xff, 0xff, 0xff, 0xff, 0xff, 0xff, 0xff, 0xff, 0xff, 0xff, 0xff, 0xff, 0xff
.byte 0xff, 0xff, 0xff, 0xff, 0xff, 0xff, 0xff, 0xff, 0xff, 0xff, 0xff, 0xff, 0xff, 0xff, 0xf9, 0xa5
.byte 0x12, 0x2b, 0x50, 0x12, 0x91, 0x1a, 0x71, 0x12, 0x0f, 0x0a, 0xad, 0x63, 0x8d, 0xee, 0xad, 0xee
.byte 0xce, 0x63, 0x30, 0x12, 0x71, 0x12, 0x91, 0x1a, 0x51, 0x0a, 0x8f, 0x22, 0xae, 0x8c, 0xad, 0xee
.byte 0xea, 0xfe, 0xa9, 0xfe, 0x89, 0xfe, 0xaa, 0xfe, 0x89, 0xfe, 0x89, 0xfe, 0x89, 0xfe, 0x89, 0xfe
.byte 0x8a, 0xfe, 0xaa, 0xfe, 0xaa, 0xfe, 0xaa, 0xfe, 0xaa, 0xfe, 0xaa, 0xfe, 0x8a, 0xfe, 0xaa, 0xfe
.byte 0xaa, 0xfe, 0xaa, 0xfe, 0xaa, 0xfe, 0xaa, 0xfe, 0xaa, 0xfe, 0xaa, 0xfe, 0xaa, 0xfe, 0xa9, 0xfe
.byte 0xa9, 0xfe, 0xaa, 0xfe, 0xa9, 0xfe, 0xc9, 0xfe, 0xeb, 0xfe, 0x0d, 0xde, 0xce, 0x6b, 0x2f, 0x1a
.byte 0x51, 0x12, 0x71, 0x1a, 0x51, 0x12, 0x2f, 0x12, 0x0d, 0x7c, 0xed, 0xf6, 0x4d, 0xd6, 0x2e, 0x4b
.byte 0xf0, 0x09, 0x51, 0x12, 0x51, 0x12, 0x0f, 0x0a, 0xf1, 0x32, 0x3a, 0xb6, 0xbe, 0xf7, 0x7d, 0xef
.byte 0xff, 0xff, 0xff, 0xff, 0xff, 0xff, 0xff, 0xff, 0xff, 0xff, 0xff, 0xff, 0xff, 0xff, 0xff, 0xff
.byte 0xff, 0xff, 0xff, 0xff, 0xff, 0xff, 0xff, 0xff, 0xff, 0xff, 0xff, 0xff, 0xff, 0xff, 0xff, 0xff
.byte 0xff, 0xff, 0xff, 0xff, 0xff, 0xff, 0xff, 0xff, 0xff, 0xff, 0xff, 0xff, 0xff, 0xff, 0xff, 0xff
.byte 0xff, 0xff, 0xff, 0xff, 0xff, 0xff, 0xff, 0xff, 0xff, 0xff, 0xff, 0xff, 0xff, 0xff, 0xff, 0xff
.byte 0xff, 0xff, 0xff, 0xff, 0xff, 0xff, 0xff, 0xff, 0xb8, 0x9d, 0xd1, 0x22, 0x0f, 0x0a, 0x70, 0x12
.byte 0x30, 0x12, 0x0e, 0x12, 0xce, 0x63, 0xcf, 0x63, 0x4f, 0x12, 0x71, 0x12, 0x71, 0x1a, 0x31, 0x0a
.byte 0xcf, 0x32, 0x6e, 0xb5, 0x0c, 0xff, 0xea, 0xfe, 0xa9, 0xfe, 0x89, 0xfe, 0xaa, 0xfe, 0xaa, 0xfe
.byte 0xa9, 0xfe, 0xaa, 0xfe, 0xaa, 0xfe, 0xaa, 0xfe, 0xaa, 0xfe, 0xaa, 0xfe, 0xaa, 0xfe, 0xaa, 0xfe
.byte 0xaa, 0xfe, 0xaa, 0xfe, 0xaa, 0xfe, 0xaa, 0xfe, 0xaa, 0xfe, 0xaa, 0xfe, 0xaa, 0xfe, 0xaa, 0xfe
.byte 0xaa, 0xfe, 0xaa, 0xfe, 0xaa, 0xfe, 0xaa, 0xfe, 0xaa, 0xfe, 0xaa, 0xfe, 0xaa, 0xfe, 0xaa, 0xfe
.byte 0xc9, 0xfe, 0xa9, 0xfe, 0x4b, 0xf6, 0x6e, 0x8c, 0x4f, 0x1a, 0x31, 0x12, 0x71, 0x1a, 0x30, 0x12
.byte 0x4f, 0x1a, 0xef, 0x6b, 0x6f, 0x53, 0x0f, 0x0a, 0x51, 0x12, 0x70, 0x12, 0xef, 0x01, 0xf0, 0x2a
.byte 0x3a, 0xb6, 0xbe, 0xff, 0x5c, 0xef, 0xff, 0xff, 0xff, 0xff, 0xff, 0xff, 0xff, 0xff, 0xff, 0xff
.byte 0xff, 0xff, 0xff, 0xff, 0xff, 0xff, 0xff, 0xff, 0xff, 0xff, 0xff, 0xff, 0xff, 0xff, 0xff, 0xff
.byte 0xff, 0xff, 0xff, 0xff, 0xff, 0xff, 0xff, 0xff, 0xff, 0xff, 0xff, 0xff, 0xff, 0xff, 0xff, 0xff
.byte 0xff, 0xff, 0xff, 0xff, 0xff, 0xff, 0xff, 0xff, 0xff, 0xff, 0xff, 0xff, 0xff, 0xff, 0xff, 0xff
.byte 0xff, 0xff, 0xff, 0xff, 0xff, 0xff, 0xff, 0xff, 0xff, 0xff, 0xff, 0xff, 0xff, 0xff, 0xff, 0xff
.byte 0xff, 0xff, 0x37, 0x95, 0xb1, 0x22, 0xee, 0x01, 0x50, 0x12, 0x30, 0x12, 0x0f, 0x0a, 0x10, 0x12
.byte 0x51, 0x12, 0x71, 0x1a, 0x30, 0x0a, 0xee, 0x3a, 0xae, 0xc5, 0x0c, 0xff, 0xca, 0xfe, 0xaa, 0xfe
.byte 0xa9, 0xfe, 0xa9, 0xfe, 0x8a, 0xfe, 0xaa, 0xfe, 0xaa, 0xfe, 0xaa, 0xfe, 0xaa, 0xfe, 0xaa, 0xfe
.byte 0xaa, 0xfe, 0xaa, 0xfe, 0xaa, 0xfe, 0xaa, 0xfe, 0xaa, 0xfe, 0xaa, 0xfe, 0xaa, 0xfe, 0xaa, 0xfe
.byte 0xaa, 0xfe, 0xaa, 0xfe, 0xaa, 0xfe, 0xaa, 0xfe, 0xaa, 0xfe, 0xaa, 0xfe, 0xaa, 0xfe, 0xaa, 0xfe
.byte 0xaa, 0xfe, 0xaa, 0xfe, 0xaa, 0xfe, 0xaa, 0xfe, 0xaa, 0xfe, 0xaa, 0xfe, 0x49, 0xfe, 0x4b, 0xfe
.byte 0xad, 0x9c, 0x4f, 0x22, 0x30, 0x0a, 0x70, 0x1a, 0x50, 0x12, 0x0f, 0x0a, 0x0f, 0x0a, 0x50, 0x12
.byte 0x50, 0x12, 0xef, 0x01, 0x11, 0x33, 0x3a, 0xb6, 0x9d, 0xf7, 0x5c, 0xef, 0xff, 0xff, 0xff, 0xff
.byte 0xff, 0xff, 0xff, 0xff, 0xff, 0xff, 0xff, 0xff, 0xff, 0xff, 0xff, 0xff, 0xff, 0xff, 0xff, 0xff
.byte 0xff, 0xff, 0xff, 0xff, 0xff, 0xff, 0xff, 0xff, 0xff, 0xff, 0xff, 0xff, 0xff, 0xff, 0xff, 0xff
.byte 0xff, 0xff, 0xff, 0xff, 0xff, 0xff, 0xff, 0xff, 0xff, 0xff, 0xff, 0xff, 0xff, 0xff, 0xff, 0xff
.byte 0xff, 0xff, 0xff, 0xff, 0xff, 0xff, 0xff, 0xff, 0xff, 0xff, 0xff, 0xff, 0xff, 0xff, 0xff, 0xff
.byte 0xff, 0xff, 0xff, 0xff, 0xff, 0xff, 0xff, 0xff, 0xff, 0xff, 0xdf, 0xf7, 0x57, 0x95, 0xb0, 0x22
.byte 0xce, 0x01, 0x50, 0x1a, 0x50, 0x12, 0x50, 0x12, 0x50, 0x12, 0x10, 0x0a, 0x8e, 0x2a, 0x8d, 0xbd
.byte 0x0b, 0xff, 0xa9, 0xfe, 0xaa, 0xfe, 0xaa, 0xfe, 0xaa, 0xfe, 0xaa, 0xfe, 0x8a, 0xfe, 0x8a, 0xfe
.byte 0xaa, 0xfe, 0x8a, 0xfe, 0xaa, 0xfe, 0xaa, 0xfe, 0xaa, 0xfe, 0xaa, 0xfe, 0xaa, 0xfe, 0xaa, 0xfe
.byte 0xaa, 0xfe, 0xaa, 0xfe, 0xaa, 0xfe, 0xaa, 0xfe, 0xaa, 0xfe, 0xaa, 0xfe, 0xaa, 0xfe, 0xaa, 0xfe
.byte 0xaa, 0xfe, 0xaa, 0xfe, 0xaa, 0xfe, 0xaa, 0xfe, 0xaa, 0xfe, 0xaa, 0xfe, 0xaa, 0xfe, 0xaa, 0xfe
.byte 0xaa, 0xfe, 0xca, 0xfe, 0x69, 0xfe, 0x08, 0xfe, 0x4a, 0xfe, 0x8d, 0x94, 0x2e, 0x1a, 0x30, 0x12
.byte 0x50, 0x12, 0x50, 0x12, 0x50, 0x12, 0x30, 0x12, 0xce, 0x01, 0xf1, 0x32, 0xbc, 0xc6, 0xfe, 0xff
.byte 0x3c, 0xef, 0xff, 0xff, 0xff, 0xff, 0xff, 0xff, 0xff, 0xff, 0xff, 0xff, 0xff, 0xff, 0xff, 0xff
.byte 0xff, 0xff, 0xff, 0xff, 0xff, 0xff, 0xff, 0xff, 0xff, 0xff, 0xff, 0xff, 0xff, 0xff, 0xff, 0xff
.byte 0xff, 0xff, 0xff, 0xff, 0xff, 0xff, 0xff, 0xff, 0xff, 0xff, 0xff, 0xff, 0xff, 0xff, 0xff, 0xff
.byte 0xff, 0xff, 0xff, 0xff, 0xff, 0xff, 0xff, 0xff, 0xff, 0xff, 0xff, 0xff, 0xff, 0xff, 0xff, 0xff
.byte 0xff, 0xff, 0xff, 0xff, 0xff, 0xff, 0xff, 0xff, 0xff, 0xff, 0xff, 0xff, 0xff, 0xff, 0xff, 0xff
.byte 0xff, 0xff, 0xff, 0xff, 0xdf, 0xff, 0xb9, 0x9d, 0x12, 0x33, 0xee, 0x09, 0x4f, 0x12, 0x50, 0x12
.byte 0x0f, 0x0a, 0x2d, 0x1a, 0x0d, 0xad, 0xeb, 0xfe, 0xa9, 0xfe, 0x8a, 0xfe, 0x89, 0xfe, 0xa9, 0xfe
.byte 0xaa, 0xfe, 0xaa, 0xfe, 0xaa, 0xfe, 0xaa, 0xfe, 0xaa, 0xfe, 0xaa, 0xfe, 0xaa, 0xfe, 0xaa, 0xfe
.byte 0xaa, 0xfe, 0xaa, 0xfe, 0xaa, 0xfe, 0xaa, 0xfe, 0xaa, 0xfe, 0xaa, 0xfe, 0xaa, 0xfe, 0xaa, 0xfe
.byte 0xaa, 0xfe, 0xaa, 0xfe, 0xaa, 0xfe, 0xaa, 0xfe, 0xaa, 0xfe, 0xaa, 0xfe, 0xaa, 0xfe, 0xaa, 0xfe
.byte 0xaa, 0xfe, 0xaa, 0xfe, 0xaa, 0xfe, 0xaa, 0xfe, 0xaa, 0xfe, 0xaa, 0xfe, 0xaa, 0xfe, 0x08, 0xf6
.byte 0x07, 0xfe, 0x4a, 0xf6, 0x2c, 0x84, 0xee, 0x11, 0x30, 0x12, 0x50, 0x12, 0x2f, 0x12, 0xee, 0x09
.byte 0xf1, 0x32, 0x5a, 0xb6, 0xff, 0xff, 0x7d, 0xf7, 0xff, 0xff, 0xff, 0xff, 0xff, 0xff, 0xff, 0xff
.byte 0xff, 0xff, 0xff, 0xff, 0xff, 0xff, 0xff, 0xff, 0xff, 0xff, 0xff, 0xff, 0xff, 0xff, 0xff, 0xff
.byte 0xff, 0xff, 0xff, 0xff, 0xff, 0xff, 0xff, 0xff, 0xff, 0xff, 0xff, 0xff, 0xff, 0xff, 0xff, 0xff
.byte 0xff, 0xff, 0xff, 0xff, 0xff, 0xff, 0xff, 0xff, 0xff, 0xff, 0xff, 0xff, 0xff, 0xff, 0xff, 0xff
.byte 0xff, 0xff, 0xff, 0xff, 0xff, 0xff, 0xff, 0xff, 0xff, 0xff, 0xff, 0xff, 0xff, 0xff, 0xff, 0xff
.byte 0xff, 0xff, 0xff, 0xff, 0xff, 0xff, 0xff, 0xff, 0xff, 0xff, 0xff, 0xff, 0xff, 0xff, 0xff, 0xff
.byte 0x38, 0x8d, 0xef, 0x09, 0x2f, 0x12, 0x30, 0x0a, 0xcd, 0x09, 0x4c, 0x84, 0xca, 0xfe, 0xa8, 0xfe
.byte 0x89, 0xfe, 0xaa, 0xfe, 0xa9, 0xfe, 0x89, 0xfe, 0xaa, 0xfe, 0xaa, 0xfe, 0xaa, 0xfe, 0xaa, 0xfe
.byte 0xaa, 0xfe, 0xaa, 0xfe, 0xaa, 0xfe, 0xaa, 0xfe, 0xaa, 0xfe, 0xaa, 0xfe, 0xaa, 0xfe, 0xaa, 0xfe
.byte 0xaa, 0xfe, 0xaa, 0xfe, 0xaa, 0xfe, 0xaa, 0xfe, 0xaa, 0xfe, 0xaa, 0xfe, 0xaa, 0xfe, 0xaa, 0xfe
.byte 0xaa, 0xfe, 0xaa, 0xfe, 0xaa, 0xfe, 0xaa, 0xfe, 0xaa, 0xfe, 0xaa, 0xfe, 0xaa, 0xfe, 0xaa, 0xfe
.byte 0xaa, 0xfe, 0xaa, 0xfe, 0xaa, 0xfe, 0x48, 0xf6, 0xc7, 0xf5, 0xe7, 0xfd, 0xea, 0xed, 0x6c, 0x5b
.byte 0xce, 0x09, 0x2f, 0x12, 0x2f, 0x12, 0xce, 0x01, 0xb6, 0x74, 0x9d, 0xef, 0x7d, 0xef, 0xff, 0xff
.byte 0xff, 0xff, 0xff, 0xff, 0xff, 0xff, 0xff, 0xff, 0xff, 0xff, 0xff, 0xff, 0xff, 0xff, 0xff, 0xff
.byte 0xff, 0xff, 0xff, 0xff, 0xff, 0xff, 0xff, 0xff, 0xff, 0xff, 0xff, 0xff, 0xff, 0xff, 0xff, 0xff
.byte 0xff, 0xff, 0xff, 0xff, 0xff, 0xff, 0xff, 0xff, 0xff, 0xff, 0xff, 0xff, 0xff, 0xff, 0xff, 0xff
.byte 0xff, 0xff, 0xff, 0xff, 0xff, 0xff, 0xff, 0xff, 0xff, 0xff, 0xff, 0xff, 0xff, 0xff, 0xff, 0xff
.byte 0xff, 0xff, 0xff, 0xff, 0xff, 0xff, 0xff, 0xff, 0xff, 0xff, 0xff, 0xff, 0xff, 0xff, 0xff, 0xff
.byte 0xff, 0xff, 0xff, 0xff, 0xff, 0xff, 0x7e, 0xef, 0x14, 0x64, 0x30, 0x12, 0x50, 0x12, 0xce, 0x01
.byte 0x2c, 0x53, 0x6b, 0xee, 0xc8, 0xfe, 0x89, 0xfe, 0xa9, 0xfe, 0xaa, 0xfe, 0xaa, 0xfe, 0xaa, 0xfe
.byte 0xaa, 0xfe, 0xaa, 0xfe, 0xaa, 0xfe, 0xaa, 0xfe, 0xaa, 0xfe, 0xaa, 0xfe, 0xaa, 0xfe, 0xaa, 0xfe
.byte 0xaa, 0xfe, 0xaa, 0xfe, 0xaa, 0xfe, 0xaa, 0xfe, 0xaa, 0xfe, 0xaa, 0xfe, 0xaa, 0xfe, 0xaa, 0xfe
.byte 0xaa, 0xfe, 0xaa, 0xfe, 0xaa, 0xfe, 0xaa, 0xfe, 0xaa, 0xfe, 0xaa, 0xfe, 0xaa, 0xfe, 0xaa, 0xfe
.byte 0xaa, 0xfe, 0xaa, 0xfe, 0xaa, 0xfe, 0xaa, 0xfe, 0xaa, 0xfe, 0xaa, 0xfe, 0xaa, 0xfe, 0x69, 0xf6
.byte 0xe7, 0xf5, 0xc6, 0xf5, 0x27, 0xfe, 0x8b, 0xcd, 0xac, 0x3a, 0xef, 0x09, 0x4f, 0x12, 0xee, 0x09
.byte 0x31, 0x33, 0xbb, 0xce, 0xff, 0xff, 0xff, 0xff, 0xff, 0xff, 0xff, 0xff, 0xff, 0xff, 0xff, 0xff
.byte 0xff, 0xff, 0xff, 0xff, 0xff, 0xff, 0xff, 0xff, 0xff, 0xff, 0xff, 0xff, 0xff, 0xff, 0xff, 0xff
.byte 0xff, 0xff, 0xff, 0xff, 0xff, 0xff, 0xff, 0xff, 0xff, 0xff, 0xff, 0xff, 0xff, 0xff, 0xff, 0xff
.byte 0xff, 0xff, 0xff, 0xff, 0xff, 0xff, 0xff, 0xff, 0xff, 0xff, 0xff, 0xff, 0xff, 0xff, 0xff, 0xff
.byte 0xff, 0xff, 0xff, 0xff, 0xff, 0xff, 0xff, 0xff, 0xff, 0xff, 0xff, 0xff, 0xff, 0xff, 0xff, 0xff
.byte 0xff, 0xff, 0xff, 0xff, 0xff, 0xff, 0xff, 0xff, 0xff, 0xff, 0xff, 0xff, 0xff, 0xff, 0x1a, 0xb6
.byte 0x50, 0x12, 0x70, 0x12, 0x10, 0x0a, 0x4d, 0x22, 0x8c, 0xc5, 0xe9, 0xfe, 0x89, 0xfe, 0x89, 0xf6
.byte 0x89, 0xfe, 0xaa, 0xfe, 0xaa, 0xfe, 0xaa, 0xfe, 0xaa, 0xfe, 0xaa, 0xfe, 0xaa, 0xfe, 0xaa, 0xfe
.byte 0xaa, 0xfe, 0xaa, 0xfe, 0xaa, 0xfe, 0xaa, 0xfe, 0xaa, 0xfe, 0xaa, 0xfe, 0xaa, 0xfe, 0xaa, 0xfe
.byte 0xaa, 0xfe, 0xaa, 0xfe, 0xaa, 0xfe, 0xaa, 0xfe, 0xaa, 0xfe, 0xaa, 0xfe, 0xaa, 0xfe, 0xaa, 0xfe
.byte 0xaa, 0xfe, 0xaa, 0xfe, 0xaa, 0xfe, 0xaa, 0xfe, 0xaa, 0xfe, 0xaa, 0xfe, 0xaa, 0xfe, 0xaa, 0xfe
.byte 0xaa, 0xfe, 0xaa, 0xfe, 0xaa, 0xfe, 0x89, 0xfe, 0xe7, 0xf5, 0xc6, 0xf5, 0xe7, 0xfd, 0x28, 0xfe
.byte 0xab, 0xa4, 0x2e, 0x1a, 0x51, 0x12, 0x70, 0x1a, 0x0f, 0x0a, 0xf6, 0x7c, 0x9e, 0xef, 0xff, 0xff
.byte 0xff, 0xff, 0xff, 0xff, 0xff, 0xff, 0xff, 0xff, 0xff, 0xff, 0xff, 0xff, 0xff, 0xff, 0xff, 0xff
.byte 0xff, 0xff, 0xff, 0xff, 0xff, 0xff, 0xff, 0xff, 0xff, 0xff, 0xff, 0xff, 0xff, 0xff, 0xff, 0xff
.byte 0xff, 0xff, 0xff, 0xff, 0xff, 0xff, 0xff, 0xff, 0xff, 0xff, 0xff, 0xff, 0xff, 0xff, 0xff, 0xff
.byte 0xff, 0xff, 0xff, 0xff, 0xff, 0xff, 0xff, 0xff, 0xff, 0xff, 0xff, 0xff, 0xff, 0xff, 0xff, 0xff
.byte 0xff, 0xff, 0xff, 0xff, 0xff, 0xff, 0xff, 0xff, 0xff, 0xff, 0xff, 0xff, 0xff, 0xff, 0xff, 0xff
.byte 0xff, 0xff, 0xff, 0xff, 0x1d, 0xdf, 0x93, 0x43, 0x71, 0x12, 0x71, 0x12, 0x0f, 0x0a, 0x4d, 0x84
.byte 0xcb, 0xfe, 0xc9, 0xfe, 0x89, 0xfe, 0x89, 0xfe, 0x89, 0xfe, 0xaa, 0xfe, 0xaa, 0xfe, 0xaa, 0xfe
.byte 0xaa, 0xfe, 0xaa, 0xfe, 0xaa, 0xfe, 0xaa, 0xfe, 0xaa, 0xfe, 0xaa, 0xfe, 0xaa, 0xfe, 0xaa, 0xfe
.byte 0xaa, 0xfe, 0xaa, 0xfe, 0xaa, 0xfe, 0xaa, 0xfe, 0xaa, 0xfe, 0xaa, 0xfe, 0xaa, 0xfe, 0xaa, 0xfe
.byte 0xaa, 0xfe, 0xaa, 0xfe, 0xaa, 0xfe, 0xaa, 0xfe, 0xaa, 0xfe, 0xaa, 0xfe, 0xaa, 0xfe, 0xaa, 0xfe
.byte 0xaa, 0xfe, 0xaa, 0xfe, 0xaa, 0xfe, 0xaa, 0xfe, 0xaa, 0xfe, 0xaa, 0xfe, 0xaa, 0xfe, 0xaa, 0xfe
.byte 0x08, 0xf6, 0xc7, 0xf5, 0xc7, 0xf5, 0x07, 0xfe, 0x2a, 0xee, 0xae, 0x63, 0x30, 0x0a, 0xb2, 0x1a
.byte 0x50, 0x12, 0x12, 0x33, 0x7b, 0xc6, 0xff, 0xff, 0xff, 0xff, 0xff, 0xff, 0xff, 0xff, 0xff, 0xff
.byte 0xff, 0xff, 0xff, 0xff, 0xff, 0xff, 0xff, 0xff, 0xff, 0xff, 0xff, 0xff, 0xff, 0xff, 0xff, 0xff
.byte 0xff, 0xff, 0xff, 0xff, 0xff, 0xff, 0xff, 0xff, 0xff, 0xff, 0xff, 0xff, 0xff, 0xff, 0xff, 0xff
.byte 0xff, 0xff, 0xff, 0xff, 0xff, 0xff, 0xff, 0xff, 0xff, 0xff, 0xff, 0xff, 0xff, 0xff, 0xff, 0xff
.byte 0xff, 0xff, 0xff, 0xff, 0xff, 0xff, 0xff, 0xff, 0xff, 0xff, 0xff, 0xff, 0xff, 0xff, 0xff, 0xff
.byte 0xff, 0xff, 0xff, 0xff, 0xff, 0xff, 0xff, 0xff, 0xff, 0xff, 0xff, 0xff, 0x5b, 0xbe, 0x92, 0x12
.byte 0xb2, 0x12, 0x51, 0x0a, 0xee, 0x3a, 0x2d, 0xde, 0xea, 0xfe, 0xa9, 0xfe, 0xaa, 0xfe, 0x8a, 0xfe
.byte 0xaa, 0xfe, 0xaa, 0xfe, 0xaa, 0xfe, 0xaa, 0xfe, 0xaa, 0xfe, 0xaa, 0xfe, 0xaa, 0xfe, 0xaa, 0xfe
.byte 0xaa, 0xfe, 0xaa, 0xfe, 0xaa, 0xfe, 0xaa, 0xfe, 0xaa, 0xfe, 0xaa, 0xfe, 0xaa, 0xfe, 0xaa, 0xfe
.byte 0xaa, 0xfe, 0xaa, 0xfe, 0xaa, 0xfe, 0xaa, 0xfe, 0xaa, 0xfe, 0xaa, 0xfe, 0xaa, 0xfe, 0xaa, 0xfe
.byte 0xaa, 0xfe, 0xaa, 0xfe, 0xaa, 0xfe, 0xaa, 0xfe, 0xaa, 0xfe, 0xaa, 0xfe, 0xaa, 0xfe, 0xaa, 0xfe
.byte 0xaa, 0xfe, 0xaa, 0xfe, 0xaa, 0xfe, 0xaa, 0xfe, 0x49, 0xf6, 0xe7, 0xf5, 0xe7, 0xfd, 0xe7, 0xfd
.byte 0x69, 0xfe, 0x6d, 0xbd, 0xaf, 0x22, 0x71, 0x12, 0x91, 0x1a, 0x2f, 0x12, 0xf6, 0x84, 0xdf, 0xff
.byte 0xff, 0xff, 0xff, 0xff, 0xff, 0xff, 0xff, 0xff, 0xff, 0xff, 0xff, 0xff, 0xff, 0xff, 0xff, 0xff
.byte 0xff, 0xff, 0xff, 0xff, 0xff, 0xff, 0xff, 0xff, 0xff, 0xff, 0xff, 0xff, 0xff, 0xff, 0xff, 0xff
.byte 0xff, 0xff, 0xff, 0xff, 0xff, 0xff, 0xff, 0xff, 0xff, 0xff, 0xff, 0xff, 0xff, 0xff, 0xff, 0xff
.byte 0xff, 0xff, 0xff, 0xff, 0xff, 0xff, 0xff, 0xff, 0xff, 0xff, 0xff, 0xff, 0xff, 0xff, 0xff, 0xff
.byte 0xff, 0xff, 0xff, 0xff, 0xff, 0xff, 0xff, 0xff, 0xff, 0xff, 0xff, 0xff, 0xff, 0xff, 0xff, 0xff
.byte 0xff, 0xff, 0x7e, 0xef, 0x14, 0x5c, 0x71, 0x0a, 0x92, 0x12, 0x30, 0x0a, 0x8e, 0x8c, 0xec, 0xfe
.byte 0xca, 0xfe, 0xaa, 0xfe, 0xaa, 0xfe, 0xaa, 0xfe, 0xaa, 0xfe, 0xaa, 0xfe, 0xaa, 0xfe, 0xaa, 0xfe
.byte 0xaa, 0xfe, 0xaa, 0xfe, 0xaa, 0xfe, 0xaa, 0xfe, 0xaa, 0xfe, 0xaa, 0xfe, 0xaa, 0xfe, 0xaa, 0xfe
.byte 0xaa, 0xfe, 0xaa, 0xfe, 0xaa, 0xfe, 0xaa, 0xfe, 0xaa, 0xfe, 0xaa, 0xfe, 0xaa, 0xfe, 0xaa, 0xfe
.byte 0xaa, 0xfe, 0xaa, 0xfe, 0xaa, 0xfe, 0xaa, 0xfe, 0xaa, 0xfe, 0xaa, 0xfe, 0xaa, 0xfe, 0x8a, 0xfe
.byte 0xaa, 0xfe, 0xaa, 0xfe, 0xaa, 0xfe, 0xaa, 0xfe, 0xaa, 0xfe, 0xaa, 0xfe, 0xaa, 0xfe, 0xaa, 0xfe
.byte 0x89, 0xfe, 0x07, 0xf6, 0xe8, 0xfd, 0xe8, 0xf5, 0x28, 0xfe, 0x4b, 0xf6, 0xce, 0x63, 0x30, 0x0a
.byte 0x91, 0x1a, 0x2f, 0x0a, 0x72, 0x43, 0x5e, 0xe7, 0xff, 0xff, 0xff, 0xff, 0xff, 0xff, 0xff, 0xff
.byte 0xff, 0xff, 0xff, 0xff, 0xff, 0xff, 0xff, 0xff, 0xff, 0xff, 0xff, 0xff, 0xff, 0xff, 0xff, 0xff
.byte 0xff, 0xff, 0xff, 0xff, 0xff, 0xff, 0xff, 0xff, 0xff, 0xff, 0xff, 0xff, 0xff, 0xff, 0xff, 0xff
.byte 0xff, 0xff, 0xff, 0xff, 0xff, 0xff, 0xff, 0xff, 0xff, 0xff, 0xff, 0xff, 0xff, 0xff, 0xff, 0xff
.byte 0xff, 0xff, 0xff, 0xff, 0xff, 0xff, 0xff, 0xff, 0xff, 0xff, 0xff, 0xff, 0xff, 0xff, 0xff, 0xff
.byte 0xff, 0xff, 0xff, 0xff, 0xff, 0xff, 0xff, 0xff, 0xff, 0xff, 0xfc, 0xd6, 0x70, 0x1a, 0x92, 0x12
.byte 0x31, 0x0a, 0xcf, 0x32, 0xed, 0xcd, 0x0b, 0xff, 0xca, 0xfe, 0xaa, 0xfe, 0xaa, 0xfe, 0xaa, 0xfe
.byte 0xaa, 0xfe, 0xaa, 0xfe, 0xaa, 0xfe, 0xaa, 0xfe, 0xaa, 0xfe, 0xaa, 0xfe, 0xaa, 0xfe, 0xaa, 0xfe
.byte 0xaa, 0xfe, 0xaa, 0xfe, 0xaa, 0xfe, 0xaa, 0xfe, 0xaa, 0xfe, 0xaa, 0xfe, 0xaa, 0xfe, 0xaa, 0xfe
.byte 0xaa, 0xfe, 0xaa, 0xfe, 0xaa, 0xfe, 0xaa, 0xfe, 0x8a, 0xfe, 0xaa, 0xfe, 0xaa, 0xfe, 0xaa, 0xfe
.byte 0xaa, 0xfe, 0xaa, 0xfe, 0xaa, 0xfe, 0xaa, 0xfe, 0xaa, 0xfe, 0xaa, 0xfe, 0xaa, 0xfe, 0xaa, 0xfe
.byte 0x8a, 0xfe, 0xaa, 0xfe, 0xaa, 0xfe, 0xca, 0xfe, 0x89, 0xfe, 0x08, 0xf6, 0xe7, 0xfd, 0xe8, 0xf5
.byte 0xe7, 0xfd, 0x69, 0xfe, 0xec, 0xac, 0x6f, 0x1a, 0x50, 0x12, 0x50, 0x12, 0x90, 0x22, 0x5b, 0xbe
.byte 0xff, 0xff, 0xff, 0xff, 0xff, 0xff, 0xff, 0xff, 0xff, 0xff, 0xff, 0xff, 0xff, 0xff, 0xff, 0xff
.byte 0xff, 0xff, 0xff, 0xff, 0xff, 0xff, 0xff, 0xff, 0xff, 0xff, 0xff, 0xff, 0xff, 0xff, 0xff, 0xff
.byte 0xff, 0xff, 0xff, 0xff, 0xff, 0xff, 0xff, 0xff, 0xff, 0xff, 0xff, 0xff, 0xff, 0xff, 0xff, 0xff
.byte 0xff, 0xff, 0xff, 0xff, 0xff, 0xff, 0xff, 0xff, 0xff, 0xff, 0xff, 0xff, 0xff, 0xff, 0xff, 0xff
.byte 0xff, 0xff, 0xff, 0xff, 0xff, 0xff, 0xff, 0xff, 0xff, 0xff, 0xff, 0xff, 0xff, 0xff, 0xff, 0xff
.byte 0xff, 0xff, 0x98, 0x9d, 0x0f, 0x0a, 0x71, 0x12, 0xf0, 0x01, 0xae, 0x63, 0xac, 0xf6, 0xe9, 0xfe
.byte 0xaa, 0xfe, 0xaa, 0xfe, 0xaa, 0xfe, 0xaa, 0xfe, 0xaa, 0xfe, 0xaa, 0xfe, 0xaa, 0xfe, 0xaa, 0xfe
.byte 0xaa, 0xfe, 0xaa, 0xfe, 0xaa, 0xfe, 0xaa, 0xfe, 0xaa, 0xfe, 0xaa, 0xfe, 0xaa, 0xfe, 0xaa, 0xfe
.byte 0xaa, 0xfe, 0xaa, 0xfe, 0xaa, 0xfe, 0xaa, 0xfe, 0xaa, 0xfe, 0xaa, 0xfe, 0xaa, 0xfe, 0xaa, 0xfe
.byte 0xaa, 0xfe, 0x8a, 0xfe, 0xaa, 0xfe, 0xaa, 0xfe, 0xaa, 0xfe, 0x8a, 0xfe, 0xaa, 0xfe, 0xaa, 0xfe
.byte 0xaa, 0xfe, 0xaa, 0xfe, 0xaa, 0xfe, 0xaa, 0xfe, 0xaa, 0xfe, 0xaa, 0xfe, 0xaa, 0xfe, 0xaa, 0xfe
.byte 0x8a, 0xfe, 0x08, 0xf6, 0xe7, 0xfd, 0xe8, 0xfd, 0xe7, 0xf5, 0x27, 0xfe, 0xaa, 0xdd, 0x0d, 0x43
.byte 0x10, 0x0a, 0x71, 0x12, 0x50, 0x12, 0x37, 0x8d, 0xff, 0xff, 0xff, 0xff, 0xff, 0xff, 0xff, 0xff
.byte 0xff, 0xff, 0xff, 0xff, 0xff, 0xff, 0xff, 0xff, 0xff, 0xff, 0xff, 0xff, 0xff, 0xff, 0xff, 0xff
.byte 0xff, 0xff, 0xff, 0xff, 0xff, 0xff, 0xff, 0xff, 0xff, 0xff, 0xff, 0xff, 0xff, 0xff, 0xff, 0xff
.byte 0xff, 0xff, 0xff, 0xff, 0xff, 0xff, 0xff, 0xff, 0xff, 0xff, 0xff, 0xff, 0xff, 0xff, 0xdf, 0xf7
.byte 0x1d, 0xdf, 0xfc, 0xd6, 0xfc, 0xd6, 0xfd, 0xd6, 0x1d, 0xdf, 0x1d, 0xdf, 0x1d, 0xdf, 0x1d, 0xdf
.byte 0x1d, 0xdf, 0x1d, 0xdf, 0x1d, 0xdf, 0x1d, 0xdf, 0x9b, 0xc6, 0xf1, 0x32, 0x30, 0x12, 0x50, 0x12
.byte 0x0f, 0x12, 0xcd, 0x94, 0x0b, 0xff, 0xa9, 0xfe, 0xaa, 0xfe, 0xaa, 0xfe, 0xaa, 0xfe, 0xaa, 0xfe
.byte 0xaa, 0xfe, 0xaa, 0xfe, 0xaa, 0xfe, 0xaa, 0xfe, 0xaa, 0xfe, 0xaa, 0xfe, 0xaa, 0xfe, 0xaa, 0xfe
.byte 0xaa, 0xfe, 0xaa, 0xfe, 0xaa, 0xfe, 0xaa, 0xfe, 0xaa, 0xfe, 0xaa, 0xfe, 0xaa, 0xfe, 0xaa, 0xfe
.byte 0xaa, 0xfe, 0xaa, 0xfe, 0xaa, 0xfe, 0x8a, 0xfe, 0x8a, 0xfe, 0x8a, 0xfe, 0xaa, 0xfe, 0xaa, 0xfe
.byte 0xaa, 0xfe, 0xaa, 0xfe, 0xaa, 0xfe, 0xaa, 0xfe, 0xaa, 0xfe, 0xaa, 0xfe, 0xaa, 0xfe, 0xaa, 0xfe
.byte 0xaa, 0xfe, 0xaa, 0xfe, 0xaa, 0xfe, 0xaa, 0xfe, 0x89, 0xfe, 0x08, 0xf6, 0xe7, 0xfd, 0xe7, 0xf5
.byte 0xe7, 0xf5, 0xe7, 0xfd, 0x29, 0xfe, 0xec, 0x73, 0x30, 0x0a, 0x91, 0x12, 0x50, 0x0a, 0xf4, 0x53
.byte 0xbc, 0xce, 0x3d, 0xdf, 0x3d, 0xe7, 0x3d, 0xdf, 0x1d, 0xdf, 0xfc, 0xd6, 0xdc, 0xd6, 0xfc, 0xd6
.byte 0xfd, 0xd6, 0x1d, 0xdf, 0x1d, 0xdf, 0x1d, 0xdf, 0x3d, 0xdf, 0x9e, 0xef, 0xff, 0xff, 0xff, 0xff
.byte 0xff, 0xff, 0xff, 0xff, 0xff, 0xff, 0xff, 0xff, 0xff, 0xff, 0xff, 0xff, 0xff, 0xff, 0xff, 0xff
.byte 0xff, 0xff, 0x3d, 0xe7, 0x1b, 0xae, 0x96, 0x74, 0x52, 0x3b, 0x33, 0x33, 0x33, 0x33, 0x53, 0x3b
.byte 0x74, 0x3b, 0x94, 0x43, 0x94, 0x43, 0x94, 0x43, 0x94, 0x43, 0x94, 0x43, 0x94, 0x43, 0x94, 0x43
.byte 0x33, 0x3b, 0x70, 0x1a, 0x70, 0x1a, 0x10, 0x0a, 0x8e, 0x2a, 0xac, 0xc5, 0x0a, 0xff, 0xa9, 0xfe
.byte 0xa9, 0xfe, 0xaa, 0xfe, 0xaa, 0xfe, 0xaa, 0xfe, 0xaa, 0xfe, 0xaa, 0xfe, 0xaa, 0xfe, 0xaa, 0xfe
.byte 0xaa, 0xfe, 0xaa, 0xfe, 0xaa, 0xfe, 0xaa, 0xfe, 0xaa, 0xfe, 0xaa, 0xfe, 0xaa, 0xfe, 0x8a, 0xfe
.byte 0xaa, 0xfe, 0x8a, 0xfe, 0x8a, 0xfe, 0xaa, 0xfe, 0xaa, 0xfe, 0xaa, 0xfe, 0xaa, 0xfe, 0x8a, 0xfe
.byte 0x8a, 0xfe, 0xaa, 0xfe, 0xaa, 0xfe, 0x8a, 0xfe, 0xaa, 0xfe, 0xaa, 0xfe, 0xaa, 0xfe, 0xaa, 0xfe
.byte 0xaa, 0xfe, 0xaa, 0xfe, 0xaa, 0xfe, 0xaa, 0xfe, 0xaa, 0xfe, 0xaa, 0xfe, 0xaa, 0xfe, 0xaa, 0xfe
.byte 0x8a, 0xfe, 0x08, 0xf6, 0xe7, 0xfd, 0xe7, 0xf5, 0xe7, 0xf5, 0xc7, 0xf5, 0x48, 0xfe, 0xcc, 0xa4
.byte 0x6f, 0x1a, 0x51, 0x12, 0x71, 0x1a, 0x70, 0x1a, 0xf1, 0x2a, 0x53, 0x3b, 0x73, 0x43, 0x53, 0x43
.byte 0x12, 0x33, 0x12, 0x33, 0x12, 0x33, 0x33, 0x3b, 0x74, 0x43, 0x94, 0x43, 0x95, 0x43, 0xb5, 0x43
.byte 0xd4, 0x4b, 0x55, 0x64, 0x1b, 0xae, 0x3d, 0xdf, 0xff, 0xff, 0xff, 0xff, 0xff, 0xff, 0xff, 0xff
.byte 0xff, 0xff, 0xff, 0xff, 0xff, 0xff, 0xff, 0xff, 0xdc, 0xce, 0xb4, 0x4b, 0xd3, 0x1a, 0x51, 0x0a
.byte 0x31, 0x0a, 0x30, 0x0a, 0x10, 0x0a, 0x10, 0x0a, 0x10, 0x02, 0x10, 0x02, 0x10, 0x02, 0x10, 0x02
.byte 0x10, 0x02, 0x0f, 0x02, 0x10, 0x02, 0x10, 0x02, 0x30, 0x0a, 0x71, 0x12, 0x71, 0x12, 0xf0, 0x09
.byte 0x2d, 0x4b, 0x4b, 0xe6, 0xe9, 0xfe, 0xa9, 0xfe, 0xaa, 0xfe, 0xaa, 0xfe, 0xaa, 0xfe, 0xaa, 0xfe
.byte 0xaa, 0xfe, 0xaa, 0xfe, 0xaa, 0xfe, 0xaa, 0xfe, 0xaa, 0xfe, 0xaa, 0xfe, 0xaa, 0xfe, 0xaa, 0xfe
.byte 0xaa, 0xfe, 0xaa, 0xfe, 0x8a, 0xfe, 0x8a, 0xfe, 0xaa, 0xfe, 0xaa, 0xfe, 0x8a, 0xfe, 0xaa, 0xfe
.byte 0xaa, 0xfe, 0xaa, 0xfe, 0xaa, 0xfe, 0xaa, 0xfe, 0xaa, 0xfe, 0x8a, 0xfe, 0x8a, 0xfe, 0x8a, 0xfe
.byte 0xaa, 0xfe, 0xaa, 0xfe, 0xaa, 0xfe, 0xaa, 0xfe, 0xaa, 0xfe, 0xaa, 0xfe, 0xaa, 0xfe, 0xaa, 0xfe
.byte 0xaa, 0xfe, 0xaa, 0xfe, 0xaa, 0xfe, 0xaa, 0xfe, 0x89, 0xfe, 0x08, 0xf6, 0xc7, 0xf5, 0xe7, 0xf5
.byte 0xe7, 0xf5, 0xe7, 0xf5, 0x47, 0xfe, 0x8b, 0xcd, 0xce, 0x32, 0x31, 0x0a, 0x70, 0x1a, 0x50, 0x12
.byte 0x0f, 0x0a, 0x10, 0x0a, 0x10, 0x0a, 0x10, 0x0a, 0x30, 0x0a, 0x10, 0x0a, 0x10, 0x0a, 0x30, 0x0a
.byte 0x30, 0x0a, 0x10, 0x0a, 0x10, 0x02, 0x10, 0x0a, 0x0f, 0x02, 0xce, 0x01, 0xae, 0x01, 0x73, 0x43
.byte 0xd9, 0xa5, 0xbe, 0xf7, 0xff, 0xff, 0xff, 0xff, 0xff, 0xff, 0xff, 0xff, 0xff, 0xff, 0xfc, 0xd6
.byte 0x32, 0x33, 0x71, 0x0a, 0x71, 0x12, 0x72, 0x1a, 0x71, 0x12, 0x51, 0x12, 0x51, 0x12, 0x51, 0x12
.byte 0x51, 0x12, 0x31, 0x12, 0x30, 0x12, 0x30, 0x12, 0x30, 0x12, 0x50, 0x12, 0x30, 0x12, 0x51, 0x12
.byte 0x71, 0x12, 0x71, 0x12, 0x71, 0x12, 0x10, 0x0a, 0xed, 0x73, 0xaa, 0xfe, 0xa8, 0xfe, 0xa9, 0xfe
.byte 0xaa, 0xfe, 0xaa, 0xfe, 0xaa, 0xfe, 0xaa, 0xfe, 0xaa, 0xfe, 0xaa, 0xfe, 0xaa, 0xfe, 0xaa, 0xfe
.byte 0xaa, 0xfe, 0xaa, 0xfe, 0xaa, 0xfe, 0xaa, 0xfe, 0xaa, 0xfe, 0xaa, 0xfe, 0xaa, 0xfe, 0xaa, 0xfe
.byte 0xaa, 0xfe, 0xaa, 0xfe, 0xaa, 0xfe, 0xaa, 0xfe, 0xaa, 0xfe, 0xaa, 0xfe, 0xaa, 0xfe, 0xaa, 0xfe
.byte 0x8a, 0xfe, 0xaa, 0xfe, 0x8a, 0xfe, 0xaa, 0xfe, 0xaa, 0xfe, 0xaa, 0xfe, 0xaa, 0xfe, 0xaa, 0xfe
.byte 0xaa, 0xfe, 0xaa, 0xfe, 0xaa, 0xfe, 0xaa, 0xfe, 0xaa, 0xfe, 0xaa, 0xfe, 0xaa, 0xfe, 0xaa, 0xfe
.byte 0x69, 0xfe, 0xe8, 0xf5, 0xc7, 0xfd, 0xc7, 0xf5, 0xe7, 0xf5, 0xe7, 0xf5, 0x07, 0xfe, 0xe9, 0xe5
.byte 0x2e, 0x4b, 0x11, 0x0a, 0x50, 0x12, 0x50, 0x12, 0x50, 0x12, 0x30, 0x12, 0x30, 0x12, 0x50, 0x12
.byte 0x51, 0x12, 0x51, 0x12, 0x51, 0x12, 0x71, 0x12, 0x71, 0x12, 0x51, 0x12, 0x51, 0x12, 0x30, 0x12
.byte 0x50, 0x12, 0x50, 0x1a, 0x2f, 0x12, 0xae, 0x01, 0xd1, 0x2a, 0xd9, 0xa5, 0xff, 0xff, 0xff, 0xff
.byte 0xff, 0xff, 0xff, 0xff, 0x1d, 0xdf, 0x52, 0x43, 0x10, 0x0a, 0x50, 0x1a, 0x30, 0x12, 0x0f, 0x12
.byte 0x4e, 0x1a, 0x6e, 0x22, 0x6e, 0x22, 0x6f, 0x22, 0x6f, 0x22, 0x4e, 0x1a, 0x2e, 0x1a, 0x2d, 0x1a
.byte 0x2d, 0x1a, 0x4e, 0x1a, 0x4e, 0x1a, 0x4e, 0x1a, 0x50, 0x1a, 0x71, 0x1a, 0x71, 0x12, 0x50, 0x12
.byte 0xae, 0x8c, 0xca, 0xfe, 0xa8, 0xfe, 0xa9, 0xfe, 0xaa, 0xfe, 0xaa, 0xfe, 0xaa, 0xfe, 0xaa, 0xfe
.byte 0xaa, 0xfe, 0xaa, 0xfe, 0xaa, 0xfe, 0xaa, 0xfe, 0xaa, 0xfe, 0xaa, 0xfe, 0xaa, 0xfe, 0xaa, 0xfe
.byte 0xaa, 0xfe, 0xaa, 0xfe, 0x8a, 0xfe, 0x8a, 0xfe, 0x8a, 0xfe, 0xaa, 0xfe, 0x8a, 0xfe, 0x8a, 0xfe
.byte 0xaa, 0xfe, 0xaa, 0xfe, 0xaa, 0xfe, 0x8a, 0xfe, 0xaa, 0xfe, 0x8a, 0xfe, 0xaa, 0xfe, 0xaa, 0xfe
.byte 0xaa, 0xfe, 0xaa, 0xfe, 0xaa, 0xfe, 0xaa, 0xfe, 0xaa, 0xfe, 0xaa, 0xfe, 0xaa, 0xfe, 0xaa, 0xfe
.byte 0xaa, 0xfe, 0xaa, 0xfe, 0xaa, 0xfe, 0xaa, 0xfe, 0x69, 0xfe, 0xe7, 0xf5, 0xc7, 0xf5, 0xe8, 0xfd
.byte 0xc7, 0xf5, 0xc7, 0xf5, 0xe6, 0xfd, 0x08, 0xf6, 0x8c, 0x63, 0x10, 0x0a, 0x30, 0x12, 0x2f, 0x12
.byte 0x2e, 0x12, 0x2d, 0x1a, 0x2d, 0x1a, 0x4e, 0x1a, 0x4f, 0x1a, 0x6f, 0x22, 0x6f, 0x1a, 0x6f, 0x22
.byte 0x6f, 0x1a, 0x4e, 0x1a, 0x2e, 0x1a, 0x2d, 0x1a, 0x0d, 0x12, 0xef, 0x09, 0x50, 0x1a, 0x70, 0x1a
.byte 0xef, 0x09, 0xb4, 0x4b, 0xfc, 0xd6, 0xff, 0xff, 0xff, 0xff, 0xff, 0xff, 0x57, 0x95, 0x0f, 0x0a
.byte 0x2f, 0x12, 0x0f, 0x12, 0x0d, 0x1a, 0xed, 0x73, 0x6d, 0xb5, 0x8d, 0xbd, 0x8d, 0xbd, 0x8d, 0xbd
.byte 0x8d, 0xbd, 0x8d, 0xbd, 0x6d, 0xb5, 0x6c, 0xb5, 0x4c, 0xb5, 0x6c, 0xb5, 0x6d, 0xbd, 0x4e, 0xad
.byte 0xef, 0x3a, 0x51, 0x0a, 0x51, 0x0a, 0x50, 0x12, 0x0d, 0xa5, 0xe9, 0xfe, 0xa8, 0xfe, 0xaa, 0xfe
.byte 0xaa, 0xfe, 0xaa, 0xfe, 0xaa, 0xfe, 0xaa, 0xfe, 0xaa, 0xfe, 0xaa, 0xfe, 0xaa, 0xfe, 0xaa, 0xfe
.byte 0xaa, 0xfe, 0xaa, 0xfe, 0xaa, 0xfe, 0xaa, 0xfe, 0xaa, 0xfe, 0xaa, 0xfe, 0xaa, 0xfe, 0x8a, 0xfe
.byte 0xaa, 0xfe, 0xaa, 0xfe, 0xaa, 0xfe, 0xaa, 0xfe, 0xaa, 0xfe, 0xaa, 0xfe, 0xaa, 0xfe, 0xaa, 0xfe
.byte 0xaa, 0xfe, 0xaa, 0xfe, 0xaa, 0xfe, 0xaa, 0xfe, 0xaa, 0xfe, 0xaa, 0xfe, 0xaa, 0xfe, 0xaa, 0xfe
.byte 0xaa, 0xfe, 0xaa, 0xfe, 0xaa, 0xfe, 0xaa, 0xfe, 0xaa, 0xfe, 0xaa, 0xfe, 0xaa, 0xfe, 0xaa, 0xfe
.byte 0x49, 0xf6, 0xc7, 0xf5, 0xe7, 0xf5, 0xe8, 0xfd, 0xe7, 0xfd, 0xc7, 0xf5, 0xe6, 0xfd, 0x28, 0xfe
.byte 0xec, 0x7b, 0x10, 0x0a, 0x30, 0x12, 0x0f, 0x0a, 0x0d, 0x4b, 0x6d, 0xb5, 0x6c, 0xbd, 0x6d, 0xbd
.byte 0x8d, 0xbd, 0x8d, 0xbd, 0x8d, 0xbd, 0x8d, 0xbd, 0x6d, 0xb5, 0x4c, 0xb5, 0x4c, 0xb5, 0x6c, 0xbd
.byte 0x2d, 0xad, 0x8e, 0x53, 0x30, 0x12, 0x71, 0x1a, 0x71, 0x1a, 0x50, 0x12, 0xb9, 0x9d, 0xdf, 0xff
.byte 0xff, 0xff, 0x5e, 0xe7, 0x72, 0x43, 0xce, 0x01, 0x2f, 0x12, 0xce, 0x09, 0xcc, 0x6b, 0x8b, 0xee
.byte 0xe9, 0xfe, 0xca, 0xfe, 0xca, 0xfe, 0xea, 0xfe, 0xea, 0xfe, 0xea, 0xfe, 0xca, 0xfe, 0xea, 0xfe
.byte 0xc9, 0xfe, 0xc9, 0xfe, 0x0a, 0xff, 0xad, 0xf6, 0x2e, 0x4b, 0x51, 0x0a, 0x31, 0x0a, 0x70, 0x1a
.byte 0x4d, 0xad, 0xe9, 0xfe, 0xa8, 0xfe, 0xa9, 0xfe, 0xaa, 0xfe, 0xaa, 0xfe, 0xaa, 0xfe, 0xaa, 0xfe
.byte 0xaa, 0xfe, 0xaa, 0xfe, 0xaa, 0xfe, 0xaa, 0xfe, 0xaa, 0xfe, 0xaa, 0xfe, 0xaa, 0xfe, 0xaa, 0xfe
.byte 0xaa, 0xfe, 0xaa, 0xfe, 0xaa, 0xfe, 0xaa, 0xfe, 0x8a, 0xfe, 0xaa, 0xfe, 0xaa, 0xfe, 0xaa, 0xfe
.byte 0xaa, 0xfe, 0xaa, 0xfe, 0xaa, 0xfe, 0xaa, 0xfe, 0xaa, 0xfe, 0xaa, 0xfe, 0xaa, 0xfe, 0xaa, 0xfe
.byte 0xaa, 0xfe, 0xaa, 0xfe, 0xaa, 0xfe, 0xaa, 0xfe, 0xaa, 0xfe, 0xaa, 0xfe, 0xaa, 0xfe, 0xaa, 0xfe
.byte 0xaa, 0xfe, 0xaa, 0xfe, 0xaa, 0xfe, 0x8a, 0xfe, 0x28, 0xfe, 0xc7, 0xf5, 0xc7, 0xf5, 0xe7, 0xf5
.byte 0xe7, 0xf5, 0xc7, 0xf5, 0xc6, 0xfd, 0x27, 0xfe, 0x0c, 0x84, 0x30, 0x12, 0x31, 0x12, 0x30, 0x0a
.byte 0x8e, 0x5b, 0xec, 0xfe, 0xe9, 0xfe, 0xc9, 0xfe, 0xc9, 0xfe, 0xc9, 0xfe, 0xca, 0xfe, 0xca, 0xfe
.byte 0xc9, 0xfe, 0xa9, 0xfe, 0xa9, 0xfe, 0xc9, 0xfe, 0x0b, 0xff, 0x6e, 0xde, 0xaf, 0x53, 0x31, 0x0a
.byte 0x92, 0x1a, 0x10, 0x0a, 0x14, 0x5c, 0x5c, 0xef, 0xff, 0xff, 0xfc, 0xd6, 0xd2, 0x2a, 0x30, 0x0a
.byte 0x10, 0x0a, 0x4e, 0x1a, 0x6d, 0xbd, 0xe9, 0xfe, 0x88, 0xfe, 0x88, 0xfe, 0x88, 0xfe, 0x88, 0xfe
.byte 0x88, 0xfe, 0x88, 0xfe, 0xa8, 0xfe, 0xa8, 0xfe, 0xa8, 0xfe, 0xa8, 0xfe, 0xc9, 0xfe, 0x6c, 0xee
.byte 0x2e, 0x43, 0x51, 0x0a, 0x31, 0x0a, 0x6f, 0x1a, 0x6c, 0xb5, 0x09, 0xff, 0x89, 0xfe, 0xa9, 0xfe
.byte 0xaa, 0xfe, 0xaa, 0xfe, 0xaa, 0xfe, 0xaa, 0xfe, 0xaa, 0xfe, 0xaa, 0xfe, 0xaa, 0xfe, 0xaa, 0xfe
.byte 0xaa, 0xfe, 0xaa, 0xfe, 0xaa, 0xfe, 0xaa, 0xfe, 0x8a, 0xfe, 0xaa, 0xfe, 0xaa, 0xfe, 0x8a, 0xfe
.byte 0x8a, 0xfe, 0x8a, 0xfe, 0xaa, 0xfe, 0xaa, 0xfe, 0xaa, 0xfe, 0xaa, 0xfe, 0xaa, 0xfe, 0xaa, 0xfe
.byte 0xaa, 0xfe, 0xaa, 0xfe, 0xaa, 0xfe, 0xaa, 0xfe, 0xaa, 0xfe, 0xaa, 0xfe, 0xaa, 0xfe, 0xaa, 0xfe
.byte 0xaa, 0xfe, 0xaa, 0xfe, 0xaa, 0xfe, 0xaa, 0xfe, 0xaa, 0xfe, 0xaa, 0xfe, 0xaa, 0xfe, 0x8a, 0xfe
.byte 0x08, 0xfe, 0xc7, 0xf5, 0xc7, 0xf5, 0xc7, 0xf5, 0xc7, 0xf5, 0xc7, 0xf5, 0xc6, 0xfd, 0x27, 0xfe
.byte 0x2c, 0x8c, 0x30, 0x12, 0x51, 0x12, 0x51, 0x0a, 0x8e, 0x5b, 0x8b, 0xf6, 0xa8, 0xfe, 0x88, 0xfe
.byte 0x88, 0xfe, 0x68, 0xfe, 0x68, 0xfe, 0x68, 0xfe, 0x68, 0xfe, 0x88, 0xfe, 0x88, 0xfe, 0x89, 0xfe
.byte 0xa9, 0xfe, 0x0b, 0xff, 0x0e, 0x9d, 0x50, 0x12, 0x51, 0x12, 0x10, 0x0a, 0x93, 0x4b, 0x3c, 0xe7
.byte 0xff, 0xff, 0x1d, 0xdf, 0xf2, 0x2a, 0x51, 0x12, 0x51, 0x0a, 0x90, 0x22, 0xce, 0xc5, 0x0a, 0xff
.byte 0x88, 0xfe, 0x88, 0xfe, 0x88, 0xfe, 0x88, 0xfe, 0x88, 0xfe, 0x88, 0xfe, 0x88, 0xfe, 0x88, 0xfe
.byte 0x88, 0xfe, 0x88, 0xfe, 0xa8, 0xfe, 0x4c, 0xe6, 0x0e, 0x43, 0x31, 0x0a, 0x30, 0x0a, 0x6f, 0x1a
.byte 0x4c, 0xb5, 0xe9, 0xfe, 0x89, 0xfe, 0xa9, 0xfe, 0xaa, 0xfe, 0xaa, 0xfe, 0xaa, 0xfe, 0xaa, 0xfe
.byte 0xaa, 0xfe, 0x8a, 0xfe, 0x8a, 0xfe, 0xaa, 0xfe, 0xaa, 0xfe, 0xaa, 0xfe, 0xaa, 0xfe, 0xaa, 0xfe
.byte 0xaa, 0xfe, 0xaa, 0xfe, 0xaa, 0xfe, 0xaa, 0xfe, 0xaa, 0xfe, 0x8a, 0xfe, 0xaa, 0xfe, 0xaa, 0xfe
.byte 0x8a, 0xfe, 0xaa, 0xfe, 0xaa, 0xfe, 0xaa, 0xfe, 0xaa, 0xfe, 0xaa, 0xfe, 0xaa, 0xfe, 0xaa, 0xfe
.byte 0xaa, 0xfe, 0xaa, 0xfe, 0xaa, 0xfe, 0xaa, 0xfe, 0xaa, 0xfe, 0xaa, 0xfe, 0xaa, 0xfe, 0xaa, 0xfe
.byte 0xaa, 0xfe, 0xaa, 0xfe, 0xaa, 0xfe, 0x89, 0xfe, 0xe8, 0xf5, 0xc7, 0xf5, 0xe7, 0xf5, 0xe7, 0xf5
.byte 0xc7, 0xf5, 0xc7, 0xf5, 0xc6, 0xfd, 0x27, 0xfe, 0x2b, 0x84, 0x30, 0x12, 0x51, 0x12, 0x51, 0x12
.byte 0x8e, 0x5b, 0x8b, 0xf6, 0x88, 0xfe, 0x68, 0xfe, 0x68, 0xfe, 0x68, 0xfe, 0x68, 0xfe, 0x68, 0xfe
.byte 0x88, 0xfe, 0x68, 0xfe, 0x88, 0xfe, 0x88, 0xfe, 0x88, 0xfe, 0x0a, 0xff, 0xed, 0x9c, 0x2f, 0x12
.byte 0x30, 0x12, 0x0f, 0x0a, 0x93, 0x4b, 0x7d, 0xef, 0xff, 0xff, 0x3d, 0xdf, 0x53, 0x3b, 0x51, 0x0a
.byte 0x92, 0x12, 0x50, 0x12, 0x8f, 0x84, 0xec, 0xfe, 0xea, 0xfe, 0xc9, 0xfe, 0xc9, 0xfe, 0xc9, 0xfe
.byte 0xc9, 0xfe, 0xc9, 0xfe, 0xc9, 0xfe, 0xe9, 0xfe, 0xc9, 0xfe, 0xc9, 0xfe, 0x09, 0xff, 0xac, 0xf6
.byte 0x0e, 0x43, 0x31, 0x0a, 0x31, 0x0a, 0x6f, 0x1a, 0x4c, 0xad, 0xe9, 0xfe, 0x88, 0xfe, 0xaa, 0xfe
.byte 0xaa, 0xfe, 0xaa, 0xfe, 0xaa, 0xfe, 0xaa, 0xfe, 0xaa, 0xfe, 0xaa, 0xfe, 0x8a, 0xfe, 0xaa, 0xfe
.byte 0xaa, 0xfe, 0xaa, 0xfe, 0xaa, 0xfe, 0xaa, 0xfe, 0xaa, 0xfe, 0xaa, 0xfe, 0xaa, 0xfe, 0xaa, 0xfe
.byte 0xaa, 0xfe, 0xaa, 0xfe, 0xaa, 0xfe, 0xaa, 0xfe, 0xaa, 0xfe, 0xaa, 0xfe, 0xaa, 0xfe, 0xaa, 0xfe
.byte 0xaa, 0xfe, 0xaa, 0xfe, 0xaa, 0xfe, 0xaa, 0xfe, 0xaa, 0xfe, 0xaa, 0xfe, 0xaa, 0xfe, 0xaa, 0xfe
.byte 0xaa, 0xfe, 0xaa, 0xfe, 0xaa, 0xfe, 0xaa, 0xfe, 0xaa, 0xfe, 0xaa, 0xfe, 0xaa, 0xfe, 0x49, 0xfe
.byte 0xc7, 0xf5, 0xc7, 0xf5, 0xc7, 0xf5, 0xe7, 0xf5, 0xc7, 0xf5, 0xc7, 0xf5, 0xc6, 0xfd, 0x28, 0xfe
.byte 0x0c, 0x84, 0x10, 0x12, 0x31, 0x12, 0x30, 0x0a, 0xae, 0x63, 0xcb, 0xfe, 0xc8, 0xfe, 0xa9, 0xfe
.byte 0xa8, 0xfe, 0xa9, 0xfe, 0xc9, 0xfe, 0xc9, 0xfe, 0xc9, 0xfe, 0xc9, 0xfe, 0xc9, 0xfe, 0xc9, 0xfe
.byte 0xea, 0xfe, 0x6c, 0xe6, 0x6d, 0x53, 0xef, 0x09, 0x50, 0x1a, 0xef, 0x01, 0x14, 0x5c, 0xdf, 0xff
.byte 0xff, 0xff, 0x9e, 0xef, 0xb7, 0x6c, 0x10, 0x02, 0x92, 0x1a, 0x71, 0x12, 0x8f, 0x22, 0x8e, 0x84
.byte 0xcd, 0xc5, 0xed, 0xd5, 0xed, 0xd5, 0xed, 0xd5, 0x0d, 0xd6, 0x0d, 0xd6, 0x0d, 0xd6, 0x0d, 0xd6
.byte 0xed, 0xd5, 0xec, 0xd5, 0x0c, 0xd6, 0xce, 0xc5, 0xee, 0x3a, 0x30, 0x0a, 0x30, 0x0a, 0x4f, 0x12
.byte 0x0d, 0xa5, 0xe9, 0xfe, 0xa8, 0xfe, 0xaa, 0xfe, 0xaa, 0xfe, 0xaa, 0xfe, 0xaa, 0xfe, 0xaa, 0xfe
.byte 0xaa, 0xfe, 0xaa, 0xfe, 0xaa, 0xfe, 0xaa, 0xfe, 0xaa, 0xfe, 0xaa, 0xfe, 0xaa, 0xfe, 0xaa, 0xfe
.byte 0xaa, 0xfe, 0xaa, 0xfe, 0xaa, 0xfe, 0xaa, 0xfe, 0xaa, 0xfe, 0xaa, 0xfe, 0xaa, 0xfe, 0xaa, 0xfe
.byte 0xaa, 0xfe, 0xaa, 0xfe, 0xaa, 0xfe, 0xaa, 0xfe, 0xaa, 0xfe, 0xaa, 0xfe, 0xaa, 0xfe, 0xaa, 0xfe
.byte 0xaa, 0xfe, 0xaa, 0xfe, 0xaa, 0xfe, 0xaa, 0xfe, 0xaa, 0xfe, 0xaa, 0xfe, 0xaa, 0xfe, 0xaa, 0xfe
.byte 0xaa, 0xfe, 0xaa, 0xfe, 0x8a, 0xfe, 0x08, 0xfe, 0xc7, 0xf5, 0xc7, 0xf5, 0xc7, 0xf5, 0xe7, 0xf5
.byte 0xc7, 0xf5, 0xc7, 0xfd, 0xe6, 0xfd, 0x08, 0xfe, 0xec, 0x7b, 0x30, 0x0a, 0x51, 0x12, 0x10, 0x0a
.byte 0x6e, 0x53, 0xee, 0xcd, 0xec, 0xd5, 0xcc, 0xcd, 0xcc, 0xd5, 0xed, 0xd5, 0xed, 0xd5, 0x0d, 0xd6
.byte 0x0d, 0xd6, 0x0d, 0xd6, 0x0d, 0xd6, 0xed, 0xd5, 0x8d, 0xbd, 0xae, 0x63, 0x2f, 0x12, 0x50, 0x12
.byte 0x50, 0x12, 0xce, 0x01, 0x58, 0x8d, 0xff, 0xff, 0xff, 0xff, 0xff, 0xff, 0x1a, 0xb6, 0x91, 0x22
.byte 0x30, 0x0a, 0x91, 0x1a, 0x51, 0x12, 0x0f, 0x12, 0x6e, 0x22, 0xaf, 0x2a, 0xcf, 0x32, 0xcf, 0x32
.byte 0xef, 0x32, 0xf0, 0x32, 0xcf, 0x32, 0xcf, 0x32, 0xaf, 0x2a, 0xae, 0x2a, 0xae, 0x2a, 0xae, 0x2a
.byte 0x4f, 0x1a, 0x50, 0x12, 0x50, 0x12, 0x2f, 0x0a, 0x8d, 0x8c, 0xca, 0xfe, 0xa8, 0xfe, 0xaa, 0xfe
.byte 0xaa, 0xfe, 0xaa, 0xfe, 0xaa, 0xfe, 0xaa, 0xfe, 0xaa, 0xfe, 0xaa, 0xfe, 0xaa, 0xfe, 0xaa, 0xfe
.byte 0xaa, 0xfe, 0xaa, 0xfe, 0xaa, 0xfe, 0xaa, 0xfe, 0xaa, 0xfe, 0xaa, 0xfe, 0xaa, 0xfe, 0xaa, 0xfe
.byte 0xaa, 0xfe, 0xaa, 0xfe, 0xaa, 0xfe, 0xaa, 0xfe, 0xaa, 0xfe, 0xaa, 0xfe, 0xaa, 0xfe, 0xaa, 0xfe
.byte 0xaa, 0xfe, 0xaa, 0xfe, 0xaa, 0xfe, 0xaa, 0xfe, 0xaa, 0xfe, 0xaa, 0xfe, 0xaa, 0xfe, 0xaa, 0xfe
.byte 0xaa, 0xfe, 0xaa, 0xfe, 0xaa, 0xfe, 0xaa, 0xfe, 0x8a, 0xfe, 0xaa, 0xfe, 0x69, 0xfe, 0xe8, 0xf5
.byte 0xc7, 0xf5, 0xc7, 0xf5, 0xc7, 0xf5, 0xe7, 0xf5, 0xe7, 0xf5, 0xe7, 0xf5, 0xe7, 0xfd, 0x08, 0xf6
.byte 0xad, 0x63, 0x31, 0x0a, 0x70, 0x12, 0x50, 0x12, 0x6f, 0x1a, 0xae, 0x2a, 0x8e, 0x2a, 0x8e, 0x2a
.byte 0xae, 0x2a, 0xcf, 0x2a, 0xcf, 0x32, 0xcf, 0x32, 0xef, 0x32, 0xf0, 0x32, 0xf0, 0x32, 0xcf, 0x2a
.byte 0x6f, 0x1a, 0x10, 0x0a, 0x51, 0x12, 0x91, 0x1a, 0xef, 0x09, 0xd1, 0x2a, 0xfc, 0xce, 0xff, 0xff
.byte 0xff, 0xff, 0xff, 0xff, 0xbf, 0xf7, 0x79, 0x95, 0xef, 0x09, 0x30, 0x0a, 0x71, 0x1a, 0x51, 0x12
.byte 0x51, 0x0a, 0x31, 0x0a, 0x31, 0x0a, 0x31, 0x0a, 0x31, 0x0a, 0x31, 0x0a, 0x31, 0x0a, 0x10, 0x0a
.byte 0x10, 0x0a, 0x10, 0x0a, 0x10, 0x0a, 0x10, 0x0a, 0x50, 0x12, 0x70, 0x12, 0x70, 0x12, 0x0f, 0x0a
.byte 0xed, 0x6b, 0xaa, 0xfe, 0xa8, 0xfe, 0xa9, 0xfe, 0xaa, 0xfe, 0xaa, 0xfe, 0xaa, 0xfe, 0xaa, 0xfe
.byte 0xaa, 0xfe, 0xaa, 0xfe, 0xaa, 0xfe, 0xaa, 0xfe, 0xaa, 0xfe, 0xaa, 0xfe, 0xaa, 0xfe, 0xaa, 0xfe
.byte 0xaa, 0xfe, 0xaa, 0xfe, 0xaa, 0xfe, 0xaa, 0xfe, 0xaa, 0xfe, 0xaa, 0xfe, 0xaa, 0xfe, 0xaa, 0xfe
.byte 0xaa, 0xfe, 0xaa, 0xfe, 0xaa, 0xfe, 0xaa, 0xfe, 0xaa, 0xfe, 0xaa, 0xfe, 0xaa, 0xfe, 0xaa, 0xfe
.byte 0xaa, 0xfe, 0xaa, 0xfe, 0xaa, 0xfe, 0xaa, 0xfe, 0xaa, 0xfe, 0xaa, 0xfe, 0xaa, 0xfe, 0xaa, 0xfe
.byte 0xaa, 0xfe, 0x8a, 0xfe, 0x28, 0xfe, 0xe7, 0xf5, 0xe7, 0xf5, 0xc7, 0xf5, 0xc7, 0xf5, 0xc7, 0xf5
.byte 0xe7, 0xf5, 0xe7, 0xf5, 0x07, 0xfe, 0xe9, 0xed, 0x4d, 0x53, 0x10, 0x0a, 0x71, 0x12, 0x70, 0x12
.byte 0x50, 0x12, 0x30, 0x0a, 0x10, 0x02, 0x10, 0x02, 0x11, 0x0a, 0x31, 0x0a, 0x31, 0x0a, 0x31, 0x02
.byte 0x31, 0x02, 0x31, 0x02, 0x31, 0x0a, 0x31, 0x0a, 0x51, 0x0a, 0x91, 0x12, 0x71, 0x12, 0x0f, 0x0a
.byte 0x0f, 0x12, 0xd9, 0x9d, 0xff, 0xff, 0xff, 0xff, 0xff, 0xff, 0xff, 0xff, 0xff, 0xff, 0x9e, 0xef
.byte 0xb9, 0x9d, 0x70, 0x1a, 0xef, 0x01, 0x30, 0x0a, 0x30, 0x0a, 0x30, 0x0a, 0x30, 0x0a, 0x2f, 0x0a
.byte 0x2f, 0x0a, 0x2f, 0x0a, 0x0f, 0x0a, 0x0f, 0x0a, 0x0f, 0x0a, 0x2f, 0x0a, 0x2f, 0x0a, 0x0f, 0x0a
.byte 0x2f, 0x0a, 0x70, 0x12, 0x71, 0x12, 0x10, 0x02, 0x4e, 0x4b, 0x4b, 0xe6, 0xc9, 0xfe, 0x89, 0xfe
.byte 0xaa, 0xfe, 0xaa, 0xfe, 0xaa, 0xfe, 0xaa, 0xfe, 0xaa, 0xfe, 0xaa, 0xfe, 0xaa, 0xfe, 0xaa, 0xfe
.byte 0xaa, 0xfe, 0xaa, 0xfe, 0xaa, 0xfe, 0xaa, 0xfe, 0xaa, 0xfe, 0xaa, 0xfe, 0xaa, 0xfe, 0xaa, 0xfe
.byte 0xaa, 0xfe, 0xaa, 0xfe, 0xaa, 0xfe, 0xaa, 0xfe, 0xaa, 0xfe, 0xaa, 0xfe, 0xaa, 0xfe, 0xaa, 0xfe
.byte 0xaa, 0xfe, 0xaa, 0xfe, 0xaa, 0xfe, 0xaa, 0xfe, 0xaa, 0xfe, 0x8a, 0xfe, 0xaa, 0xfe, 0xaa, 0xfe
.byte 0xaa, 0xfe, 0xaa, 0xfe, 0xaa, 0xfe, 0xaa, 0xfe, 0xaa, 0xfe, 0x69, 0xfe, 0xe8, 0xfd, 0xe7, 0xfd
.byte 0xe7, 0xf5, 0xe7, 0xf5, 0xe7, 0xf5, 0xe7, 0xf5, 0xe7, 0xf5, 0xe7, 0xfd, 0x27, 0xfe, 0x6a, 0xd5
.byte 0xce, 0x32, 0x30, 0x0a, 0x70, 0x12, 0x70, 0x12, 0x50, 0x0a, 0x50, 0x0a, 0x30, 0x0a, 0x30, 0x0a
.byte 0x30, 0x0a, 0x2f, 0x0a, 0x0f, 0x0a, 0x0f, 0x0a, 0x30, 0x0a, 0x30, 0x0a, 0x30, 0x0a, 0x30, 0x0a
.byte 0x30, 0x0a, 0x30, 0x02, 0x0f, 0x02, 0xd1, 0x2a, 0x98, 0x95, 0xff, 0xff, 0xff, 0xff, 0xff, 0xff
.byte 0xff, 0xff, 0xff, 0xff, 0xff, 0xff, 0xff, 0xff, 0xff, 0xff, 0xdc, 0xce, 0x96, 0x6c, 0x53, 0x3b
.byte 0xd2, 0x2a, 0xd2, 0x22, 0xd1, 0x22, 0xd1, 0x22, 0xb1, 0x22, 0xb1, 0x22, 0x91, 0x22, 0x91, 0x22
.byte 0xb0, 0x22, 0xb1, 0x22, 0xd1, 0x22, 0xd1, 0x2a, 0xb1, 0x22, 0x70, 0x12, 0x70, 0x1a, 0x10, 0x0a
.byte 0xaf, 0x2a, 0xcc, 0xcd, 0xe9, 0xfe, 0x89, 0xfe, 0xaa, 0xfe, 0xaa, 0xfe, 0xaa, 0xfe, 0xaa, 0xfe
.byte 0xaa, 0xfe, 0xaa, 0xfe, 0xaa, 0xfe, 0xaa, 0xfe, 0xaa, 0xfe, 0xaa, 0xfe, 0xaa, 0xfe, 0xaa, 0xfe
.byte 0xaa, 0xfe, 0xaa, 0xfe, 0xaa, 0xfe, 0xaa, 0xfe, 0xaa, 0xfe, 0xaa, 0xfe, 0xaa, 0xfe, 0xaa, 0xfe
.byte 0xaa, 0xfe, 0xaa, 0xfe, 0xaa, 0xfe, 0xaa, 0xfe, 0xaa, 0xfe, 0xaa, 0xfe, 0xaa, 0xfe, 0xaa, 0xfe
.byte 0xaa, 0xfe, 0xaa, 0xfe, 0xaa, 0xfe, 0xaa, 0xfe, 0xaa, 0xfe, 0xaa, 0xfe, 0xaa, 0xfe, 0xaa, 0xfe
.byte 0x8a, 0xfe, 0x08, 0xfe, 0xe7, 0xfd, 0xe7, 0xfd, 0xe7, 0xf5, 0xe8, 0xfd, 0xe7, 0xf5, 0xe7, 0xf5
.byte 0xe7, 0xf5, 0xe7, 0xfd, 0x47, 0xfe, 0xeb, 0xac, 0x6f, 0x1a, 0x50, 0x0a, 0x70, 0x12, 0x90, 0x12
.byte 0xd1, 0x22, 0xd1, 0x22, 0xb1, 0x22, 0xb1, 0x22, 0xb1, 0x22, 0xb1, 0x22, 0xb1, 0x22, 0x91, 0x22
.byte 0x91, 0x22, 0x91, 0x22, 0x91, 0x22, 0xb1, 0x22, 0xd1, 0x22, 0x53, 0x3b, 0xb6, 0x74, 0xbc, 0xc6
.byte 0xff, 0xff, 0xff, 0xff, 0xff, 0xff, 0xff, 0xff, 0xff, 0xff, 0xff, 0xff, 0xff, 0xff, 0xff, 0xff
.byte 0xff, 0xff, 0xff, 0xff, 0xbf, 0xf7, 0x5e, 0xe7, 0x1d, 0xd7, 0x1d, 0xd7, 0x1d, 0xd7, 0xbc, 0xc6
.byte 0xf9, 0xb5, 0x19, 0xb6, 0x19, 0xb6, 0x1a, 0xb6, 0x3a, 0xb6, 0x3a, 0xb6, 0x3a, 0xbe, 0x7b, 0xbe
.byte 0x3a, 0xb6, 0xf2, 0x32, 0x30, 0x12, 0x30, 0x12, 0x2f, 0x12, 0xed, 0xa4, 0xea, 0xfe, 0xa9, 0xfe
.byte 0xaa, 0xfe, 0xaa, 0xfe, 0xaa, 0xfe, 0xaa, 0xfe, 0xaa, 0xfe, 0xaa, 0xfe, 0xaa, 0xfe, 0xaa, 0xfe
.byte 0xaa, 0xfe, 0xaa, 0xfe, 0xaa, 0xfe, 0xaa, 0xfe, 0xaa, 0xfe, 0xaa, 0xfe, 0xaa, 0xfe, 0xaa, 0xfe
.byte 0xaa, 0xfe, 0xaa, 0xfe, 0xaa, 0xfe, 0xaa, 0xfe, 0xaa, 0xfe, 0xaa, 0xfe, 0xaa, 0xfe, 0xaa, 0xfe
.byte 0xaa, 0xfe, 0xaa, 0xfe, 0xaa, 0xfe, 0xaa, 0xfe, 0xaa, 0xfe, 0x8a, 0xfe, 0xaa, 0xfe, 0x8a, 0xfe
.byte 0xaa, 0xfe, 0xaa, 0xfe, 0xaa, 0xfe, 0x8a, 0xfe, 0x28, 0xfe, 0xe7, 0xf5, 0xe7, 0xfd, 0xe7, 0xfd
.byte 0xe8, 0xfd, 0xe8, 0xf5, 0xe7, 0xfd, 0xe7, 0xfd, 0xe7, 0xf5, 0xe6, 0xfd, 0x28, 0xfe, 0x0c, 0x84
.byte 0x2f, 0x0a, 0x71, 0x12, 0x30, 0x0a, 0xb4, 0x4b, 0xbc, 0xce, 0xfd, 0xd6, 0xfd, 0xd6, 0xfd, 0xd6
.byte 0xfd, 0xce, 0xfd, 0xce, 0xfd, 0xd6, 0x9c, 0xc6, 0xf9, 0xb5, 0xf9, 0xb5, 0xf9, 0xad, 0xf9, 0xb5
.byte 0x3a, 0xb6, 0xbb, 0xce, 0xbe, 0xf7, 0xbe, 0xff, 0xff, 0xff, 0xff, 0xff, 0xff, 0xff, 0xff, 0xff
.byte 0xff, 0xff, 0xff, 0xff, 0xff, 0xff, 0xff, 0xff, 0xff, 0xff, 0xff, 0xff, 0xff, 0xff, 0xff, 0xff
.byte 0xff, 0xff, 0xff, 0xff, 0xff, 0xff, 0xff, 0xff, 0xff, 0xff, 0xff, 0xff, 0xde, 0xff, 0xbe, 0xff
.byte 0xde, 0xff, 0xdf, 0xff, 0xff, 0xff, 0xff, 0xff, 0xdf, 0xf7, 0xd4, 0x53, 0x0f, 0x0a, 0x50, 0x12
.byte 0xef, 0x01, 0xce, 0x6b, 0xab, 0xf6, 0xc9, 0xfe, 0xaa, 0xfe, 0xaa, 0xfe, 0xaa, 0xfe, 0xaa, 0xfe
.byte 0xaa, 0xfe, 0xaa, 0xfe, 0xaa, 0xfe, 0xaa, 0xfe, 0xaa, 0xfe, 0xaa, 0xfe, 0xaa, 0xfe, 0xaa, 0xfe
.byte 0xaa, 0xfe, 0xaa, 0xfe, 0xaa, 0xfe, 0xaa, 0xfe, 0xaa, 0xfe, 0xaa, 0xfe, 0xaa, 0xfe, 0xaa, 0xfe
.byte 0xaa, 0xfe, 0xaa, 0xfe, 0xaa, 0xfe, 0xaa, 0xfe, 0xaa, 0xfe, 0xaa, 0xfe, 0xaa, 0xfe, 0xaa, 0xfe
.byte 0xaa, 0xfe, 0x8a, 0xfe, 0xaa, 0xfe, 0xaa, 0xfe, 0x8a, 0xfe, 0x8a, 0xfe, 0x8a, 0xfe, 0x49, 0xfe
.byte 0xe7, 0xf5, 0xc7, 0xf5, 0xe7, 0xfd, 0xe7, 0xfd, 0xe8, 0xfd, 0x07, 0xf6, 0x07, 0xfe, 0x08, 0xfe
.byte 0xe7, 0xfd, 0x27, 0xfe, 0xe9, 0xe5, 0x2d, 0x4b, 0x10, 0x02, 0x71, 0x12, 0x0f, 0x0a, 0xf7, 0x7c
.byte 0xff, 0xff, 0xff, 0xff, 0xff, 0xff, 0xff, 0xff, 0xff, 0xff, 0xff, 0xff, 0xff, 0xff, 0xff, 0xff
.byte 0xdf, 0xff, 0xbe, 0xff, 0x9e, 0xf7, 0xbe, 0xff, 0xff, 0xff, 0xff, 0xff, 0xff, 0xff, 0xdf, 0xff
.byte 0xff, 0xff, 0xff, 0xff, 0xff, 0xff, 0xff, 0xff, 0xff, 0xff, 0xff, 0xff, 0xff, 0xff, 0xff, 0xff
.byte 0xff, 0xff, 0xff, 0xff, 0xff, 0xff, 0xff, 0xff, 0xff, 0xff, 0xff, 0xff, 0xff, 0xff, 0xff, 0xff
.byte 0xff, 0xff, 0xff, 0xff, 0xff, 0xff, 0xff, 0xff, 0xff, 0xff, 0xff, 0xff, 0xff, 0xff, 0xff, 0xff
.byte 0xff, 0xff, 0x38, 0x8d, 0x30, 0x0a, 0x71, 0x12, 0x30, 0x0a, 0xae, 0x32, 0xed, 0xcd, 0xea, 0xfe
.byte 0xa9, 0xfe, 0xaa, 0xfe, 0xaa, 0xfe, 0xaa, 0xfe, 0xaa, 0xfe, 0xaa, 0xfe, 0xaa, 0xfe, 0xaa, 0xfe
.byte 0xaa, 0xfe, 0xaa, 0xfe, 0xaa, 0xfe, 0xaa, 0xfe, 0xaa, 0xfe, 0xaa, 0xfe, 0xaa, 0xfe, 0xaa, 0xfe
.byte 0xaa, 0xfe, 0xaa, 0xfe, 0xaa, 0xfe, 0xaa, 0xfe, 0xaa, 0xfe, 0xaa, 0xfe, 0xaa, 0xfe, 0xaa, 0xfe
.byte 0xaa, 0xfe, 0xaa, 0xfe, 0x8a, 0xfe, 0xaa, 0xfe, 0x8a, 0xfe, 0xaa, 0xfe, 0xaa, 0xfe, 0x8a, 0xfe
.byte 0x8a, 0xfe, 0xaa, 0xfe, 0x49, 0xfe, 0xe7, 0xf5, 0xc7, 0xf5, 0xc7, 0xf5, 0xc7, 0xf5, 0xe7, 0xf5
.byte 0xe8, 0xfd, 0x07, 0xfe, 0x08, 0xfe, 0x08, 0xfe, 0x07, 0xfe, 0x48, 0xfe, 0x0b, 0xb5, 0x6e, 0x22
.byte 0x30, 0x0a, 0x50, 0x12, 0x50, 0x1a, 0xf9, 0xad, 0x7c, 0xef, 0xff, 0xff, 0xff, 0xff, 0xff, 0xff
.byte 0xff, 0xff, 0xff, 0xff, 0xff, 0xff, 0xff, 0xff, 0xff, 0xff, 0xff, 0xff, 0xff, 0xff, 0xff, 0xff
.byte 0xff, 0xff, 0xff, 0xff, 0xff, 0xff, 0xff, 0xff, 0xff, 0xff, 0xff, 0xff, 0xff, 0xff, 0xff, 0xff
.byte 0xff, 0xff, 0xff, 0xff, 0xff, 0xff, 0xff, 0xff, 0xff, 0xff, 0xff, 0xff, 0xff, 0xff, 0xff, 0xff
.byte 0xff, 0xff, 0xff, 0xff, 0xff, 0xff, 0xff, 0xff, 0xff, 0xff, 0xff, 0xff, 0xff, 0xff, 0xff, 0xff
.byte 0xff, 0xff, 0xff, 0xff, 0xff, 0xff, 0xff, 0xff, 0xff, 0xff, 0xdc, 0xd6, 0xf2, 0x2a, 0x50, 0x12
.byte 0x71, 0x12, 0x30, 0x12, 0xae, 0x94, 0xeb, 0xfe, 0xa9, 0xfe, 0xaa, 0xfe, 0xaa, 0xfe, 0x8a, 0xfe
.byte 0xaa, 0xfe, 0xaa, 0xfe, 0xaa, 0xfe, 0xaa, 0xfe, 0xaa, 0xfe, 0xaa, 0xfe, 0xaa, 0xfe, 0xaa, 0xfe
.byte 0xaa, 0xfe, 0xaa, 0xfe, 0xaa, 0xfe, 0xaa, 0xfe, 0xaa, 0xfe, 0xaa, 0xfe, 0xaa, 0xfe, 0xaa, 0xfe
.byte 0xaa, 0xfe, 0xaa, 0xfe, 0xaa, 0xfe, 0xaa, 0xfe, 0xaa, 0xfe, 0xaa, 0xfe, 0xaa, 0xfe, 0x8a, 0xfe
.byte 0x8a, 0xfe, 0xaa, 0xfe, 0xaa, 0xfe, 0x8a, 0xfe, 0xaa, 0xfe, 0x69, 0xfe, 0x08, 0xfe, 0xc7, 0xf5
.byte 0xe7, 0xf5, 0xc7, 0xf5, 0xc7, 0xf5, 0xc7, 0xf5, 0xe7, 0xfd, 0xe7, 0xf5, 0x07, 0xf6, 0x08, 0xfe
.byte 0x28, 0xfe, 0x49, 0xfe, 0x0d, 0x7c, 0x30, 0x0a, 0x71, 0x12, 0x0f, 0x0a, 0x52, 0x43, 0xdb, 0xd6
.byte 0xff, 0xff, 0xff, 0xff, 0xff, 0xff, 0xff, 0xff, 0xff, 0xff, 0xff, 0xff, 0xff, 0xff, 0xff, 0xff
.byte 0xff, 0xff, 0xff, 0xff, 0xff, 0xff, 0xff, 0xff, 0xff, 0xff, 0xff, 0xff, 0xff, 0xff, 0xff, 0xff
.byte 0xff, 0xff, 0xff, 0xff, 0xff, 0xff, 0xff, 0xff, 0xff, 0xff, 0xff, 0xff, 0xff, 0xff, 0xff, 0xff
.byte 0xff, 0xff, 0xff, 0xff, 0xff, 0xff, 0xff, 0xff, 0xff, 0xff, 0xff, 0xff, 0xff, 0xff, 0xff, 0xff
.byte 0xff, 0xff, 0xff, 0xff, 0xff, 0xff, 0xff, 0xff, 0xff, 0xff, 0xff, 0xff, 0xff, 0xff, 0xff, 0xff
.byte 0xff, 0xff, 0x9e, 0xef, 0x55, 0x64, 0x30, 0x0a, 0x91, 0x1a, 0x31, 0x0a, 0x0f, 0x43, 0x2d, 0xde
.byte 0xea, 0xfe, 0xa9, 0xfe, 0xa9, 0xfe, 0xaa, 0xfe, 0xaa, 0xfe, 0xaa, 0xfe, 0xaa, 0xfe, 0xaa, 0xfe
.byte 0xaa, 0xfe, 0xaa, 0xfe, 0xaa, 0xfe, 0xaa, 0xfe, 0xaa, 0xfe, 0xaa, 0xfe, 0xaa, 0xfe, 0xaa, 0xfe
.byte 0xaa, 0xfe, 0xaa, 0xfe, 0xaa, 0xfe, 0xaa, 0xfe, 0xaa, 0xfe, 0xaa, 0xfe, 0xaa, 0xfe, 0x8a, 0xfe
.byte 0x8a, 0xfe, 0xaa, 0xfe, 0x89, 0xfe, 0x8a, 0xfe, 0x8a, 0xfe, 0x8a, 0xfe, 0x8a, 0xfe, 0xaa, 0xfe
.byte 0x69, 0xfe, 0x08, 0xfe, 0xc7, 0xf5, 0xe7, 0xf5, 0xc7, 0xf5, 0xe7, 0xf5, 0xe7, 0xf5, 0xe7, 0xf5
.byte 0xe7, 0xf5, 0xe7, 0xf5, 0xe7, 0xfd, 0xe7, 0xfd, 0x68, 0xfe, 0x8b, 0xcd, 0xcf, 0x32, 0x51, 0x0a
.byte 0x91, 0x12, 0x0f, 0x0a, 0x37, 0x8d, 0x7d, 0xef, 0xff, 0xff, 0xff, 0xff, 0xff, 0xff, 0xff, 0xff
.byte 0xff, 0xff, 0xff, 0xff, 0xff, 0xff, 0xff, 0xff, 0xff, 0xff, 0xff, 0xff, 0xff, 0xff, 0xff, 0xff
.byte 0xff, 0xff, 0xff, 0xff, 0xff, 0xff, 0xff, 0xff, 0xff, 0xff, 0xff, 0xff, 0xff, 0xff, 0xff, 0xff
.byte 0xff, 0xff, 0xff, 0xff, 0xff, 0xff, 0xff, 0xff, 0xff, 0xff, 0xff, 0xff, 0xff, 0xff, 0xff, 0xff
.byte 0xff, 0xff, 0xff, 0xff, 0xff, 0xff, 0xff, 0xff, 0xff, 0xff, 0xff, 0xff, 0xff, 0xff, 0xff, 0xff
.byte 0xff, 0xff, 0xff, 0xff, 0xff, 0xff, 0xff, 0xff, 0xff, 0xff, 0xff, 0xff, 0x5b, 0xbe, 0xb2, 0x22
.byte 0x50, 0x12, 0x71, 0x12, 0x0f, 0x12, 0x6d, 0x8c, 0xcb, 0xfe, 0xa9, 0xfe, 0x8a, 0xfe, 0x8a, 0xfe
.byte 0xaa, 0xfe, 0xaa, 0xfe, 0xaa, 0xfe, 0xaa, 0xfe, 0xaa, 0xfe, 0xaa, 0xfe, 0xaa, 0xfe, 0xaa, 0xfe
.byte 0xaa, 0xfe, 0xaa, 0xfe, 0xaa, 0xfe, 0xaa, 0xfe, 0xaa, 0xfe, 0xaa, 0xfe, 0xaa, 0xfe, 0xaa, 0xfe
.byte 0xaa, 0xfe, 0xaa, 0xfe, 0xaa, 0xfe, 0x8a, 0xfe, 0xaa, 0xfe, 0xaa, 0xfe, 0x8a, 0xfe, 0xaa, 0xfe
.byte 0xaa, 0xfe, 0xaa, 0xfe, 0x8a, 0xfe, 0x69, 0xfe, 0x08, 0xf6, 0xc7, 0xf5, 0xe8, 0xf5, 0xe7, 0xf5
.byte 0xe7, 0xf5, 0xc7, 0xf5, 0xc7, 0xf5, 0xe7, 0xf5, 0xe7, 0xf5, 0xe7, 0xf5, 0xc7, 0xf5, 0x07, 0xfe
.byte 0x29, 0xfe, 0xec, 0x73, 0x10, 0x0a, 0x91, 0x12, 0x30, 0x0a, 0xd1, 0x2a, 0xfc, 0xd6, 0xde, 0xff
.byte 0xff, 0xff, 0xff, 0xff, 0xff, 0xff, 0xff, 0xff, 0xff, 0xff, 0xff, 0xff, 0xff, 0xff, 0xff, 0xff
.byte 0xff, 0xff, 0xff, 0xff, 0xff, 0xff, 0xff, 0xff, 0xff, 0xff, 0xff, 0xff, 0xff, 0xff, 0xff, 0xff
.byte 0xff, 0xff, 0xff, 0xff, 0xff, 0xff, 0xff, 0xff, 0xff, 0xff, 0xff, 0xff, 0xff, 0xff, 0xff, 0xff
.byte 0xff, 0xff, 0xff, 0xff, 0xff, 0xff, 0xff, 0xff, 0xff, 0xff, 0xff, 0xff, 0xff, 0xff, 0xff, 0xff
.byte 0xff, 0xff, 0xff, 0xff, 0xff, 0xff, 0xff, 0xff, 0xff, 0xff, 0xff, 0xff, 0xff, 0xff, 0xff, 0xff
.byte 0xff, 0xff, 0xff, 0xff, 0x7e, 0xef, 0xf4, 0x53, 0xef, 0x01, 0x70, 0x12, 0x10, 0x0a, 0x6d, 0x2a
.byte 0xac, 0xcd, 0xc9, 0xfe, 0x89, 0xfe, 0xaa, 0xfe, 0x89, 0xfe, 0xaa, 0xfe, 0xaa, 0xfe, 0xaa, 0xfe
.byte 0xaa, 0xfe, 0xaa, 0xfe, 0xaa, 0xfe, 0xaa, 0xfe, 0xaa, 0xfe, 0xaa, 0xfe, 0xaa, 0xfe, 0xaa, 0xfe
.byte 0xaa, 0xfe, 0xaa, 0xfe, 0xaa, 0xfe, 0xaa, 0xfe, 0xaa, 0xfe, 0xaa, 0xfe, 0x8a, 0xfe, 0xaa, 0xfe
.byte 0xaa, 0xfe, 0xaa, 0xfe, 0x8a, 0xfe, 0x8a, 0xfe, 0xaa, 0xfe, 0x8a, 0xfe, 0x49, 0xfe, 0xe8, 0xf5
.byte 0xc7, 0xf5, 0xe7, 0xfd, 0xe7, 0xfd, 0xe8, 0xfd, 0xe7, 0xf5, 0xe7, 0xfd, 0xe7, 0xf5, 0xe7, 0xf5
.byte 0xe7, 0xf5, 0xe7, 0xf5, 0xe6, 0xfd, 0x27, 0xfe, 0x0b, 0xb5, 0x4d, 0x22, 0x30, 0x12, 0x71, 0x1a
.byte 0xce, 0x01, 0x96, 0x74, 0xbf, 0xf7, 0xff, 0xff, 0xff, 0xff, 0xff, 0xff, 0xff, 0xff, 0xff, 0xff
.byte 0xff, 0xff, 0xff, 0xff, 0xff, 0xff, 0xff, 0xff, 0xff, 0xff, 0xff, 0xff, 0xff, 0xff, 0xff, 0xff
.byte 0xff, 0xff, 0xff, 0xff, 0xff, 0xff, 0xff, 0xff, 0xff, 0xff, 0xff, 0xff, 0xff, 0xff, 0xff, 0xff
.byte 0xff, 0xff, 0xff, 0xff, 0xff, 0xff, 0xff, 0xff, 0xff, 0xff, 0xff, 0xff, 0xff, 0xff, 0xff, 0xff
.byte 0xff, 0xff, 0xff, 0xff, 0xff, 0xff, 0xff, 0xff, 0xff, 0xff, 0xff, 0xff, 0xff, 0xff, 0xff, 0xff
.byte 0xff, 0xff, 0xff, 0xff, 0xff, 0xff, 0xff, 0xff, 0xff, 0xff, 0xff, 0xff, 0xff, 0xff, 0xd9, 0xa5
.byte 0xb1, 0x22, 0x0f, 0x0a, 0x4f, 0x12, 0xce, 0x01, 0x6c, 0x63, 0x29, 0xee, 0x67, 0xfe, 0x69, 0xfe
.byte 0x8a, 0xfe, 0xaa, 0xfe, 0xaa, 0xfe, 0xaa, 0xfe, 0xaa, 0xfe, 0xaa, 0xfe, 0xaa, 0xfe, 0xaa, 0xfe
.byte 0xaa, 0xfe, 0xaa, 0xfe, 0xaa, 0xfe, 0xaa, 0xfe, 0x8a, 0xfe, 0x8a, 0xfe, 0xaa, 0xfe, 0xaa, 0xfe
.byte 0xaa, 0xfe, 0xaa, 0xfe, 0xaa, 0xfe, 0x8a, 0xfe, 0xaa, 0xfe, 0xaa, 0xfe, 0xaa, 0xfe, 0xaa, 0xfe
.byte 0x69, 0xfe, 0x08, 0xfe, 0xc7, 0xf5, 0xc7, 0xf5, 0xe7, 0xfd, 0xe7, 0xfd, 0xe8, 0xfd, 0xe8, 0xf5
.byte 0xe7, 0xfd, 0xe8, 0xf5, 0xe8, 0xfd, 0xe7, 0xf5, 0xe7, 0xf5, 0xc6, 0xf5, 0x06, 0xfe, 0xca, 0xe5
.byte 0x0c, 0x4b, 0xef, 0x09, 0x50, 0x1a, 0x0f, 0x0a, 0x90, 0x22, 0xbc, 0xce, 0xff, 0xff, 0xff, 0xff
.byte 0xff, 0xff, 0xff, 0xff, 0xff, 0xff, 0xff, 0xff, 0xff, 0xff, 0xff, 0xff, 0xff, 0xff, 0xff, 0xff
.byte 0xff, 0xff, 0xff, 0xff, 0xff, 0xff, 0xff, 0xff, 0xff, 0xff, 0xff, 0xff, 0xff, 0xff, 0xff, 0xff
.byte 0xff, 0xff, 0xff, 0xff, 0xff, 0xff, 0xff, 0xff, 0xff, 0xff, 0xff, 0xff, 0xff, 0xff, 0xff, 0xff
.byte 0xff, 0xff, 0xff, 0xff, 0xff, 0xff, 0xff, 0xff, 0xff, 0xff, 0xff, 0xff, 0xff, 0xff, 0xff, 0xff
.byte 0xff, 0xff, 0xff, 0xff, 0xff, 0xff, 0xff, 0xff, 0xff, 0xff, 0xff, 0xff, 0xff, 0xff, 0xff, 0xff
.byte 0xff, 0xff, 0xff, 0xff, 0xff, 0xff, 0x9e, 0xef, 0x55, 0x6c, 0xee, 0x09, 0x2f, 0x12, 0x0f, 0x12
.byte 0xed, 0x11, 0x4b, 0x94, 0x48, 0xfe, 0x06, 0xfe, 0x69, 0xfe, 0x89, 0xfe, 0xaa, 0xfe, 0xaa, 0xfe
.byte 0xaa, 0xfe, 0xaa, 0xfe, 0xaa, 0xfe, 0xaa, 0xfe, 0xaa, 0xfe, 0xaa, 0xfe, 0xaa, 0xfe, 0xaa, 0xfe
.byte 0x8a, 0xfe, 0xaa, 0xfe, 0x8a, 0xfe, 0x8a, 0xfe, 0x8a, 0xfe, 0x8a, 0xfe, 0x8a, 0xfe, 0xaa, 0xfe
.byte 0xaa, 0xfe, 0xaa, 0xfe, 0x89, 0xfe, 0x48, 0xfe, 0xe8, 0xf5, 0xc7, 0xf5, 0xc7, 0xfd, 0xe8, 0xf5
.byte 0xe7, 0xfd, 0xe7, 0xfd, 0xe7, 0xf5, 0xe8, 0xf5, 0xe8, 0xf5, 0xe8, 0xf5, 0xe7, 0xfd, 0xe7, 0xf5
.byte 0xe7, 0xf5, 0xe6, 0xfd, 0x29, 0xf6, 0xec, 0x7b, 0xce, 0x09, 0x30, 0x12, 0x30, 0x12, 0xad, 0x01
.byte 0xb6, 0x7c, 0xff, 0xff, 0xff, 0xff, 0xff, 0xff, 0xff, 0xff, 0xff, 0xff, 0xff, 0xff, 0xff, 0xff
.byte 0xff, 0xff, 0xff, 0xff, 0xff, 0xff, 0xff, 0xff, 0xff, 0xff, 0xff, 0xff, 0xff, 0xff, 0xff, 0xff
.byte 0xff, 0xff, 0xff, 0xff, 0xff, 0xff, 0xff, 0xff, 0xff, 0xff, 0xff, 0xff, 0xff, 0xff, 0xff, 0xff
.byte 0xff, 0xff, 0xff, 0xff, 0xff, 0xff, 0xff, 0xff, 0xff, 0xff, 0xff, 0xff, 0xff, 0xff, 0xff, 0xff
.byte 0xff, 0xff, 0xff, 0xff, 0xff, 0xff, 0xff, 0xff, 0xff, 0xff, 0xff, 0xff, 0xff, 0xff, 0xff, 0xff
.byte 0xff, 0xff, 0xff, 0xff, 0xff, 0xff, 0xff, 0xff, 0xff, 0xff, 0xff, 0xff, 0xff, 0xff, 0xff, 0xff
.byte 0x96, 0x74, 0x2f, 0x0a, 0x2f, 0x12, 0x4f, 0x12, 0x0f, 0x0a, 0x4d, 0x22, 0x0b, 0xb5, 0x47, 0xfe
.byte 0x07, 0xfe, 0x28, 0xf6, 0x49, 0xfe, 0x89, 0xfe, 0x89, 0xfe, 0xaa, 0xfe, 0xaa, 0xfe, 0xaa, 0xfe
.byte 0xaa, 0xfe, 0xaa, 0xfe, 0xaa, 0xfe, 0xaa, 0xfe, 0x8a, 0xfe, 0x8a, 0xfe, 0x8a, 0xfe, 0x8a, 0xfe
.byte 0xaa, 0xfe, 0x8a, 0xfe, 0xaa, 0xfe, 0x89, 0xfe, 0x69, 0xfe, 0x28, 0xfe, 0x08, 0xfe, 0xc7, 0xf5
.byte 0xc7, 0xf5, 0xe8, 0xf5, 0xe8, 0xfd, 0xe7, 0xfd, 0xe8, 0xfd, 0xe7, 0xf5, 0xe8, 0xf5, 0xe8, 0xf5
.byte 0xe8, 0xf5, 0xe7, 0xf5, 0xe7, 0xf5, 0xe7, 0xf5, 0xe7, 0xfd, 0x49, 0xfe, 0xac, 0x9c, 0x2d, 0x1a
.byte 0x0f, 0x0a, 0x4f, 0x12, 0x2f, 0x12, 0xce, 0x09, 0x93, 0x53, 0x3d, 0xdf, 0xff, 0xff, 0xff, 0xff
.byte 0xff, 0xff, 0xff, 0xff, 0xff, 0xff, 0xff, 0xff, 0xff, 0xff, 0xff, 0xff, 0xff, 0xff, 0xff, 0xff
.byte 0xff, 0xff, 0xff, 0xff, 0xff, 0xff, 0xff, 0xff, 0xff, 0xff, 0xff, 0xff, 0xff, 0xff, 0xff, 0xff
.byte 0xff, 0xff, 0xff, 0xff, 0xff, 0xff, 0xff, 0xff, 0xff, 0xff, 0xff, 0xff, 0xff, 0xff, 0xff, 0xff
.byte 0xff, 0xff, 0xff, 0xff, 0xff, 0xff, 0xff, 0xff, 0xff, 0xff, 0xff, 0xff, 0xff, 0xff, 0xff, 0xff
.byte 0xff, 0xff, 0xff, 0xff, 0xff, 0xff, 0xff, 0xff, 0xff, 0xff, 0xff, 0xff, 0xff, 0xff, 0xff, 0xff
.byte 0xff, 0xff, 0xff, 0xff, 0xff, 0xff, 0x17, 0x8d, 0x70, 0x22, 0x4f, 0x12, 0x4f, 0x12, 0x50, 0x12
.byte 0x50, 0x12, 0x0f, 0x0a, 0xad, 0x3a, 0x6b, 0xc5, 0x48, 0xfe, 0xe7, 0xfd, 0xe8, 0xf5, 0x08, 0xf6
.byte 0x28, 0xf6, 0x49, 0xfe, 0x69, 0xfe, 0x89, 0xfe, 0x8a, 0xfe, 0x8a, 0xfe, 0x8a, 0xfe, 0xaa, 0xfe
.byte 0xaa, 0xfe, 0xaa, 0xfe, 0x8a, 0xfe, 0x89, 0xfe, 0x69, 0xfe, 0x49, 0xfe, 0x49, 0xfe, 0x08, 0xf6
.byte 0xe7, 0xf5, 0xc7, 0xfd, 0xc7, 0xfd, 0xe7, 0xf5, 0xe7, 0xf5, 0xe7, 0xf5, 0xe7, 0xfd, 0xe8, 0xfd
.byte 0xe8, 0xfd, 0xe8, 0xf5, 0xe8, 0xf5, 0xe8, 0xf5, 0xe7, 0xf5, 0xe7, 0xf5, 0xe7, 0xf5, 0x07, 0xfe
.byte 0x49, 0xfe, 0x0c, 0xb5, 0x8e, 0x2a, 0x30, 0x0a, 0x70, 0x12, 0x4f, 0x12, 0x4f, 0x1a, 0x2f, 0x12
.byte 0xcd, 0x09, 0x72, 0x4b, 0xdc, 0xce, 0xff, 0xff, 0xff, 0xff, 0xff, 0xff, 0xff, 0xff, 0xff, 0xff
.byte 0xff, 0xff, 0xff, 0xff, 0xff, 0xff, 0xff, 0xff, 0xff, 0xff, 0xff, 0xff, 0xff, 0xff, 0xff, 0xff
.byte 0xff, 0xff, 0xff, 0xff, 0xff, 0xff, 0xff, 0xff, 0xff, 0xff, 0xff, 0xff, 0xff, 0xff, 0xff, 0xff
.byte 0xff, 0xff, 0xff, 0xff, 0xff, 0xff, 0xff, 0xff, 0xff, 0xff, 0xff, 0xff, 0xff, 0xff, 0xff, 0xff
.byte 0xff, 0xff, 0xff, 0xff, 0xff, 0xff, 0xff, 0xff, 0xff, 0xff, 0xff, 0xff, 0xff, 0xff, 0xff, 0xff
.byte 0xff, 0xff, 0xff, 0xff, 0xff, 0xff, 0xff, 0xff, 0xff, 0xff, 0x3d, 0xe7, 0xb3, 0x53, 0x2f, 0x12
.byte 0x4f, 0x12, 0x4f, 0x12, 0x0f, 0x0a, 0x0f, 0x0a, 0x50, 0x12, 0x50, 0x1a, 0x0f, 0x0a, 0xee, 0x42
.byte 0x8b, 0xcd, 0x69, 0xfe, 0x08, 0xfe, 0xe8, 0xfd, 0xe8, 0xfd, 0xe8, 0xfd, 0xe8, 0xf5, 0x08, 0xfe
.byte 0x08, 0xf6, 0x08, 0xf6, 0x28, 0xf6, 0x28, 0xf6, 0x28, 0xf6, 0x28, 0xf6, 0x08, 0xf6, 0xe8, 0xf5
.byte 0xe7, 0xf5, 0xe7, 0xf5, 0xe7, 0xf5, 0xc7, 0xf5, 0xe7, 0xf5, 0xe7, 0xf5, 0xe7, 0xf5, 0xe7, 0xf5
.byte 0xe7, 0xf5, 0xe7, 0xf5, 0xe8, 0xf5, 0xe8, 0xfd, 0xe8, 0xfd, 0xe8, 0xfd, 0xe8, 0xfd, 0x07, 0xfe
.byte 0xe8, 0xfd, 0xe7, 0xfd, 0x07, 0xfe, 0x49, 0xfe, 0x0c, 0xb5, 0xae, 0x32, 0x30, 0x12, 0x91, 0x1a
.byte 0x71, 0x12, 0x10, 0x0a, 0x10, 0x0a, 0x2f, 0x1a, 0x0e, 0x12, 0x8d, 0x01, 0xd4, 0x53, 0x3d, 0xdf
.byte 0xff, 0xff, 0xff, 0xff, 0xff, 0xff, 0xff, 0xff, 0xff, 0xff, 0xff, 0xff, 0xff, 0xff, 0xff, 0xff
.byte 0xff, 0xff, 0xff, 0xff, 0xff, 0xff, 0xff, 0xff, 0xff, 0xff, 0xff, 0xff, 0xff, 0xff, 0xff, 0xff
.byte 0xff, 0xff, 0xff, 0xff, 0xff, 0xff, 0xff, 0xff, 0xff, 0xff, 0xff, 0xff, 0xff, 0xff, 0xff, 0xff
.byte 0xff, 0xff, 0xff, 0xff, 0xff, 0xff, 0xff, 0xff, 0xff, 0xff, 0xff, 0xff, 0xff, 0xff, 0xff, 0xff
.byte 0xff, 0xff, 0xff, 0xff, 0xff, 0xff, 0xff, 0xff, 0xff, 0xff, 0xff, 0xff, 0xff, 0xff, 0xff, 0xff
.byte 0x5d, 0xe7, 0x72, 0x43, 0x50, 0x12, 0x70, 0x1a, 0x50, 0x12, 0x0f, 0x0a, 0x8f, 0x53, 0xae, 0x5b
.byte 0x4f, 0x12, 0x50, 0x12, 0x70, 0x1a, 0x50, 0x12, 0xee, 0x3a, 0x4c, 0xbd, 0x6a, 0xfe, 0x28, 0xfe
.byte 0x08, 0xfe, 0xe8, 0xfd, 0xe8, 0xfd, 0xe8, 0xfd, 0xc7, 0xf5, 0xe7, 0xf5, 0xe7, 0xf5, 0xe7, 0xf5
.byte 0xe7, 0xf5, 0xe7, 0xf5, 0xe7, 0xf5, 0xe7, 0xf5, 0xe8, 0xf5, 0xe7, 0xf5, 0xe7, 0xf5, 0xe7, 0xf5
.byte 0xe7, 0xf5, 0xe7, 0xf5, 0xe7, 0xf5, 0xe7, 0xf5, 0xe7, 0xf5, 0xe7, 0xf5, 0xe7, 0xf5, 0xe7, 0xf5
.byte 0xe7, 0xf5, 0xe8, 0xf5, 0xe8, 0xfd, 0xe7, 0xfd, 0xe7, 0xfd, 0x28, 0xfe, 0x4a, 0xfe, 0xcd, 0xa4
.byte 0x8e, 0x2a, 0x30, 0x0a, 0x70, 0x1a, 0x50, 0x12, 0x70, 0x1a, 0xd0, 0x63, 0x2f, 0x43, 0xce, 0x09
.byte 0x30, 0x12, 0x30, 0x12, 0xef, 0x09, 0x35, 0x64, 0x5e, 0xe7, 0xff, 0xff, 0xff, 0xff, 0xff, 0xff
.byte 0xff, 0xff, 0xff, 0xff, 0xff, 0xff, 0xff, 0xff, 0xff, 0xff, 0xff, 0xff, 0xff, 0xff, 0xff, 0xff
.byte 0xff, 0xff, 0xff, 0xff, 0xff, 0xff, 0xff, 0xff, 0xff, 0xff, 0xff, 0xff, 0xff, 0xff, 0xff, 0xff
.byte 0xff, 0xff, 0xff, 0xff, 0xff, 0xff, 0xff, 0xff, 0xff, 0xff, 0xff, 0xff, 0xff, 0xff, 0xff, 0xff
.byte 0xff, 0xff, 0xff, 0xff, 0xff, 0xff, 0xff, 0xff, 0xff, 0xff, 0xff, 0xff, 0xff, 0xff, 0xff, 0xff
.byte 0xff, 0xff, 0xff, 0xff, 0xff, 0xff, 0x3d, 0xe7, 0x72, 0x43, 0x50, 0x12, 0x70, 0x12, 0x50, 0x12
.byte 0xef, 0x09, 0x4d, 0x53, 0x4d, 0xde, 0xad, 0xee, 0xad, 0x6b, 0x0f, 0x0a, 0x71, 0x12, 0x91, 0x1a
.byte 0x31, 0x12, 0x8e, 0x2a, 0xac, 0x9c, 0x2a, 0xf6, 0x48, 0xfe, 0x08, 0xfe, 0xe8, 0xfd, 0xe7, 0xfd
.byte 0xe7, 0xf5, 0xe7, 0xf5, 0xe7, 0xf5, 0xe7, 0xf5, 0xe7, 0xf5, 0xe7, 0xf5, 0xe7, 0xf5, 0xe8, 0xf5
.byte 0xe8, 0xf5, 0xe8, 0xf5, 0xe7, 0xf5, 0xe8, 0xf5, 0xe7, 0xf5, 0xe7, 0xf5, 0xe7, 0xf5, 0xe7, 0xf5
.byte 0xe7, 0xf5, 0xe7, 0xf5, 0xe7, 0xf5, 0xe7, 0xf5, 0xe7, 0xf5, 0xe8, 0xf5, 0xe8, 0xf5, 0x08, 0xfe
.byte 0x49, 0xfe, 0x2b, 0xee, 0x6d, 0x8c, 0x8f, 0x22, 0x51, 0x0a, 0x70, 0x1a, 0x50, 0x12, 0x0f, 0x12
.byte 0xee, 0x73, 0xcd, 0xf6, 0xed, 0xd5, 0xee, 0x42, 0xf0, 0x01, 0x71, 0x12, 0x71, 0x12, 0x30, 0x0a
.byte 0x55, 0x64, 0x5e, 0xe7, 0xff, 0xff, 0xff, 0xff, 0xff, 0xff, 0xff, 0xff, 0xff, 0xff, 0xff, 0xff
.byte 0xff, 0xff, 0xff, 0xff, 0xff, 0xff, 0xff, 0xff, 0xff, 0xff, 0xff, 0xff, 0xff, 0xff, 0xff, 0xff
.byte 0xff, 0xff, 0xff, 0xff, 0xff, 0xff, 0xff, 0xff, 0xff, 0xff, 0xff, 0xff, 0xff, 0xff, 0xff, 0xff
.byte 0xff, 0xff, 0xff, 0xff, 0xff, 0xff, 0xff, 0xff, 0xff, 0xff, 0xff, 0xff, 0xff, 0xff, 0xff, 0xff
.byte 0xff, 0xff, 0xff, 0xff, 0xff, 0xff, 0xff, 0xff, 0xff, 0xff, 0xff, 0xff, 0x3d, 0xe7, 0x52, 0x43
.byte 0x50, 0x12, 0x50, 0x12, 0x50, 0x12, 0xef, 0x09, 0x4e, 0x4b, 0x2c, 0xd6, 0xe9, 0xfe, 0xc9, 0xfe
.byte 0x6c, 0xe6, 0xae, 0x63, 0x2f, 0x12, 0x71, 0x12, 0x91, 0x12, 0x30, 0x0a, 0x2e, 0x1a, 0xac, 0x73
.byte 0x8a, 0xd5, 0x48, 0xfe, 0x07, 0xfe, 0xe7, 0xfd, 0xc7, 0xf5, 0xe7, 0xf5, 0xe7, 0xf5, 0xe7, 0xf5
.byte 0xe7, 0xf5, 0xe7, 0xf5, 0xe7, 0xfd, 0xe8, 0xf5, 0xe8, 0xfd, 0xe8, 0xf5, 0x08, 0xf6, 0xe7, 0xf5
.byte 0xe7, 0xf5, 0xe7, 0xf5, 0xe7, 0xf5, 0xe7, 0xf5, 0xe7, 0xf5, 0xc7, 0xf5, 0xc7, 0xf5, 0xc7, 0xf5
.byte 0xc7, 0xf5, 0xe7, 0xfd, 0x07, 0xfe, 0x49, 0xfe, 0xac, 0xd5, 0xad, 0x63, 0x2f, 0x1a, 0x51, 0x12
.byte 0x91, 0x1a, 0x51, 0x12, 0x2f, 0x12, 0xcd, 0x6b, 0x4c, 0xee, 0xa8, 0xfe, 0xca, 0xfe, 0x0e, 0xce
.byte 0x30, 0x43, 0x31, 0x02, 0x92, 0x12, 0x71, 0x12, 0x0f, 0x0a, 0x35, 0x64, 0x5e, 0xdf, 0xff, 0xff
.byte 0xff, 0xff, 0xff, 0xff, 0xff, 0xff, 0xff, 0xff, 0xff, 0xff, 0xff, 0xff, 0xff, 0xff, 0xff, 0xff
.byte 0xff, 0xff, 0xff, 0xff, 0xff, 0xff, 0xff, 0xff, 0xff, 0xff, 0xff, 0xff, 0xff, 0xff, 0xff, 0xff
.byte 0xff, 0xff, 0xff, 0xff, 0xff, 0xff, 0xff, 0xff, 0xff, 0xff, 0xff, 0xff, 0xff, 0xff, 0xff, 0xff
.byte 0xff, 0xff, 0xff, 0xff, 0xff, 0xff, 0xff, 0xff, 0xff, 0xff, 0xff, 0xff, 0xff, 0xff, 0xff, 0xff
.byte 0xff, 0xff, 0x3d, 0xe7, 0x72, 0x43, 0x50, 0x12, 0x70, 0x12, 0x50, 0x12, 0xef, 0x01, 0x4e, 0x4b
.byte 0x0d, 0xd6, 0xe9, 0xfe, 0x88, 0xfe, 0x89, 0xfe, 0xc9, 0xfe, 0x8d, 0xe6, 0xef, 0x6b, 0x2f, 0x12
.byte 0x70, 0x12, 0x71, 0x12, 0x51, 0x12, 0x0f, 0x12, 0xad, 0x42, 0x8b, 0x9c, 0xc9, 0xe5, 0x07, 0xfe
.byte 0x07, 0xfe, 0xe7, 0xfd, 0xc7, 0xf5, 0xc7, 0xf5, 0xe7, 0xf5, 0xe7, 0xf5, 0xe7, 0xfd, 0xe7, 0xfd
.byte 0x08, 0xfe, 0x08, 0xfe, 0x08, 0xfe, 0xe8, 0xfd, 0xe7, 0xfd, 0xe7, 0xfd, 0xe7, 0xf5, 0xe7, 0xf5
.byte 0xe7, 0xf5, 0xc7, 0xf5, 0xc7, 0xf5, 0xe6, 0xfd, 0x06, 0xfe, 0x07, 0xfe, 0xa9, 0xe5, 0x6c, 0x94
.byte 0xce, 0x3a, 0x30, 0x12, 0x71, 0x1a, 0x90, 0x1a, 0x71, 0x12, 0x70, 0x1a, 0x4e, 0x7c, 0x8b, 0xee
.byte 0xa8, 0xfe, 0x69, 0xf6, 0x89, 0xfe, 0x0b, 0xff, 0x0f, 0xd6, 0x30, 0x43, 0x10, 0x0a, 0x71, 0x12
.byte 0x50, 0x12, 0xce, 0x01, 0xd4, 0x53, 0x5d, 0xdf, 0xff, 0xff, 0xff, 0xff, 0xff, 0xff, 0xff, 0xff
.byte 0xff, 0xff, 0xff, 0xff, 0xff, 0xff, 0xff, 0xff, 0xff, 0xff, 0xff, 0xff, 0xff, 0xff, 0xff, 0xff
.byte 0xff, 0xff, 0xff, 0xff, 0xff, 0xff, 0xff, 0xff, 0xff, 0xff, 0xff, 0xff, 0xff, 0xff, 0xff, 0xff
.byte 0xff, 0xff, 0xff, 0xff, 0xff, 0xff, 0xff, 0xff, 0xff, 0xff, 0xff, 0xff, 0xff, 0xff, 0xff, 0xff
.byte 0xff, 0xff, 0xff, 0xff, 0xff, 0xff, 0xff, 0xff, 0x1d, 0xdf, 0xd4, 0x53, 0x71, 0x12, 0x70, 0x12
.byte 0x50, 0x12, 0xef, 0x01, 0x4e, 0x4b, 0x2e, 0xd6, 0xea, 0xfe, 0x68, 0xfe, 0x89, 0xf6, 0x89, 0xf6
.byte 0x88, 0xfe, 0x2b, 0xff, 0x50, 0xa5, 0x4f, 0x1a, 0x50, 0x12, 0x70, 0x12, 0x91, 0x12, 0x71, 0x12
.byte 0x10, 0x0a, 0x0e, 0x12, 0x0c, 0x53, 0x6a, 0xa4, 0x88, 0xdd, 0x07, 0xfe, 0x27, 0xfe, 0x07, 0xfe
.byte 0xe7, 0xfd, 0xe7, 0xfd, 0xe7, 0xfd, 0xe7, 0xfd, 0x07, 0xfe, 0x07, 0xfe, 0x08, 0xfe, 0x07, 0xfe
.byte 0xe7, 0xfd, 0xe7, 0xfd, 0xe7, 0xfd, 0xe7, 0xfd, 0xe7, 0xfd, 0x07, 0xfe, 0x27, 0xfe, 0xe7, 0xfd
.byte 0x69, 0xd5, 0x4a, 0x9c, 0xec, 0x4a, 0xee, 0x11, 0x10, 0x0a, 0x71, 0x12, 0x90, 0x1a, 0x71, 0x1a
.byte 0x51, 0x12, 0x90, 0x22, 0xcf, 0xbd, 0x0a, 0xff, 0x89, 0xfe, 0x8a, 0xfe, 0xa9, 0xfe, 0xaa, 0xfe
.byte 0xeb, 0xfe, 0x0e, 0xd6, 0x2e, 0x43, 0xee, 0x09, 0x4f, 0x12, 0x2f, 0x12, 0xad, 0x01, 0xf4, 0x5b
.byte 0x7e, 0xe7, 0xff, 0xff, 0xff, 0xff, 0xff, 0xff, 0xff, 0xff, 0xff, 0xff, 0xff, 0xff, 0xff, 0xff
.byte 0xff, 0xff, 0xff, 0xff, 0xff, 0xff, 0xff, 0xff, 0xff, 0xff, 0xff, 0xff, 0xff, 0xff, 0xff, 0xff
.byte 0xff, 0xff, 0xff, 0xff, 0xff, 0xff, 0xff, 0xff, 0xff, 0xff, 0xff, 0xff, 0xff, 0xff, 0xff, 0xff
.byte 0xff, 0xff, 0xff, 0xff, 0xff, 0xff, 0xff, 0xff, 0xff, 0xff, 0xff, 0xff, 0xff, 0xff, 0x1d, 0xdf
.byte 0xd4, 0x53, 0x92, 0x1a, 0x71, 0x1a, 0x71, 0x12, 0x30, 0x0a, 0x6f, 0x53, 0x2e, 0xd6, 0xea, 0xfe
.byte 0x88, 0xfe, 0x88, 0xfe, 0x68, 0xfe, 0x88, 0xfe, 0xea, 0xfe, 0x6d, 0xb5, 0xce, 0x32, 0x50, 0x12
.byte 0x91, 0x1a, 0x71, 0x12, 0x30, 0x0a, 0x30, 0x0a, 0x70, 0x1a, 0x50, 0x12, 0xef, 0x09, 0x0e, 0x12
.byte 0xcc, 0x42, 0xeb, 0x83, 0xea, 0xbc, 0xa9, 0xdd, 0x29, 0xfe, 0x49, 0xfe, 0x69, 0xfe, 0x68, 0xfe
.byte 0x68, 0xfe, 0x48, 0xfe, 0x48, 0xfe, 0x48, 0xfe, 0x48, 0xfe, 0x48, 0xfe, 0x48, 0xfe, 0x28, 0xfe
.byte 0xe9, 0xf5, 0x8a, 0xdd, 0xca, 0xb4, 0xab, 0x73, 0xac, 0x3a, 0xed, 0x11, 0xcf, 0x09, 0x30, 0x12
.byte 0x70, 0x1a, 0x30, 0x0a, 0x30, 0x0a, 0x71, 0x12, 0x91, 0x1a, 0x70, 0x12, 0x4e, 0x4b, 0xed, 0xd5
.byte 0x0b, 0xff, 0xa9, 0xfe, 0xa9, 0xfe, 0xa9, 0xfe, 0x89, 0xfe, 0xea, 0xfe, 0xed, 0xcd, 0xcd, 0x42
.byte 0xad, 0x01, 0x4f, 0x12, 0x2f, 0x12, 0xad, 0x01, 0x55, 0x64, 0x9e, 0xef, 0xff, 0xff, 0xff, 0xff
.byte 0xff, 0xff, 0xff, 0xff, 0xff, 0xff, 0xff, 0xff, 0xff, 0xff, 0xff, 0xff, 0xff, 0xff, 0xff, 0xff
.byte 0xff, 0xff, 0xff, 0xff, 0xff, 0xff, 0xff, 0xff, 0xff, 0xff, 0xff, 0xff, 0xff, 0xff, 0xff, 0xff
.byte 0xff, 0xff, 0xff, 0xff, 0xff, 0xff, 0xff, 0xff, 0xff, 0xff, 0xff, 0xff, 0xff, 0xff, 0xff, 0xff
.byte 0xff, 0xff, 0xff, 0xff, 0xdf, 0xf7, 0x55, 0x6c, 0x91, 0x1a, 0x70, 0x12, 0x71, 0x1a, 0x30, 0x0a
.byte 0x8f, 0x53, 0x4e, 0xde, 0x0a, 0xff, 0x89, 0xfe, 0x89, 0xfe, 0x89, 0xfe, 0x88, 0xfe, 0xc9, 0xfe
.byte 0x6d, 0xb5, 0x6d, 0x2a, 0xef, 0x01, 0x70, 0x12, 0x50, 0x12, 0x50, 0x12, 0xd1, 0x2a, 0x70, 0x1a
.byte 0xee, 0x01, 0x4f, 0x12, 0x70, 0x1a, 0x50, 0x12, 0x10, 0x0a, 0x0f, 0x0a, 0x6f, 0x22, 0x2e, 0x4b
.byte 0xee, 0x73, 0x8d, 0x94, 0x2d, 0xb5, 0x6c, 0xc5, 0xac, 0xcd, 0xab, 0xd5, 0xab, 0xd5, 0xab, 0xd5
.byte 0x8c, 0xcd, 0x6c, 0xbd, 0xed, 0xac, 0x6d, 0x8c, 0xae, 0x6b, 0x0e, 0x43, 0x4e, 0x22, 0x0f, 0x0a
.byte 0x10, 0x0a, 0x30, 0x12, 0x50, 0x12, 0x2f, 0x12, 0xce, 0x01, 0x50, 0x1a, 0xb1, 0x22, 0x50, 0x12
.byte 0x91, 0x12, 0x92, 0x12, 0x31, 0x0a, 0x2f, 0x4b, 0x0d, 0xd6, 0x0a, 0xff, 0x89, 0xfe, 0x89, 0xf6
.byte 0x69, 0xf6, 0x68, 0xf6, 0xc9, 0xfe, 0xcd, 0xcd, 0xed, 0x42, 0xce, 0x01, 0x70, 0x12, 0x50, 0x12
.byte 0xee, 0x01, 0x79, 0x8d, 0x9e, 0xef, 0xff, 0xff, 0xff, 0xff, 0xff, 0xff, 0xff, 0xff, 0xff, 0xff
.byte 0xff, 0xff, 0xff, 0xff, 0xff, 0xff, 0xff, 0xff, 0xff, 0xff, 0xff, 0xff, 0xff, 0xff, 0xff, 0xff
.byte 0xff, 0xff, 0xff, 0xff, 0xff, 0xff, 0xff, 0xff, 0xff, 0xff, 0xff, 0xff, 0xff, 0xff, 0xff, 0xff
.byte 0xff, 0xff, 0xff, 0xff, 0xff, 0xff, 0xff, 0xff, 0xff, 0xff, 0xff, 0xff, 0x3a, 0xb6, 0xd1, 0x22
.byte 0x30, 0x12, 0x70, 0x1a, 0x0f, 0x0a, 0x6e, 0x53, 0x4e, 0xde, 0x0b, 0xff, 0xa9, 0xfe, 0xa9, 0xfe
.byte 0x89, 0xfe, 0xa9, 0xfe, 0xeb, 0xfe, 0x6d, 0xb5, 0x8e, 0x2a, 0xcf, 0x01, 0x50, 0x12, 0x2f, 0x12
.byte 0xce, 0x01, 0x92, 0x4b, 0xdc, 0xce, 0x5b, 0xb6, 0x93, 0x4b, 0x0e, 0x0a, 0xee, 0x09, 0x50, 0x12
.byte 0x91, 0x1a, 0x71, 0x12, 0x51, 0x0a, 0x32, 0x02, 0x31, 0x0a, 0x71, 0x12, 0x91, 0x22, 0xd0, 0x2a
.byte 0xef, 0x32, 0xee, 0x3a, 0xee, 0x3a, 0xce, 0x32, 0xaf, 0x32, 0xb0, 0x2a, 0x91, 0x22, 0x51, 0x12
.byte 0x51, 0x0a, 0x31, 0x0a, 0x51, 0x0a, 0x71, 0x1a, 0x91, 0x1a, 0x30, 0x0a, 0xce, 0x01, 0xee, 0x09
.byte 0x11, 0x3b, 0xb8, 0x9d, 0x9b, 0xbe, 0x73, 0x43, 0x30, 0x0a, 0x92, 0x12, 0x92, 0x12, 0x11, 0x0a
.byte 0x0e, 0x43, 0xcd, 0xcd, 0xc9, 0xfe, 0x68, 0xfe, 0x68, 0xf6, 0x69, 0xf6, 0x67, 0xfe, 0xc9, 0xfe
.byte 0xed, 0xcd, 0x0e, 0x43, 0x30, 0x0a, 0xb2, 0x1a, 0x51, 0x0a, 0xb1, 0x22, 0x5a, 0xbe, 0xff, 0xff
.byte 0xff, 0xff, 0xff, 0xff, 0xff, 0xff, 0xff, 0xff, 0xff, 0xff, 0xff, 0xff, 0xff, 0xff, 0xff, 0xff
.byte 0xff, 0xff, 0xff, 0xff, 0xff, 0xff, 0xff, 0xff, 0xff, 0xff, 0xff, 0xff, 0xff, 0xff, 0xff, 0xff
.byte 0xff, 0xff, 0xff, 0xff, 0xff, 0xff, 0xff, 0xff, 0xff, 0xff, 0xff, 0xff, 0xff, 0xff, 0xff, 0xff
.byte 0xff, 0xff, 0xff, 0xff, 0xb6, 0x7c, 0x30, 0x0a, 0x50, 0x12, 0x0f, 0x0a, 0xee, 0x3a, 0x0d, 0xd6
.byte 0xea, 0xfe, 0x89, 0xfe, 0xa9, 0xfe, 0xa9, 0xfe, 0xa9, 0xfe, 0x0b, 0xff, 0xce, 0xbd, 0xcf, 0x32
.byte 0xf0, 0x01, 0x51, 0x12, 0x2f, 0x0a, 0xad, 0x01, 0x51, 0x43, 0x5d, 0xe7, 0xff, 0xff, 0xff, 0xff
.byte 0x3d, 0xdf, 0x57, 0x95, 0x93, 0x4b, 0x70, 0x1a, 0x30, 0x0a, 0x51, 0x12, 0x91, 0x12, 0x91, 0x12
.byte 0x91, 0x12, 0x71, 0x12, 0x51, 0x0a, 0x51, 0x0a, 0x10, 0x0a, 0x10, 0x02, 0x10, 0x02, 0xf0, 0x01
.byte 0x10, 0x0a, 0x31, 0x0a, 0x51, 0x0a, 0x72, 0x12, 0x92, 0x12, 0x92, 0x12, 0x71, 0x12, 0x51, 0x0a
.byte 0x30, 0x0a, 0x90, 0x1a, 0xb3, 0x4b, 0x58, 0x95, 0x1c, 0xd7, 0x7d, 0xef, 0xff, 0xff, 0x7b, 0xc6
.byte 0xb4, 0x4b, 0x30, 0x0a, 0x70, 0x12, 0x50, 0x12, 0xef, 0x09, 0xcd, 0x42, 0xcb, 0xcd, 0xc8, 0xfe
.byte 0x67, 0xfe, 0x69, 0xf6, 0x69, 0xf6, 0x88, 0xfe, 0x0b, 0xff, 0x0f, 0xce, 0x0f, 0x33, 0x71, 0x0a
.byte 0xb2, 0x12, 0x30, 0x0a, 0xd7, 0x7c, 0x9e, 0xf7, 0xff, 0xff, 0xff, 0xff, 0xff, 0xff, 0xff, 0xff
.byte 0xff, 0xff, 0xff, 0xff, 0xff, 0xff, 0xff, 0xff, 0xff, 0xff, 0xff, 0xff, 0xff, 0xff, 0xff, 0xff
.byte 0xff, 0xff, 0xff, 0xff, 0xff, 0xff, 0xff, 0xff, 0xff, 0xff, 0xff, 0xff, 0xff, 0xff, 0xff, 0xff
.byte 0xff, 0xff, 0xff, 0xff, 0xff, 0xff, 0xff, 0xff, 0xff, 0xff, 0x5d, 0xe7, 0x72, 0x4b, 0xef, 0x01
.byte 0x30, 0x12, 0xee, 0x11, 0xcd, 0x9c, 0xea, 0xfe, 0xa8, 0xfe, 0x88, 0xfe, 0x89, 0xf6, 0xa9, 0xfe
.byte 0x0b, 0xff, 0xce, 0xc5, 0xef, 0x3a, 0x31, 0x0a, 0x92, 0x12, 0x51, 0x12, 0xce, 0x01, 0x51, 0x43
.byte 0x7e, 0xe7, 0xff, 0xff, 0xff, 0xff, 0xff, 0xff, 0xff, 0xff, 0xff, 0xff, 0x3d, 0xdf, 0xd9, 0xa5
.byte 0x96, 0x6c, 0x73, 0x3b, 0xb1, 0x1a, 0x71, 0x12, 0x91, 0x1a, 0x91, 0x1a, 0x91, 0x1a, 0x70, 0x12
.byte 0x50, 0x0a, 0x30, 0x0a, 0x30, 0x0a, 0x30, 0x12, 0x30, 0x12, 0x50, 0x12, 0x70, 0x12, 0x71, 0x12
.byte 0x92, 0x12, 0x71, 0x12, 0xb1, 0x22, 0xb3, 0x4b, 0x17, 0x8d, 0x9b, 0xc6, 0x7e, 0xe7, 0x7d, 0xef
.byte 0xff, 0xff, 0xff, 0xff, 0xff, 0xff, 0xff, 0xff, 0x7b, 0xbe, 0x72, 0x43, 0xee, 0x09, 0x2f, 0x1a
.byte 0x4f, 0x12, 0xae, 0x01, 0xcc, 0x42, 0xab, 0xcd, 0xc9, 0xfe, 0x89, 0xfe, 0x8a, 0xfe, 0x8a, 0xfe
.byte 0xc9, 0xfe, 0x0c, 0xff, 0xcf, 0x8c, 0x50, 0x0a, 0x92, 0x12, 0x10, 0x02, 0x93, 0x4b, 0x1c, 0xdf
.byte 0xff, 0xff, 0xff, 0xff, 0xff, 0xff, 0xff, 0xff, 0xff, 0xff, 0xff, 0xff, 0xff, 0xff, 0xff, 0xff
.byte 0xff, 0xff, 0xff, 0xff, 0xff, 0xff, 0xff, 0xff, 0xff, 0xff, 0xff, 0xff, 0xff, 0xff, 0xff, 0xff
.byte 0xff, 0xff, 0xff, 0xff, 0xff, 0xff, 0xff, 0xff, 0xff, 0xff, 0xff, 0xff, 0xff, 0xff, 0xff, 0xff
.byte 0xff, 0xff, 0xfc, 0xd6, 0x53, 0x43, 0xef, 0x09, 0x30, 0x12, 0x2e, 0x1a, 0x8d, 0xc5, 0xc8, 0xfe
.byte 0x68, 0xf6, 0x68, 0xf6, 0x88, 0xfe, 0xea, 0xfe, 0x8e, 0xbd, 0xcf, 0x32, 0x31, 0x0a, 0x92, 0x12
.byte 0x91, 0x12, 0x0f, 0x0a, 0x92, 0x4b, 0x7e, 0xe7, 0xff, 0xff, 0xff, 0xff, 0xff, 0xff, 0xff, 0xff
.byte 0xff, 0xff, 0xff, 0xff, 0xff, 0xff, 0xff, 0xff, 0x7d, 0xef, 0x1c, 0xd7, 0xf9, 0xa5, 0x73, 0x43
.byte 0x30, 0x0a, 0x71, 0x1a, 0x70, 0x12, 0x6f, 0x1a, 0x4e, 0x22, 0x2e, 0x1a, 0x2e, 0x1a, 0x4e, 0x22
.byte 0x4f, 0x22, 0x50, 0x1a, 0x50, 0x12, 0x71, 0x12, 0x50, 0x0a, 0x34, 0x5c, 0x9b, 0xc6, 0x9e, 0xef
.byte 0xdf, 0xff, 0xff, 0xff, 0xff, 0xff, 0xff, 0xff, 0xff, 0xff, 0xff, 0xff, 0xff, 0xff, 0xff, 0xff
.byte 0xff, 0xff, 0x3a, 0xb6, 0x32, 0x3b, 0xcd, 0x01, 0x2f, 0x12, 0x2f, 0x12, 0xce, 0x01, 0xcd, 0x42
.byte 0xed, 0xcd, 0x0a, 0xff, 0xa9, 0xfe, 0x89, 0xfe, 0xa9, 0xfe, 0xea, 0xfe, 0x6f, 0xad, 0x50, 0x12
.byte 0x71, 0x12, 0x0f, 0x02, 0x11, 0x3b, 0xdb, 0xd6, 0xff, 0xff, 0xff, 0xff, 0xff, 0xff, 0xff, 0xff
.byte 0xff, 0xff, 0xff, 0xff, 0xff, 0xff, 0xff, 0xff, 0xff, 0xff, 0xff, 0xff, 0xff, 0xff, 0xff, 0xff
.byte 0xff, 0xff, 0xff, 0xff, 0xff, 0xff, 0xff, 0xff, 0xff, 0xff, 0xff, 0xff, 0xff, 0xff, 0xff, 0xff
.byte 0xff, 0xff, 0xff, 0xff, 0xff, 0xff, 0xff, 0xff, 0xff, 0xff, 0x1d, 0xdf, 0xb3, 0x4b, 0x0f, 0x02
.byte 0x51, 0x12, 0x0f, 0x12, 0xae, 0x94, 0xca, 0xfe, 0x87, 0xfe, 0x88, 0xfe, 0xc9, 0xfe, 0x6d, 0xbd
.byte 0x8e, 0x32, 0xf0, 0x09, 0x71, 0x12, 0x71, 0x12, 0x30, 0x0a, 0xd3, 0x53, 0xbf, 0xef, 0xff, 0xff
.byte 0xff, 0xff, 0xff, 0xff, 0xff, 0xff, 0xff, 0xff, 0xff, 0xff, 0xff, 0xff, 0xff, 0xff, 0xff, 0xff
.byte 0xff, 0xff, 0xff, 0xff, 0xdf, 0xf7, 0x76, 0x6c, 0x0f, 0x02, 0x71, 0x12, 0x0f, 0x0a, 0xae, 0x63
.byte 0x6c, 0xbd, 0x6c, 0xbd, 0x2c, 0xb5, 0x6c, 0xbd, 0x8e, 0xbd, 0x6f, 0x53, 0x10, 0x0a, 0x91, 0x12
.byte 0x0f, 0x0a, 0x58, 0x8d, 0xff, 0xff, 0xff, 0xff, 0xff, 0xff, 0xff, 0xff, 0xff, 0xff, 0xff, 0xff
.byte 0xff, 0xff, 0xff, 0xff, 0xff, 0xff, 0xff, 0xff, 0xff, 0xff, 0xff, 0xff, 0x3a, 0xb6, 0x52, 0x43
.byte 0xce, 0x01, 0x4f, 0x12, 0x51, 0x12, 0x10, 0x0a, 0x4f, 0x4b, 0x2e, 0xd6, 0x0b, 0xff, 0xc9, 0xfe
.byte 0xe9, 0xfe, 0xec, 0xfe, 0x6f, 0x84, 0x30, 0x0a, 0x71, 0x12, 0x0f, 0x02, 0x73, 0x43, 0x1c, 0xdf
.byte 0xff, 0xff, 0xff, 0xff, 0xff, 0xff, 0xff, 0xff, 0xff, 0xff, 0xff, 0xff, 0xff, 0xff, 0xff, 0xff
.byte 0xff, 0xff, 0xff, 0xff, 0xff, 0xff, 0xff, 0xff, 0xff, 0xff, 0xff, 0xff, 0xff, 0xff, 0xff, 0xff
.byte 0xff, 0xff, 0xff, 0xff, 0xff, 0xff, 0xff, 0xff, 0xff, 0xff, 0xff, 0xff, 0xff, 0xff, 0xff, 0xff
.byte 0xff, 0xff, 0xbf, 0xf7, 0x75, 0x6c, 0x30, 0x0a, 0x71, 0x1a, 0x30, 0x12, 0xae, 0x32, 0x2d, 0xad
.byte 0x4b, 0xe6, 0x2c, 0xe6, 0xcd, 0x9c, 0x6d, 0x2a, 0xce, 0x09, 0x50, 0x12, 0x51, 0x12, 0x0f, 0x0a
.byte 0x93, 0x4b, 0x9f, 0xef, 0xff, 0xff, 0xff, 0xff, 0xff, 0xff, 0xff, 0xff, 0xff, 0xff, 0xff, 0xff
.byte 0xff, 0xff, 0xff, 0xff, 0xff, 0xff, 0xff, 0xff, 0xff, 0xff, 0xff, 0xff, 0xff, 0xff, 0xb6, 0x7c
.byte 0x10, 0x0a, 0x70, 0x12, 0xcf, 0x01, 0x2c, 0x84, 0xa8, 0xfe, 0xa7, 0xfe, 0x88, 0xfe, 0xa8, 0xfe
.byte 0xab, 0xf6, 0xef, 0x6b, 0x10, 0x0a, 0x91, 0x12, 0x0f, 0x0a, 0x17, 0x85, 0xff, 0xff, 0xff, 0xff
.byte 0xff, 0xff, 0xff, 0xff, 0xff, 0xff, 0xff, 0xff, 0xff, 0xff, 0xff, 0xff, 0xff, 0xff, 0xff, 0xff
.byte 0xff, 0xff, 0xff, 0xff, 0xff, 0xff, 0x9b, 0xc6, 0x31, 0x3b, 0xef, 0x01, 0x91, 0x12, 0x92, 0x12
.byte 0x30, 0x0a, 0x2f, 0x43, 0x8e, 0xb5, 0x8d, 0xe6, 0x6d, 0xe6, 0xee, 0x9c, 0x8f, 0x2a, 0x50, 0x12
.byte 0x70, 0x12, 0xee, 0x01, 0x75, 0x6c, 0x7e, 0xef, 0xff, 0xff, 0xff, 0xff, 0xff, 0xff, 0xff, 0xff
.byte 0xff, 0xff, 0xff, 0xff, 0xff, 0xff, 0xff, 0xff, 0xff, 0xff, 0xff, 0xff, 0xff, 0xff, 0xff, 0xff
.byte 0xff, 0xff, 0xff, 0xff, 0xff, 0xff, 0xff, 0xff, 0xff, 0xff, 0xff, 0xff, 0xff, 0xff, 0xff, 0xff
.byte 0xff, 0xff, 0xff, 0xff, 0xff, 0xff, 0xff, 0xff, 0xff, 0xff, 0xff, 0xff, 0x1a, 0xb6, 0x53, 0x33
.byte 0x50, 0x12, 0x71, 0x1a, 0x30, 0x12, 0x6e, 0x22, 0x2e, 0x43, 0xee, 0x42, 0x0e, 0x1a, 0xef, 0x09
.byte 0x2f, 0x12, 0x2f, 0x12, 0xae, 0x01, 0x11, 0x3b, 0x3d, 0xdf, 0xff, 0xff, 0xff, 0xff, 0xff, 0xff
.byte 0xff, 0xff, 0xff, 0xff, 0xff, 0xff, 0xff, 0xff, 0xff, 0xff, 0xff, 0xff, 0xff, 0xff, 0xff, 0xff
.byte 0xff, 0xff, 0xff, 0xff, 0x9e, 0xef, 0x14, 0x64, 0xef, 0x01, 0x50, 0x12, 0xcf, 0x01, 0x0c, 0x7c
.byte 0x88, 0xfe, 0x67, 0xfe, 0x68, 0xfe, 0x89, 0xfe, 0x8b, 0xf6, 0x0f, 0x6c, 0x10, 0x0a, 0x91, 0x12
.byte 0x0f, 0x0a, 0x17, 0x85, 0xdf, 0xff, 0xff, 0xff, 0xff, 0xff, 0xff, 0xff, 0xff, 0xff, 0xff, 0xff
.byte 0xff, 0xff, 0xff, 0xff, 0xff, 0xff, 0xff, 0xff, 0xff, 0xff, 0xff, 0xff, 0xff, 0xff, 0xff, 0xff
.byte 0x5e, 0xdf, 0xb3, 0x4b, 0x10, 0x02, 0x71, 0x12, 0x91, 0x12, 0x31, 0x0a, 0x90, 0x22, 0x4f, 0x4b
.byte 0x2f, 0x43, 0x4f, 0x1a, 0x50, 0x12, 0x71, 0x1a, 0x0f, 0x0a, 0x2f, 0x12, 0xd9, 0xad, 0xdf, 0xff
.byte 0xff, 0xff, 0xff, 0xff, 0xff, 0xff, 0xff, 0xff, 0xff, 0xff, 0xff, 0xff, 0xff, 0xff, 0xff, 0xff
.byte 0xff, 0xff, 0xff, 0xff, 0xff, 0xff, 0xff, 0xff, 0xff, 0xff, 0xff, 0xff, 0xff, 0xff, 0xff, 0xff
.byte 0xff, 0xff, 0xff, 0xff, 0xff, 0xff, 0xff, 0xff, 0xff, 0xff, 0xff, 0xff, 0xff, 0xff, 0xff, 0xff
.byte 0xff, 0xff, 0xff, 0xff, 0x9e, 0xef, 0xb6, 0x74, 0x30, 0x0a, 0x51, 0x12, 0x71, 0x1a, 0x51, 0x12
.byte 0x10, 0x0a, 0x10, 0x0a, 0x50, 0x12, 0x50, 0x12, 0x0f, 0x0a, 0x8d, 0x01, 0x31, 0x43, 0x1c, 0xd7
.byte 0xde, 0xff, 0xff, 0xff, 0xff, 0xff, 0xff, 0xff, 0xff, 0xff, 0xff, 0xff, 0xff, 0xff, 0xff, 0xff
.byte 0xff, 0xff, 0xff, 0xff, 0xff, 0xff, 0xff, 0xff, 0xff, 0xff, 0xff, 0xff, 0x9e, 0xef, 0x35, 0x64
.byte 0xce, 0x01, 0x50, 0x12, 0xcf, 0x01, 0x0d, 0x7c, 0x88, 0xf6, 0x88, 0xfe, 0x68, 0xfe, 0x89, 0xfe
.byte 0x8b, 0xf6, 0x0f, 0x6c, 0x11, 0x0a, 0x91, 0x12, 0x0f, 0x0a, 0xf6, 0x84, 0xbe, 0xf7, 0xff, 0xff
.byte 0xff, 0xff, 0xff, 0xff, 0xff, 0xff, 0xff, 0xff, 0xff, 0xff, 0xff, 0xff, 0xff, 0xff, 0xff, 0xff
.byte 0xff, 0xff, 0xff, 0xff, 0xff, 0xff, 0xff, 0xff, 0xff, 0xff, 0xfc, 0xd6, 0xd4, 0x53, 0xef, 0x01
.byte 0x71, 0x12, 0x71, 0x12, 0x51, 0x12, 0x10, 0x0a, 0x10, 0x0a, 0x51, 0x12, 0x71, 0x1a, 0x0f, 0x0a
.byte 0xae, 0x01, 0x75, 0x74, 0x7d, 0xef, 0xdf, 0xff, 0xff, 0xff, 0xff, 0xff, 0xff, 0xff, 0xff, 0xff
.byte 0xff, 0xff, 0xff, 0xff, 0xff, 0xff, 0xff, 0xff, 0xff, 0xff, 0xff, 0xff, 0xff, 0xff, 0xff, 0xff
.byte 0xff, 0xff, 0xff, 0xff, 0xff, 0xff, 0xff, 0xff, 0xff, 0xff, 0xff, 0xff, 0xff, 0xff, 0xff, 0xff
.byte 0xff, 0xff, 0xff, 0xff, 0xff, 0xff, 0xff, 0xff, 0xff, 0xff, 0xff, 0xff, 0xff, 0xff, 0xdc, 0xd6
.byte 0x35, 0x64, 0x0f, 0x0a, 0xef, 0x01, 0x51, 0x0a, 0x71, 0x12, 0x71, 0x12, 0x51, 0x0a, 0xef, 0x01
.byte 0xce, 0x01, 0xf3, 0x5b, 0x9e, 0xe7, 0xff, 0xff, 0xff, 0xff, 0xff, 0xff, 0xff, 0xff, 0xff, 0xff
.byte 0xff, 0xff, 0xff, 0xff, 0xff, 0xff, 0xff, 0xff, 0xff, 0xff, 0xff, 0xff, 0xff, 0xff, 0xff, 0xff
.byte 0xff, 0xff, 0xff, 0xff, 0xbe, 0xf7, 0x55, 0x6c, 0xce, 0x01, 0x71, 0x12, 0x0f, 0x0a, 0x4e, 0x7c
.byte 0xa9, 0xf6, 0x88, 0xfe, 0x68, 0xfe, 0xa8, 0xfe, 0x8b, 0xf6, 0xef, 0x6b, 0x10, 0x0a, 0x71, 0x12
.byte 0x0f, 0x0a, 0xb6, 0x7c, 0x3c, 0xe7, 0xff, 0xff, 0xff, 0xff, 0xff, 0xff, 0xff, 0xff, 0xff, 0xff
.byte 0xff, 0xff, 0xff, 0xff, 0xff, 0xff, 0xff, 0xff, 0xff, 0xff, 0xff, 0xff, 0xff, 0xff, 0xff, 0xff
.byte 0xff, 0xff, 0xff, 0xff, 0xfd, 0xd6, 0x56, 0x64, 0xef, 0x09, 0xef, 0x01, 0x10, 0x0a, 0x30, 0x0a
.byte 0x30, 0x12, 0xef, 0x09, 0xae, 0x01, 0xee, 0x09, 0x55, 0x6c, 0xdf, 0xf7, 0xff, 0xff, 0xff, 0xff
.byte 0xff, 0xff, 0xff, 0xff, 0xff, 0xff, 0xff, 0xff, 0xff, 0xff, 0xff, 0xff, 0xff, 0xff, 0xff, 0xff
.byte 0xff, 0xff, 0xff, 0xff, 0xff, 0xff, 0xff, 0xff, 0xff, 0xff, 0xff, 0xff, 0xff, 0xff, 0xff, 0xff
.byte 0xff, 0xff, 0xff, 0xff, 0xff, 0xff, 0xff, 0xff, 0xff, 0xff, 0xff, 0xff, 0xff, 0xff, 0xff, 0xff
.byte 0xff, 0xff, 0xff, 0xff, 0xff, 0xff, 0xff, 0xff, 0xdc, 0xd6, 0xd6, 0x84, 0x52, 0x3b, 0x70, 0x1a
.byte 0x30, 0x12, 0x50, 0x12, 0x90, 0x1a, 0x72, 0x43, 0xd9, 0x9d, 0x9e, 0xef, 0xff, 0xff, 0xff, 0xff
.byte 0xff, 0xff, 0xff, 0xff, 0xff, 0xff, 0xff, 0xff, 0xff, 0xff, 0xff, 0xff, 0xff, 0xff, 0xff, 0xff
.byte 0xff, 0xff, 0xff, 0xff, 0xff, 0xff, 0xff, 0xff, 0xff, 0xff, 0xff, 0xff, 0xbf, 0xf7, 0x96, 0x6c
.byte 0xef, 0x01, 0x91, 0x1a, 0x30, 0x0a, 0x6e, 0x7c, 0xaa, 0xfe, 0xa8, 0xfe, 0x68, 0xfe, 0xa8, 0xfe
.byte 0x8b, 0xf6, 0xef, 0x6b, 0xf0, 0x01, 0x70, 0x12, 0xee, 0x01, 0x95, 0x74, 0x1b, 0xdf, 0xff, 0xff
.byte 0xff, 0xff, 0xff, 0xff, 0xff, 0xff, 0xff, 0xff, 0xff, 0xff, 0xff, 0xff, 0xff, 0xff, 0xff, 0xff
.byte 0xff, 0xff, 0xff, 0xff, 0xff, 0xff, 0xff, 0xff, 0xff, 0xff, 0xff, 0xff, 0xff, 0xff, 0x5e, 0xe7
.byte 0x79, 0x95, 0x11, 0x33, 0x2f, 0x12, 0xee, 0x09, 0xee, 0x09, 0x2f, 0x1a, 0x32, 0x43, 0xb9, 0x9d
.byte 0xff, 0xff, 0xff, 0xff, 0xff, 0xff, 0xff, 0xff, 0xff, 0xff, 0xff, 0xff, 0xff, 0xff, 0xff, 0xff
.byte 0xff, 0xff, 0xff, 0xff, 0xff, 0xff, 0xff, 0xff, 0xff, 0xff, 0xff, 0xff, 0xff, 0xff, 0xff, 0xff
.byte 0xff, 0xff, 0xff, 0xff, 0xff, 0xff, 0xff, 0xff, 0xff, 0xff, 0xff, 0xff, 0xff, 0xff, 0xff, 0xff
.byte 0xff, 0xff, 0xff, 0xff, 0xff, 0xff, 0xff, 0xff, 0xff, 0xff, 0xff, 0xff, 0xff, 0xff, 0xff, 0xff
.byte 0xff, 0xff, 0xbe, 0xf7, 0x9b, 0xce, 0x3a, 0xb6, 0xfa, 0xad, 0x3b, 0xb6, 0xdc, 0xce, 0xbf, 0xef
.byte 0xff, 0xff, 0xff, 0xff, 0xff, 0xff, 0xff, 0xff, 0xff, 0xff, 0xff, 0xff, 0xff, 0xff, 0xff, 0xff
.byte 0xff, 0xff, 0xff, 0xff, 0xff, 0xff, 0xff, 0xff, 0xff, 0xff, 0xff, 0xff, 0xff, 0xff, 0xff, 0xff
.byte 0xff, 0xff, 0xff, 0xff, 0xdf, 0xf7, 0x96, 0x74, 0x30, 0x0a, 0x92, 0x1a, 0x30, 0x0a, 0x6f, 0x7c
.byte 0xca, 0xfe, 0xa8, 0xfe, 0x69, 0xfe, 0xa8, 0xfe, 0x8b, 0xf6, 0xce, 0x63, 0xef, 0x01, 0x50, 0x12
.byte 0xce, 0x01, 0x95, 0x74, 0x1b, 0xdf, 0xff, 0xff, 0xff, 0xff, 0xff, 0xff, 0xff, 0xff, 0xff, 0xff
.byte 0xff, 0xff, 0xff, 0xff, 0xff, 0xff, 0xff, 0xff, 0xff, 0xff, 0xff, 0xff, 0xff, 0xff, 0xff, 0xff
.byte 0xff, 0xff, 0xff, 0xff, 0xff, 0xff, 0xff, 0xff, 0xff, 0xff, 0x7b, 0xc6, 0x1b, 0xb6, 0xd9, 0xa5
.byte 0x1a, 0xae, 0xbb, 0xc6, 0xbf, 0xef, 0xff, 0xff, 0xff, 0xff, 0xff, 0xff, 0xff, 0xff, 0xff, 0xff
.byte 0xff, 0xff, 0xff, 0xff, 0xff, 0xff, 0xff, 0xff, 0xff, 0xff, 0xff, 0xff, 0xff, 0xff, 0xff, 0xff
.byte 0xff, 0xff, 0xff, 0xff, 0xff, 0xff, 0xff, 0xff, 0xff, 0xff, 0xff, 0xff, 0xff, 0xff, 0xff, 0xff
.byte 0xff, 0xff, 0xff, 0xff, 0xff, 0xff, 0xff, 0xff, 0xff, 0xff, 0xff, 0xff, 0xff, 0xff, 0xff, 0xff
.byte 0xff, 0xff, 0xff, 0xff, 0xff, 0xff, 0xff, 0xff, 0xff, 0xff, 0xff, 0xff, 0xff, 0xff, 0xff, 0xff
.byte 0xff, 0xff, 0xff, 0xff, 0xff, 0xff, 0xff, 0xff, 0xff, 0xff, 0xff, 0xff, 0xff, 0xff, 0xff, 0xff
.byte 0xff, 0xff, 0xff, 0xff, 0xff, 0xff, 0xff, 0xff, 0xff, 0xff, 0xff, 0xff, 0xff, 0xff, 0xff, 0xff
.byte 0xff, 0xff, 0xff, 0xff, 0xff, 0xff, 0xff, 0xff, 0xff, 0xff, 0xff, 0xff, 0xdf, 0xf7, 0x96, 0x74
.byte 0x30, 0x0a, 0x91, 0x1a, 0x30, 0x0a, 0x6f, 0x84, 0xca, 0xfe, 0xa9, 0xfe, 0x69, 0xfe, 0xa8, 0xfe
.byte 0x8b, 0xf6, 0xce, 0x6b, 0xef, 0x01, 0x50, 0x12, 0xce, 0x01, 0x75, 0x74, 0xfb, 0xde, 0xff, 0xff
.byte 0xff, 0xff, 0xff, 0xff, 0xff, 0xff, 0xff, 0xff, 0xff, 0xff, 0xff, 0xff, 0xff, 0xff, 0xff, 0xff
.byte 0xff, 0xff, 0xff, 0xff, 0xff, 0xff, 0xff, 0xff, 0xff, 0xff, 0xff, 0xff, 0xff, 0xff, 0xff, 0xff
.byte 0xff, 0xff, 0xff, 0xff, 0xff, 0xff, 0xff, 0xff, 0xff, 0xff, 0xff, 0xff, 0xff, 0xff, 0xff, 0xff
.byte 0xff, 0xff, 0xff, 0xff, 0xff, 0xff, 0xff, 0xff, 0xff, 0xff, 0xff, 0xff, 0xff, 0xff, 0xff, 0xff
.byte 0xff, 0xff, 0xff, 0xff, 0xff, 0xff, 0xff, 0xff, 0xff, 0xff, 0xff, 0xff, 0xff, 0xff, 0xff, 0xff
.byte 0xff, 0xff, 0xff, 0xff, 0xff, 0xff, 0xff, 0xff, 0xff, 0xff, 0xff, 0xff, 0xff, 0xff, 0xff, 0xff
.byte 0xff, 0xff, 0xff, 0xff, 0xff, 0xff, 0xff, 0xff, 0xff, 0xff, 0xff, 0xff, 0xff, 0xff, 0xff, 0xff
.byte 0xff, 0xff, 0xff, 0xff, 0xff, 0xff, 0xff, 0xff, 0xff, 0xff, 0xff, 0xff, 0xff, 0xff, 0xff, 0xff
.byte 0xff, 0xff, 0xff, 0xff, 0xff, 0xff, 0xff, 0xff, 0xff, 0xff, 0xff, 0xff, 0xff, 0xff, 0xff, 0xff
.byte 0xff, 0xff, 0xff, 0xff, 0xff, 0xff, 0xff, 0xff, 0xff, 0xff, 0xff, 0xff, 0xff, 0xff, 0xff, 0xff
.byte 0xff, 0xff, 0xff, 0xff, 0xdf, 0xf7, 0x96, 0x74, 0x30, 0x0a, 0x91, 0x1a, 0x30, 0x0a, 0x6f, 0x84
.byte 0xca, 0xfe, 0xa9, 0xfe, 0x69, 0xfe, 0xa8, 0xfe, 0x8a, 0xf6, 0xce, 0x63, 0xef, 0x01, 0x50, 0x12
.byte 0xce, 0x01, 0x75, 0x74, 0x1b, 0xdf, 0xff, 0xff, 0xff, 0xff, 0xff, 0xff, 0xff, 0xff, 0xff, 0xff
.byte 0xff, 0xff, 0xff, 0xff, 0xff, 0xff, 0xff, 0xff, 0xff, 0xff, 0xff, 0xff, 0xff, 0xff, 0xff, 0xff
.byte 0xff, 0xff, 0xff, 0xff, 0xff, 0xff, 0xff, 0xff, 0xff, 0xff, 0xff, 0xff, 0xff, 0xff, 0xff, 0xff
.byte 0xff, 0xff, 0xff, 0xff, 0xff, 0xff, 0xff, 0xff, 0xff, 0xff, 0xff, 0xff, 0xff, 0xff, 0xff, 0xff
.byte 0xff, 0xff, 0xff, 0xff, 0xff, 0xff, 0xff, 0xff, 0xff, 0xff, 0xff, 0xff, 0xff, 0xff, 0xff, 0xff
.byte 0xff, 0xff, 0xff, 0xff, 0xff, 0xff, 0xff, 0xff, 0xff, 0xff, 0xff, 0xff, 0xff, 0xff, 0xff, 0xff
.byte 0xff, 0xff, 0xff, 0xff, 0xff, 0xff, 0xff, 0xff, 0xff, 0xff, 0xff, 0xff, 0xff, 0xff, 0xff, 0xff
.byte 0xff, 0xff, 0xff, 0xff, 0xff, 0xff, 0xff, 0xff, 0xff, 0xff, 0xff, 0xff, 0xff, 0xff, 0xff, 0xff
.byte 0xff, 0xff, 0xff, 0xff, 0xff, 0xff, 0xff, 0xff, 0xff, 0xff, 0xff, 0xff, 0xff, 0xff, 0xff, 0xff
.byte 0xff, 0xff, 0xff, 0xff, 0xff, 0xff, 0xff, 0xff, 0xff, 0xff, 0xff, 0xff, 0xff, 0xff, 0xff, 0xff
.byte 0xff, 0xff, 0xff, 0xff, 0xff, 0xff, 0xff, 0xff, 0xff, 0xff, 0xff, 0xff, 0xdf, 0xf7, 0x96, 0x74
.byte 0x30, 0x0a, 0x91, 0x1a, 0x30, 0x0a, 0x6e, 0x84, 0xca, 0xfe, 0xa9, 0xfe, 0x69, 0xfe, 0xa9, 0xfe
.byte 0x8b, 0xee, 0xce, 0x63, 0xef, 0x01, 0x50, 0x12, 0xce, 0x01, 0x75, 0x6c, 0x1b, 0xdf, 0xff, 0xff
.byte 0xff, 0xff, 0xff, 0xff, 0xff, 0xff, 0xff, 0xff, 0xff, 0xff, 0xff, 0xff, 0xff, 0xff, 0xff, 0xff
.byte 0xff, 0xff, 0xff, 0xff, 0xff, 0xff, 0xff, 0xff, 0xff, 0xff, 0xff, 0xff, 0xff, 0xff, 0xff, 0xff
.byte 0xff, 0xff, 0xff, 0xff, 0xff, 0xff, 0xff, 0xff, 0xff, 0xff, 0xff, 0xff, 0xff, 0xff, 0xff, 0xff
.byte 0xff, 0xff, 0xff, 0xff, 0xff, 0xff, 0xff, 0xff, 0xff, 0xff, 0xff, 0xff, 0xff, 0xff, 0xff, 0xff
.byte 0xff, 0xff, 0xff, 0xff, 0xff, 0xff, 0xff, 0xff, 0xff, 0xff, 0xff, 0xff, 0xff, 0xff, 0xff, 0xff
.byte 0xff, 0xff, 0xff, 0xff, 0xff, 0xff, 0xff, 0xff, 0xff, 0xff, 0xff, 0xff, 0xff, 0xff, 0xff, 0xff
.byte 0xff, 0xff, 0xff, 0xff, 0xff, 0xff, 0xff, 0xff, 0xff, 0xff, 0xff, 0xff, 0xff, 0xff, 0xff, 0xff
.byte 0xff, 0xff, 0xff, 0xff, 0xff, 0xff, 0xff, 0xff, 0xff, 0xff, 0xff, 0xff, 0xff, 0xff, 0xff, 0xff
.byte 0xff, 0xff, 0xff, 0xff, 0xff, 0xff, 0xff, 0xff, 0xff, 0xff, 0xff, 0xff, 0xff, 0xff, 0xff, 0xff
.byte 0xff, 0xff, 0xff, 0xff, 0xff, 0xff, 0xff, 0xff, 0xff, 0xff, 0xff, 0xff, 0xff, 0xff, 0xff, 0xff
.byte 0xff, 0xff, 0xff, 0xff, 0xdf, 0xf7, 0x75, 0x6c, 0x0f, 0x0a, 0x91, 0x1a, 0x0f, 0x0a, 0x6d, 0x84
.byte 0xaa, 0xfe, 0x89, 0xfe, 0x69, 0xf6, 0xa8, 0xfe, 0x8b, 0xf6, 0xee, 0x6b, 0xef, 0x09, 0x70, 0x12
.byte 0xef, 0x01, 0xb6, 0x74, 0x1b, 0xe7, 0xff, 0xff, 0xff, 0xff, 0xff, 0xff, 0xff, 0xff, 0xff, 0xff
.byte 0xff, 0xff, 0xff, 0xff, 0xff, 0xff, 0xff, 0xff, 0xff, 0xff, 0xff, 0xff, 0xff, 0xff, 0xff, 0xff
.byte 0xff, 0xff, 0xff, 0xff, 0xff, 0xff, 0xff, 0xff, 0xff, 0xff, 0xff, 0xff, 0xff, 0xff, 0xff, 0xff
.byte 0xff, 0xff, 0xff, 0xff, 0xff, 0xff, 0xff, 0xff, 0xff, 0xff, 0xff, 0xff, 0xff, 0xff, 0xff, 0xff
.byte 0xff, 0xff, 0xff, 0xff, 0xff, 0xff, 0xff, 0xff, 0xff, 0xff, 0xff, 0xff, 0xff, 0xff, 0xff, 0xff
.byte 0xff, 0xff, 0xff, 0xff, 0xff, 0xff, 0xff, 0xff, 0xff, 0xff, 0xff, 0xff, 0xff, 0xff, 0xff, 0xff
.byte 0xff, 0xff, 0xff, 0xff, 0xff, 0xff, 0xff, 0xff, 0xff, 0xff, 0xff, 0xff, 0xff, 0xff, 0xff, 0xff
.byte 0xff, 0xff, 0xff, 0xff, 0xff, 0xff, 0xff, 0xff, 0xff, 0xff, 0xff, 0xff, 0xff, 0xff, 0xff, 0xff
.byte 0xff, 0xff, 0xff, 0xff, 0xff, 0xff, 0xff, 0xff, 0xff, 0xff, 0xff, 0xff, 0xff, 0xff, 0xff, 0xff
.byte 0xff, 0xff, 0xff, 0xff, 0xff, 0xff, 0xff, 0xff, 0xff, 0xff, 0xff, 0xff, 0xff, 0xff, 0xff, 0xff
.byte 0xff, 0xff, 0xff, 0xff, 0xff, 0xff, 0xff, 0xff, 0xff, 0xff, 0xff, 0xff, 0xbf, 0xf7, 0x96, 0x74
.byte 0xee, 0x01, 0x70, 0x12, 0xee, 0x09, 0x2e, 0x7c, 0xca, 0xfe, 0x88, 0xfe, 0x69, 0xf6, 0xa9, 0xfe
.byte 0xad, 0xf6, 0xf0, 0x63, 0x10, 0x0a, 0x91, 0x12, 0x0f, 0x0a, 0xd6, 0x7c, 0x5c, 0xe7, 0xff, 0xff
.byte 0xff, 0xff, 0xff, 0xff, 0xff, 0xff, 0xff, 0xff, 0xff, 0xff, 0xff, 0xff, 0xff, 0xff, 0xff, 0xff
.byte 0xff, 0xff, 0xff, 0xff, 0xff, 0xff, 0xff, 0xff, 0xff, 0xff, 0xff, 0xff, 0xff, 0xff, 0xff, 0xff
.byte 0xff, 0xff, 0xff, 0xff, 0xff, 0xff, 0xff, 0xff, 0xff, 0xff, 0xff, 0xff, 0xff, 0xff, 0xff, 0xff
.byte 0xff, 0xff, 0xff, 0xff, 0xff, 0xff, 0xff, 0xff, 0xff, 0xff, 0xff, 0xff, 0xff, 0xff, 0xff, 0xff
.byte 0xff, 0xff, 0xff, 0xff, 0xff, 0xff, 0xff, 0xff, 0xff, 0xff, 0xff, 0xff, 0xff, 0xff, 0xff, 0xff
.byte 0xff, 0xff, 0xff, 0xff, 0xff, 0xff, 0xff, 0xff, 0xff, 0xff, 0xff, 0xff, 0xff, 0xff, 0xff, 0xff
.byte 0xff, 0xff, 0xff, 0xff, 0xff, 0xff, 0xff, 0xff, 0xff, 0xff, 0xff, 0xff, 0xff, 0xff, 0xff, 0xff
.byte 0xff, 0xff, 0xff, 0xff, 0xff, 0xff, 0xff, 0xff, 0xff, 0xff, 0xff, 0xff, 0xff, 0xff, 0xff, 0xff
.byte 0xff, 0xff, 0xff, 0xff, 0xff, 0xff, 0xff, 0xff, 0xff, 0xff, 0xff, 0xff, 0xff, 0xff, 0xff, 0xff
.byte 0xff, 0xff, 0xff, 0xff, 0xff, 0xff, 0xff, 0xff, 0xff, 0xff, 0xff, 0xff, 0xff, 0xff, 0xff, 0xff
.byte 0xff, 0xff, 0xff, 0xff, 0xdf, 0xff, 0x95, 0x74, 0xce, 0x01, 0x4f, 0x12, 0xee, 0x09, 0x2e, 0x4b
.byte 0x6c, 0xde, 0x09, 0xff, 0xe9, 0xfe, 0x2b, 0xff, 0xef, 0xcd, 0xf0, 0x32, 0x71, 0x12, 0x91, 0x12
.byte 0x2f, 0x0a, 0x78, 0x95, 0xde, 0xff, 0xff, 0xff, 0xff, 0xff, 0xff, 0xff, 0xff, 0xff, 0xff, 0xff
.byte 0xff, 0xff, 0xff, 0xff, 0xff, 0xff, 0xff, 0xff, 0xff, 0xff, 0xff, 0xff, 0xff, 0xff, 0xff, 0xff
.byte 0xff, 0xff, 0xff, 0xff, 0xff, 0xff, 0xff, 0xff, 0xff, 0xff, 0xff, 0xff, 0xff, 0xff, 0xff, 0xff
.byte 0xff, 0xff, 0xff, 0xff, 0xff, 0xff, 0xff, 0xff, 0xff, 0xff, 0xff, 0xff, 0xff, 0xff, 0xff, 0xff
.byte 0xff, 0xff, 0xff, 0xff, 0xff, 0xff, 0xff, 0xff, 0xff, 0xff, 0xff, 0xff, 0xff, 0xff, 0xff, 0xff
.byte 0xff, 0xff, 0xff, 0xff, 0xff, 0xff, 0xff, 0xff, 0xff, 0xff, 0xff, 0xff, 0xff, 0xff, 0xff, 0xff
.byte 0xff, 0xff, 0xff, 0xff, 0xff, 0xff, 0xff, 0xff, 0xff, 0xff, 0xff, 0xff, 0xff, 0xff, 0xff, 0xff
.byte 0xff, 0xff, 0xff, 0xff, 0xff, 0xff, 0xff, 0xff, 0xff, 0xff, 0xff, 0xff, 0xff, 0xff, 0xff, 0xff
.byte 0xff, 0xff, 0xff, 0xff, 0xff, 0xff, 0xff, 0xff, 0xff, 0xff, 0xff, 0xff, 0xff, 0xff, 0xff, 0xff
.byte 0xff, 0xff, 0xff, 0xff, 0xff, 0xff, 0xff, 0xff, 0xff, 0xff, 0xff, 0xff, 0xff, 0xff, 0xff, 0xff
.byte 0xff, 0xff, 0xff, 0xff, 0xff, 0xff, 0xff, 0xff, 0xff, 0xff, 0xff, 0xff, 0xff, 0xff, 0xb8, 0xa5
.byte 0x4f, 0x12, 0x2e, 0x12, 0x4f, 0x12, 0x0e, 0x12, 0xee, 0x6b, 0x0e, 0xce, 0x6e, 0xde, 0xcf, 0xbd
.byte 0x8f, 0x53, 0x70, 0x12, 0xb2, 0x1a, 0x51, 0x0a, 0xb0, 0x22, 0xbc, 0xce, 0xff, 0xff, 0xff, 0xff
.byte 0xff, 0xff, 0xff, 0xff, 0xff, 0xff, 0xff, 0xff, 0xff, 0xff, 0xff, 0xff, 0xff, 0xff, 0xff, 0xff
.byte 0xff, 0xff, 0xff, 0xff, 0xff, 0xff, 0xff, 0xff, 0xff, 0xff, 0xff, 0xff, 0xff, 0xff, 0xff, 0xff
.byte 0xff, 0xff, 0xff, 0xff, 0xff, 0xff, 0xff, 0xff, 0xff, 0xff, 0xff, 0xff, 0xff, 0xff, 0xff, 0xff
.byte 0xff, 0xff, 0xff, 0xff, 0xff, 0xff, 0xff, 0xff, 0xff, 0xff, 0xff, 0xff, 0xff, 0xff, 0xff, 0xff
.byte 0xff, 0xff, 0xff, 0xff, 0xff, 0xff, 0xff, 0xff, 0xff, 0xff, 0xff, 0xff, 0xff, 0xff, 0xff, 0xff
.byte 0xff, 0xff, 0xff, 0xff, 0xff, 0xff, 0xff, 0xff, 0xff, 0xff, 0xff, 0xff, 0xff, 0xff, 0xff, 0xff
.byte 0xff, 0xff, 0xff, 0xff, 0xff, 0xff, 0xff, 0xff, 0xff, 0xff, 0xff, 0xff, 0xff, 0xff, 0xff, 0xff
.byte 0xff, 0xff, 0xff, 0xff, 0xff, 0xff, 0xff, 0xff, 0xff, 0xff, 0xff, 0xff, 0xff, 0xff, 0xff, 0xff
.byte 0xff, 0xff, 0xff, 0xff, 0xff, 0xff, 0xff, 0xff, 0xff, 0xff, 0xff, 0xff, 0xff, 0xff, 0xff, 0xff
.byte 0xff, 0xff, 0xff, 0xff, 0xff, 0xff, 0xff, 0xff, 0xff, 0xff, 0xff, 0xff, 0xff, 0xff, 0xff, 0xff
.byte 0xff, 0xff, 0xff, 0xff, 0xff, 0xff, 0x1c, 0xdf, 0xd3, 0x53, 0xad, 0x01, 0x70, 0x1a, 0x50, 0x12
.byte 0x2f, 0x12, 0xcf, 0x32, 0x50, 0x43, 0xb0, 0x2a, 0x50, 0x12, 0x91, 0x12, 0xb1, 0x1a, 0x0f, 0x02
.byte 0x55, 0x64, 0xff, 0xff, 0xff, 0xff, 0xff, 0xff, 0xff, 0xff, 0xff, 0xff, 0xff, 0xff, 0xff, 0xff
.byte 0xff, 0xff, 0xff, 0xff, 0xff, 0xff, 0xff, 0xff, 0xff, 0xff, 0xff, 0xff, 0xff, 0xff, 0xff, 0xff
.byte 0xff, 0xff, 0xff, 0xff, 0xff, 0xff, 0xff, 0xff, 0xff, 0xff, 0xff, 0xff, 0xff, 0xff, 0xff, 0xff
.byte 0xff, 0xff, 0xff, 0xff, 0xff, 0xff, 0xff, 0xff, 0xff, 0xff, 0xff, 0xff, 0xff, 0xff, 0xff, 0xff
.byte 0xff, 0xff, 0xff, 0xff, 0xff, 0xff, 0xff, 0xff, 0xff, 0xff, 0xff, 0xff, 0xff, 0xff, 0xff, 0xff
.byte 0xff, 0xff, 0xff, 0xff, 0xff, 0xff, 0xff, 0xff, 0xff, 0xff, 0xff, 0xff, 0xff, 0xff, 0xff, 0xff
.byte 0xff, 0xff, 0xff, 0xff, 0xff, 0xff, 0xff, 0xff, 0xff, 0xff, 0xff, 0xff, 0xff, 0xff, 0xff, 0xff
.byte 0xff, 0xff, 0xff, 0xff, 0xff, 0xff, 0xff, 0xff, 0xff, 0xff, 0xff, 0xff, 0xff, 0xff, 0xff, 0xff
.byte 0xff, 0xff, 0xff, 0xff, 0xff, 0xff, 0xff, 0xff, 0xff, 0xff, 0xff, 0xff, 0xff, 0xff, 0xff, 0xff
.byte 0xff, 0xff, 0xff, 0xff, 0xff, 0xff, 0xff, 0xff, 0xff, 0xff, 0xff, 0xff, 0xff, 0xff, 0xff, 0xff
.byte 0xff, 0xff, 0xff, 0xff, 0xff, 0xff, 0xff, 0xff, 0xff, 0xff, 0xff, 0xff, 0xff, 0xff, 0xff, 0xff
.byte 0xd9, 0xa5, 0x6f, 0x1a, 0xce, 0x01, 0x70, 0x1a, 0x71, 0x1a, 0x30, 0x12, 0x30, 0x0a, 0x50, 0x12
.byte 0x91, 0x12, 0x71, 0x12, 0xef, 0x01, 0xf1, 0x32, 0xfd, 0xd6, 0xff, 0xff, 0xff, 0xff, 0xff, 0xff
.byte 0xff, 0xff, 0xff, 0xff, 0xff, 0xff, 0xff, 0xff, 0xff, 0xff, 0xff, 0xff, 0xff, 0xff, 0xff, 0xff
.byte 0xff, 0xff, 0xff, 0xff, 0xff, 0xff, 0xff, 0xff, 0xff, 0xff, 0xff, 0xff, 0xff, 0xff, 0xff, 0xff
.byte 0xff, 0xff, 0xff, 0xff, 0xff, 0xff, 0xff, 0xff, 0xff, 0xff, 0xff, 0xff, 0xff, 0xff, 0xff, 0xff
.byte 0xff, 0xff, 0xff, 0xff, 0xff, 0xff, 0xff, 0xff, 0xff, 0xff, 0xff, 0xff, 0xff, 0xff, 0xff, 0xff
.byte 0xff, 0xff, 0xff, 0xff, 0xff, 0xff, 0xff, 0xff, 0xff, 0xff, 0xff, 0xff, 0xff, 0xff, 0xff, 0xff
.byte 0xff, 0xff, 0xff, 0xff, 0xff, 0xff, 0xff, 0xff, 0xff, 0xff, 0xff, 0xff, 0xff, 0xff, 0xff, 0xff
.byte 0xff, 0xff, 0xff, 0xff, 0xff, 0xff, 0xff, 0xff, 0xff, 0xff, 0xff, 0xff, 0xff, 0xff, 0xff, 0xff
.byte 0xff, 0xff, 0xff, 0xff, 0xff, 0xff, 0xff, 0xff, 0xff, 0xff, 0xff, 0xff, 0xff, 0xff, 0xff, 0xff
.byte 0xff, 0xff, 0xff, 0xff, 0xff, 0xff, 0xff, 0xff, 0xff, 0xff, 0xff, 0xff, 0xff, 0xff, 0xff, 0xff
.byte 0xff, 0xff, 0xff, 0xff, 0xff, 0xff, 0xff, 0xff, 0xff, 0xff, 0xff, 0xff, 0xff, 0xff, 0xff, 0xff
.byte 0xff, 0xff, 0xff, 0xff, 0xff, 0xff, 0xff, 0xff, 0x9e, 0xef, 0x99, 0x9d, 0x6f, 0x22, 0xad, 0x01
.byte 0x2f, 0x0a, 0x71, 0x12, 0x71, 0x1a, 0x70, 0x12, 0x0f, 0x0a, 0xcd, 0x01, 0xd0, 0x2a, 0x5a, 0xb6
.byte 0xff, 0xff, 0xff, 0xff, 0xff, 0xff, 0xff, 0xff, 0xff, 0xff, 0xff, 0xff, 0xff, 0xff, 0xff, 0xff
.byte 0xff, 0xff, 0xff, 0xff, 0xff, 0xff, 0xff, 0xff, 0xff, 0xff, 0xff, 0xff, 0xff, 0xff, 0xff, 0xff
.byte 0xff, 0xff, 0xff, 0xff, 0xff, 0xff, 0xff, 0xff, 0xff, 0xff, 0xff, 0xff, 0xff, 0xff, 0xff, 0xff
.byte 0xff, 0xff, 0xff, 0xff, 0xff, 0xff, 0xff, 0xff, 0xff, 0xff, 0xff, 0xff, 0xff, 0xff, 0xff, 0xff
.byte 0xff, 0xff, 0xff, 0xff, 0xff, 0xff, 0xff, 0xff, 0xff, 0xff, 0xff, 0xff, 0xff, 0xff, 0xff, 0xff
.byte 0xff, 0xff, 0xff, 0xff, 0xff, 0xff, 0xff, 0xff, 0xff, 0xff, 0xff, 0xff, 0xff, 0xff, 0xff, 0xff
.byte 0xff, 0xff, 0xff, 0xff, 0xff, 0xff, 0xff, 0xff, 0xff, 0xff, 0xff, 0xff, 0xff, 0xff, 0xff, 0xff
.byte 0xff, 0xff, 0xff, 0xff, 0xff, 0xff, 0xff, 0xff, 0xff, 0xff, 0xff, 0xff, 0xff, 0xff, 0xff, 0xff
.byte 0xff, 0xff, 0xff, 0xff, 0xff, 0xff, 0xff, 0xff, 0xff, 0xff, 0xff, 0xff, 0xff, 0xff, 0xff, 0xff
.byte 0xff, 0xff, 0xff, 0xff, 0xff, 0xff, 0xff, 0xff, 0xff, 0xff, 0xff, 0xff, 0xff, 0xff, 0xff, 0xff
.byte 0xff, 0xff, 0xff, 0xff, 0xff, 0xff, 0xff, 0xff, 0xff, 0xff, 0xff, 0xff, 0xff, 0xff, 0xff, 0xff
.byte 0xff, 0xff, 0x9e, 0xf7, 0x7b, 0xbe, 0x14, 0x5c, 0x90, 0x22, 0x2f, 0x12, 0x2f, 0x12, 0x4f, 0x12
.byte 0xb0, 0x2a, 0x34, 0x64, 0xdc, 0xce, 0xff, 0xff, 0xff, 0xff, 0xff, 0xff, 0xff, 0xff, 0xff, 0xff
.byte 0xff, 0xff, 0xff, 0xff, 0xff, 0xff, 0xff, 0xff, 0xff, 0xff, 0xff, 0xff, 0xff, 0xff, 0xff, 0xff
.byte 0xff, 0xff, 0xff, 0xff, 0xff, 0xff, 0xff, 0xff, 0xff, 0xff, 0xff, 0xff, 0xff, 0xff, 0xff, 0xff
.byte 0xff, 0xff, 0xff, 0xff, 0xff, 0xff, 0xff, 0xff, 0xff, 0xff, 0xff, 0xff, 0xff, 0xff, 0xff, 0xff
.byte 0xff, 0xff, 0xff, 0xff, 0xff, 0xff, 0xff, 0xff, 0xff, 0xff, 0xff, 0xff, 0xff, 0xff, 0xff, 0xff
.byte 0xff, 0xff, 0xff, 0xff, 0xff, 0xff, 0xff, 0xff, 0xff, 0xff, 0xff, 0xff, 0xff, 0xff, 0xff, 0xff
.byte 0xff, 0xff, 0xff, 0xff, 0xff, 0xff, 0xff, 0xff, 0xff, 0xff, 0xff, 0xff, 0xff, 0xff, 0xff, 0xff
.byte 0xff, 0xff, 0xff, 0xff, 0xff, 0xff, 0xff, 0xff, 0xff, 0xff, 0xff, 0xff, 0xff, 0xff, 0xff, 0xff
.byte 0xff, 0xff, 0xff, 0xff, 0xff, 0xff, 0xff, 0xff, 0xff, 0xff, 0xff, 0xff, 0xff, 0xff, 0xff, 0xff
.byte 0xff, 0xff, 0xff, 0xff, 0xff, 0xff, 0xff, 0xff, 0xff, 0xff, 0xff, 0xff, 0xff, 0xff, 0xff, 0xff
.byte 0xff, 0xff, 0xff, 0xff, 0xff, 0xff, 0xff, 0xff, 0xff, 0xff, 0xff, 0xff, 0xff, 0xff, 0xff, 0xff
.byte 0xff, 0xff, 0xff, 0xff, 0xff, 0xff, 0xff, 0xff, 0xff, 0xff, 0xff, 0xff, 0xde, 0xff, 0x1c, 0xdf
.byte 0x5a, 0xbe, 0x77, 0x9d, 0x57, 0x95, 0xb9, 0xa5, 0x5a, 0xc6, 0x7d, 0xef, 0xff, 0xff, 0xff, 0xff
.byte 0xff, 0xff, 0xff, 0xff, 0xff, 0xff, 0xff, 0xff, 0xff, 0xff, 0xff, 0xff, 0xff, 0xff, 0xff, 0xff
.byte 0xff, 0xff, 0xff, 0xff, 0xff, 0xff, 0xff, 0xff, 0xff, 0xff, 0xff, 0xff, 0xff, 0xff, 0xff, 0xff
.byte 0xff, 0xff, 0xff, 0xff, 0xff, 0xff, 0xff, 0xff, 0xff, 0xff, 0xff, 0xff, 0xff, 0xff, 0xff, 0xff
.byte 0xff, 0xff, 0xff, 0xff, 0xff, 0xff, 0xff, 0xff, 0xff, 0xff, 0xff, 0xff, 0xff, 0xff, 0xff, 0xff
.byte 0xff, 0xff, 0xff, 0xff, 0xff, 0xff, 0xff, 0xff, 0xff, 0xff, 0xff, 0xff, 0xff, 0xff, 0xff, 0xff
.byte 0xff, 0xff, 0xff, 0xff, 0xff, 0xff, 0xff, 0xff, 0xff, 0xff, 0xff, 0xff, 0xff, 0xff, 0xff, 0xff
.byte 0xff, 0xff, 0xff, 0xff, 0xff, 0xff, 0xff, 0xff, 0xff, 0xff, 0xff, 0xff, 0xff, 0xff, 0xff, 0xff
.byte 0xff, 0xff, 0xff, 0xff, 0xff, 0xff, 0xff, 0xff, 0xff, 0xff, 0xff, 0xff, 0xff, 0xff, 0xff, 0xff
.byte 0xff, 0xff, 0xff, 0xff, 0xff, 0xff, 0xff, 0xff, 0xff, 0xff, 0xff, 0xff, 0xff, 0xff, 0xff, 0xff
.byte 0xff, 0xff, 0xff, 0xff, 0xff, 0xff, 0xff, 0xff, 0xff, 0xff, 0xff, 0xff, 0xff, 0xff, 0xff, 0xff
.byte 0xff, 0xff, 0xff, 0xff, 0xff, 0xff, 0xff, 0xff, 0xff, 0xff, 0xff, 0xff, 0xff, 0xff, 0xff, 0xff
.byte 0xff, 0xff, 0xff, 0xff, 0xff, 0xff, 0xff, 0xff, 0xbe, 0xff, 0x7d, 0xf7, 0x9d, 0xf7, 0x9d, 0xf7
.byte 0x7c, 0xef, 0x9d, 0xf7, 0xff, 0xff, 0xff, 0xff, 0xff, 0xff, 0xff, 0xff, 0xff, 0xff, 0xff, 0xff
.byte 0xff, 0xff, 0xff, 0xff, 0xff, 0xff, 0xff, 0xff, 0xff, 0xff, 0xff, 0xff, 0xff, 0xff, 0xff, 0xff
.byte 0xff, 0xff, 0xff, 0xff, 0xff, 0xff, 0xff, 0xff, 0xff, 0xff, 0xff, 0xff, 0xff, 0xff, 0xff, 0xff
.byte 0xff, 0xff, 0xff, 0xff, 0xff, 0xff, 0xff, 0xff, 0xff, 0xff, 0xff, 0xff, 0xff, 0xff, 0xff, 0xff
.byte 0xff, 0xff, 0xff, 0xff, 0xff, 0xff, 0xff, 0xff, 0xff, 0xff, 0xff, 0xff, 0xff, 0xff, 0xff, 0xff
.byte 0xff, 0xff, 0xff, 0xff, 0xff, 0xff, 0xff, 0xff, 0xff, 0xff, 0xff, 0xff, 0xff, 0xff, 0xff, 0xff

.global _binary_sun_bin_end
_binary_sun_bin_end: /* for objcopy compatibility */


.global sun_bin_length
sun_bin_length:
.long 20000
