/* * Data converted from E:/Embedded-Systems/ESP32 Workspace/01_ST7789_Display_Module/main/w_hot.bin
 */
.data
#if !defined (__APPLE__) && !defined (__linux__)
.section .rodata.embedded
#endif

.global w_hot_bin
w_hot_bin:

.global _binary_w_hot_bin_start
_binary_w_hot_bin_start: /* for objcopy compatibility */
.byte 0xff, 0xff, 0xff, 0xff, 0xff, 0xff, 0xff, 0xff, 0xff, 0xff, 0xff, 0xff, 0xff, 0xff, 0xff, 0xff
.byte 0xff, 0xff, 0xff, 0xff, 0xff, 0xff, 0xff, 0xff, 0xff, 0xff, 0xff, 0xff, 0xff, 0xff, 0xff, 0xff
.byte 0xff, 0xff, 0xff, 0xff, 0xff, 0xff, 0xff, 0xff, 0xff, 0xff, 0xff, 0xff, 0xff, 0xff, 0xff, 0xff
.byte 0xff, 0xff, 0xff, 0xff, 0xff, 0xff, 0xff, 0xff, 0xff, 0xff, 0xff, 0xff, 0xff, 0xff, 0xff, 0xff
.byte 0xff, 0xff, 0xff, 0xff, 0xff, 0xff, 0xff, 0xff, 0xff, 0xff, 0xff, 0xff, 0xff, 0xff, 0xff, 0xff
.byte 0xff, 0xff, 0xff, 0xff, 0xff, 0xff, 0xff, 0xff, 0xff, 0xff, 0xff, 0xff, 0xff, 0xff, 0xff, 0xff
.byte 0xff, 0xff, 0xff, 0xff, 0xff, 0xff, 0xff, 0xff, 0xff, 0xff, 0xff, 0xff, 0xff, 0xff, 0xff, 0xff
.byte 0xff, 0xff, 0xff, 0xff, 0xff, 0xff, 0xff, 0xff, 0xff, 0xff, 0xff, 0xff, 0xff, 0xff, 0xff, 0xff
.byte 0xff, 0xff, 0xff, 0xff, 0xff, 0xff, 0xff, 0xff, 0xff, 0xff, 0xff, 0xff, 0xff, 0xff, 0xff, 0xff
.byte 0xff, 0xff, 0xff, 0xff, 0xff, 0xff, 0xff, 0xff, 0xff, 0xff, 0xff, 0xff, 0xff, 0xff, 0xff, 0xff
.byte 0xff, 0xff, 0xff, 0xff, 0xff, 0xff, 0xff, 0xff, 0xff, 0xff, 0xff, 0xff, 0xff, 0xff, 0xff, 0xff
.byte 0xff, 0xff, 0xff, 0xff, 0xff, 0xff, 0xff, 0xff, 0xff, 0xff, 0xff, 0xff, 0xff, 0xff, 0xff, 0xff
.byte 0xff, 0xff, 0xff, 0xff, 0xff, 0xff, 0xff, 0xff, 0xff, 0xff, 0xff, 0xff, 0xff, 0xff, 0xff, 0xff
.byte 0xff, 0xff, 0xff, 0xff, 0xff, 0xff, 0xff, 0xff, 0xff, 0xff, 0xff, 0xff, 0xff, 0xff, 0xff, 0xff
.byte 0x9d, 0xf7, 0x7c, 0xf7, 0xff, 0xff, 0xff, 0xff, 0xff, 0xff, 0xff, 0xff, 0xff, 0xff, 0xff, 0xff
.byte 0xff, 0xff, 0xff, 0xff, 0xff, 0xff, 0xff, 0xff, 0xff, 0xff, 0xff, 0xff, 0xff, 0xff, 0xff, 0xff
.byte 0xff, 0xff, 0xff, 0xff, 0xff, 0xff, 0xff, 0xff, 0xff, 0xff, 0xff, 0xff, 0xff, 0xff, 0xff, 0xff
.byte 0xff, 0xff, 0xff, 0xff, 0xff, 0xff, 0xff, 0xff, 0xff, 0xff, 0xff, 0xff, 0xff, 0xff, 0xff, 0xff
.byte 0xff, 0xff, 0xff, 0xff, 0xff, 0xff, 0xff, 0xff, 0xff, 0xff, 0xff, 0xff, 0xff, 0xff, 0xff, 0xff
.byte 0xff, 0xff, 0xff, 0xff, 0xff, 0xff, 0xff, 0xff, 0xff, 0xff, 0xff, 0xff, 0xff, 0xff, 0xff, 0xff
.byte 0xff, 0xff, 0xff, 0xff, 0xff, 0xff, 0xff, 0xff, 0xff, 0xff, 0xff, 0xff, 0xff, 0xff, 0xff, 0xff
.byte 0xff, 0xff, 0xff, 0xff, 0xff, 0xff, 0xff, 0xff, 0xff, 0xff, 0xff, 0xff, 0xff, 0xff, 0xff, 0xff
.byte 0xff, 0xff, 0xff, 0xff, 0xff, 0xff, 0xff, 0xff, 0xff, 0xff, 0xff, 0xff, 0xff, 0xff, 0xff, 0xff
.byte 0xff, 0xff, 0xff, 0xff, 0xff, 0xff, 0xff, 0xff, 0xff, 0xff, 0xff, 0xff, 0xff, 0xff, 0xff, 0xff
.byte 0xff, 0xff, 0xff, 0xff, 0xff, 0xff, 0xff, 0xff, 0xff, 0xff, 0xff, 0xff, 0xff, 0xff, 0xff, 0xff
.byte 0xff, 0xff, 0xff, 0xff, 0xff, 0xff, 0xff, 0xff, 0xff, 0xff, 0xff, 0xff, 0xff, 0xff, 0xff, 0xff
.byte 0xff, 0xff, 0xff, 0xff, 0xff, 0xff, 0xde, 0xff, 0xd1, 0xdd, 0x4f, 0xd5, 0x7c, 0xf7, 0xff, 0xff
.byte 0xff, 0xff, 0xff, 0xff, 0xff, 0xff, 0xff, 0xff, 0xff, 0xff, 0xff, 0xff, 0xff, 0xff, 0xff, 0xff
.byte 0xff, 0xff, 0xff, 0xff, 0xff, 0xff, 0xff, 0xff, 0xff, 0xff, 0xff, 0xff, 0xff, 0xff, 0xff, 0xff
.byte 0xff, 0xff, 0xff, 0xff, 0xff, 0xff, 0xff, 0xff, 0xff, 0xff, 0xff, 0xff, 0xff, 0xff, 0xff, 0xff
.byte 0xff, 0xff, 0xff, 0xff, 0xff, 0xff, 0xff, 0xff, 0xff, 0xff, 0xff, 0xff, 0xff, 0xff, 0xff, 0xff
.byte 0xff, 0xff, 0xff, 0xff, 0xff, 0xff, 0xff, 0xff, 0xff, 0xff, 0xff, 0xff, 0xff, 0xff, 0xff, 0xff
.byte 0xff, 0xff, 0xff, 0xff, 0xff, 0xff, 0xff, 0xff, 0xff, 0xff, 0xff, 0xff, 0xff, 0xff, 0xff, 0xff
.byte 0xff, 0xff, 0xff, 0xff, 0xff, 0xff, 0xff, 0xff, 0xff, 0xff, 0xff, 0xff, 0xff, 0xff, 0xff, 0xff
.byte 0xff, 0xff, 0xff, 0xff, 0xff, 0xff, 0xff, 0xff, 0xff, 0xff, 0xff, 0xff, 0xff, 0xff, 0xff, 0xff
.byte 0xff, 0xff, 0xff, 0xff, 0xff, 0xff, 0xff, 0xff, 0xff, 0xff, 0xff, 0xff, 0xff, 0xff, 0xff, 0xff
.byte 0xff, 0xff, 0xff, 0xff, 0xff, 0xff, 0xff, 0xff, 0xff, 0xff, 0xff, 0xff, 0xff, 0xff, 0xff, 0xff
.byte 0xff, 0xff, 0xff, 0xff, 0xff, 0xff, 0xff, 0xff, 0xff, 0xff, 0xff, 0xff, 0xff, 0xff, 0xff, 0xff
.byte 0xff, 0xff, 0xff, 0xff, 0xdf, 0xff, 0xff, 0xff, 0xff, 0xff, 0xff, 0xff, 0xff, 0xff, 0x3a, 0xf7
.byte 0x6b, 0xe5, 0x0c, 0xd5, 0xd4, 0xd5, 0xbe, 0xf7, 0xff, 0xff, 0xff, 0xff, 0xff, 0xff, 0xff, 0xff
.byte 0x9d, 0xff, 0xff, 0xff, 0xff, 0xff, 0xff, 0xff, 0xff, 0xff, 0xff, 0xff, 0xff, 0xff, 0xff, 0xff
.byte 0xff, 0xff, 0xff, 0xff, 0xff, 0xff, 0xff, 0xff, 0xff, 0xff, 0xff, 0xff, 0xff, 0xff, 0xff, 0xff
.byte 0xff, 0xff, 0xff, 0xff, 0xff, 0xff, 0xff, 0xff, 0xff, 0xff, 0xff, 0xff, 0xff, 0xff, 0xff, 0xff
.byte 0xff, 0xff, 0xff, 0xff, 0xff, 0xff, 0xff, 0xff, 0xff, 0xff, 0xff, 0xff, 0xff, 0xff, 0xff, 0xff
.byte 0xff, 0xff, 0xff, 0xff, 0xff, 0xff, 0xff, 0xff, 0xff, 0xff, 0xff, 0xff, 0xff, 0xff, 0xff, 0xff
.byte 0xff, 0xff, 0xff, 0xff, 0xff, 0xff, 0xff, 0xff, 0xff, 0xff, 0xff, 0xff, 0xff, 0xff, 0xff, 0xff
.byte 0xff, 0xff, 0xff, 0xff, 0xff, 0xff, 0xff, 0xff, 0xff, 0xff, 0xff, 0xff, 0xff, 0xff, 0xff, 0xff
.byte 0xff, 0xff, 0xff, 0xff, 0xff, 0xff, 0xff, 0xff, 0xff, 0xff, 0xff, 0xff, 0xff, 0xff, 0xff, 0xff
.byte 0xff, 0xff, 0xff, 0xff, 0xff, 0xff, 0xff, 0xff, 0xff, 0xff, 0xff, 0xff, 0xff, 0xff, 0xff, 0xff
.byte 0xff, 0xff, 0xff, 0xff, 0xff, 0xff, 0xff, 0xff, 0xff, 0xff, 0xff, 0xff, 0xff, 0xff, 0xff, 0xff
.byte 0xff, 0xff, 0xff, 0xff, 0xff, 0xff, 0xff, 0xff, 0xdf, 0xff, 0x77, 0xe6, 0x13, 0xe6, 0x76, 0xe6
.byte 0xd9, 0xee, 0xff, 0xff, 0xff, 0xff, 0x1a, 0xef, 0x90, 0xdd, 0x4f, 0xd5, 0xb3, 0xcd, 0x7d, 0xef
.byte 0xff, 0xff, 0xde, 0xff, 0xb6, 0xee, 0x55, 0xe6, 0x77, 0xe6, 0xff, 0xff, 0xff, 0xff, 0xff, 0xff
.byte 0xff, 0xff, 0xff, 0xff, 0xff, 0xff, 0xff, 0xff, 0xff, 0xff, 0xff, 0xff, 0xff, 0xff, 0xff, 0xff
.byte 0xff, 0xff, 0xff, 0xff, 0xff, 0xff, 0xff, 0xff, 0xff, 0xff, 0xff, 0xff, 0xff, 0xff, 0xff, 0xff
.byte 0xff, 0xff, 0xff, 0xff, 0xff, 0xff, 0xff, 0xff, 0xff, 0xff, 0xff, 0xff, 0xff, 0xff, 0xff, 0xff
.byte 0xff, 0xff, 0xff, 0xff, 0xff, 0xff, 0xff, 0xff, 0xff, 0xff, 0xff, 0xff, 0xff, 0xff, 0xff, 0xff
.byte 0xff, 0xff, 0xff, 0xff, 0xff, 0xff, 0xff, 0xff, 0xff, 0xff, 0xff, 0xff, 0xff, 0xff, 0xff, 0xff
.byte 0xff, 0xff, 0xff, 0xff, 0xff, 0xff, 0xff, 0xff, 0xff, 0xff, 0xff, 0xff, 0xff, 0xff, 0xff, 0xff
.byte 0xff, 0xff, 0xff, 0xff, 0xff, 0xff, 0xff, 0xff, 0xff, 0xff, 0xff, 0xff, 0xff, 0xff, 0xff, 0xff
.byte 0xff, 0xff, 0xff, 0xff, 0xff, 0xff, 0xff, 0xff, 0xff, 0xff, 0xff, 0xff, 0xff, 0xff, 0xff, 0xff
.byte 0xff, 0xff, 0xff, 0xff, 0xff, 0xff, 0xff, 0xff, 0xff, 0xff, 0xff, 0xff, 0xff, 0xff, 0xff, 0xff
.byte 0xff, 0xff, 0xff, 0xff, 0xff, 0xff, 0xff, 0xff, 0xff, 0xff, 0xff, 0xff, 0xff, 0xff, 0xff, 0xff
.byte 0xdf, 0xff, 0x76, 0xe6, 0x4c, 0xdd, 0xea, 0xd4, 0x30, 0xcd, 0xfa, 0xee, 0xfa, 0xee, 0xd2, 0xdd
.byte 0x2e, 0xcd, 0x0e, 0xcd, 0x50, 0xcd, 0x36, 0xde, 0x3b, 0xef, 0xf3, 0xdd, 0xe9, 0xdc, 0x2c, 0xd5
.byte 0x98, 0xe6, 0xff, 0xff, 0xff, 0xff, 0xff, 0xff, 0xff, 0xff, 0xff, 0xff, 0xff, 0xff, 0xff, 0xff
.byte 0xff, 0xff, 0xff, 0xff, 0xff, 0xff, 0xff, 0xff, 0xff, 0xff, 0xff, 0xff, 0xff, 0xff, 0xff, 0xff
.byte 0xff, 0xff, 0xff, 0xff, 0xff, 0xff, 0xff, 0xff, 0xff, 0xff, 0xff, 0xff, 0xff, 0xff, 0xff, 0xff
.byte 0xff, 0xff, 0xff, 0xff, 0xff, 0xff, 0xff, 0xff, 0xff, 0xff, 0xff, 0xff, 0xff, 0xff, 0xff, 0xff
.byte 0xff, 0xff, 0xff, 0xff, 0xff, 0xff, 0xff, 0xff, 0xff, 0xff, 0xff, 0xff, 0xff, 0xff, 0xff, 0xff
.byte 0xff, 0xff, 0xff, 0xff, 0xff, 0xff, 0xff, 0xff, 0xff, 0xff, 0xff, 0xff, 0xff, 0xff, 0xff, 0xff
.byte 0xff, 0xff, 0xff, 0xff, 0xff, 0xff, 0xff, 0xff, 0xff, 0xff, 0xff, 0xff, 0xff, 0xff, 0xff, 0xff
.byte 0xff, 0xff, 0xff, 0xff, 0xff, 0xff, 0xff, 0xff, 0xff, 0xff, 0xff, 0xff, 0xff, 0xff, 0xff, 0xff
.byte 0xff, 0xff, 0xff, 0xff, 0xff, 0xff, 0xff, 0xff, 0xff, 0xff, 0xff, 0xff, 0xff, 0xff, 0xff, 0xff
.byte 0xff, 0xff, 0xff, 0xff, 0xff, 0xff, 0xff, 0xff, 0xff, 0xff, 0xff, 0xff, 0xff, 0xff, 0xff, 0xff
.byte 0xff, 0xff, 0xff, 0xff, 0xff, 0xff, 0xff, 0xff, 0xff, 0xff, 0x9d, 0xff, 0x0d, 0xcd, 0xb1, 0xdd
.byte 0xb2, 0xd5, 0x0d, 0xcd, 0x8e, 0xe5, 0x6b, 0xe5, 0x6c, 0xe5, 0x8c, 0xe5, 0x4b, 0xdd, 0xeb, 0xd4
.byte 0x2f, 0xcd, 0xb2, 0xd5, 0x0d, 0xcd, 0x4f, 0xcd, 0x9d, 0xf7, 0xff, 0xff, 0xff, 0xff, 0xff, 0xff
.byte 0xff, 0xff, 0xff, 0xff, 0xff, 0xff, 0xff, 0xff, 0xff, 0xff, 0xff, 0xff, 0xff, 0xff, 0xff, 0xff
.byte 0xff, 0xff, 0xff, 0xff, 0xff, 0xff, 0xff, 0xff, 0xff, 0xff, 0xff, 0xff, 0xff, 0xff, 0xff, 0xff
.byte 0xff, 0xff, 0xff, 0xff, 0xff, 0xff, 0xff, 0xff, 0xff, 0xff, 0xff, 0xff, 0xff, 0xff, 0xff, 0xff
.byte 0xff, 0xff, 0xff, 0xff, 0xff, 0xff, 0xff, 0xff, 0xff, 0xff, 0xff, 0xff, 0xff, 0xff, 0xff, 0xff
.byte 0xff, 0xff, 0xff, 0xff, 0xff, 0xff, 0xff, 0xff, 0xff, 0xff, 0xff, 0xff, 0xff, 0xff, 0xff, 0xff
.byte 0xff, 0xff, 0xff, 0xff, 0xff, 0xff, 0xff, 0xff, 0xff, 0xff, 0xff, 0xff, 0xff, 0xff, 0xff, 0xff
.byte 0xff, 0xff, 0xff, 0xff, 0xff, 0xff, 0xff, 0xff, 0xff, 0xff, 0xff, 0xff, 0xff, 0xff, 0xff, 0xff
.byte 0xff, 0xff, 0xff, 0xff, 0xff, 0xff, 0xff, 0xff, 0xff, 0xff, 0xff, 0xff, 0xff, 0xff, 0xff, 0xff
.byte 0xff, 0xff, 0xff, 0xff, 0xff, 0xff, 0xff, 0xff, 0xff, 0xff, 0xff, 0xff, 0xff, 0xff, 0xff, 0xff
.byte 0xff, 0xff, 0xff, 0xff, 0xff, 0xff, 0xff, 0xff, 0xff, 0xff, 0xff, 0xff, 0xff, 0xff, 0xff, 0xff
.byte 0xff, 0xff, 0xff, 0xff, 0xd9, 0xe6, 0x14, 0xde, 0x0d, 0xcd, 0x8c, 0xe5, 0xec, 0xf5, 0x0d, 0xf6
.byte 0x0e, 0xf6, 0x0d, 0xf6, 0x0d, 0xf6, 0xed, 0xf5, 0x4c, 0xdd, 0x50, 0xcd, 0x15, 0xd6, 0x97, 0xde
.byte 0xff, 0xff, 0xff, 0xff, 0xff, 0xff, 0xff, 0xff, 0xff, 0xff, 0xff, 0xff, 0xff, 0xff, 0xff, 0xff
.byte 0xff, 0xff, 0xff, 0xff, 0xff, 0xff, 0xff, 0xff, 0xff, 0xff, 0xff, 0xff, 0xff, 0xff, 0xff, 0xff
.byte 0xff, 0xff, 0xff, 0xff, 0xff, 0xff, 0xff, 0xff, 0xff, 0xff, 0xff, 0xff, 0xff, 0xff, 0xff, 0xff
.byte 0xff, 0xff, 0xff, 0xff, 0xff, 0xff, 0xff, 0xff, 0xff, 0xff, 0xff, 0xff, 0xff, 0xff, 0xff, 0xff
.byte 0xff, 0xff, 0xff, 0xff, 0xff, 0xff, 0xff, 0xff, 0xff, 0xff, 0xff, 0xff, 0xff, 0xff, 0xff, 0xff
.byte 0xff, 0xff, 0xff, 0xff, 0xff, 0xff, 0xff, 0xff, 0xff, 0xff, 0xff, 0xff, 0xff, 0xff, 0xff, 0xff
.byte 0xff, 0xff, 0xff, 0xff, 0xff, 0xff, 0xff, 0xff, 0xff, 0xff, 0xff, 0xff, 0xff, 0xff, 0xff, 0xff
.byte 0xff, 0xff, 0xff, 0xff, 0xff, 0xff, 0xff, 0xff, 0xff, 0xff, 0xff, 0xff, 0xff, 0xff, 0xff, 0xff
.byte 0xff, 0xff, 0xff, 0xff, 0xff, 0xff, 0xff, 0xff, 0xff, 0xff, 0xff, 0xff, 0xff, 0xff, 0xff, 0xff
.byte 0xff, 0xff, 0xff, 0xff, 0xff, 0xff, 0xff, 0xff, 0xff, 0xff, 0xff, 0xff, 0xff, 0xff, 0xff, 0xff
.byte 0xff, 0xff, 0xff, 0xff, 0xff, 0xff, 0xff, 0xff, 0xff, 0xff, 0xff, 0xff, 0xff, 0xff, 0x76, 0xe6
.byte 0x8c, 0xe5, 0x0d, 0xf6, 0xed, 0xf5, 0xed, 0xed, 0xed, 0xf5, 0xed, 0xed, 0xed, 0xf5, 0x0e, 0xf6
.byte 0x0d, 0xf6, 0x4c, 0xdd, 0xd2, 0xd5, 0x9c, 0xf7, 0xff, 0xff, 0xff, 0xff, 0xff, 0xff, 0xff, 0xff
.byte 0xff, 0xff, 0xff, 0xff, 0xff, 0xff, 0xff, 0xff, 0xff, 0xff, 0xff, 0xff, 0xff, 0xff, 0xff, 0xff
.byte 0xff, 0xff, 0xff, 0xff, 0xff, 0xff, 0xff, 0xff, 0xff, 0xff, 0xff, 0xff, 0xff, 0xff, 0xff, 0xff
.byte 0xff, 0xff, 0xff, 0xff, 0xff, 0xff, 0xff, 0xff, 0xff, 0xff, 0xff, 0xff, 0xff, 0xff, 0xff, 0xff
.byte 0xff, 0xff, 0xff, 0xff, 0xff, 0xff, 0xff, 0xff, 0xff, 0xff, 0xff, 0xff, 0xff, 0xff, 0xff, 0xff
.byte 0xff, 0xff, 0xff, 0xff, 0xff, 0xff, 0xff, 0xff, 0xff, 0xff, 0xff, 0xff, 0xff, 0xff, 0xff, 0xff
.byte 0xff, 0xff, 0xff, 0xff, 0xff, 0xff, 0xff, 0xff, 0xff, 0xff, 0xff, 0xff, 0xff, 0xff, 0xff, 0xff
.byte 0xff, 0xff, 0xff, 0xff, 0xff, 0xff, 0xff, 0xff, 0xff, 0xff, 0xff, 0xff, 0xff, 0xff, 0xff, 0xff
.byte 0xff, 0xff, 0xff, 0xff, 0xff, 0xff, 0xff, 0xff, 0xff, 0xff, 0xff, 0xff, 0xff, 0xff, 0xff, 0xff
.byte 0xff, 0xff, 0xff, 0xff, 0xff, 0xff, 0xff, 0xff, 0xff, 0xff, 0xff, 0xff, 0xff, 0xff, 0xff, 0xff
.byte 0xff, 0xff, 0xff, 0xff, 0xff, 0xff, 0xff, 0xff, 0xff, 0xff, 0xff, 0xff, 0xff, 0xff, 0xbe, 0xff
.byte 0xb8, 0xe6, 0x92, 0xd5, 0x76, 0xe6, 0x8e, 0xdd, 0x0e, 0xf6, 0xed, 0xf5, 0xed, 0xf5, 0xed, 0xf5
.byte 0xed, 0xf5, 0xed, 0xf5, 0xed, 0xf5, 0xed, 0xf5, 0x0e, 0xf6, 0xcd, 0xed, 0x2d, 0xd5, 0xb7, 0xe6
.byte 0x9d, 0xff, 0x9d, 0xf7, 0xbe, 0xff, 0xdf, 0xff, 0xff, 0xff, 0xff, 0xff, 0xff, 0xff, 0xff, 0xff
.byte 0xff, 0xff, 0xff, 0xff, 0xff, 0xff, 0xff, 0xff, 0xff, 0xff, 0xff, 0xff, 0xff, 0xff, 0xff, 0xff
.byte 0xff, 0xff, 0xff, 0xff, 0xff, 0xff, 0xff, 0xff, 0xff, 0xff, 0xff, 0xff, 0xff, 0xff, 0xff, 0xff
.byte 0xff, 0xff, 0xff, 0xff, 0xff, 0xff, 0xff, 0xff, 0xff, 0xff, 0xff, 0xff, 0xff, 0xff, 0xff, 0xff
.byte 0xff, 0xff, 0xff, 0xff, 0xff, 0xff, 0xff, 0xff, 0xff, 0xff, 0xff, 0xff, 0xff, 0xff, 0xff, 0xff
.byte 0xff, 0xff, 0xff, 0xff, 0xff, 0xff, 0xff, 0xff, 0xff, 0xff, 0xff, 0xff, 0xff, 0xff, 0xff, 0xff
.byte 0xff, 0xff, 0xff, 0xff, 0xff, 0xff, 0xff, 0xff, 0xff, 0xff, 0xff, 0xff, 0xff, 0xff, 0xff, 0xff
.byte 0xff, 0xff, 0xff, 0xff, 0xff, 0xff, 0xff, 0xff, 0xff, 0xff, 0xff, 0xff, 0xff, 0xff, 0xff, 0xff
.byte 0xff, 0xff, 0xff, 0xff, 0xff, 0xff, 0xff, 0xff, 0xff, 0xff, 0xff, 0xff, 0xff, 0xff, 0xff, 0xff
.byte 0xff, 0xff, 0xff, 0xff, 0xff, 0xff, 0xff, 0xff, 0xff, 0xff, 0xff, 0xff, 0xff, 0xff, 0xff, 0xff
.byte 0xff, 0xff, 0xff, 0xff, 0x3b, 0xef, 0x2e, 0xd5, 0x2b, 0xdd, 0x0d, 0xd5, 0xb1, 0xd5, 0x6c, 0xe5
.byte 0x0d, 0xf6, 0xed, 0xf5, 0xed, 0xf5, 0xed, 0xf5, 0xed, 0xf5, 0xed, 0xf5, 0xed, 0xf5, 0xed, 0xed
.byte 0x0d, 0xf6, 0xcd, 0xed, 0x4d, 0xdd, 0xf3, 0xdd, 0x6e, 0xd5, 0x6d, 0xdd, 0xad, 0xbc, 0xf5, 0xd5
.byte 0xdf, 0xff, 0xff, 0xff, 0xff, 0xff, 0xff, 0xff, 0xff, 0xff, 0xff, 0xff, 0xff, 0xff, 0xff, 0xff
.byte 0xff, 0xff, 0xff, 0xff, 0xff, 0xff, 0xff, 0xff, 0xff, 0xff, 0xff, 0xff, 0xff, 0xff, 0xff, 0xff
.byte 0xff, 0xff, 0xff, 0xff, 0xff, 0xff, 0xff, 0xff, 0xff, 0xff, 0xff, 0xff, 0xff, 0xff, 0xff, 0xff
.byte 0xff, 0xff, 0xff, 0xff, 0xff, 0xff, 0xff, 0xff, 0xff, 0xff, 0xff, 0xff, 0xff, 0xff, 0xff, 0xff
.byte 0xff, 0xff, 0xff, 0xff, 0xff, 0xff, 0xff, 0xff, 0xff, 0xff, 0xff, 0xff, 0xff, 0xff, 0xff, 0xff
.byte 0xff, 0xff, 0xff, 0xff, 0xff, 0xff, 0xff, 0xff, 0xff, 0xff, 0xff, 0xff, 0xff, 0xff, 0xff, 0xff
.byte 0xff, 0xff, 0xff, 0xff, 0xff, 0xff, 0xff, 0xff, 0xff, 0xff, 0xff, 0xff, 0xff, 0xff, 0xff, 0xff
.byte 0xff, 0xff, 0xff, 0xff, 0xff, 0xff, 0xff, 0xff, 0xff, 0xff, 0xff, 0xff, 0xff, 0xff, 0xff, 0xff
.byte 0xff, 0xff, 0xff, 0xff, 0xff, 0xff, 0xff, 0xff, 0xff, 0xff, 0xff, 0xff, 0xff, 0xff, 0xff, 0xff
.byte 0xff, 0xff, 0xff, 0xff, 0xff, 0xff, 0xff, 0xff, 0xff, 0xff, 0xdf, 0xff, 0x57, 0xde, 0x70, 0xd5
.byte 0x2c, 0xd5, 0x0d, 0xcd, 0x91, 0xd5, 0x6c, 0xdd, 0x0d, 0xf6, 0xed, 0xf5, 0xed, 0xf5, 0xed, 0xf5
.byte 0xed, 0xf5, 0x0d, 0xf6, 0xed, 0xf5, 0xed, 0xf5, 0x0d, 0xf6, 0xcd, 0xed, 0x4d, 0xd5, 0xf3, 0xd5
.byte 0xed, 0xc4, 0x4e, 0xd5, 0x51, 0xcd, 0x36, 0xd6, 0x7d, 0xef, 0xff, 0xff, 0xff, 0xff, 0xff, 0xff
.byte 0xff, 0xff, 0xff, 0xff, 0xff, 0xff, 0xff, 0xff, 0xff, 0xff, 0xff, 0xff, 0xff, 0xff, 0xff, 0xff
.byte 0xff, 0xff, 0xff, 0xff, 0xff, 0xff, 0xff, 0xff, 0xff, 0xff, 0xff, 0xff, 0xff, 0xff, 0xff, 0xff
.byte 0xff, 0xff, 0xff, 0xff, 0xff, 0xff, 0xff, 0xff, 0xff, 0xff, 0xff, 0xff, 0xff, 0xff, 0xff, 0xff
.byte 0xff, 0xff, 0xff, 0xff, 0xff, 0xff, 0xff, 0xff, 0xff, 0xff, 0xff, 0xff, 0xff, 0xff, 0xff, 0xff
.byte 0xff, 0xff, 0xff, 0xff, 0xff, 0xff, 0xff, 0xff, 0xff, 0xff, 0xff, 0xff, 0xff, 0xff, 0xff, 0xff
.byte 0xff, 0xff, 0xff, 0xff, 0xff, 0xff, 0xff, 0xff, 0xff, 0xff, 0xff, 0xff, 0xff, 0xff, 0xff, 0xff
.byte 0xff, 0xff, 0xff, 0xff, 0xff, 0xff, 0xff, 0xff, 0xff, 0xff, 0xff, 0xff, 0xff, 0xff, 0xff, 0xff
.byte 0xff, 0xff, 0xff, 0xff, 0xff, 0xff, 0xff, 0xff, 0xff, 0xff, 0xff, 0xff, 0xff, 0xff, 0xff, 0xff
.byte 0xff, 0xff, 0xff, 0xff, 0xff, 0xff, 0xff, 0xff, 0xff, 0xff, 0xff, 0xff, 0xff, 0xff, 0xff, 0xff
.byte 0xff, 0xff, 0xff, 0xff, 0xff, 0xff, 0xbe, 0xff, 0xd9, 0xe6, 0x57, 0xde, 0x56, 0xde, 0xec, 0xcc
.byte 0x0d, 0xf6, 0x0e, 0xf6, 0xed, 0xf5, 0xed, 0xf5, 0xed, 0xed, 0xed, 0xf5, 0xed, 0xf5, 0xed, 0xf5
.byte 0x0d, 0xf6, 0x8c, 0xe5, 0x6f, 0xd5, 0xf9, 0xe6, 0x16, 0xd6, 0xda, 0xe6, 0x7d, 0xef, 0x9e, 0xf7
.byte 0xff, 0xff, 0xff, 0xff, 0xff, 0xff, 0xff, 0xff, 0xff, 0xff, 0xff, 0xff, 0xff, 0xff, 0xff, 0xff
.byte 0xff, 0xff, 0xff, 0xff, 0xff, 0xff, 0xff, 0xff, 0xff, 0xff, 0xff, 0xff, 0xff, 0xff, 0xff, 0xff
.byte 0xff, 0xff, 0xff, 0xff, 0xff, 0xff, 0xff, 0xff, 0xff, 0xff, 0xff, 0xff, 0xff, 0xff, 0xff, 0xff
.byte 0xff, 0xff, 0xff, 0xff, 0xff, 0xff, 0xff, 0xff, 0xff, 0xff, 0xff, 0xff, 0xff, 0xff, 0xff, 0xff
.byte 0xff, 0xff, 0xff, 0xff, 0xff, 0xff, 0xff, 0xff, 0xff, 0xff, 0xff, 0xff, 0xff, 0xff, 0xff, 0xff
.byte 0xff, 0xff, 0xff, 0xff, 0xff, 0xff, 0xff, 0xff, 0xff, 0xff, 0xff, 0xff, 0xff, 0xff, 0xff, 0xff
.byte 0xff, 0xff, 0xff, 0xff, 0xff, 0xff, 0xff, 0xff, 0xff, 0xff, 0xff, 0xff, 0xff, 0xff, 0xff, 0xff
.byte 0xff, 0xff, 0xff, 0xff, 0xff, 0xff, 0xff, 0xff, 0xff, 0xff, 0xff, 0xff, 0xff, 0xff, 0xff, 0xff
.byte 0xff, 0xff, 0xff, 0xff, 0xff, 0xff, 0xff, 0xff, 0xff, 0xff, 0xff, 0xff, 0xff, 0xff, 0xff, 0xff
.byte 0xff, 0xff, 0xff, 0xff, 0xff, 0xff, 0xff, 0xff, 0xff, 0xff, 0xff, 0xff, 0xff, 0xff, 0xff, 0xff
.byte 0xff, 0xff, 0xff, 0xff, 0xbe, 0xff, 0x91, 0xd5, 0x4b, 0xdd, 0x0d, 0xf6, 0x0e, 0xf6, 0xed, 0xf5
.byte 0xed, 0xed, 0xed, 0xed, 0xed, 0xf5, 0x2e, 0xf6, 0xcc, 0xed, 0x0c, 0xd5, 0x76, 0xde, 0xdf, 0xff
.byte 0xff, 0xff, 0xff, 0xff, 0xff, 0xff, 0xff, 0xff, 0xff, 0xff, 0xff, 0xff, 0xff, 0xff, 0xff, 0xff
.byte 0xff, 0xff, 0xff, 0xff, 0xff, 0xff, 0xff, 0xff, 0xff, 0xff, 0xff, 0xff, 0xff, 0xff, 0xff, 0xff
.byte 0xff, 0xff, 0xff, 0xff, 0xff, 0xff, 0xff, 0xff, 0xff, 0xff, 0xff, 0xff, 0xff, 0xff, 0xff, 0xff
.byte 0xff, 0xff, 0xff, 0xff, 0xff, 0xff, 0xff, 0xff, 0xff, 0xff, 0xff, 0xff, 0xff, 0xff, 0xff, 0xff
.byte 0xff, 0xff, 0xff, 0xff, 0xff, 0xff, 0xff, 0xff, 0xff, 0xff, 0xff, 0xff, 0xff, 0xff, 0xff, 0xff
.byte 0xff, 0xff, 0xff, 0xff, 0xff, 0xff, 0xff, 0xff, 0xff, 0xff, 0xff, 0xff, 0xff, 0xff, 0xff, 0xff
.byte 0xff, 0xff, 0xff, 0xff, 0xff, 0xff, 0xff, 0xff, 0xff, 0xff, 0xff, 0xff, 0xff, 0xff, 0xff, 0xff
.byte 0xff, 0xff, 0xff, 0xff, 0xff, 0xff, 0xff, 0xff, 0xff, 0xff, 0xff, 0xff, 0xff, 0xff, 0xff, 0xff
.byte 0xff, 0xff, 0xff, 0xff, 0xff, 0xff, 0xff, 0xff, 0xff, 0xff, 0xff, 0xff, 0xff, 0xff, 0xff, 0xff
.byte 0xff, 0xff, 0xff, 0xff, 0xff, 0xff, 0xff, 0xff, 0xff, 0xff, 0xff, 0xff, 0xff, 0xff, 0xff, 0xff
.byte 0xff, 0xff, 0xff, 0xff, 0xff, 0xff, 0xff, 0xff, 0xff, 0xff, 0xff, 0xff, 0xbe, 0xff, 0xf3, 0xdd
.byte 0x2e, 0xd5, 0x0a, 0xdd, 0xab, 0xed, 0xed, 0xf5, 0xed, 0xf5, 0xed, 0xf5, 0xcc, 0xf5, 0x6b, 0xe5
.byte 0x4d, 0xd5, 0xf3, 0xdd, 0xf4, 0xd5, 0x35, 0xde, 0xff, 0xff, 0xff, 0xff, 0xff, 0xff, 0xff, 0xff
.byte 0xff, 0xff, 0xff, 0xff, 0xff, 0xff, 0xff, 0xff, 0xff, 0xff, 0xff, 0xff, 0xff, 0xff, 0xff, 0xff
.byte 0xff, 0xff, 0xff, 0xff, 0xff, 0xff, 0xff, 0xff, 0xff, 0xff, 0xff, 0xff, 0xff, 0xff, 0xff, 0xff
.byte 0xff, 0xff, 0xff, 0xff, 0xff, 0xff, 0xff, 0xff, 0xff, 0xff, 0xff, 0xff, 0xff, 0xff, 0xff, 0xff
.byte 0xff, 0xff, 0xff, 0xff, 0xff, 0xff, 0xff, 0xff, 0xff, 0xff, 0xff, 0xff, 0xff, 0xff, 0xff, 0xff
.byte 0xff, 0xff, 0xff, 0xff, 0xff, 0xff, 0xff, 0xff, 0xff, 0xff, 0xff, 0xff, 0xff, 0xff, 0xff, 0xff
.byte 0xff, 0xff, 0xff, 0xff, 0xff, 0xff, 0xff, 0xff, 0xff, 0xff, 0xff, 0xff, 0xff, 0xff, 0xff, 0xff
.byte 0xff, 0xff, 0xff, 0xff, 0xff, 0xff, 0xff, 0xff, 0xff, 0xff, 0xff, 0xff, 0xff, 0xff, 0xff, 0xff
.byte 0xff, 0xff, 0xff, 0xff, 0xff, 0xff, 0xff, 0xff, 0xff, 0xff, 0xff, 0xff, 0xff, 0xff, 0xff, 0xff
.byte 0xff, 0xff, 0xff, 0xff, 0xff, 0xff, 0xff, 0xff, 0xff, 0xff, 0xff, 0xff, 0xff, 0xff, 0xff, 0xff
.byte 0xff, 0xff, 0xff, 0xff, 0xff, 0xff, 0xff, 0xff, 0xff, 0xff, 0xff, 0xff, 0xff, 0xff, 0xff, 0xff
.byte 0xff, 0xff, 0xff, 0xff, 0x53, 0xee, 0x4c, 0xdd, 0x50, 0xd5, 0x50, 0xcd, 0xcc, 0xcc, 0x0b, 0xdd
.byte 0x2b, 0xdd, 0x2b, 0xdd, 0x0c, 0xd5, 0x2e, 0xcd, 0xd3, 0xd5, 0xd2, 0xdd, 0x2c, 0xd5, 0x90, 0xdd
.byte 0x9d, 0xf7, 0xff, 0xff, 0xff, 0xff, 0xff, 0xff, 0xff, 0xff, 0xff, 0xff, 0xff, 0xff, 0xff, 0xff
.byte 0xff, 0xff, 0xff, 0xff, 0xff, 0xff, 0xff, 0xff, 0xff, 0xff, 0xff, 0xff, 0xff, 0xff, 0xff, 0xff
.byte 0xff, 0xff, 0xff, 0xff, 0xff, 0xff, 0xff, 0xff, 0xff, 0xff, 0xff, 0xff, 0xff, 0xff, 0xff, 0xff
.byte 0xff, 0xff, 0xff, 0xff, 0xff, 0xff, 0xff, 0xff, 0xff, 0xff, 0xff, 0xff, 0xff, 0xff, 0xff, 0xff
.byte 0xff, 0xff, 0xff, 0xff, 0xff, 0xff, 0xff, 0xff, 0xff, 0xff, 0xff, 0xff, 0xff, 0xff, 0xff, 0xff
.byte 0xff, 0xff, 0xff, 0xff, 0xff, 0xff, 0xff, 0xff, 0xff, 0xff, 0xff, 0xff, 0xff, 0xff, 0xff, 0xff
.byte 0xff, 0xff, 0xff, 0xff, 0xff, 0xff, 0xff, 0xff, 0xff, 0xff, 0xff, 0xff, 0xff, 0xff, 0xff, 0xff
.byte 0xff, 0xff, 0xff, 0xff, 0xff, 0xff, 0xff, 0xff, 0xff, 0xff, 0xff, 0xff, 0xff, 0xff, 0xff, 0xff
.byte 0xff, 0xff, 0xff, 0xff, 0xff, 0xff, 0xff, 0xff, 0xff, 0xff, 0xff, 0xff, 0xff, 0xff, 0xff, 0xff
.byte 0xff, 0xff, 0xff, 0xff, 0xff, 0xff, 0xff, 0xff, 0xff, 0xff, 0xff, 0xff, 0xff, 0xff, 0xff, 0xff
.byte 0xff, 0xff, 0xff, 0xff, 0xff, 0xff, 0xff, 0xff, 0xff, 0xff, 0x7c, 0xf7, 0xea, 0xd4, 0xca, 0xcc
.byte 0x71, 0xcd, 0x5b, 0xef, 0xd9, 0xe6, 0xb3, 0xd5, 0x92, 0xd5, 0xb2, 0xd5, 0x14, 0xde, 0x1b, 0xef
.byte 0x3b, 0xef, 0x0e, 0xcd, 0x2c, 0xdd, 0x4d, 0xdd, 0x56, 0xde, 0xff, 0xff, 0xff, 0xff, 0xff, 0xff
.byte 0xff, 0xff, 0xff, 0xff, 0xff, 0xff, 0xff, 0xff, 0xff, 0xff, 0xff, 0xff, 0xff, 0xff, 0xff, 0xff
.byte 0xff, 0xff, 0xff, 0xff, 0xff, 0xff, 0xff, 0xff, 0xff, 0xff, 0xff, 0xff, 0xff, 0xff, 0xff, 0xff
.byte 0xff, 0xff, 0xff, 0xff, 0xff, 0xff, 0xff, 0xff, 0xff, 0xff, 0xff, 0xff, 0xff, 0xff, 0xff, 0xff
.byte 0xff, 0xff, 0xff, 0xff, 0xff, 0xff, 0xff, 0xff, 0xff, 0xff, 0xff, 0xff, 0xff, 0xff, 0xff, 0xff
.byte 0xff, 0xff, 0xff, 0xff, 0xff, 0xff, 0xff, 0xff, 0xff, 0xff, 0xff, 0xff, 0xff, 0xff, 0xff, 0xff
.byte 0xff, 0xff, 0xff, 0xff, 0xff, 0xff, 0xff, 0xff, 0xff, 0xff, 0xff, 0xff, 0xff, 0xff, 0xff, 0xff
.byte 0xff, 0xff, 0xff, 0xff, 0xff, 0xff, 0xff, 0xff, 0xff, 0xff, 0xff, 0xff, 0xff, 0xff, 0xff, 0xff
.byte 0xff, 0xff, 0xff, 0xff, 0xff, 0xff, 0xff, 0xff, 0xff, 0xff, 0xff, 0xff, 0xff, 0xff, 0xff, 0xff
.byte 0xff, 0xff, 0xff, 0xff, 0xff, 0xff, 0xff, 0xff, 0xff, 0xff, 0xff, 0xff, 0xff, 0xff, 0xff, 0xff
.byte 0xff, 0xff, 0xff, 0xff, 0xff, 0xff, 0xff, 0xff, 0xff, 0xff, 0xff, 0xff, 0xff, 0xff, 0xff, 0xff
.byte 0xdf, 0xff, 0x77, 0xe6, 0xd2, 0xd5, 0x77, 0xde, 0x5c, 0xef, 0xff, 0xff, 0xde, 0xff, 0x71, 0xcd
.byte 0x4e, 0xd5, 0x2e, 0xcd, 0xb2, 0xd5, 0x9d, 0xef, 0xff, 0xff, 0x3b, 0xef, 0x56, 0xde, 0x91, 0xd5
.byte 0x36, 0xde, 0xff, 0xff, 0xff, 0xff, 0xff, 0xff, 0xff, 0xff, 0xff, 0xff, 0xff, 0xff, 0xff, 0xff
.byte 0xff, 0xff, 0xff, 0xff, 0xff, 0xff, 0xff, 0xff, 0xff, 0xff, 0xff, 0xff, 0xff, 0xff, 0xff, 0xff
.byte 0xff, 0xff, 0xff, 0xff, 0xff, 0xff, 0xff, 0xff, 0xff, 0xff, 0xff, 0xff, 0xff, 0xff, 0xff, 0xff
.byte 0xff, 0xff, 0xff, 0xff, 0xff, 0xff, 0xff, 0xff, 0xff, 0xff, 0xff, 0xff, 0xff, 0xff, 0xff, 0xff
.byte 0xff, 0xff, 0xff, 0xff, 0xff, 0xff, 0xff, 0xff, 0xff, 0xff, 0xff, 0xff, 0xff, 0xff, 0xff, 0xff
.byte 0xff, 0xff, 0xff, 0xff, 0xff, 0xff, 0xff, 0xff, 0xff, 0xff, 0xff, 0xff, 0xff, 0xff, 0xff, 0xff
.byte 0xff, 0xff, 0xff, 0xff, 0xff, 0xff, 0xff, 0xff, 0xff, 0xff, 0xff, 0xff, 0xff, 0xff, 0xff, 0xff
.byte 0xff, 0xff, 0xff, 0xff, 0xff, 0xff, 0xff, 0xff, 0xff, 0xff, 0xff, 0xff, 0xff, 0xff, 0xff, 0xff
.byte 0xff, 0xff, 0xff, 0xff, 0xff, 0xff, 0xff, 0xff, 0xff, 0xff, 0xff, 0xff, 0xff, 0xff, 0xff, 0xff
.byte 0xff, 0xff, 0xff, 0xff, 0xff, 0xff, 0xff, 0xff, 0xff, 0xff, 0xff, 0xff, 0xff, 0xff, 0xff, 0xff
.byte 0xff, 0xff, 0xff, 0xff, 0xff, 0xff, 0xff, 0xff, 0xff, 0xff, 0x9d, 0xf7, 0xbe, 0xf7, 0xff, 0xff
.byte 0xff, 0xff, 0xff, 0xff, 0xdf, 0xff, 0x34, 0xde, 0x0a, 0xd5, 0x0b, 0xd5, 0xd4, 0xd5, 0x7d, 0xef
.byte 0xff, 0xff, 0xff, 0xff, 0xdf, 0xff, 0xbe, 0xf7, 0xbe, 0xff, 0xff, 0xff, 0xff, 0xff, 0xff, 0xff
.byte 0xff, 0xff, 0xff, 0xff, 0xff, 0xff, 0xff, 0xff, 0xff, 0xff, 0xff, 0xff, 0xff, 0xff, 0xff, 0xff
.byte 0xff, 0xff, 0xff, 0xff, 0xff, 0xff, 0xff, 0xff, 0xff, 0xff, 0xff, 0xff, 0xff, 0xff, 0xff, 0xff
.byte 0xff, 0xff, 0xff, 0xff, 0xff, 0xff, 0xff, 0xff, 0xff, 0xff, 0xff, 0xff, 0xff, 0xff, 0xff, 0xff
.byte 0xff, 0xff, 0xff, 0xff, 0xff, 0xff, 0xff, 0xff, 0xff, 0xff, 0xff, 0xff, 0xff, 0xff, 0xff, 0xff
.byte 0xff, 0xff, 0xff, 0xff, 0xff, 0xff, 0xff, 0xff, 0xff, 0xff, 0xff, 0xff, 0xff, 0xff, 0xff, 0xff
.byte 0xff, 0xff, 0xff, 0xff, 0xff, 0xff, 0xff, 0xff, 0xff, 0xff, 0xff, 0xff, 0xff, 0xff, 0xff, 0xff
.byte 0xff, 0xff, 0xff, 0xff, 0xff, 0xff, 0xff, 0xff, 0xff, 0xff, 0xff, 0xff, 0xff, 0xff, 0xff, 0xff
.byte 0xff, 0xff, 0xff, 0xff, 0xff, 0xff, 0xff, 0xff, 0xff, 0xff, 0xff, 0xff, 0xff, 0xff, 0xff, 0xff
.byte 0xff, 0xff, 0xff, 0xff, 0xff, 0xff, 0xff, 0xff, 0xff, 0xff, 0xff, 0xff, 0xff, 0xff, 0xff, 0xff
.byte 0xff, 0xff, 0xff, 0xff, 0xff, 0xff, 0xff, 0xff, 0xff, 0xff, 0xff, 0xff, 0xff, 0xff, 0xff, 0xff
.byte 0xff, 0xff, 0xff, 0xff, 0xff, 0xff, 0xff, 0xff, 0xff, 0xff, 0xff, 0xff, 0xff, 0xff, 0x9d, 0xf7
.byte 0x4f, 0xcd, 0x70, 0xcd, 0x7d, 0xf7, 0xff, 0xff, 0xff, 0xff, 0xff, 0xff, 0xff, 0xff, 0xff, 0xff
.byte 0xff, 0xff, 0xff, 0xff, 0xff, 0xff, 0xff, 0xff, 0xff, 0xff, 0xff, 0xff, 0xff, 0xff, 0xff, 0xff
.byte 0xff, 0xff, 0xff, 0xff, 0xff, 0xff, 0xff, 0xff, 0xff, 0xff, 0xff, 0xff, 0xff, 0xff, 0xff, 0xff
.byte 0xff, 0xff, 0xff, 0xff, 0xff, 0xff, 0xff, 0xff, 0xff, 0xff, 0xff, 0xff, 0xff, 0xff, 0xff, 0xff
.byte 0xff, 0xff, 0xff, 0xff, 0xff, 0xff, 0xff, 0xff, 0xff, 0xff, 0xff, 0xff, 0xff, 0xff, 0xff, 0xff
.byte 0xff, 0xff, 0xff, 0xff, 0xff, 0xff, 0xff, 0xff, 0xff, 0xff, 0xff, 0xff, 0xff, 0xff, 0xff, 0xff
.byte 0xff, 0xff, 0xff, 0xff, 0xff, 0xff, 0xff, 0xff, 0xff, 0xff, 0xff, 0xff, 0xff, 0xff, 0xff, 0xff
.byte 0xff, 0xff, 0xff, 0xff, 0xff, 0xff, 0xff, 0xff, 0xff, 0xff, 0xff, 0xff, 0xff, 0xff, 0xff, 0xff
.byte 0xff, 0xff, 0xff, 0xff, 0xff, 0xff, 0xff, 0xff, 0xff, 0xff, 0xff, 0xff, 0xff, 0xff, 0xff, 0xff
.byte 0xff, 0xff, 0xff, 0xff, 0xff, 0xff, 0xff, 0xff, 0xff, 0xff, 0xff, 0xff, 0xff, 0xff, 0xff, 0xff
.byte 0xff, 0xff, 0xff, 0xff, 0xff, 0xff, 0xff, 0xff, 0xff, 0xff, 0xff, 0xff, 0xff, 0xff, 0xff, 0xff
.byte 0xff, 0xff, 0xff, 0xff, 0xff, 0xff, 0xff, 0xff, 0xff, 0xff, 0xff, 0xff, 0xff, 0xff, 0xff, 0xff
.byte 0xff, 0xff, 0xff, 0xff, 0xff, 0xff, 0xff, 0xff, 0x7d, 0xf7, 0x99, 0xde, 0xff, 0xff, 0xff, 0xff
.byte 0xff, 0xff, 0xff, 0xff, 0xff, 0xff, 0xff, 0xff, 0xff, 0xff, 0xff, 0xff, 0xff, 0xff, 0xff, 0xff
.byte 0xff, 0xff, 0xff, 0xff, 0xff, 0xff, 0xff, 0xff, 0xff, 0xff, 0xff, 0xff, 0xff, 0xff, 0xff, 0xff
.byte 0xff, 0xff, 0xff, 0xff, 0xff, 0xff, 0xff, 0xff, 0xff, 0xff, 0xff, 0xff, 0xff, 0xff, 0xff, 0xff
.byte 0xff, 0xff, 0xff, 0xff, 0xff, 0xff, 0xff, 0xff, 0xff, 0xff, 0xff, 0xff, 0xff, 0xff, 0xff, 0xff
.byte 0xff, 0xff, 0xff, 0xff, 0xff, 0xff, 0xff, 0xff, 0xff, 0xff, 0xff, 0xff, 0xff, 0xff, 0xff, 0xff
.byte 0xff, 0xff, 0xff, 0xff, 0xff, 0xff, 0xff, 0xff, 0xff, 0xff, 0xff, 0xff, 0xff, 0xff, 0xff, 0xff
.byte 0xff, 0xff, 0xff, 0xff, 0xff, 0xff, 0xff, 0xff, 0xff, 0xff, 0xff, 0xff, 0xff, 0xff, 0xff, 0xff
.byte 0xff, 0xff, 0xff, 0xff, 0xff, 0xff, 0xff, 0xff, 0xff, 0xff, 0xff, 0xff, 0xff, 0xff, 0xff, 0xff
.byte 0xff, 0xff, 0xff, 0xff, 0xff, 0xff, 0xff, 0xff, 0xff, 0xff, 0xff, 0xff, 0xff, 0xff, 0xff, 0xff
.byte 0xff, 0xff, 0xff, 0xff, 0xff, 0xff, 0xff, 0xff, 0xff, 0xff, 0xff, 0xff, 0xff, 0xff, 0xff, 0xff
.byte 0xff, 0xff, 0xff, 0xff, 0xff, 0xff, 0xff, 0xff, 0xff, 0xff, 0xff, 0xff, 0xff, 0xff, 0xff, 0xff
.byte 0xff, 0xff, 0xff, 0xff, 0xff, 0xff, 0xff, 0xff, 0xff, 0xff, 0xff, 0xff, 0xff, 0xff, 0xff, 0xff
.byte 0xff, 0xff, 0xff, 0xff, 0xff, 0xff, 0xff, 0xff, 0xff, 0xff, 0xff, 0xff, 0xff, 0xff, 0xff, 0xff
.byte 0xff, 0xff, 0xff, 0xff, 0xff, 0xff, 0xff, 0xff, 0xff, 0xff, 0xff, 0xff, 0xff, 0xff, 0xff, 0xff
.byte 0xff, 0xff, 0xff, 0xff, 0xff, 0xff, 0xff, 0xff, 0xff, 0xff, 0xff, 0xff, 0xff, 0xff, 0xff, 0xff
.byte 0xff, 0xff, 0xff, 0xff, 0xff, 0xff, 0xff, 0xff, 0xff, 0xff, 0xff, 0xff, 0xff, 0xff, 0xff, 0xff
.byte 0xff, 0xff, 0xff, 0xff, 0xff, 0xff, 0xff, 0xff, 0xff, 0xff, 0xff, 0xff, 0xff, 0xff, 0xff, 0xff
.byte 0xff, 0xff, 0xff, 0xff, 0xff, 0xff, 0xff, 0xff, 0xff, 0xff, 0xff, 0xff, 0xff, 0xff, 0xff, 0xff
.byte 0xff, 0xff, 0xff, 0xff, 0xff, 0xff, 0xff, 0xff, 0xff, 0xff, 0xff, 0xff, 0xff, 0xff, 0xff, 0xff
.byte 0xff, 0xff, 0xff, 0xff, 0xff, 0xff, 0xff, 0xff, 0xff, 0xff, 0xff, 0xff, 0xff, 0xff, 0xff, 0xff
.byte 0xff, 0xff, 0xff, 0xff, 0xff, 0xff, 0xff, 0xff, 0xff, 0xff, 0xff, 0xff, 0xff, 0xff, 0xff, 0xff
.byte 0xff, 0xff, 0xff, 0xff, 0xff, 0xff, 0xff, 0xff, 0xff, 0xff, 0xff, 0xff, 0xff, 0xff, 0xff, 0xff
.byte 0xff, 0xff, 0xff, 0xff, 0xff, 0xff, 0xff, 0xff, 0xff, 0xff, 0xff, 0xff, 0xff, 0xff, 0xff, 0xff
.byte 0xff, 0xff, 0xff, 0xff, 0xff, 0xff, 0xff, 0xff, 0xff, 0xff, 0xff, 0xff, 0xff, 0xff, 0xff, 0xff
.byte 0xff, 0xff, 0xff, 0xff, 0xff, 0xff, 0xff, 0xff, 0xff, 0xff, 0xff, 0xff, 0xff, 0xff, 0xff, 0xff
.byte 0xff, 0xff, 0xff, 0xff, 0xff, 0xff, 0xff, 0xff, 0xff, 0xff, 0xff, 0xff, 0xff, 0xff, 0xff, 0xff
.byte 0xff, 0xff, 0xff, 0xff, 0xff, 0xff, 0xff, 0xff, 0xff, 0xff, 0xff, 0xff, 0xff, 0xff, 0xff, 0xff
.byte 0xff, 0xff, 0xff, 0xff, 0xff, 0xff, 0xff, 0xff, 0xff, 0xff, 0xff, 0xff, 0xff, 0xff, 0xff, 0xff
.byte 0xff, 0xff, 0xff, 0xff, 0x3c, 0xe7, 0x9a, 0xd6, 0x38, 0xce, 0x18, 0xc6, 0xb6, 0xbd, 0x34, 0xad
.byte 0x54, 0xad, 0xf7, 0xc5, 0x38, 0xce, 0xfb, 0xde, 0xff, 0xff, 0xff, 0xff, 0xff, 0xff, 0xff, 0xff
.byte 0xff, 0xff, 0xff, 0xff, 0xff, 0xff, 0xff, 0xff, 0xff, 0xff, 0xff, 0xff, 0xff, 0xff, 0xff, 0xff
.byte 0xff, 0xff, 0xff, 0xff, 0xff, 0xff, 0xff, 0xff, 0xff, 0xff, 0xff, 0xff, 0xff, 0xff, 0xff, 0xff
.byte 0xff, 0xff, 0xff, 0xff, 0xff, 0xff, 0xff, 0xff, 0xff, 0xff, 0xff, 0xff, 0xff, 0xff, 0xff, 0xff
.byte 0xff, 0xff, 0xff, 0xff, 0xff, 0xff, 0xff, 0xff, 0xff, 0xff, 0xff, 0xff, 0xff, 0xff, 0xff, 0xff
.byte 0xff, 0xff, 0xff, 0xff, 0xff, 0xff, 0xff, 0xff, 0xff, 0xff, 0xff, 0xff, 0xff, 0xff, 0xff, 0xff
.byte 0xff, 0xff, 0xff, 0xff, 0xff, 0xff, 0xff, 0xff, 0xff, 0xff, 0xff, 0xff, 0xff, 0xff, 0xff, 0xff
.byte 0xff, 0xff, 0xff, 0xff, 0xff, 0xff, 0xff, 0xff, 0xff, 0xff, 0xff, 0xff, 0xff, 0xff, 0xff, 0xff
.byte 0xff, 0xff, 0xff, 0xff, 0xff, 0xff, 0xff, 0xff, 0xff, 0xff, 0xff, 0xff, 0xff, 0xff, 0xff, 0xff
.byte 0xff, 0xff, 0xff, 0xff, 0xff, 0xff, 0xff, 0xff, 0xff, 0xff, 0xff, 0xff, 0xff, 0xff, 0xff, 0xff
.byte 0xff, 0xff, 0xff, 0xff, 0xff, 0xff, 0xff, 0xff, 0xff, 0xff, 0xff, 0xff, 0xff, 0xff, 0xff, 0xff
.byte 0xff, 0xff, 0xff, 0xff, 0xff, 0xff, 0xfb, 0xe6, 0x75, 0xad, 0xd2, 0x9c, 0x4c, 0x6b, 0x07, 0x42
.byte 0x64, 0x31, 0x23, 0x31, 0x44, 0x31, 0x84, 0x39, 0x84, 0x39, 0x85, 0x41, 0xa5, 0x41, 0xea, 0x62
.byte 0xb2, 0x9c, 0xb6, 0xb5, 0x5d, 0xef, 0xff, 0xff, 0xff, 0xff, 0xff, 0xff, 0xff, 0xff, 0xff, 0xff
.byte 0xff, 0xff, 0xff, 0xff, 0xff, 0xff, 0xff, 0xff, 0xff, 0xff, 0xff, 0xff, 0xff, 0xff, 0xff, 0xff
.byte 0xff, 0xff, 0xff, 0xff, 0xff, 0xff, 0xff, 0xff, 0xff, 0xff, 0xff, 0xff, 0xff, 0xff, 0xff, 0xff
.byte 0xff, 0xff, 0xff, 0xff, 0xff, 0xff, 0xff, 0xff, 0xff, 0xff, 0xff, 0xff, 0xff, 0xff, 0xff, 0xff
.byte 0xff, 0xff, 0xff, 0xff, 0xff, 0xff, 0xff, 0xff, 0xff, 0xff, 0xff, 0xff, 0xff, 0xff, 0xff, 0xff
.byte 0xff, 0xff, 0xff, 0xff, 0xff, 0xff, 0xff, 0xff, 0xff, 0xff, 0xff, 0xff, 0xff, 0xff, 0xff, 0xff
.byte 0xff, 0xff, 0xff, 0xff, 0xff, 0xff, 0xff, 0xff, 0xff, 0xff, 0xff, 0xff, 0xff, 0xff, 0xff, 0xff
.byte 0xff, 0xff, 0xff, 0xff, 0xff, 0xff, 0xff, 0xff, 0xff, 0xff, 0xff, 0xff, 0xff, 0xff, 0xff, 0xff
.byte 0xff, 0xff, 0xff, 0xff, 0xff, 0xff, 0xff, 0xff, 0xff, 0xff, 0xff, 0xff, 0xff, 0xff, 0xff, 0xff
.byte 0xff, 0xff, 0xff, 0xff, 0xff, 0xff, 0xff, 0xff, 0xff, 0xff, 0xff, 0xff, 0xff, 0xff, 0xff, 0xff
.byte 0xff, 0xff, 0xff, 0xff, 0xff, 0xff, 0xff, 0xff, 0xff, 0xff, 0xba, 0xd6, 0xb2, 0x9c, 0x4c, 0x73
.byte 0x23, 0x29, 0x64, 0x39, 0xc5, 0x41, 0xe6, 0x41, 0xe6, 0x49, 0x27, 0x52, 0x47, 0x52, 0x47, 0x52
.byte 0x48, 0x52, 0x68, 0x5a, 0x68, 0x5a, 0x06, 0x4a, 0x64, 0x39, 0x44, 0x31, 0xcb, 0x5a, 0x75, 0xb5
.byte 0xbe, 0xf7, 0xff, 0xff, 0xff, 0xff, 0xff, 0xff, 0xff, 0xff, 0xff, 0xff, 0xff, 0xff, 0xff, 0xff
.byte 0xff, 0xff, 0xff, 0xff, 0xff, 0xff, 0xff, 0xff, 0xff, 0xff, 0xff, 0xff, 0xff, 0xff, 0xff, 0xff
.byte 0xff, 0xff, 0xff, 0xff, 0xff, 0xff, 0xff, 0xff, 0xff, 0xff, 0xff, 0xff, 0xff, 0xff, 0xff, 0xff
.byte 0xff, 0xff, 0xff, 0xff, 0xff, 0xff, 0xff, 0xff, 0xff, 0xff, 0xff, 0xff, 0xff, 0xff, 0xff, 0xff
.byte 0xff, 0xff, 0xff, 0xff, 0xff, 0xff, 0xff, 0xff, 0xff, 0xff, 0xff, 0xff, 0xff, 0xff, 0xff, 0xff
.byte 0xff, 0xff, 0xff, 0xff, 0xff, 0xff, 0xff, 0xff, 0xff, 0xff, 0xff, 0xff, 0xff, 0xff, 0xff, 0xff
.byte 0xff, 0xff, 0xff, 0xff, 0xff, 0xff, 0xff, 0xff, 0xff, 0xff, 0xff, 0xff, 0xff, 0xff, 0xff, 0xff
.byte 0xff, 0xff, 0xff, 0xff, 0xff, 0xff, 0xff, 0xff, 0xff, 0xff, 0xff, 0xff, 0xff, 0xff, 0xff, 0xff
.byte 0xff, 0xff, 0xff, 0xff, 0xff, 0xff, 0xff, 0xff, 0xff, 0xff, 0xff, 0xff, 0xff, 0xff, 0xff, 0xff
.byte 0xff, 0xff, 0xff, 0xff, 0xff, 0xff, 0xff, 0xff, 0xff, 0xff, 0xff, 0xff, 0xff, 0xff, 0xff, 0xff
.byte 0xba, 0xd6, 0x89, 0x5a, 0x64, 0x39, 0x06, 0x52, 0x48, 0x5a, 0x27, 0x52, 0x47, 0x52, 0x27, 0x4a
.byte 0xe6, 0x41, 0x07, 0x4a, 0x48, 0x52, 0x27, 0x52, 0x27, 0x52, 0x27, 0x52, 0x48, 0x52, 0x48, 0x52
.byte 0x48, 0x52, 0x07, 0x4a, 0x44, 0x31, 0x03, 0x29, 0xcf, 0x7b, 0x5d, 0xef, 0xff, 0xff, 0xff, 0xff
.byte 0xff, 0xff, 0xff, 0xff, 0xff, 0xff, 0xff, 0xff, 0xff, 0xff, 0xff, 0xff, 0xff, 0xff, 0xff, 0xff
.byte 0xff, 0xff, 0xff, 0xff, 0xff, 0xff, 0xff, 0xff, 0xff, 0xff, 0xff, 0xff, 0xff, 0xff, 0xff, 0xff
.byte 0xff, 0xff, 0xff, 0xff, 0xff, 0xff, 0xff, 0xff, 0xff, 0xff, 0xff, 0xff, 0xff, 0xff, 0xff, 0xff
.byte 0xff, 0xff, 0xff, 0xff, 0xff, 0xff, 0xff, 0xff, 0xff, 0xff, 0xff, 0xff, 0xff, 0xff, 0xff, 0xff
.byte 0xff, 0xff, 0xff, 0xff, 0xff, 0xff, 0xff, 0xff, 0xff, 0xff, 0xff, 0xff, 0xff, 0xff, 0xff, 0xff
.byte 0xff, 0xff, 0xff, 0xff, 0xff, 0xff, 0xff, 0xff, 0xff, 0xff, 0xff, 0xff, 0xff, 0xff, 0xff, 0xff
.byte 0xff, 0xff, 0xff, 0xff, 0xff, 0xff, 0xff, 0xff, 0xff, 0xff, 0xff, 0xff, 0xff, 0xff, 0xff, 0xff
.byte 0xff, 0xff, 0xff, 0xff, 0xff, 0xff, 0xff, 0xff, 0xff, 0xff, 0xff, 0xff, 0xff, 0xff, 0xff, 0xff
.byte 0xff, 0xff, 0xff, 0xff, 0xff, 0xff, 0xff, 0xff, 0xff, 0xff, 0xff, 0xff, 0xff, 0xff, 0xff, 0xff
.byte 0xff, 0xff, 0xff, 0xff, 0xff, 0xff, 0x58, 0xce, 0x68, 0x5a, 0xe6, 0x49, 0x88, 0x62, 0x68, 0x5a
.byte 0x48, 0x5a, 0x48, 0x5a, 0x68, 0x5a, 0x48, 0x52, 0xe6, 0x41, 0xe6, 0x41, 0x27, 0x52, 0x27, 0x52
.byte 0x07, 0x4a, 0x07, 0x4a, 0x27, 0x4a, 0x27, 0x52, 0x27, 0x52, 0x27, 0x52, 0x48, 0x52, 0xc6, 0x41
.byte 0xe3, 0x20, 0xce, 0x7b, 0x7d, 0xef, 0xff, 0xff, 0xff, 0xff, 0xff, 0xff, 0xff, 0xff, 0xff, 0xff
.byte 0xff, 0xff, 0xff, 0xff, 0xff, 0xff, 0xff, 0xff, 0xff, 0xff, 0xff, 0xff, 0xff, 0xff, 0xff, 0xff
.byte 0xff, 0xff, 0xff, 0xff, 0xff, 0xff, 0xff, 0xff, 0xff, 0xff, 0xff, 0xff, 0xff, 0xff, 0xff, 0xff
.byte 0xff, 0xff, 0xff, 0xff, 0xff, 0xff, 0xff, 0xff, 0xff, 0xff, 0xff, 0xff, 0xff, 0xff, 0xff, 0xff
.byte 0xff, 0xff, 0xff, 0xff, 0xff, 0xff, 0xff, 0xff, 0xff, 0xff, 0xff, 0xff, 0xff, 0xff, 0xff, 0xff
.byte 0xff, 0xff, 0xff, 0xff, 0xff, 0xff, 0xff, 0xff, 0xff, 0xff, 0xff, 0xff, 0xff, 0xff, 0xff, 0xff
.byte 0xff, 0xff, 0xff, 0xff, 0xff, 0xff, 0xff, 0xff, 0xff, 0xff, 0xff, 0xff, 0xff, 0xff, 0xff, 0xff
.byte 0xff, 0xff, 0xff, 0xff, 0xff, 0xff, 0xff, 0xff, 0xff, 0xff, 0xff, 0xff, 0xff, 0xff, 0xff, 0xff
.byte 0xff, 0xff, 0xff, 0xff, 0xff, 0xff, 0xff, 0xff, 0xff, 0xff, 0xff, 0xff, 0xff, 0xff, 0xff, 0xff
.byte 0xff, 0xff, 0xff, 0xff, 0xff, 0xff, 0xff, 0xff, 0xff, 0xff, 0xff, 0xff, 0x38, 0xc6, 0x06, 0x4a
.byte 0x47, 0x5a, 0x89, 0x62, 0x47, 0x5a, 0x68, 0x5a, 0x68, 0x5a, 0x68, 0x5a, 0x68, 0x5a, 0x68, 0x5a
.byte 0x27, 0x4a, 0xe6, 0x41, 0x07, 0x4a, 0x27, 0x52, 0x07, 0x4a, 0x07, 0x4a, 0x07, 0x4a, 0x27, 0x4a
.byte 0x27, 0x52, 0x07, 0x4a, 0x27, 0x52, 0xea, 0x6a, 0xa9, 0x62, 0x64, 0x31, 0x91, 0x94, 0xdf, 0xff
.byte 0xff, 0xff, 0xff, 0xff, 0xff, 0xff, 0xff, 0xff, 0xff, 0xff, 0xff, 0xff, 0xff, 0xff, 0xff, 0xff
.byte 0xff, 0xff, 0xff, 0xff, 0xff, 0xff, 0xff, 0xff, 0xff, 0xff, 0xff, 0xff, 0xff, 0xff, 0xff, 0xff
.byte 0xff, 0xff, 0xff, 0xff, 0xff, 0xff, 0xff, 0xff, 0xff, 0xff, 0xff, 0xff, 0xff, 0xff, 0xff, 0xff
.byte 0xff, 0xff, 0xff, 0xff, 0xff, 0xff, 0xff, 0xff, 0xff, 0xff, 0xff, 0xff, 0xff, 0xff, 0xff, 0xff
.byte 0xff, 0xff, 0xff, 0xff, 0xff, 0xff, 0xff, 0xff, 0xff, 0xff, 0xff, 0xff, 0xff, 0xff, 0xff, 0xff
.byte 0xff, 0xff, 0xff, 0xff, 0xff, 0xff, 0xff, 0xff, 0xff, 0xff, 0xff, 0xff, 0xff, 0xff, 0xff, 0xff
.byte 0xff, 0xff, 0xff, 0xff, 0xff, 0xff, 0xff, 0xff, 0xff, 0xff, 0xff, 0xff, 0xff, 0xff, 0xff, 0xff
.byte 0xff, 0xff, 0xff, 0xff, 0xff, 0xff, 0xff, 0xff, 0xff, 0xff, 0xff, 0xff, 0xff, 0xff, 0xff, 0xff
.byte 0xff, 0xff, 0xff, 0xff, 0xff, 0xff, 0xff, 0xff, 0xff, 0xff, 0xff, 0xff, 0xff, 0xff, 0xff, 0xff
.byte 0xff, 0xff, 0xd7, 0xbd, 0x85, 0x39, 0xe6, 0x49, 0xc9, 0x6a, 0x48, 0x5a, 0x27, 0x52, 0x48, 0x5a
.byte 0x68, 0x5a, 0x68, 0x5a, 0x68, 0x5a, 0x47, 0x52, 0x27, 0x52, 0x07, 0x4a, 0xc6, 0x41, 0xa6, 0x41
.byte 0xc6, 0x41, 0xc6, 0x41, 0x07, 0x4a, 0x07, 0x52, 0x07, 0x52, 0x27, 0x52, 0x48, 0x5a, 0x0a, 0x73
.byte 0x6b, 0x7b, 0x07, 0x52, 0xe6, 0x49, 0xf7, 0xbd, 0xff, 0xff, 0xff, 0xff, 0xff, 0xff, 0xff, 0xff
.byte 0xff, 0xff, 0xff, 0xff, 0xff, 0xff, 0xff, 0xff, 0xff, 0xff, 0xff, 0xff, 0xff, 0xff, 0xff, 0xff
.byte 0xff, 0xff, 0xff, 0xff, 0xff, 0xff, 0xff, 0xff, 0xff, 0xff, 0xff, 0xff, 0xff, 0xff, 0xff, 0xff
.byte 0xff, 0xff, 0xff, 0xff, 0xff, 0xff, 0xff, 0xff, 0xff, 0xff, 0xff, 0xff, 0xff, 0xff, 0xff, 0xff
.byte 0xff, 0xff, 0xff, 0xff, 0xff, 0xff, 0xff, 0xff, 0xff, 0xff, 0xff, 0xff, 0xff, 0xff, 0xff, 0xff
.byte 0xff, 0xff, 0xff, 0xff, 0xff, 0xff, 0xff, 0xff, 0xff, 0xff, 0xff, 0xff, 0xff, 0xff, 0xff, 0xff
.byte 0xff, 0xff, 0xff, 0xff, 0xff, 0xff, 0xff, 0xff, 0xff, 0xff, 0xff, 0xff, 0xff, 0xff, 0xff, 0xff
.byte 0xff, 0xff, 0xff, 0xff, 0xff, 0xff, 0xff, 0xff, 0xff, 0xff, 0xff, 0xff, 0xff, 0xff, 0xff, 0xff
.byte 0xff, 0xff, 0xff, 0xff, 0xff, 0xff, 0xff, 0xff, 0xff, 0xff, 0xff, 0xff, 0xff, 0xff, 0xff, 0xff
.byte 0xff, 0xff, 0xff, 0xff, 0xff, 0xff, 0xff, 0xff, 0x18, 0xc6, 0x65, 0x31, 0xa5, 0x41, 0x27, 0x52
.byte 0x47, 0x5a, 0x68, 0x5a, 0x27, 0x52, 0x27, 0x52, 0x27, 0x52, 0x07, 0x4a, 0xe6, 0x49, 0xe6, 0x49
.byte 0xc9, 0x6a, 0xee, 0x93, 0x6c, 0x83, 0xa9, 0x6a, 0xa9, 0x62, 0x48, 0x5a, 0xc6, 0x41, 0x85, 0x39
.byte 0xa5, 0x39, 0x27, 0x52, 0xe9, 0x6a, 0xa9, 0x62, 0x68, 0x5a, 0xa9, 0x62, 0x85, 0x41, 0x6c, 0x6b
.byte 0x3c, 0xe7, 0xff, 0xff, 0xff, 0xff, 0xff, 0xff, 0xff, 0xff, 0xff, 0xff, 0xff, 0xff, 0xff, 0xff
.byte 0xff, 0xff, 0xff, 0xff, 0xff, 0xff, 0xff, 0xff, 0xff, 0xff, 0xff, 0xff, 0xff, 0xff, 0xff, 0xff
.byte 0xff, 0xff, 0xff, 0xff, 0xff, 0xff, 0xff, 0xff, 0xff, 0xff, 0xff, 0xff, 0xff, 0xff, 0xff, 0xff
.byte 0xff, 0xff, 0xff, 0xff, 0xff, 0xff, 0xff, 0xff, 0xff, 0xff, 0xff, 0xff, 0xff, 0xff, 0xff, 0xff
.byte 0xff, 0xff, 0xff, 0xff, 0xff, 0xff, 0xff, 0xff, 0xff, 0xff, 0xff, 0xff, 0xff, 0xff, 0xff, 0xff
.byte 0xff, 0xff, 0xff, 0xff, 0xff, 0xff, 0xff, 0xff, 0xff, 0xff, 0xff, 0xff, 0xff, 0xff, 0xff, 0xff
.byte 0xff, 0xff, 0xff, 0xff, 0xff, 0xff, 0xff, 0xff, 0xff, 0xff, 0xff, 0xff, 0xff, 0xff, 0xff, 0xff
.byte 0xff, 0xff, 0xff, 0xff, 0xff, 0xff, 0xff, 0xff, 0xff, 0xff, 0xff, 0xff, 0xff, 0xff, 0xff, 0xff
.byte 0xff, 0xff, 0xff, 0xff, 0xff, 0xff, 0xff, 0xff, 0xff, 0xff, 0xff, 0xff, 0xff, 0xff, 0xdf, 0xff
.byte 0x13, 0xa5, 0x03, 0x29, 0x27, 0x52, 0xe6, 0x49, 0x47, 0x52, 0x68, 0x5a, 0xc6, 0x41, 0x44, 0x31
.byte 0xc6, 0x41, 0xea, 0x6a, 0x2f, 0x9c, 0x53, 0xc5, 0x57, 0xe6, 0xd9, 0xfe, 0xb8, 0xfe, 0x97, 0xf6
.byte 0x77, 0xf6, 0x16, 0xee, 0x94, 0xd5, 0x90, 0xac, 0x0b, 0x73, 0xc6, 0x41, 0x06, 0x4a, 0x88, 0x62
.byte 0x68, 0x5a, 0x48, 0x5a, 0x06, 0x4a, 0xc6, 0x41, 0xd6, 0xbd, 0xff, 0xff, 0xff, 0xff, 0xff, 0xff
.byte 0xff, 0xff, 0xff, 0xff, 0xff, 0xff, 0xff, 0xff, 0xff, 0xff, 0xff, 0xff, 0xff, 0xff, 0xff, 0xff
.byte 0xff, 0xff, 0xff, 0xff, 0xff, 0xff, 0xff, 0xff, 0xff, 0xff, 0xff, 0xff, 0xff, 0xff, 0xff, 0xff
.byte 0xff, 0xff, 0xff, 0xff, 0xff, 0xff, 0xff, 0xff, 0xff, 0xff, 0xff, 0xff, 0xff, 0xff, 0xff, 0xff
.byte 0xff, 0xff, 0xff, 0xff, 0xff, 0xff, 0xff, 0xff, 0xff, 0xff, 0xff, 0xff, 0xff, 0xff, 0xff, 0xff
.byte 0xff, 0xff, 0xff, 0xff, 0xff, 0xff, 0xff, 0xff, 0xff, 0xff, 0xff, 0xff, 0xff, 0xff, 0xff, 0xff
.byte 0xff, 0xff, 0xff, 0xff, 0xff, 0xff, 0xff, 0xff, 0xff, 0xff, 0xff, 0xff, 0xff, 0xff, 0xff, 0xff
.byte 0xff, 0xff, 0xff, 0xff, 0xff, 0xff, 0xff, 0xff, 0xff, 0xff, 0xff, 0xff, 0xff, 0xff, 0xff, 0xff
.byte 0xff, 0xff, 0xff, 0xff, 0xff, 0xff, 0xff, 0xff, 0xff, 0xff, 0xff, 0xff, 0xff, 0xff, 0xff, 0xff
.byte 0xff, 0xff, 0xff, 0xff, 0xff, 0xff, 0xba, 0xd6, 0xca, 0x62, 0xe6, 0x49, 0x06, 0x4a, 0x27, 0x52
.byte 0x07, 0x52, 0x44, 0x31, 0x65, 0x31, 0x2b, 0x73, 0x32, 0xc5, 0x57, 0xf6, 0xf9, 0xfe, 0x19, 0xff
.byte 0xf9, 0xfe, 0xd8, 0xfe, 0xd8, 0xfe, 0xd8, 0xfe, 0xd8, 0xfe, 0xd8, 0xfe, 0xf8, 0xfe, 0x19, 0xff
.byte 0xb9, 0xf6, 0xf2, 0xbc, 0x48, 0x52, 0x85, 0x39, 0x48, 0x52, 0x27, 0x52, 0x27, 0x52, 0x23, 0x29
.byte 0x50, 0x8c, 0xdf, 0xff, 0xff, 0xff, 0xff, 0xff, 0xff, 0xff, 0xff, 0xff, 0xff, 0xff, 0xff, 0xff
.byte 0xff, 0xff, 0xff, 0xff, 0xff, 0xff, 0xff, 0xff, 0xff, 0xff, 0xff, 0xff, 0xff, 0xff, 0xff, 0xff
.byte 0xff, 0xff, 0xff, 0xff, 0xff, 0xff, 0xff, 0xff, 0xff, 0xff, 0xff, 0xff, 0xff, 0xff, 0xff, 0xff
.byte 0xff, 0xff, 0xff, 0xff, 0xff, 0xff, 0xff, 0xff, 0xff, 0xff, 0xff, 0xff, 0xff, 0xff, 0xff, 0xff
.byte 0xff, 0xff, 0xff, 0xff, 0xff, 0xff, 0xff, 0xff, 0xff, 0xff, 0xff, 0xff, 0xff, 0xff, 0xff, 0xff
.byte 0xff, 0xff, 0xff, 0xff, 0xff, 0xff, 0xff, 0xff, 0xff, 0xff, 0xff, 0xff, 0xff, 0xff, 0xff, 0xff
.byte 0xff, 0xff, 0xff, 0xff, 0xff, 0xff, 0xff, 0xff, 0xff, 0xff, 0xff, 0xff, 0xff, 0xff, 0xff, 0xff
.byte 0xff, 0xff, 0xff, 0xff, 0xff, 0xff, 0xff, 0xff, 0xff, 0xff, 0xff, 0xff, 0xff, 0xff, 0xff, 0xff
.byte 0xff, 0xff, 0xff, 0xff, 0xff, 0xff, 0xff, 0xff, 0xff, 0xff, 0xff, 0xff, 0xff, 0xff, 0x18, 0xc6
.byte 0x85, 0x39, 0x27, 0x52, 0x27, 0x52, 0x68, 0x5a, 0x65, 0x39, 0xe6, 0x49, 0xf1, 0xbc, 0xf8, 0xfe
.byte 0x19, 0xff, 0xd8, 0xfe, 0xb8, 0xfe, 0xb8, 0xfe, 0xb8, 0xfe, 0xb8, 0xf6, 0xb8, 0xfe, 0xb8, 0xfe
.byte 0xb8, 0xf6, 0xb8, 0xf6, 0xb8, 0xfe, 0xd8, 0xf6, 0xf9, 0xfe, 0x5a, 0xff, 0xf5, 0xd5, 0x27, 0x52
.byte 0x24, 0x29, 0x07, 0x4a, 0x07, 0x4a, 0x03, 0x29, 0xeb, 0x62, 0x1c, 0xe7, 0xff, 0xff, 0xff, 0xff
.byte 0xff, 0xff, 0xff, 0xff, 0xff, 0xff, 0xff, 0xff, 0xff, 0xff, 0xff, 0xff, 0xff, 0xff, 0xff, 0xff
.byte 0xff, 0xff, 0xff, 0xff, 0xff, 0xff, 0xff, 0xff, 0xff, 0xff, 0xff, 0xff, 0xff, 0xff, 0xff, 0xff
.byte 0xff, 0xff, 0xff, 0xff, 0xff, 0xff, 0xff, 0xff, 0xff, 0xff, 0xff, 0xff, 0xff, 0xff, 0xff, 0xff
.byte 0xff, 0xff, 0xff, 0xff, 0xff, 0xff, 0xff, 0xff, 0xff, 0xff, 0xff, 0xff, 0xff, 0xff, 0xff, 0xff
.byte 0xff, 0xff, 0xff, 0xff, 0xff, 0xff, 0xff, 0xff, 0xff, 0xff, 0xff, 0xff, 0xff, 0xff, 0xff, 0xff
.byte 0xff, 0xff, 0xff, 0xff, 0xff, 0xff, 0xff, 0xff, 0xff, 0xff, 0xff, 0xff, 0xff, 0xff, 0xff, 0xff
.byte 0xff, 0xff, 0xff, 0xff, 0xff, 0xff, 0xff, 0xff, 0xff, 0xff, 0xff, 0xff, 0xff, 0xff, 0xff, 0xff
.byte 0xff, 0xff, 0xff, 0xff, 0xff, 0xff, 0xff, 0xff, 0xff, 0xff, 0xff, 0xff, 0xff, 0xff, 0xff, 0xff
.byte 0xff, 0xff, 0xff, 0xff, 0xff, 0xff, 0xb6, 0xbd, 0x43, 0x31, 0x27, 0x52, 0x48, 0x5a, 0xc6, 0x41
.byte 0x07, 0x52, 0x33, 0xcd, 0x19, 0xff, 0xd8, 0xfe, 0xb7, 0xfe, 0xb8, 0xf6, 0xb8, 0xfe, 0xb8, 0xf6
.byte 0xb8, 0xf6, 0xb8, 0xf6, 0xb8, 0xf6, 0xb8, 0xf6, 0xb8, 0xf6, 0xb8, 0xfe, 0xd8, 0xfe, 0xb8, 0xf6
.byte 0xb8, 0xf6, 0xd8, 0xfe, 0x5a, 0xff, 0xd1, 0xac, 0x44, 0x29, 0x85, 0x31, 0x27, 0x52, 0x44, 0x31
.byte 0x28, 0x4a, 0x79, 0xce, 0xff, 0xff, 0xff, 0xff, 0xff, 0xff, 0xff, 0xff, 0xff, 0xff, 0xff, 0xff
.byte 0xff, 0xff, 0xff, 0xff, 0xff, 0xff, 0xff, 0xff, 0xff, 0xff, 0xff, 0xff, 0xff, 0xff, 0xff, 0xff
.byte 0xff, 0xff, 0xff, 0xff, 0xff, 0xff, 0xff, 0xff, 0xff, 0xff, 0xff, 0xff, 0xff, 0xff, 0xff, 0xff
.byte 0xff, 0xff, 0xff, 0xff, 0xff, 0xff, 0xff, 0xff, 0xff, 0xff, 0xff, 0xff, 0xff, 0xff, 0xff, 0xff
.byte 0xff, 0xff, 0xff, 0xff, 0xff, 0xff, 0xff, 0xff, 0xff, 0xff, 0xff, 0xff, 0xff, 0xff, 0xff, 0xff
.byte 0xff, 0xff, 0xff, 0xff, 0xff, 0xff, 0xff, 0xff, 0xff, 0xff, 0xff, 0xff, 0xff, 0xff, 0xff, 0xff
.byte 0xff, 0xff, 0xff, 0xff, 0xff, 0xff, 0xff, 0xff, 0xff, 0xff, 0xff, 0xff, 0xff, 0xff, 0xff, 0xff
.byte 0xff, 0xff, 0xff, 0xff, 0xff, 0xff, 0xff, 0xff, 0xff, 0xff, 0xff, 0xff, 0xff, 0xff, 0xff, 0xff
.byte 0xff, 0xff, 0xff, 0xff, 0xff, 0xff, 0xff, 0xff, 0xff, 0xff, 0xff, 0xff, 0xdf, 0xff, 0xb2, 0x9c
.byte 0x44, 0x31, 0x27, 0x52, 0x06, 0x4a, 0x85, 0x41, 0x0f, 0x9c, 0x1a, 0xff, 0xd9, 0xfe, 0xb8, 0xfe
.byte 0xb8, 0xfe, 0xb8, 0xfe, 0xb8, 0xf6, 0xb8, 0xf6, 0xb8, 0xf6, 0xb8, 0xfe, 0xb8, 0xfe, 0xb8, 0xf6
.byte 0xb8, 0xf6, 0xb8, 0xf6, 0xb8, 0xf6, 0xd8, 0xf6, 0xd8, 0xfe, 0xb8, 0xf6, 0xf9, 0xfe, 0x98, 0xf6
.byte 0x2b, 0x73, 0x44, 0x29, 0x07, 0x4a, 0x85, 0x39, 0xc6, 0x39, 0x38, 0xc6, 0xff, 0xff, 0xff, 0xff
.byte 0xff, 0xff, 0xff, 0xff, 0xff, 0xff, 0xff, 0xff, 0xff, 0xff, 0xff, 0xff, 0xff, 0xff, 0xff, 0xff
.byte 0xff, 0xff, 0xff, 0xff, 0xff, 0xff, 0xff, 0xff, 0xff, 0xff, 0xff, 0xff, 0xff, 0xff, 0xff, 0xff
.byte 0xff, 0xff, 0xff, 0xff, 0xff, 0xff, 0xff, 0xff, 0xff, 0xff, 0xff, 0xff, 0xff, 0xff, 0xff, 0xff
.byte 0xff, 0xff, 0xff, 0xff, 0xff, 0xff, 0xff, 0xff, 0xff, 0xff, 0xff, 0xff, 0xff, 0xff, 0xff, 0xff
.byte 0xff, 0xff, 0xff, 0xff, 0xff, 0xff, 0xff, 0xff, 0xff, 0xff, 0xff, 0xff, 0xff, 0xff, 0xff, 0xff
.byte 0xff, 0xff, 0xff, 0xff, 0xff, 0xff, 0xff, 0xff, 0xff, 0xff, 0xff, 0xff, 0xff, 0xff, 0xff, 0xff
.byte 0xff, 0xff, 0xff, 0xff, 0xff, 0xff, 0xff, 0xff, 0xff, 0xff, 0xff, 0xff, 0xff, 0xff, 0xff, 0xff
.byte 0xff, 0xff, 0xff, 0xff, 0xff, 0xff, 0xff, 0xff, 0xff, 0xff, 0xff, 0xff, 0xff, 0xff, 0xff, 0xff
.byte 0xff, 0xff, 0xff, 0xff, 0x3c, 0xe7, 0x6d, 0x73, 0x44, 0x31, 0x27, 0x52, 0x85, 0x39, 0x28, 0x5a
.byte 0xb5, 0xd5, 0x5b, 0xff, 0xd8, 0xf6, 0xb8, 0xf6, 0xb8, 0xfe, 0xb8, 0xfe, 0xb8, 0xfe, 0xb8, 0xf6
.byte 0xb8, 0xf6, 0xb8, 0xf6, 0xb8, 0xf6, 0xb8, 0xf6, 0xb8, 0xf6, 0xb8, 0xf6, 0xf9, 0xfe, 0xf8, 0xfe
.byte 0xd8, 0xfe, 0xd8, 0xfe, 0xf8, 0xfe, 0x5a, 0xff, 0x73, 0xc5, 0x27, 0x4a, 0xc6, 0x41, 0xa5, 0x41
.byte 0xa5, 0x39, 0xb6, 0xb5, 0xff, 0xff, 0xff, 0xff, 0xff, 0xff, 0xff, 0xff, 0xff, 0xff, 0xff, 0xff
.byte 0xff, 0xff, 0xff, 0xff, 0xff, 0xff, 0xff, 0xff, 0xff, 0xff, 0xff, 0xff, 0xff, 0xff, 0xff, 0xff
.byte 0xff, 0xff, 0xff, 0xff, 0xff, 0xff, 0xff, 0xff, 0xff, 0xff, 0xff, 0xff, 0xff, 0xff, 0xff, 0xff
.byte 0xff, 0xff, 0xff, 0xff, 0xff, 0xff, 0xff, 0xff, 0xff, 0xff, 0xff, 0xff, 0xff, 0xff, 0xff, 0xff
.byte 0xff, 0xff, 0xff, 0xff, 0xff, 0xff, 0xff, 0xff, 0xff, 0xff, 0xff, 0xff, 0xff, 0xff, 0xff, 0xff
.byte 0xff, 0xff, 0xff, 0xff, 0xff, 0xff, 0xff, 0xff, 0xff, 0xff, 0xff, 0xff, 0xff, 0xff, 0xff, 0xff
.byte 0xff, 0xff, 0xff, 0xff, 0xff, 0xff, 0xff, 0xff, 0xff, 0xff, 0xff, 0xff, 0xff, 0xff, 0xff, 0xff
.byte 0xff, 0xff, 0xff, 0xff, 0xff, 0xff, 0xff, 0xff, 0xff, 0xff, 0xff, 0xff, 0xff, 0xff, 0xff, 0xff
.byte 0xff, 0xff, 0xff, 0xff, 0xff, 0xff, 0xff, 0xff, 0xff, 0xff, 0xff, 0xff, 0xfb, 0xde, 0xca, 0x5a
.byte 0x43, 0x31, 0xe6, 0x49, 0x85, 0x39, 0x4c, 0x7b, 0xd9, 0xfe, 0x3a, 0xff, 0x1a, 0xff, 0x3a, 0xff
.byte 0xf9, 0xfe, 0xd8, 0xf6, 0xd8, 0xfe, 0xd8, 0xfe, 0xd8, 0xf6, 0xb8, 0xf6, 0xb8, 0xf6, 0xb8, 0xf6
.byte 0xd8, 0xfe, 0x97, 0xf6, 0x73, 0xcd, 0xb0, 0xb4, 0x90, 0xac, 0x90, 0xb4, 0x32, 0xc5, 0x56, 0xe6
.byte 0x19, 0xff, 0xee, 0x8b, 0xa6, 0x39, 0x85, 0x39, 0xa5, 0x39, 0x75, 0xad, 0xff, 0xff, 0xff, 0xff
.byte 0xff, 0xff, 0xff, 0xff, 0xff, 0xff, 0xff, 0xff, 0xff, 0xff, 0xff, 0xff, 0xff, 0xff, 0xff, 0xff
.byte 0xff, 0xff, 0xff, 0xff, 0xff, 0xff, 0xff, 0xff, 0xff, 0xff, 0xff, 0xff, 0xff, 0xff, 0xff, 0xff
.byte 0xff, 0xff, 0xff, 0xff, 0xff, 0xff, 0xff, 0xff, 0xff, 0xff, 0xff, 0xff, 0xff, 0xff, 0xff, 0xff
.byte 0xff, 0xff, 0xff, 0xff, 0xff, 0xff, 0xff, 0xff, 0xff, 0xff, 0xff, 0xff, 0xff, 0xff, 0xff, 0xff
.byte 0xff, 0xff, 0xff, 0xff, 0xff, 0xff, 0xff, 0xff, 0xff, 0xff, 0xff, 0xff, 0xff, 0xff, 0xff, 0xff
.byte 0xff, 0xff, 0xff, 0xff, 0xff, 0xff, 0xff, 0xff, 0xff, 0xff, 0xff, 0xff, 0xff, 0xff, 0xff, 0xff
.byte 0xff, 0xff, 0xff, 0xff, 0xff, 0xff, 0xff, 0xff, 0xff, 0xff, 0xff, 0xff, 0xff, 0xff, 0xff, 0xff
.byte 0xff, 0xff, 0xff, 0xff, 0xff, 0xff, 0xff, 0xff, 0xff, 0xff, 0xff, 0xff, 0xff, 0xff, 0xff, 0xff
.byte 0xff, 0xff, 0xff, 0xff, 0x3c, 0xe7, 0x4c, 0x6b, 0x03, 0x29, 0x85, 0x39, 0x85, 0x39, 0x70, 0xa4
.byte 0x7b, 0xff, 0xd9, 0xfe, 0x16, 0xde, 0x32, 0xbd, 0x90, 0xac, 0xb1, 0xac, 0xf6, 0xdd, 0xf9, 0xfe
.byte 0xd8, 0xfe, 0xb8, 0xf6, 0xb8, 0xf6, 0xb8, 0xf6, 0xd8, 0xfe, 0x77, 0xf6, 0x93, 0xd5, 0x73, 0xcd
.byte 0xb4, 0xd5, 0x93, 0xcd, 0x12, 0xc5, 0x12, 0xc5, 0xf9, 0xf6, 0xb5, 0xc5, 0x07, 0x4a, 0x23, 0x29
.byte 0xc6, 0x39, 0xb6, 0xb5, 0xff, 0xff, 0xff, 0xff, 0xff, 0xff, 0xff, 0xff, 0xff, 0xff, 0xff, 0xff
.byte 0xff, 0xff, 0xff, 0xff, 0xff, 0xff, 0xff, 0xff, 0xff, 0xff, 0xff, 0xff, 0xff, 0xff, 0xff, 0xff
.byte 0xff, 0xff, 0xff, 0xff, 0xff, 0xff, 0xff, 0xff, 0xff, 0xff, 0xff, 0xff, 0xff, 0xff, 0xff, 0xff
.byte 0xff, 0xff, 0xff, 0xff, 0xff, 0xff, 0xff, 0xff, 0xff, 0xff, 0xff, 0xff, 0xff, 0xff, 0xff, 0xff
.byte 0xff, 0xff, 0xff, 0xff, 0xff, 0xff, 0xff, 0xff, 0xff, 0xff, 0xff, 0xff, 0xff, 0xff, 0xff, 0xff
.byte 0xff, 0xff, 0xff, 0xff, 0xff, 0xff, 0xff, 0xff, 0xff, 0xff, 0xff, 0xff, 0xff, 0xff, 0xff, 0xff
.byte 0xff, 0xff, 0xff, 0xff, 0xff, 0xff, 0xff, 0xff, 0xff, 0xff, 0xff, 0xff, 0xff, 0xff, 0xff, 0xff
.byte 0xff, 0xff, 0xff, 0xff, 0xff, 0xff, 0xff, 0xff, 0xff, 0xff, 0xff, 0xff, 0xff, 0xff, 0xff, 0xff
.byte 0xff, 0xff, 0xff, 0xff, 0xff, 0xff, 0xff, 0xff, 0xff, 0xff, 0xff, 0xff, 0xdf, 0xff, 0x71, 0x94
.byte 0xe2, 0x20, 0x44, 0x31, 0xe6, 0x49, 0x94, 0xcd, 0x97, 0xee, 0x12, 0xbd, 0x12, 0xbd, 0xb4, 0xcd
.byte 0x16, 0xde, 0x57, 0xe6, 0x98, 0xee, 0xf9, 0xf6, 0xd8, 0xf6, 0xb8, 0xf6, 0xb8, 0xf6, 0xb8, 0xf6
.byte 0xb8, 0xf6, 0x97, 0xf6, 0xb7, 0xfe, 0xf8, 0xfe, 0xf8, 0xfe, 0x19, 0xff, 0xf9, 0xfe, 0xb8, 0xf6
.byte 0x19, 0xff, 0x78, 0xe6, 0xaa, 0x62, 0xa2, 0x18, 0x28, 0x4a, 0x58, 0xce, 0xff, 0xff, 0xff, 0xff
.byte 0xff, 0xff, 0xff, 0xff, 0xff, 0xff, 0xff, 0xff, 0xff, 0xff, 0xff, 0xff, 0xff, 0xff, 0xff, 0xff
.byte 0xff, 0xff, 0xff, 0xff, 0xff, 0xff, 0xff, 0xff, 0xff, 0xff, 0xff, 0xff, 0xff, 0xff, 0xff, 0xff
.byte 0xff, 0xff, 0xff, 0xff, 0xff, 0xff, 0xff, 0xff, 0xff, 0xff, 0xff, 0xff, 0xff, 0xff, 0xff, 0xff
.byte 0xff, 0xff, 0xff, 0xff, 0xff, 0xff, 0xff, 0xff, 0xff, 0xff, 0xff, 0xff, 0xff, 0xff, 0xff, 0xff
.byte 0xff, 0xff, 0xff, 0xff, 0xff, 0xff, 0xff, 0xff, 0xff, 0xff, 0xff, 0xff, 0xff, 0xff, 0xff, 0xff
.byte 0xff, 0xff, 0xff, 0xff, 0xff, 0xff, 0xff, 0xff, 0xff, 0xff, 0xff, 0xff, 0xff, 0xff, 0xff, 0xff
.byte 0xff, 0xff, 0xff, 0xff, 0xff, 0xff, 0xff, 0xff, 0xff, 0xff, 0xff, 0xff, 0xff, 0xff, 0xff, 0xff
.byte 0xff, 0xff, 0xff, 0xff, 0xff, 0xff, 0xff, 0xff, 0xff, 0xff, 0xff, 0xff, 0xff, 0xff, 0xff, 0xff
.byte 0xff, 0xff, 0xff, 0xff, 0xff, 0xff, 0xb6, 0xb5, 0xe3, 0x20, 0x23, 0x29, 0x68, 0x5a, 0x36, 0xe6
.byte 0x56, 0xee, 0xf5, 0xdd, 0xd8, 0xf6, 0x3a, 0xff, 0x3a, 0xff, 0x3a, 0xff, 0x19, 0xff, 0xd8, 0xf6
.byte 0xd8, 0xf6, 0xb8, 0xf6, 0xb8, 0xf6, 0xb8, 0xf6, 0x97, 0xf6, 0xb7, 0xf6, 0xd8, 0xfe, 0xf5, 0xe5
.byte 0x90, 0xac, 0x6f, 0xa4, 0x73, 0xc5, 0x97, 0xf6, 0x19, 0xff, 0xf9, 0xf6, 0x4c, 0x73, 0xe2, 0x20
.byte 0x48, 0x4a, 0x38, 0xc6, 0xff, 0xff, 0xff, 0xff, 0xff, 0xff, 0xff, 0xff, 0xff, 0xff, 0xff, 0xff
.byte 0xff, 0xff, 0xff, 0xff, 0xff, 0xff, 0xff, 0xff, 0xff, 0xff, 0xff, 0xff, 0xff, 0xff, 0xff, 0xff
.byte 0xff, 0xff, 0xff, 0xff, 0xff, 0xff, 0xff, 0xff, 0xff, 0xff, 0xff, 0xff, 0xff, 0xff, 0xff, 0xff
.byte 0xff, 0xff, 0xff, 0xff, 0xff, 0xff, 0xff, 0xff, 0xff, 0xff, 0xff, 0xff, 0xff, 0xff, 0xff, 0xff
.byte 0xff, 0xff, 0xff, 0xff, 0xff, 0xff, 0xff, 0xff, 0xff, 0xff, 0xff, 0xff, 0xff, 0xff, 0xff, 0xff
.byte 0xff, 0xff, 0xff, 0xff, 0xff, 0xff, 0xff, 0xff, 0xff, 0xff, 0xff, 0xff, 0xff, 0xff, 0xff, 0xff
.byte 0xff, 0xff, 0xff, 0xff, 0xff, 0xff, 0xff, 0xff, 0xff, 0xff, 0xff, 0xff, 0xff, 0xff, 0xff, 0xff
.byte 0xff, 0xff, 0xff, 0xff, 0xff, 0xff, 0xff, 0xff, 0xff, 0xff, 0xff, 0xff, 0xff, 0xff, 0xff, 0xff
.byte 0xff, 0xff, 0xff, 0xff, 0xff, 0xff, 0xff, 0xff, 0xff, 0xff, 0xff, 0xff, 0xff, 0xff, 0x79, 0xce
.byte 0x07, 0x42, 0xc2, 0x20, 0x89, 0x62, 0x77, 0xee, 0xf9, 0xfe, 0xb8, 0xfe, 0xf5, 0xdd, 0xb1, 0xac
.byte 0x70, 0x9c, 0x12, 0xbd, 0x56, 0xee, 0xd8, 0xfe, 0xd8, 0xf6, 0xb8, 0xf6, 0xb8, 0xf6, 0xb8, 0xf6
.byte 0xb8, 0xfe, 0xb8, 0xfe, 0x53, 0xc5, 0xea, 0x6a, 0x85, 0x39, 0xe6, 0x41, 0xca, 0x6a, 0xcd, 0x93
.byte 0x16, 0xde, 0x1a, 0xff, 0x8d, 0x83, 0x8d, 0x7b, 0x0e, 0x94, 0x91, 0x9c, 0x5d, 0xef, 0xff, 0xff
.byte 0xff, 0xff, 0xff, 0xff, 0xff, 0xff, 0xff, 0xff, 0xff, 0xff, 0xff, 0xff, 0xff, 0xff, 0xff, 0xff
.byte 0xff, 0xff, 0xff, 0xff, 0xff, 0xff, 0xff, 0xff, 0xff, 0xff, 0xff, 0xff, 0xff, 0xff, 0xff, 0xff
.byte 0xff, 0xff, 0xff, 0xff, 0xff, 0xff, 0xff, 0xff, 0xff, 0xff, 0xff, 0xff, 0xff, 0xff, 0xff, 0xff
.byte 0xff, 0xff, 0xff, 0xff, 0xff, 0xff, 0xff, 0xff, 0xff, 0xff, 0xff, 0xff, 0xff, 0xff, 0xff, 0xff
.byte 0xff, 0xff, 0xff, 0xff, 0xff, 0xff, 0xff, 0xff, 0xff, 0xff, 0xff, 0xff, 0xff, 0xff, 0xff, 0xff
.byte 0xff, 0xff, 0xff, 0xff, 0xff, 0xff, 0xff, 0xff, 0xff, 0xff, 0xff, 0xff, 0xff, 0xff, 0xff, 0xff
.byte 0xff, 0xff, 0xff, 0xff, 0xff, 0xff, 0xff, 0xff, 0xff, 0xff, 0xff, 0xff, 0xff, 0xff, 0xff, 0xff
.byte 0xff, 0xff, 0xff, 0xff, 0xff, 0xff, 0xff, 0xff, 0xff, 0xff, 0xff, 0xff, 0xff, 0xff, 0xff, 0xff
.byte 0xff, 0xff, 0xff, 0xff, 0xff, 0xff, 0xdf, 0xf7, 0x91, 0x94, 0x81, 0x18, 0x68, 0x5a, 0x77, 0xe6
.byte 0x3a, 0xff, 0x94, 0xd5, 0x4c, 0x7b, 0xa5, 0x39, 0xc6, 0x39, 0x27, 0x4a, 0xad, 0x8b, 0x77, 0xee
.byte 0xd8, 0xfe, 0xb8, 0xf6, 0xb8, 0xf6, 0xb8, 0xf6, 0xd8, 0xfe, 0x19, 0xff, 0x53, 0xb5, 0x48, 0x4a
.byte 0xa5, 0x39, 0xe6, 0x49, 0x70, 0x9c, 0x74, 0xbd, 0xd5, 0xd5, 0xd9, 0xf6, 0x8c, 0x7b, 0xcd, 0x9b
.byte 0xf2, 0xcc, 0xce, 0x8b, 0x79, 0xce, 0xff, 0xff, 0xff, 0xff, 0xff, 0xff, 0xff, 0xff, 0xff, 0xff
.byte 0xff, 0xff, 0xff, 0xff, 0xff, 0xff, 0xff, 0xff, 0xff, 0xff, 0xff, 0xff, 0xff, 0xff, 0xff, 0xff
.byte 0xff, 0xff, 0xff, 0xff, 0xff, 0xff, 0xff, 0xff, 0xff, 0xff, 0xff, 0xff, 0xff, 0xff, 0xff, 0xff
.byte 0xff, 0xff, 0xff, 0xff, 0xff, 0xff, 0xff, 0xff, 0xff, 0xff, 0xff, 0xff, 0xff, 0xff, 0xff, 0xff
.byte 0xff, 0xff, 0xff, 0xff, 0xff, 0xff, 0xff, 0xff, 0xff, 0xff, 0xff, 0xff, 0xff, 0xff, 0xff, 0xff
.byte 0xff, 0xff, 0xff, 0xff, 0xff, 0xff, 0xff, 0xff, 0xff, 0xff, 0xff, 0xff, 0xff, 0xff, 0xff, 0xff
.byte 0xff, 0xff, 0xff, 0xff, 0xff, 0xff, 0xff, 0xff, 0xff, 0xff, 0xff, 0xff, 0xff, 0xff, 0xff, 0xff
.byte 0xff, 0xff, 0xff, 0xff, 0xff, 0xff, 0xff, 0xff, 0xff, 0xff, 0xff, 0xff, 0xff, 0xff, 0xff, 0xff
.byte 0xff, 0xff, 0xff, 0xff, 0xff, 0xff, 0xff, 0xff, 0xff, 0xff, 0xff, 0xff, 0xff, 0xff, 0xff, 0xff
.byte 0x79, 0xd6, 0x6c, 0x7b, 0x48, 0x52, 0xb4, 0xc5, 0xf8, 0xf6, 0xf1, 0xb4, 0xb1, 0x9c, 0x89, 0x5a
.byte 0x43, 0x31, 0xc5, 0x41, 0xac, 0x83, 0xd8, 0xf6, 0xd8, 0xfe, 0xb8, 0xf6, 0xb8, 0xf6, 0xb8, 0xf6
.byte 0xb8, 0xf6, 0x3a, 0xff, 0x98, 0xde, 0x4c, 0x7b, 0xa5, 0x49, 0x68, 0x62, 0x94, 0xc5, 0x7b, 0xff
.byte 0x19, 0xff, 0x15, 0xe6, 0xca, 0x6a, 0xee, 0xab, 0x53, 0xed, 0x4c, 0x7b, 0x18, 0xc6, 0xff, 0xff
.byte 0xff, 0xff, 0xff, 0xff, 0xff, 0xff, 0xff, 0xff, 0xff, 0xff, 0xff, 0xff, 0xff, 0xff, 0xff, 0xff
.byte 0xff, 0xff, 0xff, 0xff, 0xff, 0xff, 0xff, 0xff, 0xff, 0xff, 0xff, 0xff, 0xff, 0xff, 0xff, 0xff
.byte 0xff, 0xff, 0xff, 0xff, 0xff, 0xff, 0xff, 0xff, 0xff, 0xff, 0xff, 0xff, 0xff, 0xff, 0xff, 0xff
.byte 0xff, 0xff, 0xff, 0xff, 0xff, 0xff, 0xff, 0xff, 0xff, 0xff, 0xff, 0xff, 0xff, 0xff, 0xff, 0xff
.byte 0xff, 0xff, 0xff, 0xff, 0xff, 0xff, 0xff, 0xff, 0xff, 0xff, 0xff, 0xff, 0xff, 0xff, 0xff, 0xff
.byte 0xff, 0xff, 0xff, 0xff, 0xff, 0xff, 0xff, 0xff, 0xff, 0xff, 0xff, 0xff, 0xff, 0xff, 0xff, 0xff
.byte 0xff, 0xff, 0xff, 0xff, 0xff, 0xff, 0xff, 0xff, 0xff, 0xff, 0xff, 0xff, 0xff, 0xff, 0xff, 0xff
.byte 0xff, 0xff, 0xff, 0xff, 0xff, 0xff, 0xff, 0xff, 0xff, 0xff, 0xff, 0xff, 0xff, 0xff, 0xff, 0xff
.byte 0xff, 0xff, 0xff, 0xff, 0xff, 0xff, 0xfb, 0xde, 0x75, 0xbd, 0x74, 0xd5, 0x68, 0x5a, 0x8d, 0x83
.byte 0xf8, 0xfe, 0xd8, 0xfe, 0xf9, 0xf6, 0x4f, 0x94, 0xc5, 0x49, 0xa9, 0x6a, 0x53, 0xc5, 0x19, 0xff
.byte 0xb8, 0xf6, 0x97, 0xf6, 0x57, 0xf6, 0x77, 0xf6, 0xb8, 0xf6, 0xb8, 0xfe, 0xd8, 0xfe, 0x16, 0xde
.byte 0x12, 0xbd, 0x94, 0xcd, 0x77, 0xf6, 0x77, 0xfe, 0xb8, 0xfe, 0xd5, 0xdd, 0x68, 0x5a, 0x8c, 0x9b
.byte 0xee, 0xb3, 0x6c, 0x7b, 0xda, 0xd6, 0xff, 0xff, 0xff, 0xff, 0xff, 0xff, 0xff, 0xff, 0xff, 0xff
.byte 0xff, 0xff, 0xff, 0xff, 0xff, 0xff, 0xff, 0xff, 0xff, 0xff, 0xff, 0xff, 0xff, 0xff, 0xff, 0xff
.byte 0xff, 0xff, 0xff, 0xff, 0xff, 0xff, 0xff, 0xff, 0xff, 0xff, 0xff, 0xff, 0xff, 0xff, 0xff, 0xff
.byte 0xff, 0xff, 0xff, 0xff, 0xff, 0xff, 0xff, 0xff, 0xff, 0xff, 0xff, 0xff, 0xff, 0xff, 0xff, 0xff
.byte 0xff, 0xff, 0xff, 0xff, 0xff, 0xff, 0xff, 0xff, 0xff, 0xff, 0xff, 0xff, 0xff, 0xff, 0xff, 0xff
.byte 0xff, 0xff, 0xff, 0xff, 0xff, 0xff, 0xff, 0xff, 0xff, 0xff, 0xff, 0xff, 0xff, 0xff, 0xff, 0xff
.byte 0xff, 0xff, 0xff, 0xff, 0xff, 0xff, 0xff, 0xff, 0xff, 0xff, 0xff, 0xff, 0xff, 0xff, 0xff, 0xff
.byte 0xff, 0xff, 0xff, 0xff, 0xff, 0xff, 0xff, 0xff, 0xff, 0xff, 0xff, 0xff, 0xff, 0xff, 0xff, 0xff
.byte 0xff, 0xff, 0xff, 0xff, 0xff, 0xff, 0xff, 0xff, 0xff, 0xff, 0xff, 0xff, 0xff, 0xff, 0x59, 0xce
.byte 0x0e, 0x94, 0x73, 0xe5, 0x07, 0x5a, 0x28, 0x52, 0x76, 0xf6, 0x97, 0xfe, 0x77, 0xfe, 0x56, 0xee
.byte 0xb4, 0xd5, 0x36, 0xe6, 0xb8, 0xfe, 0x98, 0xf6, 0x97, 0xf6, 0x77, 0xf6, 0xf5, 0xed, 0xf5, 0xed
.byte 0x97, 0xf6, 0xb8, 0xf6, 0xb8, 0xf6, 0xd9, 0xfe, 0xf9, 0xfe, 0xb8, 0xfe, 0x57, 0xfe, 0x36, 0xf6
.byte 0xf9, 0xfe, 0x73, 0xc5, 0x2c, 0x7b, 0x6c, 0x93, 0x48, 0x62, 0xf3, 0xa4, 0xdf, 0xff, 0xff, 0xff
.byte 0xff, 0xff, 0xff, 0xff, 0xff, 0xff, 0xff, 0xff, 0xff, 0xff, 0xff, 0xff, 0xff, 0xff, 0xff, 0xff
.byte 0xff, 0xff, 0xff, 0xff, 0xff, 0xff, 0xff, 0xff, 0xff, 0xff, 0xff, 0xff, 0xff, 0xff, 0xff, 0xff
.byte 0xff, 0xff, 0xff, 0xff, 0xff, 0xff, 0xff, 0xff, 0xff, 0xff, 0xff, 0xff, 0xff, 0xff, 0xff, 0xff
.byte 0xff, 0xff, 0xff, 0xff, 0xff, 0xff, 0xff, 0xff, 0xff, 0xff, 0xff, 0xff, 0xff, 0xff, 0xff, 0xff
.byte 0xff, 0xff, 0xff, 0xff, 0xff, 0xff, 0xff, 0xff, 0xff, 0xff, 0xff, 0xff, 0xff, 0xff, 0xff, 0xff
.byte 0xff, 0xff, 0xff, 0xff, 0xff, 0xff, 0xff, 0xff, 0xff, 0xff, 0xff, 0xff, 0xff, 0xff, 0xff, 0xff
.byte 0xff, 0xff, 0xff, 0xff, 0xff, 0xff, 0xff, 0xff, 0xff, 0xff, 0xff, 0xff, 0xff, 0xff, 0xff, 0xff
.byte 0xff, 0xff, 0xff, 0xff, 0xff, 0xff, 0xff, 0xff, 0xff, 0xff, 0xff, 0xff, 0xff, 0xff, 0xff, 0xff
.byte 0xff, 0xff, 0xff, 0xff, 0xff, 0xff, 0x9a, 0xd6, 0x8d, 0x83, 0x2f, 0xb4, 0xca, 0x7a, 0xe7, 0x51
.byte 0x32, 0xc5, 0xd8, 0xfe, 0x16, 0xf6, 0x56, 0xfe, 0xb8, 0xfe, 0xb8, 0xfe, 0x98, 0xfe, 0x97, 0xf6
.byte 0x97, 0xf6, 0x98, 0xf6, 0x16, 0xee, 0x15, 0xe6, 0xb8, 0xfe, 0xd8, 0xfe, 0xb8, 0xf6, 0x98, 0xf6
.byte 0x57, 0xf6, 0x36, 0xf6, 0x56, 0xf6, 0x77, 0xf6, 0x1a, 0xff, 0x12, 0xbd, 0xce, 0x9b, 0x07, 0x5a
.byte 0xea, 0x62, 0x3b, 0xe7, 0xff, 0xff, 0xff, 0xff, 0xff, 0xff, 0xff, 0xff, 0xff, 0xff, 0xff, 0xff
.byte 0xff, 0xff, 0xff, 0xff, 0xff, 0xff, 0xff, 0xff, 0xff, 0xff, 0xff, 0xff, 0xff, 0xff, 0xff, 0xff
.byte 0xff, 0xff, 0xff, 0xff, 0xff, 0xff, 0xff, 0xff, 0xff, 0xff, 0xff, 0xff, 0xff, 0xff, 0xff, 0xff
.byte 0xff, 0xff, 0xff, 0xff, 0xff, 0xff, 0xff, 0xff, 0xff, 0xff, 0xff, 0xff, 0xff, 0xff, 0xff, 0xff
.byte 0xff, 0xff, 0xff, 0xff, 0xff, 0xff, 0xff, 0xff, 0xff, 0xff, 0xff, 0xff, 0xff, 0xff, 0xff, 0xff
.byte 0xff, 0xff, 0xff, 0xff, 0xff, 0xff, 0xff, 0xff, 0xff, 0xff, 0xff, 0xff, 0xff, 0xff, 0xff, 0xff
.byte 0xff, 0xff, 0xff, 0xff, 0xff, 0xff, 0xff, 0xff, 0xff, 0xff, 0xff, 0xff, 0xff, 0xff, 0xff, 0xff
.byte 0xff, 0xff, 0xff, 0xff, 0xff, 0xff, 0xff, 0xff, 0xff, 0xff, 0xff, 0xff, 0xff, 0xff, 0xff, 0xff
.byte 0xff, 0xff, 0xff, 0xff, 0xff, 0xff, 0xff, 0xff, 0xff, 0xff, 0xff, 0xff, 0xff, 0xff, 0xbe, 0xf7
.byte 0xf3, 0xa4, 0xa6, 0x41, 0x2f, 0x9c, 0x90, 0xac, 0x2f, 0xa4, 0x97, 0xf6, 0x77, 0xfe, 0x36, 0xf6
.byte 0x36, 0xf6, 0x57, 0xf6, 0x97, 0xf6, 0xb8, 0xfe, 0xf9, 0xfe, 0x19, 0xff, 0xf9, 0xfe, 0xd9, 0xfe
.byte 0xd9, 0xfe, 0xd9, 0xfe, 0xf9, 0xfe, 0xd8, 0xfe, 0x97, 0xf6, 0x77, 0xf6, 0x77, 0xf6, 0xd8, 0xfe
.byte 0x19, 0xff, 0xce, 0x8b, 0x27, 0x52, 0x2b, 0x6b, 0x17, 0xbe, 0xff, 0xff, 0xff, 0xff, 0xff, 0xff
.byte 0xff, 0xff, 0xff, 0xff, 0xff, 0xff, 0xff, 0xff, 0xff, 0xff, 0xff, 0xff, 0xff, 0xff, 0xff, 0xff
.byte 0xff, 0xff, 0xff, 0xff, 0xff, 0xff, 0xff, 0xff, 0xff, 0xff, 0xff, 0xff, 0xff, 0xff, 0xff, 0xff
.byte 0xff, 0xff, 0xff, 0xff, 0xff, 0xff, 0xff, 0xff, 0xff, 0xff, 0xff, 0xff, 0xff, 0xff, 0xff, 0xff
.byte 0xff, 0xff, 0xff, 0xff, 0xff, 0xff, 0xff, 0xff, 0xff, 0xff, 0xff, 0xff, 0xff, 0xff, 0xff, 0xff
.byte 0xff, 0xff, 0xff, 0xff, 0xff, 0xff, 0xff, 0xff, 0xff, 0xff, 0xff, 0xff, 0xff, 0xff, 0xff, 0xff
.byte 0xff, 0xff, 0xff, 0xff, 0xff, 0xff, 0xff, 0xff, 0xff, 0xff, 0xff, 0xff, 0xff, 0xff, 0xff, 0xff
.byte 0xff, 0xff, 0xff, 0xff, 0xff, 0xff, 0xff, 0xff, 0xff, 0xff, 0xff, 0xff, 0xff, 0xff, 0xff, 0xff
.byte 0xff, 0xff, 0xff, 0xff, 0xff, 0xff, 0xff, 0xff, 0xff, 0xff, 0xff, 0xff, 0xff, 0xff, 0xff, 0xff
.byte 0xff, 0xff, 0xff, 0xff, 0xff, 0xff, 0xff, 0xff, 0xbe, 0xf7, 0x0f, 0x84, 0x07, 0x4a, 0x2f, 0x9c
.byte 0xcd, 0x93, 0x93, 0xcd, 0xf9, 0xfe, 0x57, 0xf6, 0x77, 0xf6, 0x97, 0xf6, 0xb8, 0xfe, 0x77, 0xf6
.byte 0xf6, 0xdd, 0xf6, 0xdd, 0xf6, 0xd5, 0xb5, 0xcd, 0xb5, 0xcd, 0x54, 0xc5, 0x12, 0xc5, 0x36, 0xee
.byte 0xd8, 0xfe, 0x97, 0xf6, 0x97, 0xf6, 0x3a, 0xff, 0x94, 0xc5, 0xca, 0x62, 0x13, 0xa5, 0x5d, 0xef
.byte 0xff, 0xff, 0xff, 0xff, 0xff, 0xff, 0xff, 0xff, 0xff, 0xff, 0xff, 0xff, 0xff, 0xff, 0xff, 0xff
.byte 0xff, 0xff, 0xff, 0xff, 0xff, 0xff, 0xff, 0xff, 0xff, 0xff, 0xff, 0xff, 0xff, 0xff, 0xff, 0xff
.byte 0xff, 0xff, 0xff, 0xff, 0xff, 0xff, 0xff, 0xff, 0xff, 0xff, 0xff, 0xff, 0xff, 0xff, 0xff, 0xff
.byte 0xff, 0xff, 0xff, 0xff, 0xff, 0xff, 0xff, 0xff, 0xff, 0xff, 0xff, 0xff, 0xff, 0xff, 0xff, 0xff
.byte 0xff, 0xff, 0xff, 0xff, 0xff, 0xff, 0xff, 0xff, 0xff, 0xff, 0xff, 0xff, 0xff, 0xff, 0xff, 0xff
.byte 0xff, 0xff, 0xff, 0xff, 0xff, 0xff, 0xff, 0xff, 0xff, 0xff, 0xff, 0xff, 0xff, 0xff, 0xff, 0xff
.byte 0xff, 0xff, 0xff, 0xff, 0xff, 0xff, 0xff, 0xff, 0xff, 0xff, 0xff, 0xff, 0xff, 0xff, 0xff, 0xff
.byte 0xff, 0xff, 0xff, 0xff, 0xff, 0xff, 0xff, 0xff, 0xff, 0xff, 0xff, 0xff, 0xff, 0xff, 0xff, 0xff
.byte 0xff, 0xff, 0xff, 0xff, 0xff, 0xff, 0xff, 0xff, 0xff, 0xff, 0xff, 0xff, 0xff, 0xff, 0xbe, 0xf7
.byte 0xdf, 0xff, 0xba, 0xd6, 0xca, 0x5a, 0x89, 0x52, 0xc6, 0x41, 0x2b, 0x7b, 0xd8, 0xfe, 0xd8, 0xfe
.byte 0x97, 0xf6, 0x98, 0xf6, 0xf9, 0xfe, 0xf6, 0xe5, 0xce, 0xa3, 0x50, 0xb4, 0x54, 0xd5, 0x54, 0xd5
.byte 0x13, 0xd5, 0xce, 0xb3, 0x2f, 0xb4, 0x77, 0xee, 0xf8, 0xfe, 0x97, 0xf6, 0xd8, 0xfe, 0xd8, 0xfe
.byte 0xa9, 0x62, 0x48, 0x4a, 0xb5, 0xb5, 0x7d, 0xef, 0xff, 0xff, 0x3c, 0xe7, 0x54, 0xa5, 0xd6, 0xb5
.byte 0xbe, 0xf7, 0xff, 0xff, 0xff, 0xff, 0xff, 0xff, 0xff, 0xff, 0xff, 0xff, 0xff, 0xff, 0xff, 0xff
.byte 0xdf, 0xff, 0xdf, 0xff, 0xdf, 0xff, 0xdf, 0xff, 0xdf, 0xff, 0xdf, 0xff, 0xdf, 0xff, 0xff, 0xff
.byte 0xff, 0xff, 0xff, 0xff, 0xff, 0xff, 0xff, 0xff, 0xff, 0xff, 0xff, 0xff, 0xff, 0xff, 0xff, 0xff
.byte 0xff, 0xff, 0xff, 0xff, 0xff, 0xff, 0xff, 0xff, 0xff, 0xff, 0xff, 0xff, 0xff, 0xff, 0xff, 0xff
.byte 0xff, 0xff, 0xff, 0xff, 0xff, 0xff, 0xff, 0xff, 0xff, 0xff, 0xff, 0xff, 0xff, 0xff, 0xff, 0xff
.byte 0xff, 0xff, 0xff, 0xff, 0xff, 0xff, 0xff, 0xff, 0xff, 0xff, 0xff, 0xff, 0xff, 0xff, 0xff, 0xff
.byte 0xff, 0xff, 0xff, 0xff, 0xff, 0xff, 0xff, 0xff, 0xff, 0xff, 0xff, 0xff, 0xff, 0xff, 0xff, 0xff
.byte 0xff, 0xff, 0xff, 0xff, 0xff, 0xff, 0xff, 0xff, 0xff, 0xff, 0xff, 0xff, 0xff, 0xff, 0xff, 0xff
.byte 0xff, 0xff, 0x9d, 0xef, 0x74, 0x9d, 0xed, 0x5b, 0xee, 0x63, 0xee, 0x73, 0xae, 0x73, 0xf3, 0x9c
.byte 0x91, 0x8c, 0x04, 0x29, 0x4f, 0xa4, 0x39, 0xff, 0xd8, 0xfe, 0xb8, 0xf6, 0xd9, 0xf6, 0xf9, 0xfe
.byte 0xf6, 0xe5, 0x4f, 0xc4, 0x6c, 0xbb, 0x4c, 0xbb, 0x4c, 0xb3, 0x2f, 0xc4, 0x36, 0xee, 0xf9, 0xfe
.byte 0xd8, 0xf6, 0xf9, 0xfe, 0xf9, 0xfe, 0xee, 0x93, 0xe3, 0x20, 0xe6, 0x31, 0xc9, 0x4a, 0xea, 0x52
.byte 0x4b, 0x5b, 0x6b, 0x63, 0x88, 0x4a, 0x2f, 0x84, 0x5c, 0xef, 0xff, 0xff, 0xff, 0xff, 0xff, 0xff
.byte 0xdf, 0xff, 0x7d, 0xef, 0x9e, 0xf7, 0xba, 0xd6, 0xb2, 0x9c, 0x50, 0x8c, 0x50, 0x94, 0x50, 0x8c
.byte 0x0f, 0x8c, 0xef, 0x83, 0x30, 0x8c, 0xb1, 0x94, 0x99, 0xd6, 0x7d, 0xef, 0x9e, 0xf7, 0xdf, 0xff
.byte 0xff, 0xff, 0xff, 0xff, 0xff, 0xff, 0xff, 0xff, 0xff, 0xff, 0xff, 0xff, 0xff, 0xff, 0xff, 0xff
.byte 0xff, 0xff, 0xff, 0xff, 0xff, 0xff, 0xff, 0xff, 0xff, 0xff, 0xff, 0xff, 0xff, 0xff, 0xff, 0xff
.byte 0xff, 0xff, 0xff, 0xff, 0xff, 0xff, 0xff, 0xff, 0xff, 0xff, 0xff, 0xff, 0xff, 0xff, 0xff, 0xff
.byte 0xff, 0xff, 0xff, 0xff, 0xff, 0xff, 0xff, 0xff, 0xff, 0xff, 0xff, 0xff, 0xff, 0xff, 0xff, 0xff
.byte 0xff, 0xff, 0xff, 0xff, 0xff, 0xff, 0xff, 0xff, 0xff, 0xff, 0xff, 0xff, 0xff, 0xff, 0xff, 0xff
.byte 0xff, 0xff, 0xff, 0xff, 0xff, 0xff, 0xff, 0xff, 0xff, 0xff, 0xd6, 0xb5, 0x4a, 0x43, 0x71, 0x6d
.byte 0xf0, 0x6c, 0x0d, 0x5c, 0x2b, 0x4b, 0xa9, 0x4a, 0x4c, 0x5b, 0xa5, 0x29, 0x24, 0x31, 0x70, 0xa4
.byte 0x19, 0xf7, 0x3a, 0xff, 0xf9, 0xfe, 0xf9, 0xfe, 0xf9, 0xfe, 0x77, 0xf6, 0x12, 0xdd, 0x2f, 0xc4
.byte 0xd1, 0xd4, 0x36, 0xf6, 0xf9, 0xfe, 0x19, 0xff, 0x5a, 0xff, 0xf9, 0xf6, 0x2f, 0x9c, 0x23, 0x29
.byte 0x65, 0x31, 0xef, 0x7b, 0xf3, 0x9c, 0x13, 0xa5, 0x75, 0xad, 0xf7, 0xbd, 0x99, 0xd6, 0x5c, 0xef
.byte 0xff, 0xff, 0xff, 0xff, 0x5d, 0xef, 0x3c, 0xe7, 0x34, 0xad, 0xee, 0x83, 0x90, 0x9c, 0xd1, 0xa4
.byte 0xf5, 0xc5, 0x36, 0xce, 0xd5, 0xc5, 0xb8, 0xde, 0x15, 0xd6, 0x52, 0xbd, 0x93, 0xbd, 0xb0, 0xa4
.byte 0xed, 0x8b, 0x0e, 0x84, 0x0f, 0x8c, 0x13, 0xa5, 0xba, 0xd6, 0x7d, 0xef, 0xff, 0xff, 0xff, 0xff
.byte 0xff, 0xff, 0xff, 0xff, 0xff, 0xff, 0xff, 0xff, 0xff, 0xff, 0xff, 0xff, 0xff, 0xff, 0xff, 0xff
.byte 0xff, 0xff, 0xff, 0xff, 0xff, 0xff, 0xff, 0xff, 0xff, 0xff, 0xff, 0xff, 0xff, 0xff, 0xff, 0xff
.byte 0xff, 0xff, 0xff, 0xff, 0xff, 0xff, 0xff, 0xff, 0xff, 0xff, 0xff, 0xff, 0xff, 0xff, 0xff, 0xff
.byte 0xff, 0xff, 0xff, 0xff, 0xff, 0xff, 0xff, 0xff, 0xff, 0xff, 0xff, 0xff, 0xff, 0xff, 0xff, 0xff
.byte 0xff, 0xff, 0xff, 0xff, 0xff, 0xff, 0xff, 0xff, 0xff, 0xff, 0xff, 0xff, 0xff, 0xff, 0xff, 0xff
.byte 0xff, 0xff, 0xdb, 0xde, 0xce, 0x73, 0x0a, 0x4b, 0x6b, 0x4b, 0x0d, 0x5c, 0xed, 0x5b, 0xea, 0x4a
.byte 0x2b, 0x4b, 0x2b, 0x53, 0x64, 0x31, 0x24, 0x31, 0x6d, 0x7b, 0xd5, 0xcd, 0xd9, 0xee, 0x19, 0xff
.byte 0xf8, 0xfe, 0xd8, 0xfe, 0xd8, 0xfe, 0x97, 0xfe, 0xb8, 0xfe, 0xd8, 0xfe, 0xf9, 0xfe, 0xf9, 0xf6
.byte 0xd5, 0xcd, 0x4b, 0x73, 0x64, 0x39, 0x64, 0x31, 0x51, 0x8c, 0x9e, 0xf7, 0xff, 0xff, 0xff, 0xff
.byte 0xff, 0xff, 0xff, 0xff, 0xff, 0xff, 0xff, 0xff, 0x5d, 0xef, 0x58, 0xce, 0xb1, 0x9c, 0x6f, 0x9c
.byte 0x72, 0xbd, 0xd6, 0xee, 0x58, 0xff, 0x55, 0xde, 0x39, 0xf7, 0x7a, 0xf7, 0xb7, 0xe6, 0x79, 0xff
.byte 0xb6, 0xe6, 0x75, 0xde, 0x7a, 0xff, 0xd7, 0xee, 0xd7, 0xee, 0x5a, 0xff, 0x15, 0xce, 0xf2, 0xa4
.byte 0xee, 0x83, 0x0f, 0x84, 0xb6, 0xbd, 0x5d, 0xef, 0xff, 0xff, 0xff, 0xff, 0xff, 0xff, 0xff, 0xff
.byte 0xff, 0xff, 0xff, 0xff, 0xff, 0xff, 0xff, 0xff, 0xff, 0xff, 0xff, 0xff, 0xff, 0xff, 0xff, 0xff
.byte 0xff, 0xff, 0xff, 0xff, 0xff, 0xff, 0xff, 0xff, 0xff, 0xff, 0xff, 0xff, 0xff, 0xff, 0xff, 0xff
.byte 0xff, 0xff, 0xff, 0xff, 0xff, 0xff, 0xff, 0xff, 0xff, 0xff, 0xff, 0xff, 0xff, 0xff, 0xff, 0xff
.byte 0xff, 0xff, 0xff, 0xff, 0xff, 0xff, 0xff, 0xff, 0xff, 0xff, 0xff, 0xff, 0xff, 0xff, 0xff, 0xff
.byte 0xff, 0xff, 0xff, 0xff, 0xff, 0xff, 0xff, 0xff, 0xff, 0xff, 0xff, 0xff, 0x7d, 0xf7, 0xd7, 0xbd
.byte 0x34, 0xa5, 0xd2, 0x94, 0x13, 0xa5, 0x95, 0xb5, 0xf7, 0xc5, 0x79, 0xce, 0x14, 0xa5, 0x48, 0x4a
.byte 0xe3, 0x20, 0x44, 0x31, 0xa9, 0x62, 0x4f, 0x9c, 0x94, 0xd5, 0xf5, 0xe5, 0x36, 0xee, 0x77, 0xf6
.byte 0x97, 0xf6, 0x56, 0xee, 0xd5, 0xdd, 0x70, 0xb4, 0xa6, 0x41, 0xe3, 0x20, 0x48, 0x52, 0xd3, 0x9c
.byte 0x7d, 0xef, 0xff, 0xff, 0xff, 0xff, 0xff, 0xff, 0xff, 0xff, 0xff, 0xff, 0xff, 0xff, 0x1b, 0xe7
.byte 0x13, 0xa5, 0xd0, 0xa4, 0x96, 0xe6, 0xdb, 0xff, 0xb7, 0xe6, 0x95, 0xe6, 0x58, 0xff, 0x55, 0xde
.byte 0xb6, 0xe6, 0x18, 0xf7, 0x55, 0xde, 0x18, 0xf7, 0x76, 0xe6, 0x97, 0xe6, 0x5a, 0xff, 0x97, 0xde
.byte 0x39, 0xf7, 0x3a, 0xf7, 0xb8, 0xe6, 0xbb, 0xff, 0x97, 0xe6, 0xf1, 0xb4, 0x0e, 0x94, 0x50, 0x8c
.byte 0x95, 0xb5, 0x3c, 0xe7, 0xff, 0xff, 0xff, 0xff, 0xff, 0xff, 0xff, 0xff, 0xff, 0xff, 0xff, 0xff
.byte 0xff, 0xff, 0xff, 0xff, 0xff, 0xff, 0xff, 0xff, 0xff, 0xff, 0xff, 0xff, 0xff, 0xff, 0xff, 0xff
.byte 0xff, 0xff, 0xff, 0xff, 0xff, 0xff, 0xff, 0xff, 0xff, 0xff, 0xff, 0xff, 0xff, 0xff, 0xff, 0xff
.byte 0xff, 0xff, 0xff, 0xff, 0xff, 0xff, 0xff, 0xff, 0xff, 0xff, 0xff, 0xff, 0xff, 0xff, 0xff, 0xff
.byte 0xff, 0xff, 0xff, 0xff, 0xff, 0xff, 0xff, 0xff, 0xff, 0xff, 0xff, 0xff, 0xff, 0xff, 0xff, 0xff
.byte 0xff, 0xff, 0xff, 0xff, 0xff, 0xff, 0xff, 0xff, 0xff, 0xff, 0xff, 0xff, 0xff, 0xff, 0xff, 0xff
.byte 0xff, 0xff, 0xff, 0xff, 0xff, 0xff, 0x38, 0xce, 0x6c, 0x73, 0x65, 0x31, 0x20, 0x08, 0x44, 0x31
.byte 0x4c, 0x8b, 0x0e, 0xac, 0xcd, 0xab, 0x2e, 0xb4, 0x70, 0xb4, 0x4f, 0xbc, 0x70, 0xcc, 0xce, 0xab
.byte 0x85, 0x41, 0x24, 0x21, 0x75, 0xad, 0xff, 0xff, 0xff, 0xff, 0xff, 0xff, 0xff, 0xff, 0xff, 0xff
.byte 0xff, 0xff, 0x9e, 0xef, 0x99, 0xd6, 0xd1, 0xa4, 0x76, 0xde, 0xbb, 0xff, 0xb7, 0xe6, 0x38, 0xf7
.byte 0xb7, 0xee, 0x14, 0xde, 0x75, 0xe6, 0x54, 0xd6, 0x75, 0xde, 0xf6, 0xee, 0x34, 0xde, 0x38, 0xf7
.byte 0xb7, 0xe6, 0x19, 0xef, 0x5a, 0xf7, 0x97, 0xde, 0x7b, 0xf7, 0xb7, 0xe6, 0xb6, 0xe6, 0xd7, 0xf6
.byte 0xd3, 0xcd, 0x59, 0xff, 0xdb, 0xff, 0xed, 0x8b, 0xa7, 0x6a, 0x4b, 0x73, 0x3c, 0xe7, 0xff, 0xff
.byte 0xff, 0xff, 0xff, 0xff, 0xff, 0xff, 0xff, 0xff, 0xff, 0xff, 0xff, 0xff, 0xff, 0xff, 0xff, 0xff
.byte 0xff, 0xff, 0xff, 0xff, 0xff, 0xff, 0xff, 0xff, 0xff, 0xff, 0xff, 0xff, 0xff, 0xff, 0xff, 0xff
.byte 0xff, 0xff, 0xff, 0xff, 0xff, 0xff, 0xff, 0xff, 0xff, 0xff, 0xff, 0xff, 0xff, 0xff, 0xff, 0xff
.byte 0xff, 0xff, 0xff, 0xff, 0xff, 0xff, 0xff, 0xff, 0xff, 0xff, 0xff, 0xff, 0xff, 0xff, 0xff, 0xff
.byte 0xff, 0xff, 0xff, 0xff, 0xff, 0xff, 0xff, 0xff, 0xff, 0xff, 0xff, 0xff, 0xff, 0xff, 0xff, 0xff
.byte 0xff, 0xff, 0xff, 0xff, 0xff, 0xff, 0xff, 0xff, 0xff, 0xff, 0xff, 0xff, 0xff, 0xff, 0xff, 0xff
.byte 0xff, 0xff, 0x13, 0xa5, 0x6d, 0x6b, 0xce, 0x7b, 0x0e, 0xac, 0x53, 0xe5, 0x70, 0xc4, 0x70, 0xc4
.byte 0x90, 0xc4, 0xd1, 0xcc, 0x95, 0xf5, 0x8d, 0xa3, 0x0b, 0x6b, 0xce, 0x7b, 0xd3, 0x9c, 0x9e, 0xef
.byte 0xff, 0xff, 0xff, 0xff, 0xff, 0xff, 0xff, 0xff, 0x3c, 0xe7, 0x75, 0xb5, 0x73, 0xb5, 0x76, 0xde
.byte 0xb7, 0xee, 0x79, 0xff, 0xd7, 0xe6, 0xd3, 0xd5, 0x92, 0xed, 0x10, 0xd5, 0xce, 0xa4, 0xf3, 0xc5
.byte 0x14, 0xd6, 0x13, 0xd6, 0x34, 0xde, 0xf7, 0xee, 0x15, 0xc6, 0x76, 0xd6, 0x76, 0xde, 0xb8, 0xe6
.byte 0x5a, 0xf7, 0x55, 0xde, 0xf7, 0xf6, 0x34, 0xde, 0x34, 0xde, 0x99, 0xff, 0xd4, 0xc5, 0xec, 0x9b
.byte 0xe7, 0x82, 0x68, 0x52, 0xfb, 0xde, 0xff, 0xff, 0xff, 0xff, 0xff, 0xff, 0xff, 0xff, 0xff, 0xff
.byte 0xff, 0xff, 0xff, 0xff, 0xff, 0xff, 0xff, 0xff, 0xff, 0xff, 0xff, 0xff, 0xff, 0xff, 0xff, 0xff
.byte 0xff, 0xff, 0xff, 0xff, 0xff, 0xff, 0xff, 0xff, 0xff, 0xff, 0xff, 0xff, 0xff, 0xff, 0xff, 0xff
.byte 0xff, 0xff, 0xff, 0xff, 0xff, 0xff, 0xff, 0xff, 0xff, 0xff, 0xff, 0xff, 0xff, 0xff, 0xff, 0xff
.byte 0xff, 0xff, 0xff, 0xff, 0xff, 0xff, 0xff, 0xff, 0xff, 0xff, 0xff, 0xff, 0xff, 0xff, 0xff, 0xff
.byte 0xff, 0xff, 0xff, 0xff, 0xff, 0xff, 0xff, 0xff, 0xff, 0xff, 0xff, 0xff, 0xff, 0xff, 0xff, 0xff
.byte 0xff, 0xff, 0xff, 0xff, 0xff, 0xff, 0xff, 0xff, 0x7d, 0xef, 0xb6, 0xb5, 0xfb, 0xde, 0x17, 0xc6
.byte 0x6c, 0x83, 0x33, 0xdd, 0xb4, 0xf5, 0x53, 0xe5, 0x53, 0xe5, 0x94, 0xf5, 0xd1, 0xd4, 0x0b, 0x7b
.byte 0x17, 0xbe, 0xb9, 0xd6, 0xea, 0x62, 0xf3, 0xa4, 0xff, 0xff, 0xff, 0xff, 0xff, 0xff, 0xdf, 0xff
.byte 0xb6, 0xbd, 0x32, 0xb5, 0x59, 0xf7, 0x9a, 0xff, 0x35, 0xd6, 0x96, 0xe6, 0xd7, 0xf6, 0x11, 0xcd
.byte 0x8e, 0xdc, 0xaf, 0xd4, 0xef, 0xac, 0x95, 0xde, 0x54, 0xde, 0xd2, 0xc5, 0x51, 0xb5, 0x92, 0xb5
.byte 0x92, 0xb5, 0x56, 0xde, 0xb3, 0xcd, 0xb7, 0xe6, 0xd8, 0xe6, 0x97, 0xe6, 0xf8, 0xee, 0x15, 0xd6
.byte 0x59, 0xf7, 0x76, 0xde, 0xab, 0x8b, 0x07, 0x83, 0xa4, 0x41, 0x95, 0xad, 0xff, 0xff, 0xff, 0xff
.byte 0xff, 0xff, 0xff, 0xff, 0xff, 0xff, 0xff, 0xff, 0xff, 0xff, 0xff, 0xff, 0xff, 0xff, 0xff, 0xff
.byte 0xff, 0xff, 0xff, 0xff, 0xff, 0xff, 0xff, 0xff, 0xff, 0xff, 0xff, 0xff, 0xff, 0xff, 0xff, 0xff
.byte 0xff, 0xff, 0xff, 0xff, 0xff, 0xff, 0xff, 0xff, 0xff, 0xff, 0xff, 0xff, 0xff, 0xff, 0xff, 0xff
.byte 0xff, 0xff, 0xff, 0xff, 0xff, 0xff, 0xff, 0xff, 0xff, 0xff, 0xff, 0xff, 0xff, 0xff, 0xff, 0xff
.byte 0xff, 0xff, 0xff, 0xff, 0xff, 0xff, 0xff, 0xff, 0xff, 0xff, 0xff, 0xff, 0xff, 0xff, 0xff, 0xff
.byte 0xff, 0xff, 0xff, 0xff, 0xff, 0xff, 0xff, 0xff, 0xff, 0xff, 0xff, 0xff, 0xff, 0xff, 0xfb, 0xde
.byte 0xd2, 0xa4, 0xf1, 0xb4, 0x57, 0xd6, 0x9e, 0xf7, 0x54, 0xad, 0xee, 0x9b, 0x15, 0xee, 0x56, 0xf6
.byte 0x56, 0xf6, 0xd4, 0xe5, 0xad, 0x93, 0x55, 0xad, 0x7d, 0xef, 0x36, 0xd6, 0x10, 0xbd, 0x8c, 0x7b
.byte 0x30, 0x84, 0xdb, 0xde, 0xba, 0xd6, 0x95, 0xb5, 0xb8, 0xd6, 0x3a, 0xef, 0x77, 0xde, 0x39, 0xf7
.byte 0x59, 0xff, 0x35, 0xd6, 0xb6, 0xe6, 0x55, 0xe6, 0x72, 0xd5, 0x14, 0xe6, 0xd3, 0xd5, 0xd6, 0xee
.byte 0x75, 0xe6, 0x55, 0xd6, 0x51, 0xad, 0xd3, 0xbd, 0xf4, 0xcd, 0x97, 0xde, 0xd4, 0xc5, 0x97, 0xde
.byte 0x97, 0xde, 0x3a, 0xf7, 0x97, 0xde, 0x19, 0xef, 0x39, 0xef, 0x2e, 0x94, 0x49, 0x8b, 0xe5, 0x49
.byte 0xd2, 0x9c, 0xde, 0xff, 0xff, 0xff, 0xff, 0xff, 0xff, 0xff, 0xff, 0xff, 0xff, 0xff, 0xff, 0xff
.byte 0xff, 0xff, 0xff, 0xff, 0xff, 0xff, 0xff, 0xff, 0xff, 0xff, 0xff, 0xff, 0xff, 0xff, 0xff, 0xff
.byte 0xff, 0xff, 0xff, 0xff, 0xff, 0xff, 0xff, 0xff, 0xff, 0xff, 0xff, 0xff, 0xff, 0xff, 0xff, 0xff
.byte 0xff, 0xff, 0xff, 0xff, 0xff, 0xff, 0xff, 0xff, 0xff, 0xff, 0xff, 0xff, 0xff, 0xff, 0xff, 0xff
.byte 0xff, 0xff, 0xff, 0xff, 0xff, 0xff, 0xff, 0xff, 0xff, 0xff, 0xff, 0xff, 0xff, 0xff, 0xff, 0xff
.byte 0xff, 0xff, 0xff, 0xff, 0xff, 0xff, 0xff, 0xff, 0xff, 0xff, 0xff, 0xff, 0xff, 0xff, 0xff, 0xff
.byte 0xff, 0xff, 0x59, 0xce, 0xb2, 0x9c, 0x50, 0x8c, 0x8f, 0x9c, 0x54, 0xee, 0x72, 0xcd, 0x38, 0xce
.byte 0xbf, 0xf7, 0x34, 0xad, 0xb1, 0xa4, 0x5b, 0xff, 0xf9, 0xf6, 0x70, 0xa4, 0x75, 0xb5, 0x9d, 0xef
.byte 0xd5, 0xc5, 0xb2, 0xd5, 0x74, 0xf6, 0xb0, 0xa4, 0xb0, 0x9c, 0xcd, 0x7b, 0x4c, 0x6b, 0x73, 0xb5
.byte 0x3a, 0xef, 0xdc, 0xff, 0x19, 0xef, 0x56, 0xd6, 0x59, 0xf7, 0xd7, 0xee, 0xf4, 0xcd, 0x18, 0xef
.byte 0xd7, 0xe6, 0x55, 0xce, 0x92, 0xbd, 0x75, 0xde, 0x55, 0xde, 0x96, 0xe6, 0x35, 0xde, 0xb6, 0xee
.byte 0x35, 0xde, 0x56, 0xd6, 0x72, 0xb5, 0xd3, 0xc5, 0x97, 0xe6, 0x3a, 0xf7, 0xd8, 0xe6, 0x9b, 0xf7
.byte 0x11, 0xad, 0xca, 0x93, 0x46, 0x5a, 0xb2, 0x94, 0xdf, 0xff, 0xff, 0xff, 0xff, 0xff, 0xff, 0xff
.byte 0xff, 0xff, 0xff, 0xff, 0xff, 0xff, 0xff, 0xff, 0xff, 0xff, 0xff, 0xff, 0xff, 0xff, 0xff, 0xff
.byte 0xff, 0xff, 0xff, 0xff, 0xff, 0xff, 0xff, 0xff, 0xff, 0xff, 0xff, 0xff, 0xff, 0xff, 0xff, 0xff
.byte 0xff, 0xff, 0xff, 0xff, 0xff, 0xff, 0xff, 0xff, 0xff, 0xff, 0xff, 0xff, 0xff, 0xff, 0xff, 0xff
.byte 0xff, 0xff, 0xff, 0xff, 0xff, 0xff, 0xff, 0xff, 0xff, 0xff, 0xff, 0xff, 0xff, 0xff, 0xff, 0xff
.byte 0xff, 0xff, 0xff, 0xff, 0xff, 0xff, 0xff, 0xff, 0xff, 0xff, 0xff, 0xff, 0xff, 0xff, 0xff, 0xff
.byte 0xff, 0xff, 0xff, 0xff, 0x9a, 0xd6, 0x30, 0x8c, 0xb1, 0x94, 0xd5, 0xbd, 0x77, 0xd6, 0xb8, 0xe6
.byte 0x73, 0xbd, 0x92, 0xcd, 0x94, 0xf6, 0x31, 0xbd, 0x59, 0xce, 0xbe, 0xf7, 0xd6, 0xbd, 0xf2, 0xac
.byte 0xb2, 0xa4, 0xd7, 0xbd, 0xbf, 0xf7, 0x37, 0xce, 0x71, 0xcd, 0x94, 0xfe, 0x10, 0xbd, 0xf5, 0xc5
.byte 0x19, 0xef, 0xac, 0x7b, 0x12, 0xad, 0xbb, 0xff, 0xb7, 0xe6, 0x77, 0xde, 0x19, 0xf7, 0x97, 0xe6
.byte 0xd4, 0xcd, 0x56, 0xe6, 0xd8, 0xe6, 0xb8, 0xde, 0xf8, 0xe6, 0x92, 0xb5, 0xb2, 0xbd, 0x75, 0xde
.byte 0x96, 0xe6, 0x96, 0xe6, 0x35, 0xde, 0x95, 0xe6, 0x55, 0xde, 0x75, 0xde, 0xf3, 0xcd, 0x71, 0xb5
.byte 0xb7, 0xe6, 0xf8, 0xe6, 0x5a, 0xf7, 0x73, 0xbd, 0xeb, 0x93, 0x87, 0x6a, 0x30, 0x8c, 0xbe, 0xf7
.byte 0xff, 0xff, 0xff, 0xff, 0xff, 0xff, 0xff, 0xff, 0xff, 0xff, 0xff, 0xff, 0xff, 0xff, 0xff, 0xff
.byte 0xff, 0xff, 0xff, 0xff, 0xff, 0xff, 0xff, 0xff, 0xff, 0xff, 0xff, 0xff, 0xff, 0xff, 0xff, 0xff
.byte 0xff, 0xff, 0xff, 0xff, 0xff, 0xff, 0xff, 0xff, 0xff, 0xff, 0xff, 0xff, 0xff, 0xff, 0xff, 0xff
.byte 0xff, 0xff, 0xff, 0xff, 0xff, 0xff, 0xff, 0xff, 0xff, 0xff, 0xff, 0xff, 0xff, 0xff, 0xff, 0xff
.byte 0xff, 0xff, 0xff, 0xff, 0xff, 0xff, 0xff, 0xff, 0xff, 0xff, 0xff, 0xff, 0xff, 0xff, 0xff, 0xff
.byte 0xff, 0xff, 0xff, 0xff, 0xff, 0xff, 0xff, 0xff, 0x5d, 0xef, 0xf2, 0x9c, 0x90, 0x94, 0x57, 0xce
.byte 0x3b, 0xe7, 0x9c, 0xf7, 0x9b, 0xff, 0xbb, 0xff, 0x97, 0xde, 0xd0, 0xac, 0x13, 0xe6, 0x95, 0xf6
.byte 0x52, 0xbd, 0xba, 0xd6, 0x3c, 0xe7, 0x30, 0x8c, 0x75, 0xb5, 0xdf, 0xff, 0x58, 0xd6, 0x72, 0xcd
.byte 0xb5, 0xfe, 0x71, 0xcd, 0xd0, 0xa4, 0x7b, 0xf7, 0x53, 0xad, 0xac, 0x83, 0x75, 0xde, 0x79, 0xff
.byte 0x79, 0xff, 0x76, 0xde, 0x93, 0xcd, 0x56, 0xe6, 0x35, 0xde, 0xd4, 0xcd, 0x18, 0xef, 0x19, 0xef
.byte 0xb7, 0xde, 0x56, 0xd6, 0xb8, 0xde, 0xb7, 0xe6, 0xf8, 0xee, 0xb7, 0xe6, 0x75, 0xde, 0x75, 0xde
.byte 0x95, 0xe6, 0x75, 0xe6, 0xb6, 0xee, 0x54, 0xde, 0xb6, 0xe6, 0x18, 0xef, 0xf5, 0xc5, 0xec, 0x93
.byte 0xc7, 0x72, 0xad, 0x7b, 0x3d, 0xe7, 0xff, 0xff, 0xff, 0xff, 0xff, 0xff, 0xff, 0xff, 0xff, 0xff
.byte 0xff, 0xff, 0xff, 0xff, 0xff, 0xff, 0xff, 0xff, 0xff, 0xff, 0xff, 0xff, 0xff, 0xff, 0xff, 0xff
.byte 0xff, 0xff, 0xff, 0xff, 0xff, 0xff, 0xff, 0xff, 0xff, 0xff, 0xff, 0xff, 0xff, 0xff, 0xff, 0xff
.byte 0xff, 0xff, 0xff, 0xff, 0xff, 0xff, 0xff, 0xff, 0xff, 0xff, 0xff, 0xff, 0xff, 0xff, 0xff, 0xff
.byte 0xff, 0xff, 0xff, 0xff, 0xff, 0xff, 0xff, 0xff, 0xff, 0xff, 0xff, 0xff, 0xff, 0xff, 0xff, 0xff
.byte 0xff, 0xff, 0xff, 0xff, 0xff, 0xff, 0xff, 0xff, 0xff, 0xff, 0xff, 0xff, 0xff, 0xff, 0x9e, 0xf7
.byte 0xf7, 0xc5, 0xf5, 0xbd, 0x9b, 0xf7, 0xbc, 0xff, 0xbc, 0xff, 0x9b, 0xff, 0x5a, 0xf7, 0x3a, 0xf7
.byte 0x7a, 0xff, 0xd5, 0xc5, 0xf1, 0xac, 0xd6, 0xfe, 0xd7, 0xfe, 0x12, 0xb5, 0x30, 0x8c, 0x38, 0xce
.byte 0xbe, 0xf7, 0x58, 0xd6, 0xd4, 0xd5, 0xd6, 0xfe, 0xf3, 0xdd, 0x6f, 0x9c, 0xb8, 0xd6, 0x19, 0xe7
.byte 0xee, 0x83, 0x93, 0xbd, 0xb5, 0xe6, 0xd2, 0xcd, 0x75, 0xe6, 0x17, 0xf7, 0xd7, 0xee, 0x55, 0xde
.byte 0xb7, 0xde, 0xd7, 0xde, 0x56, 0xce, 0xf8, 0xe6, 0xf8, 0xe6, 0xf8, 0xe6, 0xd8, 0xe6, 0xf9, 0xe6
.byte 0xb8, 0xe6, 0xf5, 0xcd, 0x11, 0xad, 0xb0, 0xa4, 0xaf, 0xa4, 0xf1, 0xb4, 0x92, 0xc5, 0x55, 0xde
.byte 0xb6, 0xee, 0xf4, 0xcd, 0xac, 0x8b, 0xe7, 0x72, 0x4c, 0x73, 0x1b, 0xdf, 0xff, 0xff, 0xff, 0xff
.byte 0xff, 0xff, 0xff, 0xff, 0xff, 0xff, 0xff, 0xff, 0xff, 0xff, 0xff, 0xff, 0xff, 0xff, 0xff, 0xff
.byte 0xff, 0xff, 0xff, 0xff, 0xff, 0xff, 0xff, 0xff, 0xff, 0xff, 0xff, 0xff, 0xff, 0xff, 0xff, 0xff
.byte 0xff, 0xff, 0xff, 0xff, 0xff, 0xff, 0xff, 0xff, 0xff, 0xff, 0xff, 0xff, 0xff, 0xff, 0xff, 0xff
.byte 0xff, 0xff, 0xff, 0xff, 0xff, 0xff, 0xff, 0xff, 0xff, 0xff, 0xff, 0xff, 0xff, 0xff, 0xff, 0xff
.byte 0xff, 0xff, 0xff, 0xff, 0xff, 0xff, 0xff, 0xff, 0xff, 0xff, 0xff, 0xff, 0xff, 0xff, 0xff, 0xff
.byte 0xff, 0xff, 0xff, 0xff, 0x9e, 0xf7, 0x17, 0xc6, 0xd8, 0xde, 0xdc, 0xff, 0x7b, 0xff, 0x7b, 0xff
.byte 0x7b, 0xff, 0x7b, 0xff, 0x5b, 0xff, 0x5a, 0xf7, 0x9b, 0xff, 0x7b, 0xf7, 0xf6, 0xc5, 0xd4, 0xcd
.byte 0x76, 0xee, 0x90, 0xa4, 0xb6, 0xbd, 0xbe, 0xf7, 0x37, 0xce, 0xb3, 0xcd, 0x18, 0xff, 0x96, 0xee
.byte 0x8f, 0xa4, 0xd5, 0xbd, 0xff, 0xff, 0x32, 0xad, 0x0e, 0x8c, 0xf8, 0xe6, 0x79, 0xf7, 0xd6, 0xee
.byte 0x34, 0xd6, 0xf3, 0xd5, 0x95, 0xe6, 0xf8, 0xe6, 0x97, 0xd6, 0xb7, 0xde, 0xf8, 0xe6, 0x97, 0xde
.byte 0xd8, 0xe6, 0x18, 0xef, 0x97, 0xde, 0x12, 0xad, 0x8c, 0x83, 0x29, 0x7b, 0xc8, 0x72, 0x88, 0x6a
.byte 0x87, 0x6a, 0x67, 0x62, 0xa9, 0x6a, 0xac, 0x83, 0x8f, 0x9c, 0xab, 0x8b, 0xa7, 0x6a, 0x89, 0x5a
.byte 0x79, 0xce, 0xff, 0xff, 0xff, 0xff, 0xff, 0xff, 0xff, 0xff, 0xff, 0xff, 0xff, 0xff, 0xff, 0xff
.byte 0xff, 0xff, 0xff, 0xff, 0xff, 0xff, 0xff, 0xff, 0xff, 0xff, 0xff, 0xff, 0xff, 0xff, 0xff, 0xff
.byte 0xff, 0xff, 0xff, 0xff, 0xff, 0xff, 0xff, 0xff, 0xff, 0xff, 0xff, 0xff, 0xff, 0xff, 0xff, 0xff
.byte 0xff, 0xff, 0xff, 0xff, 0xff, 0xff, 0xff, 0xff, 0xff, 0xff, 0xff, 0xff, 0xff, 0xff, 0xff, 0xff
.byte 0xff, 0xff, 0xff, 0xff, 0xff, 0xff, 0xff, 0xff, 0xff, 0xff, 0xff, 0xff, 0xff, 0xff, 0xff, 0xff
.byte 0xff, 0xff, 0xff, 0xff, 0xff, 0xff, 0xff, 0xff, 0xff, 0xff, 0xbe, 0xf7, 0x95, 0xb5, 0x57, 0xce
.byte 0xbc, 0xff, 0x3a, 0xf7, 0x7b, 0xff, 0x7b, 0xff, 0x7b, 0xff, 0x7b, 0xff, 0x7b, 0xff, 0x7b, 0xff
.byte 0x7b, 0xff, 0xbc, 0xff, 0xdd, 0xff, 0xb5, 0xbd, 0x6c, 0x7b, 0x95, 0xbd, 0x9d, 0xf7, 0xf6, 0xc5
.byte 0x72, 0xc5, 0xf6, 0xfe, 0xb6, 0xf6, 0xd0, 0xa4, 0x95, 0xb5, 0xdd, 0xff, 0xbc, 0xf7, 0x4f, 0x94
.byte 0x32, 0xad, 0x18, 0xef, 0x56, 0xde, 0xb7, 0xee, 0xd6, 0xee, 0x75, 0xe6, 0x34, 0xd6, 0x75, 0xde
.byte 0xf8, 0xee, 0xb7, 0xe6, 0x77, 0xd6, 0xf8, 0xe6, 0xf8, 0xe6, 0xb4, 0xc5, 0x8c, 0x83, 0x87, 0x6a
.byte 0x29, 0x83, 0x0b, 0xa4, 0x2c, 0xac, 0xeb, 0xa3, 0xcb, 0x9b, 0xab, 0x93, 0x8a, 0x93, 0xc8, 0x72
.byte 0x27, 0x52, 0x47, 0x5a, 0xa9, 0x5a, 0xf7, 0xbd, 0xdf, 0xff, 0xff, 0xff, 0xff, 0xff, 0xff, 0xff
.byte 0xff, 0xff, 0xff, 0xff, 0xff, 0xff, 0xff, 0xff, 0xff, 0xff, 0xff, 0xff, 0xff, 0xff, 0xff, 0xff
.byte 0xff, 0xff, 0xff, 0xff, 0xff, 0xff, 0xff, 0xff, 0xff, 0xff, 0xff, 0xff, 0xff, 0xff, 0xff, 0xff
.byte 0xff, 0xff, 0xff, 0xff, 0xff, 0xff, 0xff, 0xff, 0xff, 0xff, 0xff, 0xff, 0xff, 0xff, 0xff, 0xff
.byte 0xff, 0xff, 0xff, 0xff, 0xff, 0xff, 0xff, 0xff, 0xff, 0xff, 0xff, 0xff, 0xff, 0xff, 0xff, 0xff
.byte 0xff, 0xff, 0xff, 0xff, 0xff, 0xff, 0xff, 0xff, 0xff, 0xff, 0xff, 0xff, 0xff, 0xff, 0xff, 0xff
.byte 0x7d, 0xef, 0xd2, 0x9c, 0x73, 0xb5, 0xfe, 0xff, 0x98, 0xe6, 0x16, 0xd6, 0x7b, 0xff, 0x7b, 0xff
.byte 0x7b, 0xff, 0x7b, 0xff, 0x7b, 0xff, 0x7b, 0xff, 0x9c, 0xff, 0xdd, 0xff, 0x98, 0xd6, 0x90, 0x9c
.byte 0xd0, 0xb4, 0xd4, 0xcd, 0x52, 0xb5, 0x51, 0xc5, 0x94, 0xfe, 0x54, 0xee, 0x8f, 0xa4, 0x74, 0xad
.byte 0xbd, 0xf7, 0xff, 0xff, 0x57, 0xce, 0x0e, 0x8c, 0x57, 0xce, 0xdc, 0xff, 0x19, 0xf7, 0xd8, 0xee
.byte 0x56, 0xde, 0x35, 0xde, 0xb7, 0xe6, 0xb7, 0xe6, 0x35, 0xde, 0x96, 0xde, 0xb7, 0xe6, 0xd8, 0xe6
.byte 0x93, 0xbd, 0xe9, 0x72, 0xa7, 0x72, 0xcb, 0x9b, 0xeb, 0xa3, 0xeb, 0x9b, 0xeb, 0xa3, 0xcb, 0x9b
.byte 0xcb, 0x9b, 0x8a, 0x93, 0x69, 0x8b, 0x8a, 0x8b, 0xe8, 0x72, 0x27, 0x52, 0xd7, 0xbd, 0xdf, 0xff
.byte 0xff, 0xff, 0xff, 0xff, 0xff, 0xff, 0xff, 0xff, 0xff, 0xff, 0xff, 0xff, 0xff, 0xff, 0xff, 0xff
.byte 0xff, 0xff, 0xff, 0xff, 0xff, 0xff, 0xff, 0xff, 0xff, 0xff, 0xff, 0xff, 0xff, 0xff, 0xff, 0xff
.byte 0xff, 0xff, 0xff, 0xff, 0xff, 0xff, 0xff, 0xff, 0xff, 0xff, 0xff, 0xff, 0xff, 0xff, 0xff, 0xff
.byte 0xff, 0xff, 0xff, 0xff, 0xff, 0xff, 0xff, 0xff, 0xff, 0xff, 0xff, 0xff, 0xff, 0xff, 0xff, 0xff
.byte 0xff, 0xff, 0xff, 0xff, 0xff, 0xff, 0xff, 0xff, 0xff, 0xff, 0xff, 0xff, 0xff, 0xff, 0xff, 0xff
.byte 0xff, 0xff, 0xff, 0xff, 0xff, 0xff, 0xbf, 0xff, 0x75, 0xb5, 0x0f, 0x84, 0xfe, 0xff, 0xdc, 0xff
.byte 0x77, 0xe6, 0x74, 0xbd, 0x3a, 0xf7, 0x9c, 0xff, 0x7b, 0xff, 0x7b, 0xff, 0x7b, 0xff, 0x7b, 0xff
.byte 0xbc, 0xff, 0x57, 0xce, 0x4e, 0x9c, 0x71, 0xc5, 0xf7, 0xfe, 0x54, 0xee, 0xb2, 0xd5, 0x94, 0xfe
.byte 0x33, 0xee, 0x6f, 0xac, 0x53, 0xb5, 0x9c, 0xf7, 0xfd, 0xff, 0xfe, 0xff, 0x74, 0xad, 0x4f, 0x8c
.byte 0x76, 0xde, 0xd7, 0xee, 0xd8, 0xee, 0x39, 0xf7, 0x39, 0xf7, 0xd8, 0xee, 0xb7, 0xe6, 0x97, 0xe6
.byte 0x96, 0xe6, 0x15, 0xd6, 0x96, 0xde, 0x93, 0xbd, 0xe9, 0x6a, 0x08, 0x83, 0xeb, 0xa3, 0xcb, 0x9b
.byte 0xcb, 0x9b, 0xcb, 0x9b, 0xeb, 0xa3, 0x0c, 0xa4, 0xaa, 0x93, 0x4a, 0x83, 0x4a, 0x7b, 0x67, 0x62
.byte 0x88, 0x5a, 0x95, 0xb5, 0xdf, 0xff, 0xff, 0xff, 0xff, 0xff, 0xff, 0xff, 0xff, 0xff, 0xff, 0xff
.byte 0xff, 0xff, 0xff, 0xff, 0xff, 0xff, 0xff, 0xff, 0xff, 0xff, 0xff, 0xff, 0xff, 0xff, 0xff, 0xff
.byte 0xff, 0xff, 0xff, 0xff, 0xff, 0xff, 0xff, 0xff, 0xff, 0xff, 0xff, 0xff, 0xff, 0xff, 0xff, 0xff
.byte 0xff, 0xff, 0xff, 0xff, 0xff, 0xff, 0xff, 0xff, 0xff, 0xff, 0xff, 0xff, 0xff, 0xff, 0xff, 0xff
.byte 0xff, 0xff, 0xff, 0xff, 0xff, 0xff, 0xff, 0xff, 0xff, 0xff, 0xff, 0xff, 0xff, 0xff, 0xff, 0xff
.byte 0xff, 0xff, 0xff, 0xff, 0xff, 0xff, 0xff, 0xff, 0xff, 0xff, 0xff, 0xff, 0xff, 0xff, 0xba, 0xd6
.byte 0xef, 0x83, 0x1b, 0xe7, 0xdd, 0xff, 0xbc, 0xff, 0xf9, 0xee, 0x94, 0xc5, 0xd9, 0xe6, 0xbc, 0xff
.byte 0x7b, 0xff, 0x7b, 0xff, 0x7b, 0xff, 0xbc, 0xff, 0xf9, 0xe6, 0x6f, 0x9c, 0x51, 0xc5, 0x17, 0xff
.byte 0x75, 0xf6, 0xb6, 0xfe, 0x17, 0xff, 0x54, 0xee, 0xd0, 0xac, 0x73, 0xb5, 0x3a, 0xef, 0xdc, 0xff
.byte 0xdc, 0xff, 0xfe, 0xff, 0xb2, 0x9c, 0xd1, 0x9c, 0x9b, 0xff, 0x39, 0xf7, 0xf8, 0xee, 0xd8, 0xe6
.byte 0xd8, 0xe6, 0x18, 0xef, 0xd7, 0xee, 0x96, 0xde, 0x56, 0xde, 0x76, 0xde, 0xb7, 0xde, 0xcd, 0x83
.byte 0xc8, 0x72, 0xaa, 0x9b, 0xaa, 0x9b, 0xab, 0x9b, 0xcb, 0x9b, 0xcb, 0x9b, 0xaa, 0x93, 0x6a, 0x8b
.byte 0xc7, 0x6a, 0x68, 0x5a, 0xd2, 0xac, 0xad, 0x8b, 0xeb, 0x62, 0x3c, 0xe7, 0xff, 0xff, 0xff, 0xff
.byte 0xff, 0xff, 0xff, 0xff, 0xff, 0xff, 0xff, 0xff, 0xff, 0xff, 0xff, 0xff, 0xff, 0xff, 0xff, 0xff
.byte 0xff, 0xff, 0xff, 0xff, 0xff, 0xff, 0xff, 0xff, 0xff, 0xff, 0xff, 0xff, 0xff, 0xff, 0xff, 0xff
.byte 0xff, 0xff, 0xff, 0xff, 0xff, 0xff, 0xff, 0xff, 0xff, 0xff, 0xff, 0xff, 0xff, 0xff, 0xff, 0xff
.byte 0xff, 0xff, 0xff, 0xff, 0xff, 0xff, 0xff, 0xff, 0xff, 0xff, 0xff, 0xff, 0xff, 0xff, 0xff, 0xff
.byte 0xff, 0xff, 0xff, 0xff, 0xff, 0xff, 0xff, 0xff, 0xff, 0xff, 0xff, 0xff, 0xff, 0xff, 0xff, 0xff
.byte 0xff, 0xff, 0xff, 0xff, 0xdf, 0xff, 0xf7, 0xbd, 0xf2, 0x9c, 0xff, 0xff, 0x9c, 0xff, 0xbc, 0xff
.byte 0x3a, 0xf7, 0xd6, 0xd5, 0x78, 0xe6, 0xbc, 0xff, 0x7b, 0xff, 0x7b, 0xff, 0x7b, 0xff, 0xbc, 0xff
.byte 0xf9, 0xe6, 0xd1, 0xac, 0xb2, 0xcd, 0x58, 0xff, 0xf7, 0xfe, 0x95, 0xf6, 0x72, 0xc5, 0xac, 0x83
.byte 0xad, 0x7b, 0xd1, 0xa4, 0x4f, 0x94, 0x90, 0x9c, 0xf9, 0xe6, 0xfd, 0xff, 0x70, 0x94, 0xd1, 0xa4
.byte 0x5a, 0xf7, 0x18, 0xef, 0x39, 0xf7, 0x97, 0xde, 0xf4, 0xbd, 0x56, 0xce, 0x76, 0xd6, 0xb7, 0xe6
.byte 0xf8, 0xee, 0x19, 0xef, 0xb4, 0xbd, 0x0a, 0x73, 0x4a, 0x8b, 0xab, 0x9b, 0x8a, 0x93, 0x8b, 0x93
.byte 0xcc, 0x93, 0x0a, 0x7b, 0xc9, 0x6a, 0x4b, 0x7b, 0x8c, 0x83, 0x27, 0x52, 0x07, 0x4a, 0xf3, 0xb4
.byte 0x70, 0xa4, 0xb2, 0x9c, 0x7d, 0xef, 0xff, 0xff, 0xff, 0xff, 0xff, 0xff, 0xff, 0xff, 0xff, 0xff
.byte 0xff, 0xff, 0xff, 0xff, 0xff, 0xff, 0xff, 0xff, 0xff, 0xff, 0xff, 0xff, 0xff, 0xff, 0xff, 0xff
.byte 0xff, 0xff, 0xff, 0xff, 0xff, 0xff, 0xff, 0xff, 0xff, 0xff, 0xff, 0xff, 0xff, 0xff, 0xff, 0xff
.byte 0xff, 0xff, 0xff, 0xff, 0xff, 0xff, 0xff, 0xff, 0xff, 0xff, 0xff, 0xff, 0xff, 0xff, 0xff, 0xff
.byte 0xff, 0xff, 0xff, 0xff, 0xff, 0xff, 0xff, 0xff, 0xff, 0xff, 0xff, 0xff, 0xff, 0xff, 0xff, 0xff
.byte 0xff, 0xff, 0xff, 0xff, 0xff, 0xff, 0xff, 0xff, 0xff, 0xff, 0xff, 0xff, 0x9a, 0xd6, 0x2f, 0x8c
.byte 0x7b, 0xf7, 0xbd, 0xff, 0x9c, 0xff, 0x7c, 0xf7, 0x1a, 0xef, 0x37, 0xde, 0x36, 0xde, 0x9b, 0xff
.byte 0x7b, 0xff, 0x7b, 0xff, 0x7b, 0xff, 0x9b, 0xff, 0xfe, 0xff, 0xf6, 0xc5, 0x6f, 0xa4, 0x92, 0xcd
.byte 0x4e, 0xa4, 0x6e, 0xa4, 0xcf, 0xac, 0xcf, 0xb4, 0x71, 0xcd, 0x91, 0xcd, 0x71, 0xcd, 0xed, 0x93
.byte 0xd5, 0xbd, 0x9b, 0xf7, 0x0e, 0x8c, 0x52, 0xb5, 0x5a, 0xff, 0xb7, 0xee, 0xb7, 0xe6, 0x56, 0xde
.byte 0x92, 0xb5, 0x31, 0xa5, 0xb3, 0xb5, 0xb7, 0xde, 0xd8, 0xe6, 0x3a, 0xef, 0xf2, 0xa4, 0x29, 0x7b
.byte 0xaa, 0x9b, 0xcb, 0x9b, 0x8a, 0x93, 0x8a, 0x8b, 0xab, 0x93, 0xc9, 0x6a, 0xe7, 0x41, 0x4b, 0x73
.byte 0x2f, 0x9c, 0x12, 0xbd, 0x2b, 0x7b, 0x6d, 0x83, 0x94, 0xcd, 0x6d, 0x7b, 0xba, 0xd6, 0xff, 0xff
.byte 0xff, 0xff, 0xff, 0xff, 0xff, 0xff, 0xff, 0xff, 0xff, 0xff, 0xff, 0xff, 0xff, 0xff, 0xff, 0xff
.byte 0xff, 0xff, 0xff, 0xff, 0xff, 0xff, 0xff, 0xff, 0xff, 0xff, 0xff, 0xff, 0xff, 0xff, 0xff, 0xff
.byte 0xff, 0xff, 0xff, 0xff, 0xff, 0xff, 0xff, 0xff, 0xff, 0xff, 0xff, 0xff, 0xff, 0xff, 0xff, 0xff
.byte 0xff, 0xff, 0xff, 0xff, 0xff, 0xff, 0xff, 0xff, 0xff, 0xff, 0xff, 0xff, 0xff, 0xff, 0xff, 0xff
.byte 0xff, 0xff, 0xff, 0xff, 0xff, 0xff, 0xff, 0xff, 0xff, 0xff, 0xff, 0xff, 0xff, 0xff, 0xff, 0xff
.byte 0xff, 0xff, 0xff, 0xff, 0x38, 0xce, 0x90, 0x9c, 0xfe, 0xff, 0x7b, 0xff, 0x9c, 0xff, 0x5b, 0xef
.byte 0xd9, 0xe6, 0x57, 0xde, 0xf5, 0xd5, 0x9b, 0xff, 0x7b, 0xff, 0x7b, 0xff, 0xbc, 0xff, 0x5b, 0xf7
.byte 0x94, 0xbd, 0x4e, 0x94, 0x6b, 0x7b, 0x88, 0x5a, 0x27, 0x4a, 0x47, 0x52, 0xab, 0x83, 0xae, 0xac
.byte 0xb1, 0xd5, 0x94, 0xf6, 0xd5, 0xfe, 0x6e, 0xa4, 0xd5, 0xbd, 0x7b, 0xef, 0x2f, 0x8c, 0xb4, 0xbd
.byte 0xbb, 0xff, 0x18, 0xf7, 0x18, 0xf7, 0xf7, 0xee, 0x14, 0xce, 0xef, 0x9c, 0x72, 0xb5, 0xb7, 0xee
.byte 0xd8, 0xee, 0x39, 0xef, 0xb0, 0xa4, 0x49, 0x83, 0xcb, 0xa3, 0xcb, 0x9b, 0xaa, 0x93, 0xab, 0x93
.byte 0x6a, 0x8b, 0x67, 0x5a, 0xea, 0x72, 0xb0, 0xb4, 0x12, 0xc5, 0x70, 0xa4, 0xf5, 0xdd, 0x12, 0xb5
.byte 0xb1, 0xac, 0x4c, 0x73, 0xba, 0xd6, 0xff, 0xff, 0xff, 0xff, 0xff, 0xff, 0xff, 0xff, 0xff, 0xff
.byte 0xff, 0xff, 0xff, 0xff, 0xff, 0xff, 0xff, 0xff, 0xff, 0xff, 0xff, 0xff, 0xff, 0xff, 0xff, 0xff
.byte 0xff, 0xff, 0xff, 0xff, 0xff, 0xff, 0xff, 0xff, 0xff, 0xff, 0xff, 0xff, 0xff, 0xff, 0xff, 0xff
.byte 0xff, 0xff, 0xff, 0xff, 0xff, 0xff, 0xff, 0xff, 0xff, 0xff, 0xff, 0xff, 0xff, 0xff, 0xff, 0xff
.byte 0xff, 0xff, 0xff, 0xff, 0xff, 0xff, 0xff, 0xff, 0xff, 0xff, 0xff, 0xff, 0xff, 0xff, 0xff, 0xff
.byte 0xff, 0xff, 0xff, 0xff, 0xff, 0xff, 0xff, 0xff, 0xff, 0xff, 0xba, 0xd6, 0xee, 0x83, 0xf9, 0xee
.byte 0xbb, 0xff, 0x7b, 0xff, 0x9c, 0xff, 0x5b, 0xf7, 0xd9, 0xe6, 0x57, 0xde, 0xf5, 0xcd, 0x9c, 0xff
.byte 0x9c, 0xff, 0xbc, 0xff, 0x9b, 0xff, 0x52, 0xb5, 0x09, 0x6b, 0x09, 0x73, 0x88, 0x5a, 0xa9, 0x5a
.byte 0x8c, 0x7b, 0x8c, 0x7b, 0xcd, 0x8b, 0xed, 0x8b, 0x4b, 0x7b, 0xed, 0x8b, 0xd2, 0xdd, 0x8e, 0xac
.byte 0xd6, 0xbd, 0x9d, 0xf7, 0x4f, 0x94, 0x32, 0xb5, 0xf7, 0xee, 0x76, 0xe6, 0x75, 0xe6, 0x75, 0xe6
.byte 0x71, 0xbd, 0xef, 0xac, 0xd3, 0xcd, 0x75, 0xe6, 0x75, 0xe6, 0x18, 0xef, 0xd0, 0xa4, 0x49, 0x83
.byte 0xeb, 0x9b, 0x0b, 0xa4, 0xcb, 0x9b, 0xca, 0x9b, 0x29, 0x83, 0x06, 0x52, 0x6c, 0x83, 0x0e, 0x9c
.byte 0x32, 0xbd, 0x73, 0xc5, 0x12, 0xbd, 0xf6, 0xdd, 0x8d, 0x8b, 0x0b, 0x6b, 0xda, 0xde, 0xff, 0xff
.byte 0xff, 0xff, 0xff, 0xff, 0xff, 0xff, 0xff, 0xff, 0xff, 0xff, 0xff, 0xff, 0xff, 0xff, 0xff, 0xff
.byte 0xff, 0xff, 0xff, 0xff, 0xff, 0xff, 0xff, 0xff, 0xff, 0xff, 0xff, 0xff, 0xff, 0xff, 0xff, 0xff
.byte 0xff, 0xff, 0xff, 0xff, 0xff, 0xff, 0xff, 0xff, 0xff, 0xff, 0xff, 0xff, 0xff, 0xff, 0xff, 0xff
.byte 0xff, 0xff, 0xff, 0xff, 0xff, 0xff, 0xff, 0xff, 0xff, 0xff, 0xff, 0xff, 0xff, 0xff, 0xff, 0xff
.byte 0xff, 0xff, 0xff, 0xff, 0xff, 0xff, 0xff, 0xff, 0xff, 0xff, 0xff, 0xff, 0xff, 0xff, 0xff, 0xff
.byte 0xdf, 0xff, 0xd7, 0xbd, 0x70, 0x94, 0xfd, 0xff, 0x7a, 0xff, 0x7b, 0xff, 0x9b, 0xff, 0x7b, 0xf7
.byte 0xf9, 0xee, 0xf5, 0xcd, 0xd5, 0xcd, 0xbc, 0xff, 0xbc, 0xff, 0xdd, 0xff, 0x57, 0xce, 0x2e, 0x94
.byte 0x4b, 0x7b, 0xea, 0x62, 0xd1, 0xac, 0x53, 0xc5, 0xf1, 0xb4, 0x90, 0xa4, 0x90, 0xa4, 0x2f, 0x9c
.byte 0xaa, 0x62, 0xc6, 0x41, 0xcc, 0x8b, 0x4e, 0x9c, 0x17, 0xc6, 0xbd, 0xf7, 0x2f, 0x8c, 0x93, 0xbd
.byte 0xdc, 0xff, 0x59, 0xf7, 0x39, 0xf7, 0x18, 0xf7, 0x55, 0xe6, 0x34, 0xde, 0x96, 0xe6, 0x95, 0xe6
.byte 0x75, 0xde, 0x18, 0xef, 0x52, 0xb5, 0x09, 0x7b, 0x8a, 0x93, 0xca, 0x9b, 0x69, 0x8b, 0x49, 0x83
.byte 0x26, 0x52, 0xe6, 0x49, 0x6c, 0x83, 0x52, 0xc5, 0x90, 0xa4, 0xd1, 0xb4, 0xb4, 0xd5, 0x98, 0xf6
.byte 0xea, 0x72, 0x50, 0x8c, 0x3c, 0xe7, 0xff, 0xff, 0xff, 0xff, 0xff, 0xff, 0xff, 0xff, 0xff, 0xff
.byte 0xff, 0xff, 0xff, 0xff, 0xff, 0xff, 0xff, 0xff, 0xff, 0xff, 0xff, 0xff, 0xff, 0xff, 0xff, 0xff
.byte 0xff, 0xff, 0xff, 0xff, 0xff, 0xff, 0xff, 0xff, 0xff, 0xff, 0xff, 0xff, 0xff, 0xff, 0xff, 0xff
.byte 0xff, 0xff, 0xff, 0xff, 0xff, 0xff, 0xff, 0xff, 0xff, 0xff, 0xff, 0xff, 0xff, 0xff, 0xff, 0xff
.byte 0xff, 0xff, 0xff, 0xff, 0xff, 0xff, 0xff, 0xff, 0xff, 0xff, 0xff, 0xff, 0xff, 0xff, 0xff, 0xff
.byte 0xff, 0xff, 0xff, 0xff, 0xff, 0xff, 0xff, 0xff, 0xdb, 0xde, 0x8d, 0x73, 0x97, 0xde, 0xbc, 0xff
.byte 0x7b, 0xff, 0x7b, 0xff, 0x7b, 0xff, 0x9b, 0xff, 0x1a, 0xf7, 0x33, 0xbd, 0x53, 0xbd, 0xbc, 0xff
.byte 0xfe, 0xff, 0x7c, 0xef, 0x53, 0xb5, 0x0d, 0x94, 0x90, 0xa4, 0x57, 0xe6, 0xd8, 0xfe, 0x73, 0xd5
.byte 0x90, 0xac, 0xd1, 0xb4, 0xf2, 0xbc, 0xf2, 0xbc, 0x70, 0xa4, 0x4c, 0x7b, 0x07, 0x4a, 0x2f, 0x8c
.byte 0x9b, 0xf7, 0xdd, 0xff, 0x91, 0x9c, 0x32, 0xad, 0x3a, 0xf7, 0x97, 0xe6, 0x97, 0xde, 0x97, 0xe6
.byte 0xd7, 0xe6, 0xf8, 0xee, 0xd8, 0xe6, 0xd7, 0xee, 0xd7, 0xee, 0x38, 0xf7, 0x55, 0xd6, 0xc9, 0x6a
.byte 0x87, 0x6a, 0xe8, 0x72, 0xac, 0x83, 0x2f, 0x8c, 0xca, 0x5a, 0xce, 0x8b, 0xef, 0x93, 0x53, 0xc5
.byte 0x97, 0xf6, 0xf5, 0xdd, 0xb8, 0xf6, 0x4f, 0xac, 0xea, 0x6a, 0x99, 0xd6, 0xff, 0xff, 0xff, 0xff
.byte 0xff, 0xff, 0xff, 0xff, 0xff, 0xff, 0xff, 0xff, 0xff, 0xff, 0xff, 0xff, 0xff, 0xff, 0xff, 0xff
.byte 0xff, 0xff, 0xff, 0xff, 0xff, 0xff, 0xff, 0xff, 0xff, 0xff, 0xff, 0xff, 0xff, 0xff, 0xff, 0xff
.byte 0xff, 0xff, 0xff, 0xff, 0xff, 0xff, 0xff, 0xff, 0xff, 0xff, 0xff, 0xff, 0xff, 0xff, 0xff, 0xff
.byte 0xff, 0xff, 0xff, 0xff, 0xff, 0xff, 0xff, 0xff, 0xff, 0xff, 0xff, 0xff, 0xff, 0xff, 0xff, 0xff
.byte 0xff, 0xff, 0xff, 0xff, 0xff, 0xff, 0xff, 0xff, 0xff, 0xff, 0xff, 0xff, 0xff, 0xff, 0xdf, 0xff
.byte 0xb6, 0xb5, 0x0e, 0x84, 0xfc, 0xff, 0x7b, 0xff, 0x7b, 0xff, 0x7b, 0xff, 0x5b, 0xff, 0x9b, 0xff
.byte 0x39, 0xf7, 0x12, 0xb5, 0x33, 0xbd, 0xfe, 0xff, 0xff, 0xff, 0xfa, 0xde, 0xac, 0x83, 0x2e, 0x94
.byte 0x77, 0xe6, 0x19, 0xff, 0x97, 0xfe, 0x77, 0xf6, 0x94, 0xd5, 0xf1, 0xbc, 0x12, 0xc5, 0x12, 0xc5
.byte 0xf2, 0xbc, 0x8d, 0x83, 0x6c, 0x7b, 0xb8, 0xd6, 0xfd, 0xff, 0xdd, 0xff, 0x12, 0xa5, 0xb0, 0x9c
.byte 0x39, 0xf7, 0x39, 0xf7, 0x39, 0xf7, 0x39, 0xf7, 0x19, 0xf7, 0x39, 0xf7, 0x5a, 0xf7, 0xf8, 0xee
.byte 0x35, 0xd6, 0x31, 0xb5, 0x0e, 0x8c, 0x89, 0x5a, 0x07, 0x42, 0x54, 0xad, 0x1c, 0xe7, 0xce, 0x7b
.byte 0xea, 0x6a, 0xd5, 0xd5, 0xfa, 0xfe, 0xd8, 0xfe, 0x19, 0xff, 0xf9, 0xf6, 0x4f, 0x9c, 0x89, 0x5a
.byte 0x17, 0xc6, 0xff, 0xff, 0xff, 0xff, 0xff, 0xff, 0xff, 0xff, 0xff, 0xff, 0xff, 0xff, 0xff, 0xff
.byte 0xff, 0xff, 0xff, 0xff, 0xff, 0xff, 0xff, 0xff, 0xff, 0xff, 0xff, 0xff, 0xff, 0xff, 0xff, 0xff
.byte 0xff, 0xff, 0xff, 0xff, 0xff, 0xff, 0xff, 0xff, 0xff, 0xff, 0xff, 0xff, 0xff, 0xff, 0xff, 0xff
.byte 0xff, 0xff, 0xff, 0xff, 0xff, 0xff, 0xff, 0xff, 0xff, 0xff, 0xff, 0xff, 0xff, 0xff, 0xff, 0xff
.byte 0xff, 0xff, 0xff, 0xff, 0xff, 0xff, 0xff, 0xff, 0xff, 0xff, 0xff, 0xff, 0xff, 0xff, 0xff, 0xff
.byte 0xff, 0xff, 0xff, 0xff, 0xff, 0xff, 0xdb, 0xde, 0x8d, 0x73, 0xd9, 0xde, 0xfd, 0xff, 0x7b, 0xff
.byte 0x7a, 0xff, 0x7a, 0xff, 0x9b, 0xff, 0xfc, 0xff, 0x9b, 0xff, 0x11, 0xb5, 0x90, 0xa4, 0xb8, 0xde
.byte 0x58, 0xce, 0x70, 0x94, 0xea, 0x6a, 0x36, 0xd6, 0x3a, 0xff, 0xb8, 0xfe, 0xb8, 0xfe, 0x98, 0xf6
.byte 0xd4, 0xdd, 0x11, 0xbd, 0xd1, 0xb4, 0x2f, 0x9c, 0x6c, 0x7b, 0xee, 0x83, 0x77, 0xd6, 0xfd, 0xff
.byte 0x9b, 0xff, 0xfd, 0xff, 0x94, 0xb5, 0x90, 0x9c, 0xf8, 0xee, 0x18, 0xf7, 0x96, 0xe6, 0xd8, 0xee
.byte 0x19, 0xef, 0x19, 0xef, 0x56, 0xd6, 0x12, 0xa5, 0xee, 0x83, 0x6c, 0x7b, 0x4f, 0x9c, 0x56, 0xd6
.byte 0x50, 0x94, 0x51, 0x8c, 0x10, 0x7c, 0x65, 0x31, 0xce, 0x93, 0xd8, 0xfe, 0x19, 0xff, 0x1a, 0xff
.byte 0x98, 0xee, 0x8d, 0x83, 0xca, 0x5a, 0x38, 0xc6, 0xff, 0xff, 0xff, 0xff, 0xff, 0xff, 0xff, 0xff
.byte 0xff, 0xff, 0xff, 0xff, 0xff, 0xff, 0xff, 0xff, 0xff, 0xff, 0xff, 0xff, 0xff, 0xff, 0xff, 0xff
.byte 0xff, 0xff, 0xff, 0xff, 0xff, 0xff, 0xff, 0xff, 0xff, 0xff, 0xff, 0xff, 0xff, 0xff, 0xff, 0xff
.byte 0xff, 0xff, 0xff, 0xff, 0xff, 0xff, 0xff, 0xff, 0xff, 0xff, 0xff, 0xff, 0xff, 0xff, 0xff, 0xff
.byte 0xff, 0xff, 0xff, 0xff, 0xff, 0xff, 0xff, 0xff, 0xff, 0xff, 0xff, 0xff, 0xff, 0xff, 0xff, 0xff
.byte 0xff, 0xff, 0xff, 0xff, 0xff, 0xff, 0xff, 0xff, 0xff, 0xff, 0xff, 0xff, 0xbe, 0xf7, 0xd7, 0xbd
.byte 0xf3, 0xa4, 0xfe, 0xff, 0x3a, 0xef, 0xf9, 0xee, 0x19, 0xef, 0xf8, 0xf6, 0xb7, 0xee, 0x76, 0xde
.byte 0x73, 0xb5, 0x4b, 0x73, 0x0b, 0x6b, 0x70, 0x94, 0xcd, 0x7b, 0x6c, 0x7b, 0xd5, 0xcd, 0x3a, 0xff
.byte 0xd9, 0xfe, 0xd8, 0xfe, 0xb8, 0xf6, 0xf9, 0xfe, 0x98, 0xf6, 0xb1, 0xac, 0x4c, 0x7b, 0xaa, 0x62
.byte 0xe7, 0x41, 0x4c, 0x73, 0xf9, 0xe6, 0xfd, 0xff, 0x9b, 0xff, 0xfd, 0xff, 0xb8, 0xde, 0x0e, 0x8c
.byte 0x93, 0xbd, 0x7a, 0xf7, 0x59, 0xf7, 0xd7, 0xee, 0xf5, 0xc5, 0xd1, 0x9c, 0xce, 0x83, 0x2f, 0x8c
.byte 0x74, 0xbd, 0xd9, 0xee, 0x7b, 0xff, 0xfd, 0xff, 0x32, 0xad, 0x24, 0x29, 0xee, 0x7b, 0xce, 0x8b
.byte 0xf2, 0xcc, 0xd8, 0xfe, 0x19, 0xff, 0x16, 0xde, 0x4c, 0x7b, 0xef, 0x7b, 0x1b, 0xdf, 0xff, 0xff
.byte 0xff, 0xff, 0xff, 0xff, 0xff, 0xff, 0xff, 0xff, 0xff, 0xff, 0xff, 0xff, 0xff, 0xff, 0xff, 0xff
.byte 0xff, 0xff, 0xff, 0xff, 0xff, 0xff, 0xff, 0xff, 0xff, 0xff, 0xff, 0xff, 0xff, 0xff, 0xff, 0xff
.byte 0xff, 0xff, 0xff, 0xff, 0xff, 0xff, 0xff, 0xff, 0xff, 0xff, 0xff, 0xff, 0xff, 0xff, 0xff, 0xff
.byte 0xff, 0xff, 0xff, 0xff, 0xff, 0xff, 0xff, 0xff, 0xff, 0xff, 0xff, 0xff, 0xff, 0xff, 0xff, 0xff
.byte 0xff, 0xff, 0xff, 0xff, 0xff, 0xff, 0xff, 0xff, 0xff, 0xff, 0xff, 0xff, 0xff, 0xff, 0xff, 0xff
.byte 0xff, 0xff, 0xff, 0xff, 0xfb, 0xe6, 0xb2, 0x9c, 0xbe, 0xff, 0x9c, 0xff, 0xd9, 0xe6, 0x57, 0xde
.byte 0xd5, 0xc5, 0xf1, 0xac, 0x2e, 0x94, 0x0e, 0x8c, 0x4f, 0x94, 0xf2, 0x9c, 0xf6, 0xbd, 0xb9, 0xd6
.byte 0x53, 0xb5, 0x53, 0xc5, 0x3a, 0xff, 0xb8, 0xfe, 0xb8, 0xf6, 0xb8, 0xfe, 0xf9, 0xfe, 0x5b, 0xff
.byte 0x16, 0xde, 0x0f, 0x94, 0xce, 0x8b, 0x50, 0x9c, 0x91, 0x9c, 0xb5, 0xbd, 0x5a, 0xf7, 0xbc, 0xff
.byte 0x9b, 0xff, 0xbc, 0xff, 0xdc, 0xff, 0x90, 0x94, 0xb0, 0x9c, 0x76, 0xd6, 0x11, 0xa5, 0x2e, 0x8c
.byte 0x4f, 0x8c, 0x6c, 0x7b, 0x12, 0xb5, 0x1a, 0xff, 0x9b, 0xff, 0x9b, 0xff, 0xdc, 0xff, 0xb7, 0xde
.byte 0x8c, 0x7b, 0xd2, 0x9c, 0x9d, 0xf7, 0x13, 0xb5, 0xd1, 0xc4, 0x77, 0xfe, 0x97, 0xf6, 0x4c, 0x83
.byte 0x48, 0x4a, 0x1c, 0xe7, 0xff, 0xff, 0xff, 0xff, 0xff, 0xff, 0xff, 0xff, 0xff, 0xff, 0xff, 0xff
.byte 0xff, 0xff, 0xff, 0xff, 0xff, 0xff, 0xff, 0xff, 0xff, 0xff, 0xff, 0xff, 0xff, 0xff, 0xff, 0xff
.byte 0xff, 0xff, 0xff, 0xff, 0xff, 0xff, 0xff, 0xff, 0xff, 0xff, 0xff, 0xff, 0xff, 0xff, 0xff, 0xff
.byte 0xff, 0xff, 0xff, 0xff, 0xff, 0xff, 0xff, 0xff, 0xff, 0xff, 0xff, 0xff, 0xff, 0xff, 0xff, 0xff
.byte 0xff, 0xff, 0xff, 0xff, 0xff, 0xff, 0xff, 0xff, 0xff, 0xff, 0xff, 0xff, 0xff, 0xff, 0xff, 0xff
.byte 0xff, 0xff, 0xff, 0xff, 0xff, 0xff, 0xff, 0xff, 0xff, 0xff, 0xbe, 0xf7, 0x38, 0xc6, 0xf6, 0xc5
.byte 0xfe, 0xff, 0x1a, 0xef, 0x57, 0xd6, 0x77, 0xd6, 0x78, 0xd6, 0x37, 0xce, 0xd5, 0xbd, 0x78, 0xce
.byte 0x7b, 0xef, 0xfd, 0xff, 0xff, 0xff, 0xbc, 0xf7, 0x53, 0xb5, 0x32, 0xc5, 0xd8, 0xfe, 0x97, 0xfe
.byte 0xd8, 0xfe, 0x19, 0xff, 0xb8, 0xfe, 0x70, 0xa4, 0x0b, 0x6b, 0x70, 0x94, 0x17, 0xc6, 0xb9, 0xde
.byte 0x7b, 0xf7, 0xdd, 0xff, 0xbc, 0xff, 0x7b, 0xff, 0x9c, 0xff, 0x9b, 0xff, 0xfd, 0xff, 0x98, 0xd6
.byte 0x2f, 0x8c, 0x6f, 0x94, 0x53, 0xb5, 0x57, 0xce, 0xb8, 0xde, 0x2f, 0x94, 0x32, 0xc5, 0x76, 0xf6
.byte 0x35, 0xde, 0xd8, 0xf6, 0xf5, 0xcd, 0xee, 0x8b, 0xf2, 0xa4, 0xdd, 0xff, 0xff, 0xff, 0x17, 0xc6
.byte 0x2f, 0xa4, 0xd5, 0xed, 0xf2, 0xcc, 0xad, 0x8b, 0x0b, 0x6b, 0x79, 0xd6, 0xff, 0xff, 0xff, 0xff
.byte 0xff, 0xff, 0xff, 0xff, 0xff, 0xff, 0xff, 0xff, 0xff, 0xff, 0xff, 0xff, 0xff, 0xff, 0xff, 0xff
.byte 0xff, 0xff, 0xff, 0xff, 0xff, 0xff, 0xff, 0xff, 0xff, 0xff, 0xff, 0xff, 0xff, 0xff, 0xff, 0xff
.byte 0xff, 0xff, 0xff, 0xff, 0xff, 0xff, 0xff, 0xff, 0xff, 0xff, 0xff, 0xff, 0xff, 0xff, 0xff, 0xff
.byte 0xff, 0xff, 0xff, 0xff, 0xff, 0xff, 0xff, 0xff, 0xff, 0xff, 0xff, 0xff, 0xff, 0xff, 0xff, 0xff
.byte 0xff, 0xff, 0xff, 0xff, 0xff, 0xff, 0xff, 0xff, 0xff, 0xff, 0xff, 0xff, 0xff, 0xff, 0xff, 0xff
.byte 0xff, 0xff, 0xdb, 0xde, 0x91, 0x94, 0x9c, 0xff, 0x5a, 0xf7, 0x57, 0xd6, 0xd9, 0xe6, 0x9c, 0xf7
.byte 0xbd, 0xff, 0x9c, 0xff, 0x1a, 0xef, 0xdd, 0xff, 0xfd, 0xff, 0xbc, 0xff, 0xfd, 0xff, 0x7b, 0xef
.byte 0xf2, 0xac, 0x12, 0xc5, 0x19, 0xff, 0x97, 0xfe, 0xb4, 0xdd, 0x90, 0xac, 0x2b, 0x73, 0x8d, 0x7b
.byte 0x16, 0xc6, 0xde, 0xff, 0xff, 0xff, 0xff, 0xff, 0xfe, 0xff, 0xfe, 0xff, 0xfd, 0xff, 0xfd, 0xff
.byte 0xfd, 0xff, 0xfd, 0xff, 0xfe, 0xff, 0xfd, 0xff, 0x3a, 0xe7, 0xd8, 0xde, 0xb8, 0xde, 0xf5, 0xc5
.byte 0x6c, 0x6b, 0xea, 0x6a, 0x73, 0xd5, 0xf5, 0xe5, 0xf5, 0xe5, 0xd1, 0xb4, 0xb1, 0xac, 0x74, 0xbd
.byte 0xda, 0xe6, 0xfe, 0xff, 0xff, 0xff, 0xbe, 0xf7, 0xd2, 0xa4, 0x70, 0xb4, 0x4f, 0xac, 0x94, 0xcd
.byte 0x0b, 0x73, 0xd6, 0xbd, 0xff, 0xff, 0xff, 0xff, 0xff, 0xff, 0xff, 0xff, 0xff, 0xff, 0xff, 0xff
.byte 0xff, 0xff, 0xff, 0xff, 0xff, 0xff, 0xff, 0xff, 0xff, 0xff, 0xff, 0xff, 0xff, 0xff, 0xff, 0xff
.byte 0xff, 0xff, 0xff, 0xff, 0xff, 0xff, 0xff, 0xff, 0xff, 0xff, 0xff, 0xff, 0xff, 0xff, 0xff, 0xff
.byte 0xff, 0xff, 0xff, 0xff, 0xff, 0xff, 0xff, 0xff, 0xff, 0xff, 0xff, 0xff, 0xff, 0xff, 0xff, 0xff
.byte 0xff, 0xff, 0xff, 0xff, 0xff, 0xff, 0xff, 0xff, 0xff, 0xff, 0xff, 0xff, 0xff, 0xff, 0xff, 0xff
.byte 0xff, 0xff, 0xff, 0xff, 0xff, 0xff, 0xff, 0xff, 0xff, 0xff, 0x9a, 0xd6, 0xee, 0x83, 0xbc, 0xff
.byte 0x39, 0xf7, 0x19, 0xef, 0x7b, 0xff, 0x9c, 0xff, 0x9c, 0xff, 0x1a, 0xef, 0xb9, 0xde, 0xbd, 0xff
.byte 0xbc, 0xff, 0xbc, 0xff, 0xfd, 0xff, 0x9c, 0xf7, 0xf2, 0xac, 0xee, 0x9b, 0xb1, 0xac, 0x4c, 0x7b
.byte 0x68, 0x5a, 0x85, 0x39, 0xe7, 0x41, 0xcd, 0x83, 0xd2, 0xa4, 0x33, 0xad, 0x74, 0xb5, 0xb4, 0xbd
.byte 0xd5, 0xbd, 0xd6, 0xbd, 0xb5, 0xb5, 0x74, 0xb5, 0x74, 0xad, 0x33, 0xa5, 0xb1, 0x9c, 0x70, 0x94
.byte 0x90, 0x9c, 0x90, 0x9c, 0x90, 0x9c, 0x53, 0xbd, 0x2f, 0x94, 0x6c, 0x7b, 0x94, 0xd5, 0x97, 0xfe
.byte 0x12, 0xc5, 0x90, 0xac, 0xf9, 0xe6, 0x77, 0xd6, 0x78, 0xd6, 0xdd, 0xff, 0xde, 0xff, 0xff, 0xff
.byte 0x7d, 0xef, 0x13, 0xad, 0x4c, 0x7b, 0x2f, 0x9c, 0xeb, 0x6a, 0x58, 0xce, 0xff, 0xff, 0xff, 0xff
.byte 0xff, 0xff, 0xff, 0xff, 0xff, 0xff, 0xff, 0xff, 0xff, 0xff, 0xff, 0xff, 0xff, 0xff, 0xff, 0xff
.byte 0xff, 0xff, 0xff, 0xff, 0xff, 0xff, 0xff, 0xff, 0xff, 0xff, 0xff, 0xff, 0xff, 0xff, 0xff, 0xff
.byte 0xff, 0xff, 0xff, 0xff, 0xff, 0xff, 0xff, 0xff, 0xff, 0xff, 0xff, 0xff, 0xff, 0xff, 0xff, 0xff
.byte 0xff, 0xff, 0xff, 0xff, 0xff, 0xff, 0xff, 0xff, 0xff, 0xff, 0xff, 0xff, 0xff, 0xff, 0xff, 0xff
.byte 0xff, 0xff, 0xff, 0xff, 0xff, 0xff, 0xff, 0xff, 0xff, 0xff, 0xff, 0xff, 0xff, 0xff, 0xff, 0xff
.byte 0xff, 0xff, 0x9a, 0xd6, 0xce, 0x83, 0x9b, 0xff, 0x5a, 0xff, 0x7a, 0xff, 0x5a, 0xff, 0x7b, 0xff
.byte 0x7b, 0xff, 0xf9, 0xe6, 0xfa, 0xe6, 0xfd, 0xff, 0xbc, 0xff, 0xbc, 0xff, 0xdd, 0xff, 0xfd, 0xff
.byte 0x33, 0xad, 0x0b, 0x73, 0xae, 0x8b, 0xc9, 0x6a, 0x2a, 0x7b, 0x4b, 0x7b, 0xf2, 0xb4, 0x12, 0xc5
.byte 0xee, 0x93, 0x2b, 0x7b, 0x6c, 0x7b, 0xee, 0x93, 0xee, 0x8b, 0xee, 0x8b, 0x0f, 0x94, 0xee, 0x8b
.byte 0xee, 0x8b, 0x2f, 0x94, 0x90, 0xac, 0xb1, 0xac, 0xd1, 0xb4, 0xb4, 0xcd, 0x36, 0xe6, 0xd8, 0xf6
.byte 0x9b, 0xff, 0x4f, 0x94, 0x0e, 0x9c, 0xf5, 0xe5, 0x90, 0xac, 0x15, 0xd6, 0xfc, 0xff, 0x35, 0xd6
.byte 0x16, 0xce, 0xbd, 0xf7, 0xfd, 0xff, 0xbd, 0xff, 0xfe, 0xff, 0xbd, 0xf7, 0x78, 0xde, 0xce, 0x8b
.byte 0xef, 0x83, 0x3c, 0xe7, 0xff, 0xff, 0xff, 0xff, 0xff, 0xff, 0xff, 0xff, 0xff, 0xff, 0xff, 0xff
.byte 0xff, 0xff, 0xff, 0xff, 0xff, 0xff, 0xff, 0xff, 0xff, 0xff, 0xff, 0xff, 0xff, 0xff, 0xff, 0xff
.byte 0xff, 0xff, 0xff, 0xff, 0xff, 0xff, 0xff, 0xff, 0xff, 0xff, 0xff, 0xff, 0xff, 0xff, 0xff, 0xff
.byte 0xff, 0xff, 0xff, 0xff, 0xff, 0xff, 0xff, 0xff, 0xff, 0xff, 0xff, 0xff, 0xff, 0xff, 0xff, 0xff
.byte 0xff, 0xff, 0xff, 0xff, 0xff, 0xff, 0xff, 0xff, 0xff, 0xff, 0xff, 0xff, 0xff, 0xff, 0xff, 0xff
.byte 0xff, 0xff, 0xff, 0xff, 0xff, 0xff, 0xff, 0xff, 0xff, 0xff, 0x9a, 0xd6, 0xad, 0x83, 0x9b, 0xff
.byte 0x7b, 0xff, 0x5a, 0xff, 0x5a, 0xff, 0x7a, 0xff, 0x7b, 0xff, 0xf9, 0xe6, 0xda, 0xde, 0xfe, 0xff
.byte 0xbc, 0xff, 0xbc, 0xff, 0xbc, 0xff, 0xfe, 0xff, 0x98, 0xd6, 0x70, 0x9c, 0x50, 0x9c, 0x0d, 0x94
.byte 0x0d, 0x9c, 0xcd, 0x93, 0xf5, 0xdd, 0xf8, 0xfe, 0x56, 0xee, 0xb3, 0xd5, 0xf5, 0xdd, 0xd9, 0xf6
.byte 0x57, 0xe6, 0xf5, 0xdd, 0x77, 0xee, 0xd8, 0xf6, 0x76, 0xee, 0xf5, 0xdd, 0xb7, 0xf6, 0x19, 0xff
.byte 0x15, 0xde, 0x36, 0xde, 0x57, 0xe6, 0x36, 0xe6, 0xbb, 0xff, 0xd8, 0xde, 0x8c, 0x7b, 0x6f, 0xa4
.byte 0xb4, 0xd5, 0xf9, 0xee, 0xdb, 0xff, 0x97, 0xe6, 0x94, 0xbd, 0x3b, 0xef, 0xfe, 0xff, 0xbc, 0xff
.byte 0xbc, 0xff, 0x7b, 0xff, 0x3a, 0xff, 0x6c, 0x7b, 0xb6, 0xb5, 0xdf, 0xff, 0xff, 0xff, 0xff, 0xff
.byte 0xff, 0xff, 0xff, 0xff, 0xff, 0xff, 0xff, 0xff, 0xff, 0xff, 0xff, 0xff, 0xff, 0xff, 0xff, 0xff
.byte 0xff, 0xff, 0xff, 0xff, 0xff, 0xff, 0xff, 0xff, 0xff, 0xff, 0xff, 0xff, 0xff, 0xff, 0xff, 0xff
.byte 0xff, 0xff, 0xff, 0xff, 0xff, 0xff, 0xff, 0xff, 0xff, 0xff, 0xff, 0xff, 0xff, 0xff, 0xff, 0xff
.byte 0xff, 0xff, 0xff, 0xff, 0xff, 0xff, 0xff, 0xff, 0xff, 0xff, 0xff, 0xff, 0xff, 0xff, 0xff, 0xff
.byte 0xff, 0xff, 0xff, 0xff, 0xff, 0xff, 0xff, 0xff, 0xff, 0xff, 0xff, 0xff, 0xff, 0xff, 0xff, 0xff
.byte 0xff, 0xff, 0x9a, 0xd6, 0x6c, 0x73, 0x39, 0xf7, 0x9b, 0xff, 0x7a, 0xff, 0x5a, 0xff, 0x5a, 0xff
.byte 0x9b, 0xff, 0xf9, 0xe6, 0x98, 0xd6, 0xdd, 0xff, 0xbc, 0xff, 0xdc, 0xff, 0xbc, 0xff, 0xfd, 0xff
.byte 0x9c, 0xff, 0x70, 0x9c, 0x2b, 0x73, 0x31, 0xc5, 0x0c, 0x9c, 0x0e, 0x94, 0xf6, 0xdd, 0x5a, 0xff
.byte 0xb7, 0xee, 0xb4, 0xd5, 0x15, 0xe6, 0xb7, 0xf6, 0x15, 0xe6, 0x93, 0xd5, 0xf5, 0xe5, 0xf8, 0xf6
.byte 0x18, 0xff, 0x35, 0xde, 0xd8, 0xee, 0xdc, 0xff, 0xb7, 0xee, 0xf5, 0xd5, 0x57, 0xe6, 0xd4, 0xd5
.byte 0x76, 0xe6, 0xfc, 0xff, 0x52, 0xad, 0x4b, 0x7b, 0xf5, 0xdd, 0xbb, 0xff, 0x9b, 0xff, 0x7b, 0xff
.byte 0xb4, 0xc5, 0xf6, 0xcd, 0x7b, 0xff, 0xdc, 0xff, 0x7a, 0xff, 0x5a, 0xff, 0x33, 0xbd, 0x8d, 0x73
.byte 0xfb, 0xde, 0xff, 0xff, 0xff, 0xff, 0xff, 0xff, 0xff, 0xff, 0xff, 0xff, 0xff, 0xff, 0xff, 0xff
.byte 0xff, 0xff, 0xff, 0xff, 0xff, 0xff, 0xff, 0xff, 0xff, 0xff, 0xff, 0xff, 0xff, 0xff, 0xff, 0xff
.byte 0xff, 0xff, 0xff, 0xff, 0xff, 0xff, 0xff, 0xff, 0xff, 0xff, 0xff, 0xff, 0xff, 0xff, 0xff, 0xff
.byte 0xff, 0xff, 0xff, 0xff, 0xff, 0xff, 0xff, 0xff, 0xff, 0xff, 0xff, 0xff, 0xff, 0xff, 0xff, 0xff
.byte 0xff, 0xff, 0xff, 0xff, 0xff, 0xff, 0xff, 0xff, 0xff, 0xff, 0xff, 0xff, 0xff, 0xff, 0xff, 0xff
.byte 0xff, 0xff, 0xff, 0xff, 0xff, 0xff, 0xff, 0xff, 0xff, 0xff, 0xfb, 0xe6, 0xee, 0x83, 0xf5, 0xcd
.byte 0xdc, 0xff, 0x7a, 0xff, 0x7a, 0xff, 0x7a, 0xff, 0x9b, 0xff, 0x3a, 0xf7, 0x98, 0xd6, 0x7b, 0xef
.byte 0xdd, 0xff, 0x9c, 0xff, 0x7b, 0xff, 0xb9, 0xee, 0x33, 0xbd, 0xcd, 0x8b, 0x31, 0xc5, 0x92, 0xd5
.byte 0xcc, 0x8b, 0x4f, 0x9c, 0x36, 0xde, 0xdc, 0xff, 0xd8, 0xee, 0xd4, 0xd5, 0x76, 0xee, 0xf7, 0xf6
.byte 0x35, 0xe6, 0x73, 0xcd, 0xb4, 0xdd, 0xb7, 0xee, 0x59, 0xff, 0x76, 0xe6, 0x97, 0xe6, 0x9b, 0xff
.byte 0x39, 0xf7, 0xf5, 0xd5, 0x77, 0xe6, 0x35, 0xe6, 0xf5, 0xd5, 0x7a, 0xff, 0xbc, 0xff, 0xee, 0x83
.byte 0x70, 0xa4, 0x5a, 0xff, 0xbc, 0xff, 0x9b, 0xff, 0xf8, 0xee, 0x74, 0xbd, 0xd5, 0xcd, 0xd8, 0xee
.byte 0xf8, 0xf6, 0xd9, 0xf6, 0x2b, 0x6b, 0x54, 0xad, 0xdf, 0xff, 0xff, 0xff, 0xff, 0xff, 0xff, 0xff
.byte 0xff, 0xff, 0xff, 0xff, 0xff, 0xff, 0xff, 0xff, 0xff, 0xff, 0xff, 0xff, 0xff, 0xff, 0xff, 0xff
.byte 0xff, 0xff, 0xff, 0xff, 0xff, 0xff, 0xff, 0xff, 0xff, 0xff, 0xff, 0xff, 0xff, 0xff, 0xff, 0xff
.byte 0xff, 0xff, 0xff, 0xff, 0xff, 0xff, 0xff, 0xff, 0xff, 0xff, 0xff, 0xff, 0xff, 0xff, 0xff, 0xff
.byte 0xff, 0xff, 0xff, 0xff, 0xff, 0xff, 0xff, 0xff, 0xff, 0xff, 0xff, 0xff, 0xff, 0xff, 0xff, 0xff
.byte 0xff, 0xff, 0xff, 0xff, 0xff, 0xff, 0xff, 0xff, 0xff, 0xff, 0xff, 0xff, 0xff, 0xff, 0xff, 0xff
.byte 0xff, 0xff, 0xdf, 0xff, 0x75, 0xb5, 0xcd, 0x83, 0xfc, 0xff, 0x9a, 0xff, 0x7a, 0xff, 0x7b, 0xff
.byte 0x9b, 0xff, 0x9b, 0xff, 0xf9, 0xe6, 0xd9, 0xde, 0x9c, 0xff, 0xf9, 0xf6, 0xd5, 0xd5, 0x4f, 0x9c
.byte 0xa9, 0x62, 0x6e, 0xac, 0xd6, 0xfe, 0x10, 0xbd, 0xec, 0x93, 0x6e, 0x9c, 0x36, 0xd6, 0xfd, 0xff
.byte 0xd8, 0xe6, 0xf5, 0xd5, 0x18, 0xf7, 0x79, 0xff, 0xd7, 0xee, 0x93, 0xcd, 0xb4, 0xd5, 0xb7, 0xee
.byte 0x5a, 0xff, 0xd8, 0xee, 0x56, 0xe6, 0x39, 0xf7, 0x9a, 0xff, 0x35, 0xe6, 0x35, 0xde, 0xf8, 0xf6
.byte 0x16, 0xde, 0xb8, 0xee, 0xfd, 0xff, 0x77, 0xd6, 0x8c, 0x7b, 0x73, 0xc5, 0x7a, 0xff, 0x5a, 0xff
.byte 0x9a, 0xff, 0x3a, 0xf7, 0x57, 0xd6, 0xb5, 0xcd, 0x98, 0xe6, 0x4f, 0x94, 0x4c, 0x6b, 0xfb, 0xde
.byte 0xff, 0xff, 0xff, 0xff, 0xff, 0xff, 0xff, 0xff, 0xff, 0xff, 0xff, 0xff, 0xff, 0xff, 0xff, 0xff
.byte 0xff, 0xff, 0xff, 0xff, 0xff, 0xff, 0xff, 0xff, 0xff, 0xff, 0xff, 0xff, 0xff, 0xff, 0xff, 0xff
.byte 0xff, 0xff, 0xff, 0xff, 0xff, 0xff, 0xff, 0xff, 0xff, 0xff, 0xff, 0xff, 0xff, 0xff, 0xff, 0xff
.byte 0xff, 0xff, 0xff, 0xff, 0xff, 0xff, 0xff, 0xff, 0xff, 0xff, 0xff, 0xff, 0xff, 0xff, 0xff, 0xff
.byte 0xff, 0xff, 0xff, 0xff, 0xff, 0xff, 0xff, 0xff, 0xff, 0xff, 0xff, 0xff, 0xff, 0xff, 0xff, 0xff
.byte 0xff, 0xff, 0xff, 0xff, 0xff, 0xff, 0xff, 0xff, 0xff, 0xff, 0xff, 0xff, 0x1c, 0xe7, 0x8d, 0x7b
.byte 0x12, 0xb5, 0xbc, 0xff, 0x7b, 0xff, 0x5a, 0xff, 0x5a, 0xff, 0x9b, 0xff, 0x3a, 0xff, 0x37, 0xde
.byte 0xb5, 0xcd, 0x70, 0xa4, 0x6f, 0x9c, 0xd1, 0xac, 0x0d, 0x94, 0x70, 0xcd, 0xb5, 0xf6, 0xaf, 0xac
.byte 0x2c, 0x9c, 0x4e, 0x9c, 0xd4, 0xc5, 0xfc, 0xff, 0xb8, 0xe6, 0x15, 0xd6, 0x39, 0xf7, 0x79, 0xff
.byte 0x18, 0xf7, 0xd4, 0xd5, 0xb4, 0xd5, 0xb7, 0xee, 0x39, 0xf7, 0x18, 0xf7, 0x76, 0xe6, 0xb7, 0xee
.byte 0x7a, 0xff, 0xd8, 0xee, 0xd4, 0xd5, 0xf8, 0xee, 0xd8, 0xee, 0xb8, 0xee, 0x5a, 0xff, 0xfc, 0xff
.byte 0xb0, 0x9c, 0xad, 0x83, 0x56, 0xe6, 0x59, 0xff, 0x7a, 0xff, 0x9b, 0xff, 0x5a, 0xff, 0x3a, 0xff
.byte 0x73, 0xbd, 0x88, 0x52, 0x95, 0xb5, 0x9d, 0xef, 0xbe, 0xf7, 0xff, 0xff, 0xff, 0xff, 0xff, 0xff
.byte 0xff, 0xff, 0xff, 0xff, 0xff, 0xff, 0xff, 0xff, 0xff, 0xff, 0xff, 0xff, 0xff, 0xff, 0xff, 0xff
.byte 0xff, 0xff, 0xff, 0xff, 0xff, 0xff, 0xff, 0xff, 0xff, 0xff, 0xff, 0xff, 0xff, 0xff, 0xff, 0xff
.byte 0xff, 0xff, 0xff, 0xff, 0xff, 0xff, 0xff, 0xff, 0xff, 0xff, 0xff, 0xff, 0xff, 0xff, 0xff, 0xff
.byte 0xff, 0xff, 0xff, 0xff, 0xff, 0xff, 0xff, 0xff, 0xff, 0xff, 0xff, 0xff, 0xff, 0xff, 0xff, 0xff
.byte 0xff, 0xff, 0xff, 0xff, 0xff, 0xff, 0xff, 0xff, 0xff, 0xff, 0xff, 0xff, 0xff, 0xff, 0xff, 0xff
.byte 0xff, 0xff, 0xff, 0xff, 0xff, 0xff, 0x59, 0xce, 0x89, 0x5a, 0x0f, 0x9c, 0xb4, 0xd5, 0x36, 0xee
.byte 0xf5, 0xe5, 0xb4, 0xd5, 0xf1, 0xb4, 0xce, 0x8b, 0x6c, 0x7b, 0x2e, 0x94, 0xb7, 0xde, 0xb7, 0xe6
.byte 0x4e, 0xa4, 0xd1, 0xd5, 0x73, 0xee, 0x6e, 0xa4, 0x6d, 0xa4, 0x2e, 0x9c, 0xb4, 0xbd, 0xfc, 0xff
.byte 0x97, 0xe6, 0x55, 0xde, 0x59, 0xff, 0x59, 0xff, 0x59, 0xff, 0x15, 0xde, 0xb4, 0xd5, 0x77, 0xee
.byte 0xf8, 0xf6, 0x39, 0xff, 0xb7, 0xee, 0x96, 0xe6, 0x39, 0xf7, 0x7a, 0xff, 0x15, 0xde, 0x77, 0xe6
.byte 0x39, 0xf7, 0xd8, 0xee, 0x19, 0xf7, 0x9a, 0xff, 0xf8, 0xee, 0x6b, 0x7b, 0x90, 0xac, 0xd8, 0xfe
.byte 0x39, 0xff, 0x5a, 0xff, 0x3a, 0xff, 0xd5, 0xd5, 0xea, 0x62, 0xf3, 0x9c, 0x7d, 0xef, 0xbe, 0xf7
.byte 0xff, 0xff, 0xff, 0xff, 0xff, 0xff, 0xff, 0xff, 0xff, 0xff, 0xff, 0xff, 0xff, 0xff, 0xff, 0xff
.byte 0xff, 0xff, 0xff, 0xff, 0xff, 0xff, 0xff, 0xff, 0xff, 0xff, 0xff, 0xff, 0xff, 0xff, 0xff, 0xff
.byte 0xff, 0xff, 0xff, 0xff, 0xff, 0xff, 0xff, 0xff, 0xff, 0xff, 0xff, 0xff, 0xff, 0xff, 0xff, 0xff
.byte 0xff, 0xff, 0xff, 0xff, 0xff, 0xff, 0xff, 0xff, 0xff, 0xff, 0xff, 0xff, 0xff, 0xff, 0xff, 0xff
.byte 0xff, 0xff, 0xff, 0xff, 0xff, 0xff, 0xff, 0xff, 0xff, 0xff, 0xff, 0xff, 0xff, 0xff, 0xff, 0xff
.byte 0xff, 0xff, 0xff, 0xff, 0xff, 0xff, 0xff, 0xff, 0xff, 0xff, 0xff, 0xff, 0xff, 0xff, 0xff, 0xff
.byte 0x18, 0xc6, 0xce, 0x7b, 0xa9, 0x5a, 0x48, 0x5a, 0x4c, 0x7b, 0x4c, 0x7b, 0xad, 0x8b, 0x70, 0xa4
.byte 0x12, 0xbd, 0xb8, 0xee, 0xfd, 0xff, 0x35, 0xd6, 0x0d, 0x9c, 0x53, 0xe6, 0x33, 0xe6, 0x4d, 0xa4
.byte 0xae, 0xb4, 0x4e, 0x9c, 0xd4, 0xc5, 0xfc, 0xff, 0x97, 0xe6, 0x76, 0xe6, 0x79, 0xff, 0x59, 0xff
.byte 0x7a, 0xff, 0x56, 0xde, 0xb4, 0xd5, 0x57, 0xee, 0xd8, 0xf6, 0x59, 0xff, 0xf8, 0xee, 0x76, 0xe6
.byte 0xd8, 0xee, 0x9b, 0xff, 0xb8, 0xee, 0xf5, 0xd5, 0xd8, 0xee, 0xf8, 0xf6, 0xf8, 0xf6, 0x38, 0xf7
.byte 0xdb, 0xff, 0x52, 0xb5, 0x6c, 0x7b, 0x15, 0xde, 0xf9, 0xfe, 0xf5, 0xdd, 0x4f, 0xa4, 0xa9, 0x62
.byte 0xd2, 0x9c, 0x7d, 0xef, 0xde, 0xf7, 0xff, 0xff, 0xff, 0xff, 0xff, 0xff, 0xff, 0xff, 0xff, 0xff
.byte 0xff, 0xff, 0xff, 0xff, 0xff, 0xff, 0xff, 0xff, 0xff, 0xff, 0xff, 0xff, 0xff, 0xff, 0xff, 0xff
.byte 0xff, 0xff, 0xff, 0xff, 0xff, 0xff, 0xff, 0xff, 0xff, 0xff, 0xff, 0xff, 0xff, 0xff, 0xff, 0xff
.byte 0xff, 0xff, 0xff, 0xff, 0xff, 0xff, 0xff, 0xff, 0xff, 0xff, 0xff, 0xff, 0xff, 0xff, 0xff, 0xff
.byte 0xff, 0xff, 0xff, 0xff, 0xff, 0xff, 0xff, 0xff, 0xff, 0xff, 0xff, 0xff, 0xff, 0xff, 0xff, 0xff
.byte 0xff, 0xff, 0xff, 0xff, 0xff, 0xff, 0xff, 0xff, 0xff, 0xff, 0xff, 0xff, 0xff, 0xff, 0xff, 0xff
.byte 0xff, 0xff, 0xff, 0xff, 0xff, 0xff, 0xff, 0xff, 0xff, 0xff, 0x9e, 0xf7, 0xd3, 0x9c, 0x27, 0x52
.byte 0x53, 0xc5, 0x73, 0xcd, 0x36, 0xe6, 0x36, 0xe6, 0x15, 0xde, 0x5a, 0xff, 0xdc, 0xff, 0xf5, 0xcd
.byte 0x2d, 0x9c, 0xb4, 0xfe, 0xf2, 0xdd, 0x6e, 0xa4, 0x0f, 0xbd, 0x4e, 0x9c, 0x15, 0xc6, 0xdb, 0xff
.byte 0x97, 0xe6, 0xb7, 0xe6, 0x59, 0xff, 0x39, 0xf7, 0x7a, 0xff, 0x76, 0xe6, 0xb4, 0xd5, 0x56, 0xe6
.byte 0xd8, 0xee, 0x59, 0xff, 0x39, 0xf7, 0x97, 0xe6, 0xd8, 0xee, 0x7a, 0xff, 0x39, 0xf7, 0xd4, 0xd5
.byte 0x56, 0xe6, 0xf8, 0xf6, 0xd7, 0xf6, 0x18, 0xf7, 0x59, 0xff, 0x9b, 0xff, 0x2e, 0x8c, 0x4b, 0x73
.byte 0xce, 0x8b, 0x2b, 0x73, 0xad, 0x7b, 0xf7, 0xbd, 0x7d, 0xef, 0xbe, 0xf7, 0xff, 0xff, 0xff, 0xff
.byte 0xff, 0xff, 0xff, 0xff, 0xff, 0xff, 0xff, 0xff, 0xff, 0xff, 0xff, 0xff, 0xff, 0xff, 0xff, 0xff
.byte 0xff, 0xff, 0xff, 0xff, 0xff, 0xff, 0xff, 0xff, 0xff, 0xff, 0xff, 0xff, 0xff, 0xff, 0xff, 0xff
.byte 0xff, 0xff, 0xff, 0xff, 0xff, 0xff, 0xff, 0xff, 0xff, 0xff, 0xff, 0xff, 0xff, 0xff, 0xff, 0xff
.byte 0xff, 0xff, 0xff, 0xff, 0xff, 0xff, 0xff, 0xff, 0xff, 0xff, 0xff, 0xff, 0xff, 0xff, 0xff, 0xff
.byte 0xff, 0xff, 0xff, 0xff, 0xff, 0xff, 0xff, 0xff, 0xff, 0xff, 0xff, 0xff, 0xff, 0xff, 0xff, 0xff
.byte 0xff, 0xff, 0xff, 0xff, 0xff, 0xff, 0xff, 0xff, 0xff, 0xff, 0xff, 0xff, 0xff, 0xff, 0xff, 0xff
.byte 0xff, 0xff, 0xff, 0xff, 0x79, 0xd6, 0x73, 0xd5, 0x77, 0xf6, 0x18, 0xff, 0xd7, 0xf6, 0x93, 0xcd
.byte 0x35, 0xde, 0x7a, 0xff, 0x9b, 0xff, 0x93, 0xc5, 0x4e, 0xa4, 0x16, 0xff, 0xb2, 0xcd, 0x8e, 0xa4
.byte 0x50, 0xcd, 0x4e, 0x9c, 0x36, 0xce, 0xbb, 0xff, 0xb7, 0xee, 0xd8, 0xee, 0x59, 0xff, 0x39, 0xf7
.byte 0x7a, 0xff, 0x97, 0xe6, 0xb4, 0xd5, 0x36, 0xe6, 0xd8, 0xf6, 0x39, 0xff, 0x39, 0xff, 0x39, 0xf7
.byte 0x39, 0xf7, 0x39, 0xf7, 0x7a, 0xff, 0x15, 0xde, 0xf4, 0xdd, 0xf8, 0xf6, 0x18, 0xf7, 0x39, 0xf7
.byte 0x39, 0xf7, 0xfc, 0xff, 0x15, 0xce, 0xca, 0x62, 0x34, 0xa5, 0xdb, 0xde, 0x7d, 0xef, 0xff, 0xff
.byte 0xde, 0xff, 0xff, 0xff, 0xff, 0xff, 0xff, 0xff, 0xff, 0xff, 0xff, 0xff, 0xff, 0xff, 0xff, 0xff
.byte 0xff, 0xff, 0xff, 0xff, 0xff, 0xff, 0xff, 0xff, 0xff, 0xff, 0xff, 0xff, 0xff, 0xff, 0xff, 0xff
.byte 0xff, 0xff, 0xff, 0xff, 0xff, 0xff, 0xff, 0xff, 0xff, 0xff, 0xff, 0xff, 0xff, 0xff, 0xff, 0xff
.byte 0xff, 0xff, 0xff, 0xff, 0xff, 0xff, 0xff, 0xff, 0xff, 0xff, 0xff, 0xff, 0xff, 0xff, 0xff, 0xff
.byte 0xff, 0xff, 0xff, 0xff, 0xff, 0xff, 0xff, 0xff, 0xff, 0xff, 0xff, 0xff, 0xff, 0xff, 0xff, 0xff
.byte 0xff, 0xff, 0xff, 0xff, 0xff, 0xff, 0xff, 0xff, 0xff, 0xff, 0xff, 0xff, 0xff, 0xff, 0xff, 0xff
.byte 0xff, 0xff, 0xff, 0xff, 0xff, 0xff, 0xff, 0xff, 0xff, 0xff, 0x79, 0xd6, 0x74, 0xcd, 0xd8, 0xf6
.byte 0x19, 0xf7, 0x59, 0xff, 0x35, 0xde, 0x72, 0xcd, 0xf8, 0xf6, 0x7a, 0xff, 0x5a, 0xff, 0xf1, 0xac
.byte 0x6d, 0xa4, 0x36, 0xff, 0x51, 0xc5, 0xae, 0xac, 0xb1, 0xd5, 0x4e, 0x9c, 0x77, 0xd6, 0xbb, 0xff
.byte 0xd8, 0xee, 0xf8, 0xee, 0x59, 0xff, 0x39, 0xf7, 0x7a, 0xff, 0xb8, 0xee, 0xb4, 0xd5, 0x36, 0xe6
.byte 0xd8, 0xf6, 0x39, 0xff, 0x39, 0xff, 0x39, 0xf7, 0x39, 0xf7, 0x39, 0xf7, 0x7a, 0xff, 0x96, 0xee
.byte 0x93, 0xd5, 0xb7, 0xee, 0x59, 0xff, 0x39, 0xf7, 0x39, 0xf7, 0x59, 0xff, 0x7a, 0xff, 0xcd, 0x83
.byte 0xf3, 0x9c, 0xff, 0xff, 0xff, 0xff, 0xdf, 0xff, 0xff, 0xff, 0xff, 0xff, 0xff, 0xff, 0xff, 0xff
.byte 0xff, 0xff, 0xff, 0xff, 0xff, 0xff, 0xff, 0xff, 0xff, 0xff, 0xff, 0xff, 0xff, 0xff, 0xff, 0xff
.byte 0xff, 0xff, 0xff, 0xff, 0xff, 0xff, 0xff, 0xff, 0xff, 0xff, 0xff, 0xff, 0xff, 0xff, 0xff, 0xff
.byte 0xff, 0xff, 0xff, 0xff, 0xff, 0xff, 0xff, 0xff, 0xff, 0xff, 0xff, 0xff, 0xff, 0xff, 0xff, 0xff
.byte 0xff, 0xff, 0xff, 0xff, 0xff, 0xff, 0xff, 0xff, 0xff, 0xff, 0xff, 0xff, 0xff, 0xff, 0xff, 0xff
.byte 0xff, 0xff, 0xff, 0xff, 0xff, 0xff, 0xff, 0xff, 0xff, 0xff, 0xff, 0xff, 0xff, 0xff, 0xff, 0xff
.byte 0xff, 0xff, 0xff, 0xff, 0xff, 0xff, 0xff, 0xff, 0xff, 0xff, 0xff, 0xff, 0xff, 0xff, 0xff, 0xff
.byte 0xb6, 0xbd, 0x2f, 0x9c, 0xd8, 0xf6, 0x39, 0xf7, 0x9b, 0xff, 0x39, 0xf7, 0xd4, 0xd5, 0x35, 0xde
.byte 0x59, 0xff, 0x7a, 0xff, 0x19, 0xef, 0x6f, 0x9c, 0xae, 0xac, 0x16, 0xff, 0x10, 0xb5, 0xcf, 0xb4
.byte 0xb1, 0xd5, 0x4f, 0x9c, 0xb8, 0xde, 0x9a, 0xff, 0x19, 0xf7, 0x19, 0xf7, 0x39, 0xf7, 0x39, 0xf7
.byte 0x7a, 0xff, 0xd8, 0xee, 0xb4, 0xd5, 0x16, 0xe6, 0xd8, 0xf6, 0x39, 0xf7, 0x39, 0xf7, 0x39, 0xf7
.byte 0x39, 0xf7, 0x39, 0xf7, 0x39, 0xff, 0x18, 0xf7, 0x94, 0xd5, 0x56, 0xe6, 0x5a, 0xff, 0x39, 0xf7
.byte 0x39, 0xf7, 0x18, 0xf7, 0xba, 0xff, 0xb4, 0xc5, 0x8d, 0x73, 0x99, 0xd6, 0xff, 0xff, 0xff, 0xff
.byte 0xff, 0xff, 0xff, 0xff, 0xff, 0xff, 0xff, 0xff, 0xff, 0xff, 0xff, 0xff, 0xff, 0xff, 0xff, 0xff
.byte 0xff, 0xff, 0xff, 0xff, 0xff, 0xff, 0xff, 0xff, 0xff, 0xff, 0xff, 0xff, 0xff, 0xff, 0xff, 0xff
.byte 0xff, 0xff, 0xff, 0xff, 0xff, 0xff, 0xff, 0xff, 0xff, 0xff, 0xff, 0xff, 0xff, 0xff, 0xff, 0xff
.byte 0xff, 0xff, 0xff, 0xff, 0xff, 0xff, 0xff, 0xff, 0xff, 0xff, 0xff, 0xff, 0xff, 0xff, 0xff, 0xff
.byte 0xff, 0xff, 0xff, 0xff, 0xff, 0xff, 0xff, 0xff, 0xff, 0xff, 0xff, 0xff, 0xff, 0xff, 0xff, 0xff
.byte 0xff, 0xff, 0xff, 0xff, 0xff, 0xff, 0xff, 0xff, 0xff, 0xff, 0xff, 0xff, 0xff, 0xff, 0xff, 0xff
.byte 0xff, 0xff, 0xff, 0xff, 0xdf, 0xff, 0xb6, 0xbd, 0xea, 0x72, 0x36, 0xe6, 0x19, 0xf7, 0x59, 0xff
.byte 0x5a, 0xff, 0xd8, 0xee, 0xf5, 0xd5, 0x18, 0xf7, 0x39, 0xff, 0x9a, 0xff, 0xd7, 0xe6, 0x0d, 0x94
.byte 0x0f, 0xc5, 0xf5, 0xfe, 0xaf, 0xac, 0x10, 0xbd, 0xd1, 0xd5, 0x4f, 0x94, 0xd9, 0xee, 0x7a, 0xff
.byte 0x39, 0xf7, 0x39, 0xf7, 0x39, 0xf7, 0x39, 0xf7, 0x7a, 0xff, 0xd8, 0xee, 0xd5, 0xd5, 0x16, 0xe6
.byte 0xb8, 0xf6, 0x19, 0xf7, 0x39, 0xf7, 0x39, 0xf7, 0x39, 0xf7, 0x39, 0xf7, 0x39, 0xf7, 0x7a, 0xff
.byte 0x15, 0xde, 0xd4, 0xd5, 0x18, 0xf7, 0x59, 0xff, 0x39, 0xf7, 0x39, 0xf7, 0x39, 0xff, 0x9b, 0xff
.byte 0x2f, 0x8c, 0x13, 0xa5, 0xbe, 0xf7, 0xff, 0xff, 0xff, 0xff, 0xff, 0xff, 0xff, 0xff, 0xff, 0xff
.byte 0xff, 0xff, 0xff, 0xff, 0xff, 0xff, 0xff, 0xff, 0xff, 0xff, 0xff, 0xff, 0xff, 0xff, 0xff, 0xff
.byte 0xff, 0xff, 0xff, 0xff, 0xff, 0xff, 0xff, 0xff, 0xff, 0xff, 0xff, 0xff, 0xff, 0xff, 0xff, 0xff
.byte 0xff, 0xff, 0xff, 0xff, 0xff, 0xff, 0xff, 0xff, 0xff, 0xff, 0xff, 0xff, 0xff, 0xff, 0xff, 0xff
.byte 0xff, 0xff, 0xff, 0xff, 0xff, 0xff, 0xff, 0xff, 0xff, 0xff, 0xff, 0xff, 0xff, 0xff, 0xff, 0xff
.byte 0xff, 0xff, 0xff, 0xff, 0xff, 0xff, 0xff, 0xff, 0xff, 0xff, 0xff, 0xff, 0xff, 0xff, 0xff, 0xff
.byte 0xff, 0xff, 0xff, 0xff, 0xff, 0xff, 0xff, 0xff, 0xff, 0xff, 0xff, 0xff, 0xda, 0xde, 0xea, 0x62
.byte 0x53, 0xc5, 0xf9, 0xfe, 0x39, 0xff, 0x39, 0xff, 0x39, 0xf7, 0x57, 0xe6, 0x77, 0xe6, 0x7a, 0xff
.byte 0x39, 0xf7, 0xbb, 0xff, 0x76, 0xd6, 0xcc, 0x8b, 0xd1, 0xdd, 0x94, 0xf6, 0x4e, 0xa4, 0x50, 0xc5
.byte 0xb1, 0xcd, 0x4f, 0x9c, 0x19, 0xf7, 0x5a, 0xff, 0x39, 0xf7, 0x39, 0xf7, 0x39, 0xf7, 0x39, 0xf7
.byte 0x5a, 0xff, 0xf8, 0xf6, 0xd5, 0xd5, 0x16, 0xe6, 0xb8, 0xf6, 0x19, 0xf7, 0x39, 0xf7, 0x39, 0xf7
.byte 0x39, 0xf7, 0x39, 0xf7, 0x39, 0xf7, 0x7a, 0xff, 0x97, 0xe6, 0xb4, 0xcd, 0xb7, 0xee, 0x59, 0xff
.byte 0x39, 0xf7, 0x39, 0xf7, 0x39, 0xf7, 0xdc, 0xff, 0xf5, 0xc5, 0xae, 0x7b, 0x59, 0xce, 0xff, 0xff
.byte 0xff, 0xff, 0xff, 0xff, 0xff, 0xff, 0xff, 0xff, 0xff, 0xff, 0xff, 0xff, 0xff, 0xff, 0xff, 0xff
.byte 0xff, 0xff, 0xff, 0xff, 0xff, 0xff, 0xff, 0xff, 0xff, 0xff, 0xff, 0xff, 0xff, 0xff, 0xff, 0xff
.byte 0xff, 0xff, 0xff, 0xff, 0xff, 0xff, 0xff, 0xff, 0xff, 0xff, 0xff, 0xff, 0xff, 0xff, 0xff, 0xff
.byte 0xff, 0xff, 0xff, 0xff, 0xff, 0xff, 0xff, 0xff, 0xff, 0xff, 0xff, 0xff, 0xff, 0xff, 0xff, 0xff
.byte 0xff, 0xff, 0xff, 0xff, 0xff, 0xff, 0xff, 0xff, 0xff, 0xff, 0xff, 0xff, 0xff, 0xff, 0xff, 0xff
.byte 0xff, 0xff, 0xff, 0xff, 0xff, 0xff, 0xff, 0xff, 0xff, 0xff, 0xff, 0xff, 0xff, 0xff, 0xff, 0xff
.byte 0xff, 0xff, 0x9e, 0xf7, 0x91, 0x9c, 0xcd, 0x8b, 0xf9, 0xf6, 0x39, 0xf7, 0x39, 0xf7, 0x59, 0xff
.byte 0xf8, 0xf6, 0x36, 0xde, 0x19, 0xf7, 0x5a, 0xff, 0x59, 0xff, 0xbb, 0xff, 0x15, 0xce, 0xcc, 0x8b
.byte 0x73, 0xf6, 0x12, 0xe6, 0xec, 0x93, 0x50, 0xcd, 0x50, 0xc5, 0x70, 0x9c, 0x5a, 0xff, 0x59, 0xff
.byte 0x39, 0xf7, 0x39, 0xf7, 0x39, 0xf7, 0x39, 0xf7, 0x5a, 0xff, 0xf8, 0xf6, 0xf5, 0xdd, 0xf5, 0xe5
.byte 0xb8, 0xf6, 0x18, 0xf7, 0x39, 0xff, 0x39, 0xf7, 0x39, 0xf7, 0x39, 0xf7, 0x39, 0xf7, 0x59, 0xff
.byte 0x18, 0xf7, 0xb4, 0xd5, 0x76, 0xe6, 0x5a, 0xff, 0x39, 0xf7, 0x39, 0xf7, 0x39, 0xf7, 0x5a, 0xff
.byte 0x9b, 0xff, 0xad, 0x83, 0xb2, 0x9c, 0xbe, 0xf7, 0xff, 0xff, 0xff, 0xff, 0xff, 0xff, 0xff, 0xff
.byte 0xff, 0xff, 0xff, 0xff, 0xff, 0xff, 0xff, 0xff, 0xff, 0xff, 0xff, 0xff, 0xff, 0xff, 0xff, 0xff
.byte 0xff, 0xff, 0xff, 0xff, 0xff, 0xff, 0xff, 0xff, 0xff, 0xff, 0xff, 0xff, 0xff, 0xff, 0xff, 0xff
.byte 0xff, 0xff, 0xff, 0xff, 0xff, 0xff, 0xff, 0xff, 0xff, 0xff, 0xff, 0xff, 0xff, 0xff, 0xff, 0xff
.byte 0xff, 0xff, 0xff, 0xff, 0xff, 0xff, 0xff, 0xff, 0xff, 0xff, 0xff, 0xff, 0xff, 0xff, 0xff, 0xff
.byte 0xff, 0xff, 0xff, 0xff, 0xff, 0xff, 0xff, 0xff, 0xff, 0xff, 0xff, 0xff, 0xff, 0xff, 0xff, 0xff
.byte 0xff, 0xff, 0xff, 0xff, 0xff, 0xff, 0xff, 0xff, 0xff, 0xff, 0x38, 0xc6, 0x88, 0x62, 0x15, 0xde
.byte 0x18, 0xf7, 0x39, 0xff, 0x39, 0xff, 0x39, 0xf7, 0x97, 0xee, 0x76, 0xe6, 0x59, 0xff, 0x39, 0xf7
.byte 0x59, 0xff, 0x9b, 0xff, 0x94, 0xbd, 0x4e, 0x9c, 0x36, 0xff, 0xb1, 0xd5, 0xec, 0x93, 0x91, 0xdd
.byte 0xef, 0xbc, 0xb1, 0xa4, 0x9b, 0xff, 0x39, 0xf7, 0x39, 0xf7, 0x39, 0xf7, 0x39, 0xf7, 0x19, 0xf7
.byte 0x59, 0xff, 0x18, 0xf7, 0x15, 0xde, 0x15, 0xe6, 0x97, 0xee, 0x18, 0xf7, 0x39, 0xff, 0x39, 0xf7
.byte 0x39, 0xf7, 0x39, 0xf7, 0x39, 0xf7, 0x39, 0xf7, 0x39, 0xf7, 0x15, 0xde, 0x56, 0xe6, 0x59, 0xff
.byte 0x59, 0xff, 0x39, 0xf7, 0x39, 0xf7, 0x19, 0xf7, 0xbb, 0xff, 0x73, 0xbd, 0x4c, 0x73, 0xba, 0xd6
.byte 0xff, 0xff, 0xff, 0xff, 0xff, 0xff, 0xff, 0xff, 0xff, 0xff, 0xff, 0xff, 0xff, 0xff, 0xff, 0xff
.byte 0xff, 0xff, 0xff, 0xff, 0xff, 0xff, 0xff, 0xff, 0xff, 0xff, 0xff, 0xff, 0xff, 0xff, 0xff, 0xff
.byte 0xff, 0xff, 0xff, 0xff, 0xff, 0xff, 0xff, 0xff, 0xff, 0xff, 0xff, 0xff, 0xff, 0xff, 0xff, 0xff
.byte 0xff, 0xff, 0xff, 0xff, 0xff, 0xff, 0xff, 0xff, 0xff, 0xff, 0xff, 0xff, 0xff, 0xff, 0xff, 0xff
.byte 0xff, 0xff, 0xff, 0xff, 0xff, 0xff, 0xff, 0xff, 0xff, 0xff, 0xff, 0xff, 0xff, 0xff, 0xff, 0xff
.byte 0xff, 0xff, 0xff, 0xff, 0xff, 0xff, 0xff, 0xff, 0xff, 0xff, 0xff, 0xff, 0xff, 0xff, 0xff, 0xff
.byte 0x3c, 0xe7, 0x8d, 0x7b, 0xb0, 0xac, 0xf8, 0xfe, 0x39, 0xff, 0x39, 0xf7, 0x39, 0xff, 0x18, 0xf7
.byte 0x97, 0xee, 0xf8, 0xf6, 0x39, 0xff, 0x39, 0xf7, 0x7a, 0xff, 0x19, 0xf7, 0xf1, 0xac, 0xf0, 0xb4
.byte 0x77, 0xff, 0xb2, 0xcd, 0xcc, 0x93, 0x50, 0xcd, 0x4e, 0xa4, 0x12, 0xad, 0xbb, 0xff, 0x19, 0xf7
.byte 0x39, 0xf7, 0x39, 0xf7, 0x39, 0xf7, 0x39, 0xf7, 0x59, 0xff, 0x19, 0xf7, 0x35, 0xde, 0x15, 0xe6
.byte 0x97, 0xee, 0xf8, 0xf6, 0x59, 0xff, 0x39, 0xff, 0x19, 0xff, 0x39, 0xf7, 0x39, 0xf7, 0x39, 0xf7
.byte 0x59, 0xff, 0xb7, 0xee, 0x56, 0xe6, 0x19, 0xf7, 0x5a, 0xff, 0x39, 0xf7, 0x19, 0xf7, 0x19, 0xf7
.byte 0x39, 0xff, 0x39, 0xf7, 0xad, 0x83, 0x95, 0xb5, 0xdf, 0xff, 0xff, 0xff, 0xff, 0xff, 0xff, 0xff
.byte 0xff, 0xff, 0xff, 0xff, 0xff, 0xff, 0xff, 0xff, 0xff, 0xff, 0xff, 0xff, 0xff, 0xff, 0xff, 0xff
.byte 0xff, 0xff, 0xff, 0xff, 0xff, 0xff, 0xff, 0xff, 0xff, 0xff, 0xff, 0xff, 0xff, 0xff, 0xff, 0xff
.byte 0xff, 0xff, 0xff, 0xff, 0xff, 0xff, 0xff, 0xff, 0xff, 0xff, 0xff, 0xff, 0xff, 0xff, 0xff, 0xff
.byte 0xff, 0xff, 0xff, 0xff, 0xff, 0xff, 0xff, 0xff, 0xff, 0xff, 0xff, 0xff, 0xff, 0xff, 0xff, 0xff
.byte 0xff, 0xff, 0xff, 0xff, 0xff, 0xff, 0xff, 0xff, 0xff, 0xff, 0xff, 0xff, 0xff, 0xff, 0xff, 0xff
.byte 0xff, 0xff, 0xff, 0xff, 0xff, 0xff, 0x9e, 0xf7, 0xb2, 0x9c, 0x0a, 0x73, 0xb7, 0xf6, 0x38, 0xff
.byte 0x38, 0xff, 0x39, 0xf7, 0x39, 0xf7, 0xf8, 0xf6, 0xd8, 0xee, 0x39, 0xff, 0x39, 0xf7, 0x19, 0xf7
.byte 0x7a, 0xff, 0x97, 0xde, 0x4f, 0x9c, 0x91, 0xcd, 0x57, 0xff, 0x92, 0xcd, 0x6b, 0x83, 0xed, 0x93
.byte 0xcd, 0x8b, 0xf5, 0xcd, 0x9a, 0xff, 0x18, 0xf7, 0x39, 0xf7, 0x39, 0xf7, 0x39, 0xf7, 0x39, 0xf7
.byte 0x59, 0xff, 0x19, 0xf7, 0x36, 0xde, 0x15, 0xe6, 0x97, 0xee, 0xf8, 0xf6, 0x59, 0xff, 0x39, 0xf7
.byte 0x39, 0xf7, 0x19, 0xf7, 0x19, 0xf7, 0x19, 0xf7, 0x59, 0xff, 0x19, 0xf7, 0x77, 0xe6, 0xf9, 0xf6
.byte 0x5a, 0xff, 0x39, 0xf7, 0x18, 0xf7, 0x38, 0xf7, 0x18, 0xf7, 0xbb, 0xff, 0x52, 0xbd, 0x0f, 0x84
.byte 0xfb, 0xde, 0xff, 0xff, 0xff, 0xff, 0xff, 0xff, 0xff, 0xff, 0xff, 0xff, 0xff, 0xff, 0xff, 0xff
.byte 0xff, 0xff, 0xff, 0xff, 0xff, 0xff, 0xff, 0xff, 0xff, 0xff, 0xff, 0xff, 0xff, 0xff, 0xff, 0xff
.byte 0xff, 0xff, 0xff, 0xff, 0xff, 0xff, 0xff, 0xff, 0xff, 0xff, 0xff, 0xff, 0xff, 0xff, 0xff, 0xff
.byte 0xff, 0xff, 0xff, 0xff, 0xff, 0xff, 0xff, 0xff, 0xff, 0xff, 0xff, 0xff, 0xff, 0xff, 0xff, 0xff
.byte 0xff, 0xff, 0xff, 0xff, 0xff, 0xff, 0xff, 0xff, 0xff, 0xff, 0xff, 0xff, 0xff, 0xff, 0xff, 0xff
.byte 0xff, 0xff, 0xff, 0xff, 0xff, 0xff, 0xff, 0xff, 0xff, 0xff, 0xff, 0xff, 0xff, 0xff, 0xda, 0xde
.byte 0xea, 0x6a, 0x94, 0xcd, 0x19, 0xff, 0x38, 0xff, 0x18, 0xf7, 0x38, 0xf7, 0x18, 0xf7, 0xf8, 0xf6
.byte 0x18, 0xf7, 0x39, 0xf7, 0x39, 0xf7, 0x39, 0xf7, 0x9a, 0xff, 0x15, 0xd6, 0x0d, 0x9c, 0x53, 0xee
.byte 0xd4, 0xfe, 0x10, 0xbd, 0x4f, 0x9c, 0x97, 0xde, 0xb7, 0xe6, 0x39, 0xf7, 0x39, 0xff, 0x18, 0xf7
.byte 0x38, 0xf7, 0x18, 0xf7, 0x19, 0xf7, 0x39, 0xf7, 0x59, 0xff, 0x19, 0xf7, 0x36, 0xde, 0x15, 0xe6
.byte 0x77, 0xee, 0xd8, 0xf6, 0x39, 0xf7, 0x39, 0xf7, 0x19, 0xf7, 0x19, 0xf7, 0x39, 0xf7, 0x39, 0xf7
.byte 0x39, 0xff, 0x39, 0xf7, 0x77, 0xe6, 0xb8, 0xee, 0x39, 0xff, 0x39, 0xf7, 0x38, 0xf7, 0x38, 0xf7
.byte 0x38, 0xf7, 0x59, 0xff, 0x18, 0xf7, 0x8c, 0x7b, 0x95, 0xb5, 0xff, 0xff, 0xff, 0xff, 0xff, 0xff
.byte 0xff, 0xff, 0xff, 0xff, 0xff, 0xff, 0xff, 0xff, 0xff, 0xff, 0xff, 0xff, 0xff, 0xff, 0xff, 0xff
.byte 0xff, 0xff, 0xff, 0xff, 0xff, 0xff, 0xff, 0xff, 0xff, 0xff, 0xff, 0xff, 0xff, 0xff, 0xff, 0xff
.byte 0xff, 0xff, 0xff, 0xff, 0xff, 0xff, 0xff, 0xff, 0xff, 0xff, 0xff, 0xff, 0xff, 0xff, 0xff, 0xff
.byte 0xff, 0xff, 0xff, 0xff, 0xff, 0xff, 0xff, 0xff, 0xff, 0xff, 0xff, 0xff, 0xff, 0xff, 0xff, 0xff
.byte 0xff, 0xff, 0xff, 0xff, 0xff, 0xff, 0xff, 0xff, 0xff, 0xff, 0xff, 0xff, 0xff, 0xff, 0xff, 0xff
.byte 0xff, 0xff, 0xff, 0xff, 0xff, 0xff, 0xf7, 0xc5, 0xad, 0x8b, 0xf9, 0xf6, 0x38, 0xf7, 0x18, 0xff
.byte 0x18, 0xf7, 0x18, 0xf7, 0x18, 0xf7, 0xf8, 0xf6, 0x39, 0xf7, 0x39, 0xf7, 0x38, 0xf7, 0x38, 0xf7
.byte 0x7a, 0xff, 0x93, 0xc5, 0x6b, 0x83, 0xb1, 0xdd, 0x12, 0xee, 0x2d, 0x9c, 0x90, 0xa4, 0xbb, 0xff
.byte 0x7a, 0xff, 0x59, 0xff, 0x39, 0xf7, 0x39, 0xf7, 0x38, 0xf7, 0x18, 0xf7, 0x18, 0xf7, 0x38, 0xf7
.byte 0x38, 0xff, 0x18, 0xf7, 0x76, 0xe6, 0x15, 0xe6, 0x56, 0xee, 0xb7, 0xf6, 0x38, 0xf7, 0x38, 0xf7
.byte 0x38, 0xff, 0x39, 0xf7, 0x39, 0xf7, 0x39, 0xf7, 0x39, 0xf7, 0x39, 0xff, 0x97, 0xee, 0x76, 0xee
.byte 0x18, 0xf7, 0x39, 0xf7, 0x38, 0xf7, 0x38, 0xf7, 0x18, 0xf7, 0x18, 0xf7, 0x99, 0xff, 0xcf, 0xa4
.byte 0x2f, 0x84, 0x1b, 0xdf, 0xff, 0xff, 0xff, 0xff, 0xff, 0xff, 0xff, 0xff, 0xff, 0xff, 0xff, 0xff
.byte 0xff, 0xff, 0xff, 0xff, 0xff, 0xff, 0xff, 0xff, 0xff, 0xff, 0xff, 0xff, 0xff, 0xff, 0xff, 0xff
.byte 0xff, 0xff, 0xff, 0xff, 0xff, 0xff, 0xff, 0xff, 0xff, 0xff, 0xff, 0xff, 0xff, 0xff, 0xff, 0xff
.byte 0xff, 0xff, 0xff, 0xff, 0xff, 0xff, 0xff, 0xff, 0xff, 0xff, 0xff, 0xff, 0xff, 0xff, 0xff, 0xff
.byte 0xff, 0xff, 0xff, 0xff, 0xff, 0xff, 0xff, 0xff, 0xff, 0xff, 0xff, 0xff, 0xff, 0xff, 0xff, 0xff
.byte 0xff, 0xff, 0xff, 0xff, 0xff, 0xff, 0xff, 0xff, 0xff, 0xff, 0xff, 0xff, 0x9e, 0xf7, 0xb6, 0xbd
.byte 0x58, 0xd6, 0x3a, 0xef, 0x5a, 0xef, 0x3a, 0xef, 0x1a, 0xef, 0x3a, 0xf7, 0x7b, 0xff, 0x7b, 0xff
.byte 0x9b, 0xff, 0x9c, 0xff, 0x9b, 0xff, 0x5b, 0xf7, 0x3a, 0xf7, 0xd9, 0xe6, 0x95, 0xb5, 0xf2, 0xac
.byte 0xd2, 0xac, 0xf2, 0xa4, 0x58, 0xd6, 0xbc, 0xff, 0x7b, 0xff, 0x9c, 0xff, 0x9c, 0xff, 0x5b, 0xf7
.byte 0x3a, 0xef, 0x3a, 0xef, 0x3a, 0xef, 0x1a, 0xef, 0x3a, 0xf7, 0x7a, 0xff, 0x3a, 0xf7, 0xd9, 0xf6
.byte 0xf9, 0xf6, 0x3a, 0xf7, 0x5a, 0xf7, 0x3a, 0xef, 0x3a, 0xef, 0x3a, 0xf7, 0x3a, 0xf7, 0x3a, 0xf7
.byte 0x7b, 0xf7, 0x9b, 0xff, 0x5b, 0xf7, 0x3b, 0xf7, 0x7b, 0xff, 0x9c, 0xff, 0x5b, 0xf7, 0x3a, 0xef
.byte 0x1a, 0xef, 0x1a, 0xef, 0x3a, 0xf7, 0x98, 0xde, 0x94, 0xb5, 0x1b, 0xdf, 0xff, 0xff, 0xff, 0xff
.byte 0xff, 0xff, 0xff, 0xff, 0xff, 0xff, 0xff, 0xff, 0xff, 0xff, 0xff, 0xff, 0xff, 0xff, 0xff, 0xff
.byte 0xff, 0xff, 0xff, 0xff, 0xff, 0xff, 0xff, 0xff, 0xff, 0xff, 0xff, 0xff, 0xff, 0xff, 0xff, 0xff
.byte 0xff, 0xff, 0xff, 0xff, 0xff, 0xff, 0xff, 0xff, 0xff, 0xff, 0xff, 0xff, 0xff, 0xff, 0xff, 0xff

.global _binary_w_hot_bin_end
_binary_w_hot_bin_end: /* for objcopy compatibility */


.global w_hot_bin_length
w_hot_bin_length:
.long 20000
