/* * Data converted from E:/Embedded-Systems/ESP32 Workspace/01_ST7789_Display_Module/main/w_rain.bin
 */
.data
#if !defined (__APPLE__) && !defined (__linux__)
.section .rodata.embedded
#endif

.global w_rain_bin
w_rain_bin:

.global _binary_w_rain_bin_start
_binary_w_rain_bin_start: /* for objcopy compatibility */
.byte 0xff, 0xff, 0xff, 0xff, 0xff, 0xff, 0xff, 0xff, 0xff, 0xff, 0xff, 0xff, 0xff, 0xff, 0xff, 0xff
.byte 0xff, 0xff, 0xff, 0xff, 0xff, 0xff, 0xff, 0xff, 0xff, 0xff, 0xff, 0xff, 0xff, 0xff, 0xff, 0xff
.byte 0xff, 0xff, 0xff, 0xff, 0xff, 0xff, 0xff, 0xff, 0xff, 0xff, 0xff, 0xff, 0xff, 0xff, 0xff, 0xff
.byte 0xff, 0xff, 0xff, 0xff, 0xff, 0xff, 0xff, 0xff, 0xff, 0xff, 0xff, 0xff, 0xff, 0xff, 0xff, 0xff
.byte 0xff, 0xff, 0xff, 0xff, 0xff, 0xff, 0xff, 0xff, 0xff, 0xff, 0xff, 0xff, 0xff, 0xff, 0xff, 0xff
.byte 0xff, 0xff, 0xff, 0xff, 0xff, 0xff, 0xff, 0xff, 0xff, 0xff, 0xff, 0xff, 0xff, 0xff, 0xff, 0xff
.byte 0xff, 0xff, 0xff, 0xff, 0xff, 0xff, 0xff, 0xff, 0xff, 0xff, 0xff, 0xff, 0xff, 0xff, 0xff, 0xff
.byte 0xff, 0xff, 0xff, 0xff, 0xff, 0xff, 0xff, 0xff, 0xff, 0xff, 0xff, 0xff, 0xff, 0xff, 0xff, 0xff
.byte 0xff, 0xff, 0xff, 0xff, 0xff, 0xff, 0xff, 0xff, 0xff, 0xff, 0xff, 0xff, 0xff, 0xff, 0xff, 0xff
.byte 0xff, 0xff, 0xff, 0xff, 0xff, 0xff, 0xff, 0xff, 0xff, 0xff, 0xff, 0xff, 0xff, 0xff, 0xff, 0xff
.byte 0xff, 0xff, 0xff, 0xff, 0xff, 0xff, 0xff, 0xff, 0xff, 0xff, 0xff, 0xff, 0xff, 0xff, 0xff, 0xff
.byte 0xff, 0xff, 0xff, 0xff, 0xff, 0xff, 0xff, 0xff, 0xff, 0xff, 0xff, 0xff, 0xff, 0xff, 0xff, 0xff
.byte 0xff, 0xff, 0xff, 0xff, 0xff, 0xff, 0xff, 0xff, 0xff, 0xff, 0xff, 0xff, 0xff, 0xff, 0xff, 0xff
.byte 0xff, 0xff, 0xff, 0xff, 0xff, 0xff, 0xff, 0xff, 0xff, 0xff, 0xff, 0xff, 0xff, 0xff, 0xbf, 0xf7
.byte 0xbe, 0xef, 0x7e, 0xe7, 0x3d, 0xdf, 0xfc, 0xd6, 0x1c, 0xd7, 0x3d, 0xe7, 0xff, 0xff, 0xff, 0xff
.byte 0xff, 0xff, 0xff, 0xff, 0xff, 0xff, 0xff, 0xff, 0xff, 0xff, 0xff, 0xff, 0xff, 0xff, 0xff, 0xff
.byte 0xff, 0xff, 0xff, 0xff, 0xff, 0xff, 0xff, 0xff, 0xff, 0xff, 0xff, 0xff, 0xff, 0xff, 0xff, 0xff
.byte 0xff, 0xff, 0xff, 0xff, 0xff, 0xff, 0xff, 0xff, 0xff, 0xff, 0xff, 0xff, 0xff, 0xff, 0xff, 0xff
.byte 0xff, 0xff, 0xff, 0xff, 0xff, 0xff, 0xff, 0xff, 0xff, 0xff, 0xff, 0xff, 0xff, 0xff, 0xff, 0xff
.byte 0xff, 0xff, 0xff, 0xff, 0xff, 0xff, 0xff, 0xff, 0xff, 0xff, 0xff, 0xff, 0xff, 0xff, 0xff, 0xff
.byte 0xff, 0xff, 0xff, 0xff, 0xff, 0xff, 0xff, 0xff, 0xff, 0xff, 0xff, 0xff, 0xff, 0xff, 0xff, 0xff
.byte 0xff, 0xff, 0xff, 0xff, 0xff, 0xff, 0xff, 0xff, 0xff, 0xff, 0xff, 0xff, 0xff, 0xff, 0xff, 0xff
.byte 0xff, 0xff, 0xff, 0xff, 0xff, 0xff, 0xff, 0xff, 0xff, 0xff, 0xff, 0xff, 0xff, 0xff, 0xff, 0xff
.byte 0xff, 0xff, 0xff, 0xff, 0xff, 0xff, 0xff, 0xff, 0xff, 0xff, 0xff, 0xff, 0xff, 0xff, 0xff, 0xff
.byte 0xff, 0xff, 0xff, 0xff, 0xff, 0xff, 0xff, 0xff, 0xff, 0xff, 0xff, 0xff, 0xff, 0xff, 0xff, 0xff
.byte 0xff, 0xff, 0xff, 0xff, 0xff, 0xff, 0xff, 0xff, 0xff, 0xff, 0xff, 0xff, 0xff, 0xff, 0xff, 0xff
.byte 0xbf, 0xf7, 0x5d, 0xe7, 0x5d, 0xe7, 0x9b, 0xc6, 0xbc, 0xbe, 0xdc, 0xc6, 0xbc, 0xc6, 0xbc, 0xc6
.byte 0x7b, 0xbe, 0xb8, 0x9d, 0x7a, 0xc6, 0xdf, 0xff, 0xff, 0xff, 0xff, 0xff, 0xff, 0xff, 0xff, 0xff
.byte 0xff, 0xff, 0xff, 0xff, 0xff, 0xff, 0xff, 0xff, 0xff, 0xff, 0xff, 0xff, 0xff, 0xff, 0xff, 0xff
.byte 0xff, 0xff, 0xff, 0xff, 0xff, 0xff, 0xff, 0xff, 0xff, 0xff, 0xff, 0xff, 0xff, 0xff, 0xff, 0xff
.byte 0xff, 0xff, 0xff, 0xff, 0xff, 0xff, 0xff, 0xff, 0xff, 0xff, 0xff, 0xff, 0xff, 0xff, 0xff, 0xff
.byte 0xff, 0xff, 0xff, 0xff, 0xff, 0xff, 0xff, 0xff, 0xff, 0xff, 0xff, 0xff, 0xff, 0xff, 0xff, 0xff
.byte 0xff, 0xff, 0xff, 0xff, 0xff, 0xff, 0xff, 0xff, 0xff, 0xff, 0xff, 0xff, 0xdf, 0xff, 0x7e, 0xef
.byte 0xdf, 0xff, 0xff, 0xff, 0xff, 0xff, 0xff, 0xff, 0xff, 0xff, 0xff, 0xff, 0xff, 0xff, 0xff, 0xff
.byte 0xff, 0xff, 0xff, 0xff, 0xff, 0xff, 0xff, 0xff, 0xff, 0xff, 0xff, 0xff, 0xff, 0xff, 0xff, 0xff
.byte 0xff, 0xff, 0xff, 0xff, 0xff, 0xff, 0xff, 0xff, 0xff, 0xff, 0xff, 0xff, 0xff, 0xff, 0xff, 0xff
.byte 0xff, 0xff, 0xff, 0xff, 0xff, 0xff, 0xff, 0xff, 0xff, 0xff, 0xff, 0xff, 0xff, 0xff, 0xff, 0xff
.byte 0xff, 0xff, 0xff, 0xff, 0xff, 0xff, 0xff, 0xff, 0xff, 0xff, 0xff, 0xff, 0xff, 0xff, 0xff, 0xff
.byte 0xff, 0xff, 0xff, 0xff, 0xdf, 0xff, 0x9e, 0xef, 0xfc, 0xd6, 0x19, 0xb6, 0xf9, 0xad, 0xbc, 0xc6
.byte 0x9b, 0xc6, 0x9b, 0xbe, 0x9b, 0xbe, 0x7b, 0xbe, 0xbc, 0xc6, 0xdc, 0xce, 0xf9, 0xad, 0x9a, 0xce
.byte 0xff, 0xff, 0xff, 0xff, 0xff, 0xff, 0xff, 0xff, 0xff, 0xff, 0xff, 0xff, 0xff, 0xff, 0xff, 0xff
.byte 0xff, 0xff, 0xff, 0xff, 0xff, 0xff, 0xff, 0xff, 0xff, 0xff, 0xff, 0xff, 0xff, 0xff, 0xff, 0xff
.byte 0xff, 0xff, 0xff, 0xff, 0xff, 0xff, 0xff, 0xff, 0xff, 0xff, 0xff, 0xff, 0xff, 0xff, 0xff, 0xff
.byte 0xff, 0xff, 0xff, 0xff, 0xff, 0xff, 0xff, 0xff, 0xff, 0xff, 0xff, 0xff, 0xff, 0xff, 0xff, 0xff
.byte 0xff, 0xff, 0xff, 0xff, 0xff, 0xff, 0xff, 0xff, 0xff, 0xff, 0xff, 0xff, 0xff, 0xff, 0xff, 0xff
.byte 0xff, 0xff, 0xff, 0xff, 0xbe, 0xf7, 0xdb, 0xd6, 0xbe, 0xf7, 0xff, 0xff, 0xff, 0xff, 0xff, 0xff
.byte 0xff, 0xff, 0xff, 0xff, 0xff, 0xff, 0xff, 0xff, 0xff, 0xff, 0xff, 0xff, 0xff, 0xff, 0xff, 0xff
.byte 0xff, 0xff, 0xff, 0xff, 0xff, 0xff, 0xff, 0xff, 0xff, 0xff, 0xff, 0xff, 0xff, 0xff, 0xff, 0xff
.byte 0xff, 0xff, 0xff, 0xff, 0xff, 0xff, 0xff, 0xff, 0xff, 0xff, 0xff, 0xff, 0xff, 0xff, 0xff, 0xff
.byte 0xff, 0xff, 0xff, 0xff, 0xff, 0xff, 0xff, 0xff, 0xff, 0xff, 0xff, 0xff, 0xff, 0xff, 0xff, 0xff
.byte 0xff, 0xff, 0xff, 0xff, 0xff, 0xff, 0xff, 0xff, 0xff, 0xff, 0xdf, 0xff, 0xfc, 0xd6, 0x7e, 0xdf
.byte 0x3d, 0xd7, 0xfc, 0xce, 0xdb, 0xce, 0x9b, 0xc6, 0x9b, 0xbe, 0x9b, 0xbe, 0x9b, 0xbe, 0x9b, 0xbe
.byte 0x9b, 0xc6, 0xbb, 0xce, 0x9b, 0xc6, 0x77, 0xa5, 0x9b, 0xce, 0xff, 0xff, 0xff, 0xff, 0xff, 0xff
.byte 0xff, 0xff, 0xff, 0xff, 0xff, 0xff, 0xff, 0xff, 0xff, 0xff, 0xff, 0xff, 0xff, 0xff, 0xff, 0xff
.byte 0xff, 0xff, 0xff, 0xff, 0xff, 0xff, 0xff, 0xff, 0xff, 0xff, 0xff, 0xff, 0xff, 0xff, 0xff, 0xff
.byte 0xff, 0xff, 0xff, 0xff, 0xff, 0xff, 0xff, 0xff, 0xff, 0xff, 0xff, 0xff, 0xff, 0xff, 0xff, 0xff
.byte 0xff, 0xff, 0xff, 0xff, 0xff, 0xff, 0xff, 0xff, 0xff, 0xff, 0xff, 0xff, 0xff, 0xff, 0xff, 0xff
.byte 0xff, 0xff, 0xff, 0xff, 0xff, 0xff, 0xff, 0xff, 0xff, 0xff, 0xff, 0xff, 0xff, 0xff, 0xdf, 0xff
.byte 0xff, 0xff, 0xff, 0xff, 0xff, 0xff, 0xff, 0xff, 0xff, 0xff, 0xff, 0xff, 0xff, 0xff, 0xff, 0xff
.byte 0xff, 0xff, 0xff, 0xff, 0xff, 0xff, 0xff, 0xff, 0xff, 0xff, 0xff, 0xff, 0xff, 0xff, 0xff, 0xff
.byte 0xff, 0xff, 0xff, 0xff, 0xff, 0xff, 0xff, 0xff, 0xff, 0xff, 0xff, 0xff, 0xff, 0xff, 0xff, 0xff
.byte 0xff, 0xff, 0xff, 0xff, 0xff, 0xff, 0xff, 0xff, 0xff, 0xff, 0xff, 0xff, 0xff, 0xff, 0xff, 0xff
.byte 0xff, 0xff, 0xff, 0xff, 0xff, 0xff, 0xff, 0xff, 0xff, 0xff, 0xff, 0xff, 0xff, 0xff, 0xff, 0xff
.byte 0xdf, 0xff, 0x9b, 0xce, 0x1d, 0xd7, 0xbb, 0xc6, 0x9b, 0xc6, 0x9b, 0xc6, 0x9b, 0xc6, 0x9b, 0xc6
.byte 0x9b, 0xbe, 0x9b, 0xbe, 0x9b, 0xbe, 0x9b, 0xc6, 0x9b, 0xc6, 0x9b, 0xc6, 0xbb, 0xc6, 0x5a, 0xbe
.byte 0xf9, 0xad, 0x5a, 0xbe, 0xfc, 0xde, 0xff, 0xff, 0xff, 0xff, 0xff, 0xff, 0xff, 0xff, 0xff, 0xff
.byte 0xff, 0xff, 0xff, 0xff, 0xff, 0xff, 0xff, 0xff, 0xff, 0xff, 0xff, 0xff, 0xff, 0xff, 0xff, 0xff
.byte 0xff, 0xff, 0xff, 0xff, 0xff, 0xff, 0xff, 0xff, 0xff, 0xff, 0xff, 0xff, 0xff, 0xff, 0xff, 0xff
.byte 0xff, 0xff, 0xff, 0xff, 0xff, 0xff, 0xff, 0xff, 0xff, 0xff, 0xff, 0xff, 0xff, 0xff, 0xff, 0xff
.byte 0xff, 0xff, 0xff, 0xff, 0xff, 0xff, 0xff, 0xff, 0xff, 0xff, 0xff, 0xff, 0xff, 0xff, 0xff, 0xff
.byte 0xff, 0xff, 0xff, 0xff, 0xff, 0xff, 0xff, 0xff, 0xff, 0xff, 0xff, 0xff, 0xff, 0xff, 0xff, 0xff
.byte 0xff, 0xff, 0xff, 0xff, 0xff, 0xff, 0xff, 0xff, 0xff, 0xff, 0xff, 0xff, 0xff, 0xff, 0xff, 0xff
.byte 0xff, 0xff, 0xff, 0xff, 0xff, 0xff, 0xff, 0xff, 0xff, 0xff, 0xff, 0xff, 0xff, 0xff, 0xff, 0xff
.byte 0xff, 0xff, 0xff, 0xff, 0xff, 0xff, 0xff, 0xff, 0xff, 0xff, 0xff, 0xff, 0xff, 0xff, 0xff, 0xff
.byte 0xff, 0xff, 0xff, 0xff, 0xff, 0xff, 0xff, 0xff, 0xff, 0xff, 0xff, 0xff, 0xff, 0xff, 0xff, 0xff
.byte 0xff, 0xff, 0xff, 0xff, 0xff, 0xff, 0xbe, 0xf7, 0xbb, 0xc6, 0x7a, 0xbe, 0xbb, 0xc6, 0x9b, 0xc6
.byte 0x9b, 0xc6, 0x9b, 0xc6, 0x9b, 0xc6, 0x9b, 0xc6, 0x9b, 0xc6, 0x9b, 0xc6, 0x9b, 0xc6, 0x9b, 0xc6
.byte 0x9b, 0xc6, 0x9b, 0xc6, 0x9b, 0xc6, 0xbc, 0xce, 0xbb, 0xc6, 0x7b, 0xbe, 0x97, 0xa5, 0x9e, 0xef
.byte 0xff, 0xff, 0xff, 0xff, 0xff, 0xff, 0xff, 0xff, 0xff, 0xff, 0xff, 0xff, 0xff, 0xff, 0xff, 0xff
.byte 0xff, 0xff, 0xff, 0xff, 0xff, 0xff, 0xff, 0xff, 0xff, 0xff, 0xff, 0xff, 0xff, 0xff, 0xff, 0xff
.byte 0xff, 0xff, 0xff, 0xff, 0xff, 0xff, 0xff, 0xff, 0xff, 0xff, 0xff, 0xff, 0xff, 0xff, 0xff, 0xff
.byte 0xff, 0xff, 0xff, 0xff, 0xff, 0xff, 0xff, 0xff, 0xff, 0xff, 0xff, 0xff, 0xff, 0xff, 0xff, 0xff
.byte 0xff, 0xff, 0xff, 0xff, 0xff, 0xff, 0xff, 0xff, 0xff, 0xff, 0xff, 0xff, 0xff, 0xff, 0xff, 0xff
.byte 0xff, 0xff, 0xff, 0xff, 0xff, 0xff, 0xff, 0xff, 0xff, 0xff, 0xff, 0xff, 0xff, 0xff, 0xff, 0xff
.byte 0xff, 0xff, 0xff, 0xff, 0xff, 0xff, 0xff, 0xff, 0xff, 0xff, 0xff, 0xff, 0xff, 0xff, 0xff, 0xff
.byte 0xff, 0xff, 0xff, 0xff, 0xff, 0xff, 0xff, 0xff, 0xff, 0xff, 0xff, 0xff, 0xff, 0xff, 0xff, 0xff
.byte 0xff, 0xff, 0xff, 0xff, 0xff, 0xff, 0xff, 0xff, 0xff, 0xff, 0xff, 0xff, 0xff, 0xff, 0xff, 0xff
.byte 0xff, 0xff, 0xff, 0xff, 0xff, 0xff, 0xff, 0xff, 0xff, 0xff, 0xff, 0xff, 0xdf, 0xff, 0xbc, 0xce
.byte 0x1d, 0xcf, 0xbb, 0xc6, 0x9b, 0xbe, 0x9b, 0xc6, 0x9b, 0xbe, 0x9b, 0xbe, 0x9b, 0xc6, 0x9b, 0xc6
.byte 0x9b, 0xbe, 0x9b, 0xc6, 0x9b, 0xc6, 0x9b, 0xc6, 0x9b, 0xc6, 0x9b, 0xc6, 0x9b, 0xc6, 0x9b, 0xc6
.byte 0x9b, 0xc6, 0x9b, 0xc6, 0xf9, 0xad, 0x7a, 0xc6, 0xff, 0xff, 0xff, 0xff, 0xff, 0xff, 0xff, 0xff
.byte 0xff, 0xff, 0xff, 0xff, 0xff, 0xff, 0xff, 0xff, 0xff, 0xff, 0xff, 0xff, 0xff, 0xff, 0xff, 0xff
.byte 0xff, 0xff, 0xff, 0xff, 0xff, 0xff, 0xff, 0xff, 0xff, 0xff, 0xff, 0xff, 0xff, 0xff, 0xff, 0xff
.byte 0xff, 0xff, 0xff, 0xff, 0xff, 0xff, 0xff, 0xff, 0xff, 0xff, 0xff, 0xff, 0xff, 0xff, 0xff, 0xff
.byte 0xff, 0xff, 0xff, 0xff, 0xff, 0xff, 0xff, 0xff, 0xff, 0xff, 0xff, 0xff, 0xff, 0xff, 0xff, 0xff
.byte 0xff, 0xff, 0xff, 0xff, 0xff, 0xff, 0xff, 0xff, 0xff, 0xff, 0xff, 0xff, 0xff, 0xff, 0xff, 0xff
.byte 0xff, 0xff, 0xff, 0xff, 0xff, 0xff, 0xff, 0xff, 0xff, 0xff, 0xff, 0xff, 0xff, 0xff, 0xff, 0xff
.byte 0xff, 0xff, 0xff, 0xff, 0xff, 0xff, 0xff, 0xff, 0xff, 0xff, 0xff, 0xff, 0xff, 0xff, 0xff, 0xff
.byte 0xff, 0xff, 0xff, 0xff, 0xff, 0xff, 0xff, 0xff, 0xff, 0xff, 0xff, 0xff, 0xff, 0xff, 0xff, 0xff
.byte 0xff, 0xff, 0xff, 0xff, 0xff, 0xff, 0xff, 0xff, 0xff, 0xff, 0xff, 0xff, 0xff, 0xff, 0xff, 0xff
.byte 0xff, 0xff, 0xdf, 0xf7, 0x9a, 0xc6, 0x3d, 0xd7, 0xbb, 0xc6, 0x9b, 0xbe, 0x9b, 0xbe, 0x9b, 0xbe
.byte 0x9b, 0xc6, 0x9b, 0xc6, 0x9b, 0xc6, 0x9b, 0xbe, 0x9b, 0xc6, 0x9b, 0xbe, 0x9b, 0xc6, 0x9b, 0xc6
.byte 0x9b, 0xc6, 0x9b, 0xc6, 0x9b, 0xc6, 0x7b, 0xc6, 0x9b, 0xc6, 0x9b, 0xc6, 0xf9, 0xad, 0x18, 0xbe
.byte 0xdf, 0xff, 0xff, 0xff, 0xff, 0xff, 0xff, 0xff, 0xff, 0xff, 0xff, 0xff, 0xff, 0xff, 0xff, 0xff
.byte 0x9e, 0xf7, 0xbe, 0xf7, 0xff, 0xff, 0xff, 0xff, 0xff, 0xff, 0xff, 0xff, 0xff, 0xff, 0xff, 0xff
.byte 0xff, 0xff, 0xff, 0xff, 0xff, 0xff, 0xff, 0xff, 0xff, 0xff, 0xff, 0xff, 0xff, 0xff, 0xff, 0xff
.byte 0xff, 0xff, 0xff, 0xff, 0xff, 0xff, 0xff, 0xff, 0xff, 0xff, 0xff, 0xff, 0xff, 0xff, 0xff, 0xff
.byte 0xff, 0xff, 0xff, 0xff, 0xff, 0xff, 0xff, 0xff, 0xff, 0xff, 0xff, 0xff, 0xff, 0xff, 0xff, 0xff
.byte 0xff, 0xff, 0xff, 0xff, 0xff, 0xff, 0xff, 0xff, 0xff, 0xff, 0xff, 0xff, 0xff, 0xff, 0xff, 0xff
.byte 0xff, 0xff, 0xff, 0xff, 0xff, 0xff, 0xff, 0xff, 0xff, 0xff, 0xff, 0xff, 0xff, 0xff, 0xff, 0xff
.byte 0xff, 0xff, 0xff, 0xff, 0xff, 0xff, 0xff, 0xff, 0xff, 0xff, 0xff, 0xff, 0xff, 0xff, 0xff, 0xff
.byte 0xff, 0xff, 0xff, 0xff, 0xff, 0xff, 0xff, 0xff, 0xff, 0xff, 0xff, 0xff, 0xff, 0xff, 0xff, 0xff
.byte 0xff, 0xff, 0xff, 0xff, 0xff, 0xff, 0xff, 0xff, 0xff, 0xff, 0x9e, 0xf7, 0x97, 0xa5, 0xdc, 0xce
.byte 0xbb, 0xc6, 0x9b, 0xc6, 0x9b, 0xc6, 0x9b, 0xc6, 0x9b, 0xc6, 0x9b, 0xc6, 0x9b, 0xc6, 0x9b, 0xc6
.byte 0x9b, 0xc6, 0x9b, 0xc6, 0x9b, 0xc6, 0x9b, 0xc6, 0x9b, 0xc6, 0x9b, 0xc6, 0x9b, 0xc6, 0x9b, 0xc6
.byte 0xbb, 0xc6, 0x7b, 0xbe, 0xb8, 0xa5, 0x9a, 0xce, 0xdf, 0xff, 0xff, 0xff, 0xff, 0xff, 0xff, 0xff
.byte 0xff, 0xff, 0xff, 0xff, 0xff, 0xff, 0xff, 0xff, 0x9b, 0xc6, 0x1d, 0xd7, 0xbe, 0xf7, 0xff, 0xff
.byte 0xff, 0xff, 0xff, 0xff, 0xff, 0xff, 0xff, 0xff, 0xff, 0xff, 0xff, 0xff, 0xff, 0xff, 0xff, 0xff
.byte 0xff, 0xff, 0xff, 0xff, 0xff, 0xff, 0xff, 0xff, 0xff, 0xff, 0xff, 0xff, 0xff, 0xff, 0xff, 0xff
.byte 0xff, 0xff, 0xff, 0xff, 0xff, 0xff, 0xff, 0xff, 0xff, 0xff, 0xff, 0xff, 0xff, 0xff, 0xff, 0xff
.byte 0xff, 0xff, 0xff, 0xff, 0xff, 0xff, 0xff, 0xff, 0xff, 0xff, 0xff, 0xff, 0xff, 0xff, 0xff, 0xff
.byte 0xff, 0xff, 0xff, 0xff, 0xff, 0xff, 0xff, 0xff, 0xff, 0xff, 0xff, 0xff, 0xff, 0xff, 0xff, 0xff
.byte 0xff, 0xff, 0xff, 0xff, 0xff, 0xff, 0xff, 0xff, 0xff, 0xff, 0xff, 0xff, 0xff, 0xff, 0xff, 0xff
.byte 0xff, 0xff, 0xff, 0xff, 0xff, 0xff, 0xff, 0xff, 0xff, 0xff, 0xff, 0xff, 0xff, 0xff, 0xff, 0xff
.byte 0xff, 0xff, 0xff, 0xff, 0xff, 0xff, 0xff, 0xff, 0xff, 0xff, 0xff, 0xff, 0xff, 0xff, 0xff, 0xff
.byte 0xff, 0xff, 0xbf, 0xf7, 0xd8, 0xad, 0xd9, 0xa5, 0x7b, 0xbe, 0x7b, 0xbe, 0x7b, 0xbe, 0x7b, 0xbe
.byte 0x7b, 0xbe, 0x7b, 0xbe, 0x9b, 0xbe, 0x9b, 0xbe, 0x9b, 0xc6, 0x9b, 0xbe, 0x9b, 0xc6, 0x9b, 0xbe
.byte 0x9b, 0xbe, 0x7a, 0xbe, 0x7b, 0xbe, 0x7b, 0xbe, 0x3a, 0xb6, 0x97, 0x9d, 0x5a, 0xc6, 0x7d, 0xef
.byte 0xff, 0xff, 0xff, 0xff, 0xff, 0xff, 0xff, 0xff, 0xff, 0xff, 0xff, 0xff, 0xff, 0xff, 0xff, 0xff
.byte 0xbc, 0xce, 0xdc, 0xce, 0x5d, 0xe7, 0xff, 0xff, 0xff, 0xff, 0xff, 0xff, 0xff, 0xff, 0xff, 0xff
.byte 0xff, 0xff, 0xff, 0xff, 0xff, 0xff, 0xff, 0xff, 0xff, 0xff, 0xff, 0xff, 0xff, 0xff, 0xff, 0xff
.byte 0xff, 0xff, 0xff, 0xff, 0xff, 0xff, 0xff, 0xff, 0xff, 0xff, 0xff, 0xff, 0xff, 0xff, 0xff, 0xff
.byte 0xff, 0xff, 0xff, 0xff, 0xff, 0xff, 0xff, 0xff, 0xff, 0xff, 0x9e, 0xf7, 0x9e, 0xf7, 0xbe, 0xf7
.byte 0x5d, 0xef, 0xfb, 0xe6, 0x1c, 0xe7, 0x58, 0xce, 0x99, 0xd6, 0x5c, 0xef, 0xfb, 0xe6, 0x1b, 0xe7
.byte 0x58, 0xce, 0x17, 0xc6, 0x1b, 0xe7, 0xbe, 0xf7, 0xff, 0xff, 0xff, 0xff, 0xff, 0xff, 0xff, 0xff
.byte 0xff, 0xff, 0xff, 0xff, 0xff, 0xff, 0xff, 0xff, 0xff, 0xff, 0xff, 0xff, 0xff, 0xff, 0xff, 0xff
.byte 0xff, 0xff, 0xff, 0xff, 0xff, 0xff, 0xff, 0xff, 0xff, 0xff, 0xff, 0xff, 0xff, 0xff, 0xff, 0xff
.byte 0xff, 0xff, 0xff, 0xff, 0xff, 0xff, 0xff, 0xff, 0xff, 0xff, 0xff, 0xff, 0x9e, 0xf7, 0x97, 0xa5
.byte 0xb8, 0xa5, 0xd9, 0xad, 0xf9, 0xad, 0xf9, 0xad, 0xb8, 0xa5, 0xb8, 0xa5, 0xd8, 0xad, 0xb8, 0xa5
.byte 0x97, 0xa5, 0x97, 0x9d, 0x97, 0xa5, 0x97, 0xa5, 0xf9, 0xad, 0x19, 0xb6, 0x19, 0xb6, 0x19, 0xb6
.byte 0x19, 0xb6, 0xbb, 0xce, 0x9d, 0xf7, 0xbe, 0xf7, 0xff, 0xff, 0xff, 0xff, 0xff, 0xff, 0xff, 0xff
.byte 0xff, 0xff, 0xff, 0xff, 0xff, 0xff, 0xfc, 0xd6, 0x9b, 0xbe, 0x19, 0xae, 0xbb, 0xd6, 0xff, 0xff
.byte 0xff, 0xff, 0xff, 0xff, 0xff, 0xff, 0xff, 0xff, 0xff, 0xff, 0xff, 0xff, 0xff, 0xff, 0xff, 0xff
.byte 0xff, 0xff, 0xff, 0xff, 0xff, 0xff, 0xff, 0xff, 0xff, 0xff, 0xff, 0xff, 0xff, 0xff, 0xff, 0xff
.byte 0xff, 0xff, 0xff, 0xff, 0xff, 0xff, 0xff, 0xff, 0xff, 0xff, 0xff, 0xff, 0x5d, 0xef, 0x9a, 0xd6
.byte 0x58, 0xce, 0xb1, 0x9c, 0x91, 0x9c, 0x70, 0x9c, 0x2a, 0x73, 0x46, 0x5a, 0x69, 0x8b, 0x0b, 0xa4
.byte 0xaa, 0x93, 0xe8, 0x7a, 0x25, 0x5a, 0xa7, 0x6a, 0x8a, 0x8b, 0x49, 0x83, 0xa8, 0x62, 0x0f, 0x8c
.byte 0xd6, 0xbd, 0x54, 0xad, 0x59, 0xce, 0xff, 0xff, 0xff, 0xff, 0xff, 0xff, 0xff, 0xff, 0xff, 0xff
.byte 0xff, 0xff, 0xff, 0xff, 0xff, 0xff, 0xff, 0xff, 0xff, 0xff, 0xff, 0xff, 0xff, 0xff, 0xff, 0xff
.byte 0xff, 0xff, 0xff, 0xff, 0xff, 0xff, 0xff, 0xff, 0xff, 0xff, 0xff, 0xff, 0xff, 0xff, 0xff, 0xff
.byte 0xff, 0xff, 0xff, 0xff, 0xff, 0xff, 0xdf, 0xff, 0xfc, 0xde, 0xbb, 0xce, 0xdb, 0xd6, 0xfc, 0xd6
.byte 0xdb, 0xd6, 0xbb, 0xd6, 0xbb, 0xd6, 0x9b, 0xce, 0xbb, 0xce, 0x1c, 0xdf, 0xdb, 0xd6, 0xba, 0xce
.byte 0xbb, 0xd6, 0x1c, 0xdf, 0x3c, 0xe7, 0x3d, 0xe7, 0xdf, 0xff, 0xff, 0xff, 0xff, 0xff, 0xff, 0xff
.byte 0xff, 0xff, 0xff, 0xff, 0xff, 0xff, 0xff, 0xff, 0xff, 0xff, 0xff, 0xff, 0xff, 0xff, 0x3a, 0xbe
.byte 0x9c, 0xbe, 0x97, 0x9d, 0x9a, 0xce, 0xff, 0xff, 0xff, 0xff, 0xff, 0xff, 0xff, 0xff, 0xff, 0xff
.byte 0xff, 0xff, 0xff, 0xff, 0xff, 0xff, 0xff, 0xff, 0xff, 0xff, 0xff, 0xff, 0xff, 0xff, 0xff, 0xff
.byte 0xff, 0xff, 0xff, 0xff, 0xff, 0xff, 0xff, 0xff, 0xff, 0xff, 0x1c, 0xe7, 0x79, 0xd6, 0x79, 0xd6
.byte 0x37, 0xce, 0x54, 0xb5, 0xcd, 0x83, 0xc7, 0x6a, 0x2c, 0xa4, 0x0b, 0xa4, 0x29, 0x83, 0x29, 0x83
.byte 0x0b, 0xa4, 0xee, 0xc4, 0xee, 0xc4, 0x0b, 0xa4, 0x49, 0x8b, 0x89, 0x93, 0x6c, 0xb4, 0xed, 0xc4
.byte 0x8d, 0xb4, 0xca, 0x9b, 0x29, 0x83, 0xa7, 0x72, 0x69, 0x8b, 0xaa, 0x93, 0x09, 0x73, 0x34, 0xad
.byte 0x38, 0xce, 0xbe, 0xf7, 0xff, 0xff, 0xff, 0xff, 0xff, 0xff, 0xff, 0xff, 0xff, 0xff, 0xff, 0xff
.byte 0xff, 0xff, 0xff, 0xff, 0xff, 0xff, 0xff, 0xff, 0xff, 0xff, 0xff, 0xff, 0xff, 0xff, 0xff, 0xff
.byte 0xff, 0xff, 0xff, 0xff, 0xff, 0xff, 0xff, 0xff, 0xff, 0xff, 0xff, 0xff, 0xff, 0xff, 0xff, 0xff
.byte 0xff, 0xff, 0xff, 0xff, 0xff, 0xff, 0xbe, 0xf7, 0x3d, 0xe7, 0xff, 0xff, 0xff, 0xff, 0xff, 0xff
.byte 0xff, 0xff, 0xff, 0xff, 0xff, 0xff, 0xff, 0xff, 0xff, 0xff, 0xff, 0xff, 0x7e, 0xef, 0xff, 0xff
.byte 0xff, 0xff, 0xff, 0xff, 0xff, 0xff, 0xff, 0xff, 0xff, 0xff, 0xff, 0xff, 0xff, 0xff, 0xff, 0xff
.byte 0xff, 0xff, 0xff, 0xff, 0xff, 0xff, 0xfc, 0xd6, 0xd8, 0xad, 0xbb, 0xce, 0x9e, 0xef, 0xff, 0xff
.byte 0xff, 0xff, 0xff, 0xff, 0xff, 0xff, 0xff, 0xff, 0xff, 0xff, 0xff, 0xff, 0xff, 0xff, 0xff, 0xff
.byte 0xff, 0xff, 0xff, 0xff, 0xff, 0xff, 0xff, 0xff, 0xff, 0xff, 0xff, 0xff, 0xff, 0xff, 0x9a, 0xd6
.byte 0x95, 0xb5, 0x0e, 0x94, 0x6a, 0x83, 0xe8, 0x72, 0x66, 0x62, 0xa7, 0x72, 0x4c, 0xac, 0x2f, 0xcd
.byte 0x4c, 0xac, 0x49, 0x8b, 0xaa, 0x93, 0x8d, 0xb4, 0xad, 0xb4, 0xaa, 0x93, 0x08, 0x83, 0x69, 0x8b
.byte 0x4c, 0xac, 0xad, 0xbc, 0x4c, 0xac, 0x89, 0x93, 0xe8, 0x7a, 0x29, 0x83, 0x0b, 0xa4, 0xee, 0xc4
.byte 0x2f, 0xcd, 0xee, 0xc4, 0x0b, 0xa4, 0xa7, 0x72, 0x47, 0x5a, 0x91, 0x94, 0x5d, 0xe7, 0xff, 0xff
.byte 0xff, 0xff, 0xff, 0xff, 0xff, 0xff, 0xff, 0xff, 0xff, 0xff, 0xff, 0xff, 0xff, 0xff, 0xff, 0xff
.byte 0xff, 0xff, 0xff, 0xff, 0xff, 0xff, 0xff, 0xff, 0xff, 0xff, 0xff, 0xff, 0xff, 0xff, 0xff, 0xff
.byte 0xff, 0xff, 0xff, 0xff, 0xff, 0xff, 0xff, 0xff, 0xff, 0xff, 0xff, 0xff, 0xdf, 0xf7, 0x7b, 0xc6
.byte 0x3a, 0xc6, 0xff, 0xff, 0xff, 0xff, 0xff, 0xff, 0xff, 0xff, 0xff, 0xff, 0xff, 0xff, 0xff, 0xff
.byte 0x5d, 0xe7, 0x9b, 0xc6, 0x19, 0xb6, 0xbf, 0xf7, 0xff, 0xff, 0xff, 0xff, 0xff, 0xff, 0xff, 0xff
.byte 0xff, 0xff, 0xff, 0xff, 0xff, 0xff, 0xff, 0xff, 0xff, 0xff, 0xff, 0xff, 0xff, 0xff, 0xff, 0xff
.byte 0x9e, 0xf7, 0xbe, 0xf7, 0xff, 0xff, 0xff, 0xff, 0xff, 0xff, 0xff, 0xff, 0xff, 0xff, 0xff, 0xff
.byte 0xff, 0xff, 0xff, 0xff, 0xff, 0xff, 0xff, 0xff, 0xff, 0xff, 0xff, 0xff, 0xff, 0xff, 0xff, 0xff
.byte 0x9e, 0xf7, 0xd6, 0xc5, 0x33, 0xb5, 0x2a, 0x7b, 0x69, 0x8b, 0xad, 0xbc, 0x0b, 0xa4, 0x08, 0x83
.byte 0x69, 0x8b, 0x8d, 0xbc, 0x6c, 0xb4, 0x69, 0x8b, 0x49, 0x8b, 0x2b, 0xac, 0x6c, 0xb4, 0xca, 0x9b
.byte 0x28, 0x83, 0x69, 0x8b, 0x2c, 0xac, 0x6c, 0xb4, 0xca, 0x9b, 0x28, 0x83, 0x28, 0x83, 0xca, 0x9b
.byte 0x6c, 0xb4, 0xcd, 0xbc, 0x8c, 0xb4, 0xeb, 0xa3, 0x69, 0x93, 0x49, 0x8b, 0xaa, 0x9b, 0x6c, 0xb4
.byte 0xad, 0xbc, 0xab, 0x8b, 0xef, 0x83, 0xdb, 0xde, 0xff, 0xff, 0xff, 0xff, 0xff, 0xff, 0xff, 0xff
.byte 0xff, 0xff, 0xff, 0xff, 0xff, 0xff, 0xff, 0xff, 0xff, 0xff, 0xff, 0xff, 0xff, 0xff, 0xff, 0xff
.byte 0xff, 0xff, 0xff, 0xff, 0xff, 0xff, 0xff, 0xff, 0xff, 0xff, 0xff, 0xff, 0xff, 0xff, 0xff, 0xff
.byte 0xff, 0xff, 0xbf, 0xf7, 0xbc, 0xc6, 0x5a, 0xb6, 0xbb, 0xd6, 0xdf, 0xff, 0xff, 0xff, 0xff, 0xff
.byte 0x3c, 0xdf, 0x7d, 0xef, 0xff, 0xff, 0xff, 0xff, 0x5b, 0xb6, 0xd9, 0x9d, 0x19, 0xbe, 0xdf, 0xff
.byte 0xff, 0xff, 0xff, 0xff, 0xff, 0xff, 0xff, 0xff, 0xff, 0xff, 0xff, 0xff, 0xff, 0xff, 0xff, 0xff
.byte 0xff, 0xff, 0xff, 0xff, 0xff, 0xff, 0xff, 0xff, 0xff, 0xff, 0xff, 0xff, 0xff, 0xff, 0xff, 0xff
.byte 0xff, 0xff, 0xff, 0xff, 0xff, 0xff, 0xff, 0xff, 0xff, 0xff, 0xff, 0xff, 0xff, 0xff, 0xff, 0xff
.byte 0xff, 0xff, 0xdf, 0xff, 0x54, 0xad, 0x32, 0xb5, 0x11, 0xbd, 0xe8, 0x7a, 0x08, 0x83, 0x8d, 0xbc
.byte 0x0e, 0xcd, 0x8a, 0x93, 0xc7, 0x7a, 0xca, 0x9b, 0x6c, 0xb4, 0x89, 0x93, 0x08, 0x83, 0x89, 0x93
.byte 0xea, 0xa3, 0x8a, 0x93, 0x28, 0x8b, 0xaa, 0x93, 0x2b, 0xa4, 0x0b, 0xa4, 0x69, 0x8b, 0x08, 0x7b
.byte 0x69, 0x8b, 0x2b, 0xa4, 0xad, 0xb4, 0x8c, 0xb4, 0x0b, 0xa4, 0x89, 0x93, 0x49, 0x8b, 0x8a, 0x93
.byte 0x0b, 0xa4, 0xad, 0xbc, 0x0e, 0xcd, 0x0e, 0xc5, 0xcd, 0xbc, 0x0b, 0xa4, 0x06, 0x5a, 0x69, 0x52
.byte 0x17, 0xc6, 0xff, 0xff, 0xff, 0xff, 0xff, 0xff, 0xff, 0xff, 0xff, 0xff, 0xff, 0xff, 0xff, 0xff
.byte 0xff, 0xff, 0xff, 0xff, 0xff, 0xff, 0xff, 0xff, 0xff, 0xff, 0xff, 0xff, 0xff, 0xff, 0xff, 0xff
.byte 0xff, 0xff, 0xff, 0xff, 0xff, 0xff, 0xff, 0xff, 0xff, 0xff, 0x1d, 0xdf, 0x3a, 0xb6, 0x5a, 0xbe
.byte 0x1c, 0xdf, 0xff, 0xff, 0xff, 0xff, 0x3d, 0xdf, 0x3a, 0xb6, 0x1c, 0xdf, 0xff, 0xff, 0xff, 0xff
.byte 0xd8, 0xa5, 0x97, 0x9d, 0xbb, 0xd6, 0xff, 0xff, 0xff, 0xff, 0xff, 0xff, 0xff, 0xff, 0xff, 0xff
.byte 0xff, 0xff, 0xff, 0xff, 0xff, 0xff, 0xff, 0xff, 0xff, 0xff, 0xff, 0xff, 0xff, 0xff, 0xff, 0xff
.byte 0xff, 0xff, 0xff, 0xff, 0xff, 0xff, 0xff, 0xff, 0xff, 0xff, 0xff, 0xff, 0xff, 0xff, 0xff, 0xff
.byte 0xff, 0xff, 0xff, 0xff, 0xff, 0xff, 0xff, 0xff, 0x34, 0xad, 0x6f, 0xa4, 0x0b, 0xa4, 0x4c, 0xb4
.byte 0x69, 0x93, 0x69, 0x8b, 0xce, 0xbc, 0xad, 0xbc, 0x28, 0x83, 0x49, 0x8b, 0x4c, 0xac, 0xeb, 0xa3
.byte 0x28, 0x83, 0x49, 0x8b, 0x89, 0x93, 0x49, 0x8b, 0x48, 0x83, 0xaa, 0x93, 0xca, 0x9b, 0xaa, 0x93
.byte 0x49, 0x8b, 0x49, 0x8b, 0xca, 0x9b, 0x4c, 0xac, 0x6c, 0xb4, 0x0b, 0xa4, 0x69, 0x8b, 0x28, 0x83
.byte 0x89, 0x93, 0x2b, 0xa4, 0xad, 0xbc, 0x0e, 0xc5, 0xee, 0xbc, 0x6c, 0xac, 0xaa, 0x9b, 0x29, 0x8b
.byte 0x08, 0x7b, 0x69, 0x8b, 0x49, 0x8b, 0x05, 0x52, 0xce, 0x7b, 0xff, 0xff, 0xff, 0xff, 0xdf, 0xff
.byte 0xbe, 0xf7, 0xff, 0xff, 0xff, 0xff, 0xff, 0xff, 0xff, 0xff, 0xff, 0xff, 0xff, 0xff, 0xff, 0xff
.byte 0xff, 0xff, 0xff, 0xff, 0xff, 0xff, 0xff, 0xff, 0xff, 0xff, 0xff, 0xff, 0xff, 0xff, 0xff, 0xff
.byte 0xff, 0xff, 0xbe, 0xf7, 0x1c, 0xdf, 0x5d, 0xe7, 0xdf, 0xff, 0xff, 0xff, 0x5d, 0xdf, 0x3b, 0xae
.byte 0x1a, 0xae, 0x5d, 0xe7, 0xff, 0xff, 0xff, 0xff, 0x3d, 0xe7, 0xfc, 0xde, 0x9e, 0xf7, 0xff, 0xff
.byte 0xff, 0xff, 0xff, 0xff, 0xff, 0xff, 0xff, 0xff, 0xff, 0xff, 0xff, 0xff, 0xff, 0xff, 0xff, 0xff
.byte 0xff, 0xff, 0xff, 0xff, 0xff, 0xff, 0xff, 0xff, 0xff, 0xff, 0xff, 0xff, 0xff, 0xff, 0xff, 0xff
.byte 0xff, 0xff, 0xff, 0xff, 0xff, 0xff, 0xff, 0xff, 0xff, 0xff, 0xff, 0xff, 0x17, 0xce, 0x8b, 0x8b
.byte 0x08, 0x7b, 0xad, 0xc4, 0xcd, 0xc4, 0x69, 0x93, 0x49, 0x8b, 0x8d, 0xb4, 0xeb, 0xa3, 0x28, 0x83
.byte 0xcb, 0x9b, 0x0b, 0xa4, 0x89, 0x93, 0x69, 0x8b, 0x89, 0x93, 0x49, 0x8b, 0x49, 0x8b, 0x8a, 0x93
.byte 0x8a, 0x93, 0x49, 0x83, 0x28, 0x83, 0x8a, 0x93, 0x0b, 0xa4, 0x4c, 0xac, 0xeb, 0xa3, 0x69, 0x93
.byte 0x49, 0x8b, 0x89, 0x8b, 0x2c, 0xa4, 0xad, 0xbc, 0xee, 0xbc, 0xad, 0xbc, 0x2b, 0xa4, 0x89, 0x93
.byte 0x28, 0x83, 0x28, 0x8b, 0x69, 0x93, 0xca, 0x9b, 0x0b, 0xa4, 0x6c, 0xb4, 0xed, 0xc4, 0x0b, 0xa4
.byte 0x8c, 0x7b, 0x99, 0xce, 0xff, 0xff, 0xff, 0xff, 0xdf, 0xff, 0xff, 0xff, 0xff, 0xff, 0xff, 0xff
.byte 0xff, 0xff, 0xff, 0xff, 0xff, 0xff, 0xff, 0xff, 0xff, 0xff, 0xff, 0xff, 0xff, 0xff, 0xff, 0xff
.byte 0xff, 0xff, 0xff, 0xff, 0xff, 0xff, 0xff, 0xff, 0xff, 0xff, 0xff, 0xff, 0xff, 0xff, 0xff, 0xff
.byte 0xff, 0xff, 0xff, 0xff, 0x5a, 0xbe, 0xb9, 0x9d, 0x5a, 0xbe, 0x9e, 0xf7, 0xff, 0xff, 0xff, 0xff
.byte 0xff, 0xff, 0xff, 0xff, 0xff, 0xff, 0xff, 0xff, 0xff, 0xff, 0xff, 0xff, 0xff, 0xff, 0xff, 0xff
.byte 0xff, 0xff, 0xff, 0xff, 0xff, 0xff, 0xff, 0xff, 0xff, 0xff, 0xff, 0xff, 0xff, 0xff, 0xff, 0xff
.byte 0xff, 0xff, 0xff, 0xff, 0xff, 0xff, 0xff, 0xff, 0xff, 0xff, 0xff, 0xff, 0xff, 0xff, 0x9e, 0xf7
.byte 0xd1, 0xa4, 0x2d, 0xa4, 0xcb, 0x9b, 0x08, 0x83, 0x4c, 0xb4, 0x6c, 0xbc, 0x49, 0x8b, 0x69, 0x93
.byte 0x2b, 0xa4, 0x69, 0x8b, 0x28, 0x83, 0xaa, 0x93, 0x69, 0x93, 0x49, 0x8b, 0x8a, 0x93, 0x49, 0x8b
.byte 0x49, 0x8b, 0xaa, 0x93, 0x89, 0x93, 0x28, 0x83, 0x49, 0x8b, 0xca, 0x9b, 0xeb, 0x9b, 0xca, 0x9b
.byte 0x69, 0x8b, 0x28, 0x83, 0x89, 0x93, 0x2b, 0xa4, 0x8d, 0xb4, 0xad, 0xb4, 0x4c, 0xac, 0xca, 0x9b
.byte 0x69, 0x8b, 0x28, 0x8b, 0x69, 0x93, 0xca, 0x9b, 0x2c, 0xac, 0x8c, 0xb4, 0xad, 0xbc, 0xcd, 0xbc
.byte 0xad, 0xbc, 0x4c, 0xb4, 0x2b, 0xac, 0xaa, 0x9b, 0x26, 0x5a, 0x0b, 0x63, 0x9d, 0xef, 0xff, 0xff
.byte 0xff, 0xff, 0xff, 0xff, 0xff, 0xff, 0xff, 0xff, 0xff, 0xff, 0xff, 0xff, 0xff, 0xff, 0xff, 0xff
.byte 0xff, 0xff, 0xff, 0xff, 0xff, 0xff, 0xff, 0xff, 0xff, 0xff, 0xff, 0xff, 0xff, 0xff, 0xff, 0xff
.byte 0xff, 0xff, 0xff, 0xff, 0xff, 0xff, 0xff, 0xff, 0xff, 0xff, 0xff, 0xff, 0x7d, 0xef, 0x9a, 0xce
.byte 0x3c, 0xe7, 0xff, 0xff, 0xff, 0xff, 0xff, 0xff, 0xff, 0xff, 0xff, 0xff, 0xff, 0xff, 0xff, 0xff
.byte 0xff, 0xff, 0xff, 0xff, 0xff, 0xff, 0xff, 0xff, 0xff, 0xff, 0xff, 0xff, 0xff, 0xff, 0xff, 0xff
.byte 0xff, 0xff, 0xff, 0xff, 0xff, 0xff, 0xff, 0xff, 0xff, 0xff, 0xff, 0xff, 0xff, 0xff, 0xff, 0xff
.byte 0xff, 0xff, 0x7d, 0xef, 0x6c, 0x83, 0x8a, 0x93, 0xea, 0xa3, 0x0b, 0xac, 0x28, 0x8b, 0xeb, 0xa3
.byte 0x2b, 0xac, 0x28, 0x83, 0x8a, 0x93, 0xca, 0x9b, 0x28, 0x83, 0x29, 0x83, 0x29, 0x8b, 0x49, 0x8b
.byte 0x49, 0x8b, 0x29, 0x83, 0x29, 0x83, 0x89, 0x93, 0x49, 0x8b, 0x08, 0x83, 0x69, 0x8b, 0xca, 0x9b
.byte 0xca, 0x9b, 0x69, 0x8b, 0x48, 0x83, 0x69, 0x8b, 0xeb, 0x9b, 0x4c, 0xac, 0x4c, 0xac, 0xeb, 0x9b
.byte 0x69, 0x8b, 0x28, 0x83, 0x49, 0x8b, 0xaa, 0x93, 0x2b, 0xa4, 0x8d, 0xb4, 0xad, 0xbc, 0xcd, 0xbc
.byte 0x8c, 0xb4, 0x2b, 0xac, 0xca, 0x9b, 0x49, 0x8b, 0xe7, 0x7a, 0xc7, 0x7a, 0x08, 0x83, 0x89, 0x93
.byte 0xc7, 0x72, 0x8d, 0x7b, 0xbe, 0xf7, 0xff, 0xff, 0xff, 0xff, 0xff, 0xff, 0xff, 0xff, 0xff, 0xff
.byte 0xff, 0xff, 0xff, 0xff, 0xff, 0xff, 0xff, 0xff, 0xff, 0xff, 0xff, 0xff, 0xff, 0xff, 0xff, 0xff
.byte 0xff, 0xff, 0xff, 0xff, 0xff, 0xff, 0xff, 0xff, 0xff, 0xff, 0xff, 0xff, 0xff, 0xff, 0xff, 0xff
.byte 0xff, 0xff, 0xff, 0xff, 0xff, 0xff, 0xff, 0xff, 0xff, 0xff, 0xff, 0xff, 0xff, 0xff, 0xff, 0xff
.byte 0xff, 0xff, 0xff, 0xff, 0xff, 0xff, 0xff, 0xff, 0xff, 0xff, 0xff, 0xff, 0xff, 0xff, 0xff, 0xff
.byte 0xff, 0xff, 0xff, 0xff, 0xff, 0xff, 0xff, 0xff, 0xff, 0xff, 0xff, 0xff, 0xff, 0xff, 0xff, 0xff
.byte 0xff, 0xff, 0xff, 0xff, 0xff, 0xff, 0x9d, 0xf7, 0x38, 0xce, 0xe9, 0x7a, 0x69, 0x93, 0x6c, 0xbc
.byte 0x2b, 0xac, 0x08, 0x83, 0x69, 0x8b, 0x0b, 0xa4, 0x08, 0x83, 0x69, 0x8b, 0x69, 0x8b, 0x08, 0x83
.byte 0x29, 0x83, 0x29, 0x83, 0x29, 0x83, 0x09, 0x83, 0xe8, 0x7a, 0x08, 0x83, 0x28, 0x83, 0x08, 0x83
.byte 0x49, 0x8b, 0x8a, 0x93, 0x8a, 0x93, 0x69, 0x8b, 0x89, 0x8b, 0xcb, 0x9b, 0x0b, 0xa4, 0xeb, 0x9b
.byte 0x8a, 0x93, 0x49, 0x8b, 0x49, 0x83, 0x69, 0x8b, 0xeb, 0x9b, 0x6c, 0xac, 0x8d, 0xb4, 0x8d, 0xb4
.byte 0x4c, 0xac, 0xeb, 0xa3, 0xaa, 0x9b, 0x69, 0x8b, 0x28, 0x8b, 0x28, 0x83, 0x49, 0x8b, 0x89, 0x93
.byte 0xea, 0x9b, 0x2b, 0xac, 0x8c, 0xb4, 0xcd, 0xc4, 0xca, 0x9b, 0x2f, 0x8c, 0xde, 0xf7, 0xff, 0xff
.byte 0xff, 0xff, 0xff, 0xff, 0xff, 0xff, 0xff, 0xff, 0xff, 0xff, 0xff, 0xff, 0xff, 0xff, 0xff, 0xff
.byte 0xff, 0xff, 0xff, 0xff, 0xff, 0xff, 0xff, 0xff, 0xff, 0xff, 0xff, 0xff, 0xff, 0xff, 0xff, 0xff
.byte 0xff, 0xff, 0xff, 0xff, 0xff, 0xff, 0xff, 0xff, 0xff, 0xff, 0xff, 0xff, 0xff, 0xff, 0xff, 0xff
.byte 0xff, 0xff, 0xff, 0xff, 0xff, 0xff, 0xff, 0xff, 0xff, 0xff, 0xff, 0xff, 0xff, 0xff, 0xff, 0xff
.byte 0xff, 0xff, 0xff, 0xff, 0xff, 0xff, 0xff, 0xff, 0xff, 0xff, 0xff, 0xff, 0xff, 0xff, 0xff, 0xff
.byte 0xff, 0xff, 0xff, 0xff, 0xff, 0xff, 0xff, 0xff, 0xff, 0xff, 0xff, 0xff, 0x1b, 0xe7, 0x8f, 0xa4
.byte 0xaa, 0x9b, 0x69, 0x93, 0x2b, 0xac, 0x6c, 0xb4, 0x69, 0x8b, 0x29, 0x83, 0xaa, 0x93, 0xe8, 0x72
.byte 0x09, 0x83, 0x08, 0x7b, 0xe8, 0x7a, 0x09, 0x83, 0x29, 0x83, 0x29, 0x83, 0xe8, 0x7a, 0xc7, 0x7a
.byte 0x08, 0x7b, 0x08, 0x83, 0x29, 0x83, 0x49, 0x8b, 0x49, 0x8b, 0x49, 0x8b, 0x69, 0x8b, 0xca, 0x9b
.byte 0xca, 0x9b, 0x8a, 0x93, 0x69, 0x8b, 0x89, 0x93, 0xcb, 0x9b, 0x2c, 0xa4, 0x6c, 0xac, 0x4c, 0xac
.byte 0xeb, 0x9b, 0x89, 0x93, 0x48, 0x8b, 0x08, 0x83, 0x28, 0x83, 0x69, 0x8b, 0xca, 0x9b, 0x2b, 0xac
.byte 0x8c, 0xb4, 0xcd, 0xbc, 0xed, 0xbc, 0xcd, 0xbc, 0xcd, 0xbc, 0x8c, 0xbc, 0x6c, 0xb4, 0x6c, 0xb4
.byte 0x89, 0x93, 0xea, 0x6a, 0x38, 0xc6, 0xff, 0xff, 0xff, 0xff, 0xff, 0xff, 0xff, 0xff, 0xff, 0xff
.byte 0xff, 0xff, 0xff, 0xff, 0xff, 0xff, 0xff, 0xff, 0xff, 0xff, 0xff, 0xff, 0xff, 0xff, 0xff, 0xff
.byte 0xff, 0xff, 0xff, 0xff, 0xff, 0xff, 0xff, 0xff, 0xff, 0xff, 0xff, 0xff, 0xff, 0xff, 0xff, 0xff
.byte 0xff, 0xff, 0xff, 0xff, 0xff, 0xff, 0xff, 0xff, 0xff, 0xff, 0xff, 0xff, 0xff, 0xff, 0xff, 0xff
.byte 0xff, 0xff, 0xff, 0xff, 0xff, 0xff, 0xff, 0xff, 0xff, 0xff, 0xff, 0xff, 0xff, 0xff, 0xff, 0xff
.byte 0xff, 0xff, 0xff, 0xff, 0xff, 0xff, 0xff, 0xff, 0xff, 0xff, 0xff, 0xff, 0xff, 0xff, 0x9e, 0xf7
.byte 0x79, 0xd6, 0xd5, 0xc5, 0xcb, 0x9b, 0x8d, 0xbc, 0x0b, 0xa4, 0xaa, 0x9b, 0x8d, 0xb4, 0xcb, 0x9b
.byte 0x08, 0x7b, 0x6a, 0x8b, 0xc8, 0x72, 0xa7, 0x6a, 0xa7, 0x72, 0xa7, 0x72, 0x66, 0x62, 0x86, 0x6a
.byte 0xa7, 0x72, 0xa7, 0x72, 0xe7, 0x7a, 0xe8, 0x7a, 0x49, 0x8b, 0x69, 0x8b, 0x28, 0x83, 0x08, 0x83
.byte 0x29, 0x83, 0x49, 0x8b, 0x69, 0x8b, 0x69, 0x8b, 0x8a, 0x93, 0xeb, 0xa3, 0x2c, 0xa4, 0x2c, 0xa4
.byte 0xeb, 0x9b, 0x89, 0x8b, 0x28, 0x83, 0x08, 0x83, 0x49, 0x83, 0x89, 0x93, 0xea, 0xa3, 0x4c, 0xac
.byte 0xad, 0xbc, 0xcd, 0xbc, 0xce, 0xbc, 0xad, 0xb4, 0x8c, 0xb4, 0x6c, 0xac, 0x2b, 0xac, 0x0b, 0xa4
.byte 0xea, 0x9b, 0x8a, 0x93, 0x49, 0x8b, 0x49, 0x8b, 0xc7, 0x7a, 0x68, 0x52, 0x75, 0xad, 0xff, 0xff
.byte 0xff, 0xff, 0xff, 0xff, 0xff, 0xff, 0xff, 0xff, 0xff, 0xff, 0xff, 0xff, 0xff, 0xff, 0xff, 0xff
.byte 0xff, 0xff, 0xff, 0xff, 0xff, 0xff, 0xff, 0xff, 0xff, 0xff, 0xff, 0xff, 0xff, 0xff, 0xff, 0xff
.byte 0xff, 0xff, 0xff, 0xff, 0xff, 0xff, 0xff, 0xff, 0xff, 0xff, 0xff, 0xff, 0xff, 0xff, 0xff, 0xff
.byte 0xff, 0xff, 0xff, 0xff, 0xff, 0xff, 0xff, 0xff, 0xff, 0xff, 0xff, 0xff, 0xff, 0xff, 0xff, 0xff
.byte 0xff, 0xff, 0xff, 0xff, 0xff, 0xff, 0xff, 0xff, 0xff, 0xff, 0xff, 0xff, 0xff, 0xff, 0xff, 0xff
.byte 0xff, 0xff, 0xff, 0xff, 0xdb, 0xde, 0x2f, 0x94, 0x08, 0x83, 0x4c, 0xb4, 0x6c, 0xb4, 0x4b, 0xb4
.byte 0x69, 0x93, 0x2c, 0xac, 0x4c, 0xac, 0x28, 0x83, 0x29, 0x83, 0xa7, 0x6a, 0x46, 0x62, 0xa7, 0x72
.byte 0x66, 0x6a, 0x87, 0x6a, 0x46, 0x62, 0x66, 0x6a, 0xa7, 0x72, 0xc7, 0x72, 0xe8, 0x7a, 0xa7, 0x72
.byte 0xe8, 0x7a, 0x28, 0x83, 0x08, 0x83, 0x28, 0x83, 0x49, 0x83, 0x69, 0x8b, 0xaa, 0x93, 0xaa, 0x93
.byte 0xaa, 0x93, 0x8a, 0x93, 0x69, 0x8b, 0x8a, 0x93, 0xca, 0x9b, 0xeb, 0x9b, 0x0b, 0xa4, 0x4c, 0xac
.byte 0x6c, 0xac, 0x4c, 0xac, 0x0b, 0xac, 0xeb, 0xa3, 0xaa, 0x93, 0x69, 0x8b, 0x48, 0x8b, 0x28, 0x83
.byte 0x48, 0x83, 0x49, 0x8b, 0x89, 0x93, 0xaa, 0x93, 0xca, 0x9b, 0xeb, 0x9b, 0xeb, 0xa3, 0x4c, 0xac
.byte 0x89, 0x93, 0xad, 0x7b, 0x3c, 0xe7, 0xff, 0xff, 0xff, 0xff, 0xff, 0xff, 0xff, 0xff, 0xff, 0xff
.byte 0xff, 0xff, 0xff, 0xff, 0xff, 0xff, 0xff, 0xff, 0xff, 0xff, 0xff, 0xff, 0xff, 0xff, 0xff, 0xff
.byte 0xff, 0xff, 0xff, 0xff, 0xff, 0xff, 0xff, 0xff, 0xff, 0xff, 0xff, 0xff, 0xff, 0xff, 0xff, 0xff
.byte 0xff, 0xff, 0xff, 0xff, 0xff, 0xff, 0xff, 0xff, 0xff, 0xff, 0xff, 0xff, 0xff, 0xff, 0xff, 0xff
.byte 0xff, 0xff, 0xff, 0xff, 0xff, 0xff, 0xff, 0xff, 0xff, 0xff, 0xff, 0xff, 0xff, 0xff, 0xff, 0xff
.byte 0xff, 0xff, 0xff, 0xff, 0xff, 0xff, 0xff, 0xff, 0xff, 0xff, 0x17, 0xce, 0x2d, 0x9c, 0x49, 0x8b
.byte 0x89, 0x93, 0x0b, 0xac, 0x4b, 0xb4, 0x2b, 0xac, 0x49, 0x8b, 0xab, 0x9b, 0x28, 0x83, 0xc7, 0x7a
.byte 0xe8, 0x82, 0xa7, 0x72, 0xa7, 0x6a, 0x08, 0x83, 0xc7, 0x72, 0xc7, 0x72, 0xe8, 0x7a, 0xc7, 0x72
.byte 0x49, 0x8b, 0x08, 0x7b, 0xc7, 0x72, 0xa7, 0x72, 0xa7, 0x72, 0xc7, 0x72, 0x29, 0x83, 0x69, 0x8b
.byte 0xaa, 0x93, 0xaa, 0x93, 0x8a, 0x93, 0x69, 0x8b, 0x6a, 0x93, 0xaa, 0x93, 0xcb, 0x9b, 0xeb, 0x9b
.byte 0xeb, 0x9b, 0xca, 0x9b, 0x8a, 0x93, 0x69, 0x8b, 0x29, 0x83, 0x08, 0x83, 0x08, 0x83, 0x28, 0x83
.byte 0x49, 0x83, 0x49, 0x8b, 0x89, 0x93, 0xea, 0x9b, 0x2b, 0xa4, 0x4c, 0xac, 0x8d, 0xb4, 0xcd, 0xbc
.byte 0xed, 0xbc, 0xcd, 0xbc, 0xcd, 0xc4, 0xcd, 0xbc, 0xaa, 0x93, 0x91, 0x94, 0xde, 0xf7, 0xff, 0xff
.byte 0xff, 0xff, 0xff, 0xff, 0xff, 0xff, 0xff, 0xff, 0xff, 0xff, 0xff, 0xff, 0xff, 0xff, 0xff, 0xff
.byte 0xff, 0xff, 0xff, 0xff, 0xff, 0xff, 0xff, 0xff, 0xff, 0xff, 0xff, 0xff, 0xff, 0xff, 0xff, 0xff
.byte 0xff, 0xff, 0xff, 0xff, 0xff, 0xff, 0xff, 0xff, 0xff, 0xff, 0xff, 0xff, 0xff, 0xff, 0xff, 0xff
.byte 0xff, 0xff, 0xff, 0xff, 0xff, 0xff, 0xff, 0xff, 0xff, 0xff, 0xff, 0xff, 0xff, 0xff, 0xff, 0xff
.byte 0xff, 0xff, 0xff, 0xff, 0xff, 0xff, 0xff, 0xff, 0xff, 0xff, 0xff, 0xff, 0xff, 0xff, 0xfb, 0xde
.byte 0xb0, 0xa4, 0xeb, 0x9b, 0x8c, 0xbc, 0x4c, 0xb4, 0xe8, 0x7a, 0x08, 0x83, 0x2b, 0xac, 0xca, 0x9b
.byte 0xa7, 0x72, 0x86, 0x6a, 0xa7, 0x72, 0xa7, 0x72, 0xc7, 0x7a, 0xa7, 0x72, 0x87, 0x6a, 0xe8, 0x7a
.byte 0xe8, 0x7a, 0xe8, 0x7a, 0xe8, 0x7a, 0xc7, 0x7a, 0x49, 0x8b, 0xe7, 0x7a, 0x08, 0x7b, 0xe8, 0x7a
.byte 0xe7, 0x7a, 0x08, 0x83, 0xaa, 0x93, 0xaa, 0x9b, 0x89, 0x93, 0x8a, 0x93, 0x8a, 0x93, 0x69, 0x8b
.byte 0x49, 0x8b, 0x28, 0x83, 0x28, 0x83, 0x28, 0x83, 0x28, 0x8b, 0x69, 0x93, 0xaa, 0x9b, 0xeb, 0xa3
.byte 0x0b, 0xa4, 0x4c, 0xac, 0x6c, 0xb4, 0xad, 0xbc, 0xcd, 0xbc, 0xcd, 0xbc, 0xcd, 0xbc, 0xcd, 0xbc
.byte 0xcd, 0xbc, 0xcd, 0xbc, 0xad, 0xbc, 0xad, 0xbc, 0xad, 0xbc, 0xac, 0xb4, 0xac, 0xb4, 0x8c, 0xb4
.byte 0x49, 0x83, 0xd2, 0x9c, 0xff, 0xff, 0xff, 0xff, 0xff, 0xff, 0xff, 0xff, 0xff, 0xff, 0xff, 0xff
.byte 0xff, 0xff, 0xff, 0xff, 0xff, 0xff, 0xff, 0xff, 0xff, 0xff, 0xff, 0xff, 0xff, 0xff, 0xff, 0xff
.byte 0xff, 0xff, 0xff, 0xff, 0xff, 0xff, 0xff, 0xff, 0xff, 0xff, 0xff, 0xff, 0xff, 0xff, 0xff, 0xff
.byte 0xff, 0xff, 0xff, 0xff, 0xff, 0xff, 0xff, 0xff, 0xff, 0xff, 0xff, 0xff, 0xff, 0xff, 0xff, 0xff
.byte 0xff, 0xff, 0xff, 0xff, 0xff, 0xff, 0xff, 0xff, 0xff, 0xff, 0xff, 0xff, 0xff, 0xff, 0xff, 0xff
.byte 0xff, 0xff, 0xff, 0xff, 0xfb, 0xe6, 0x6e, 0xa4, 0x6c, 0xb4, 0xcd, 0xc4, 0x8c, 0xb4, 0x8c, 0xbc
.byte 0x2b, 0xac, 0xc7, 0x7a, 0xe8, 0x7a, 0x49, 0x83, 0x46, 0x62, 0x05, 0x5a, 0x26, 0x5a, 0x26, 0x5a
.byte 0x87, 0x6a, 0xa7, 0x72, 0x87, 0x6a, 0xe7, 0x7a, 0xe7, 0x82, 0xc7, 0x7a, 0xa6, 0x6a, 0x66, 0x6a
.byte 0x87, 0x6a, 0x25, 0x5a, 0x86, 0x6a, 0x66, 0x62, 0x46, 0x62, 0xa7, 0x72, 0xaa, 0x93, 0x0b, 0xac
.byte 0xeb, 0xa3, 0xaa, 0x9b, 0xaa, 0x9b, 0xaa, 0x9b, 0xca, 0x9b, 0xeb, 0xa3, 0x0c, 0xa4, 0x2c, 0xa4
.byte 0x2c, 0xac, 0x2c, 0xac, 0x2c, 0xac, 0x2c, 0xac, 0x2c, 0xac, 0x2b, 0xac, 0x0b, 0xa4, 0xeb, 0xa3
.byte 0xca, 0x9b, 0xa9, 0x93, 0xaa, 0x93, 0x0d, 0x8c, 0xcc, 0x8b, 0x69, 0x8b, 0x69, 0x8b, 0x69, 0x8b
.byte 0x69, 0x93, 0x69, 0x93, 0x89, 0x93, 0x8a, 0x93, 0x46, 0x5a, 0x0f, 0x84, 0x9e, 0xf7, 0xff, 0xff
.byte 0xff, 0xff, 0xff, 0xff, 0xff, 0xff, 0xff, 0xff, 0xff, 0xff, 0xff, 0xff, 0xff, 0xff, 0xff, 0xff
.byte 0xff, 0xff, 0xff, 0xff, 0xff, 0xff, 0xff, 0xff, 0xff, 0xff, 0xff, 0xff, 0xff, 0xff, 0xff, 0xff
.byte 0xff, 0xff, 0xff, 0xff, 0xff, 0xff, 0xff, 0xff, 0xff, 0xff, 0xff, 0xff, 0xff, 0xff, 0xff, 0xff
.byte 0xff, 0xff, 0xff, 0xff, 0xff, 0xff, 0xff, 0xff, 0xff, 0xff, 0xff, 0xff, 0xff, 0xff, 0xff, 0xff
.byte 0xff, 0xff, 0xff, 0xff, 0xff, 0xff, 0xff, 0xff, 0x9e, 0xf7, 0xd2, 0xa4, 0x0c, 0xa4, 0x2b, 0xac
.byte 0x0b, 0xac, 0xcb, 0xa3, 0xeb, 0xa3, 0xeb, 0xa3, 0xea, 0xa3, 0xe8, 0x82, 0x66, 0x6a, 0x09, 0x7b
.byte 0x05, 0x52, 0x64, 0x39, 0xa4, 0x49, 0x25, 0x5a, 0x46, 0x62, 0xa7, 0x72, 0xa7, 0x72, 0x87, 0x6a
.byte 0x25, 0x5a, 0xa4, 0x49, 0x84, 0x39, 0x64, 0x39, 0x64, 0x31, 0x64, 0x31, 0x84, 0x39, 0xa4, 0x39
.byte 0xa4, 0x39, 0xa4, 0x39, 0xe5, 0x49, 0xa7, 0x6a, 0x29, 0x83, 0x8a, 0x93, 0x8a, 0x93, 0x49, 0x8b
.byte 0x29, 0x8b, 0x29, 0x8b, 0x29, 0x83, 0x08, 0x83, 0x08, 0x83, 0x08, 0x7b, 0x08, 0x83, 0x28, 0x83
.byte 0x49, 0x8b, 0x69, 0x93, 0x8a, 0x93, 0x8a, 0x93, 0xaa, 0x93, 0x89, 0x93, 0x8a, 0x83, 0xb3, 0x84
.byte 0x10, 0x74, 0x8a, 0x8b, 0xaa, 0x9b, 0xaa, 0x9b, 0xcb, 0x9b, 0xeb, 0xa3, 0x2b, 0xac, 0x69, 0x8b
.byte 0xea, 0x62, 0x79, 0xce, 0xbe, 0xf7, 0xff, 0xff, 0xff, 0xff, 0xff, 0xff, 0xff, 0xff, 0xff, 0xff
.byte 0xff, 0xff, 0xff, 0xff, 0xff, 0xff, 0xff, 0xff, 0xff, 0xff, 0xff, 0xff, 0xff, 0xff, 0xff, 0xff
.byte 0xff, 0xff, 0xff, 0xff, 0xff, 0xff, 0xff, 0xff, 0xff, 0xff, 0xff, 0xff, 0xff, 0xff, 0xff, 0xff
.byte 0xff, 0xff, 0xff, 0xff, 0xff, 0xff, 0xff, 0xff, 0xff, 0xff, 0x7b, 0xc6, 0x1d, 0xd7, 0xdf, 0xff
.byte 0xff, 0xff, 0xff, 0xff, 0xff, 0xff, 0xff, 0xff, 0xff, 0xff, 0xff, 0xff, 0xff, 0xff, 0xfb, 0xe6
.byte 0xab, 0x8b, 0x49, 0x8b, 0x89, 0x93, 0x69, 0x93, 0x49, 0x8b, 0x49, 0x8b, 0xe8, 0x7a, 0xa7, 0x72
.byte 0xe8, 0x7a, 0x87, 0x6a, 0x26, 0x62, 0x06, 0x5a, 0x43, 0x31, 0x44, 0x39, 0xc5, 0x49, 0x66, 0x62
.byte 0x87, 0x72, 0x46, 0x62, 0xa4, 0x41, 0x64, 0x31, 0x64, 0x39, 0xa5, 0x41, 0xc6, 0x41, 0xa5, 0x39
.byte 0x85, 0x31, 0xa5, 0x39, 0xa6, 0x39, 0xe6, 0x41, 0x06, 0x4a, 0xe6, 0x41, 0xa5, 0x39, 0x64, 0x31
.byte 0x23, 0x29, 0x84, 0x39, 0xc8, 0x72, 0x0b, 0xa4, 0x0c, 0xa4, 0x0b, 0xa4, 0x0b, 0xa4, 0x0b, 0xa4
.byte 0x2c, 0xa4, 0x4c, 0xac, 0x4c, 0xac, 0x6c, 0xb4, 0x6c, 0xb4, 0x8d, 0xb4, 0x8d, 0xb4, 0x8d, 0xb4
.byte 0x8d, 0xb4, 0x8c, 0xbc, 0x6e, 0xa4, 0xd9, 0xa5, 0x36, 0x95, 0x8d, 0xac, 0x8c, 0xb4, 0x8d, 0xb4
.byte 0x8d, 0xb4, 0x8d, 0xbc, 0x6c, 0xb4, 0x08, 0x7b, 0x71, 0x94, 0xff, 0xff, 0xff, 0xff, 0xff, 0xff
.byte 0xff, 0xff, 0xff, 0xff, 0xff, 0xff, 0xff, 0xff, 0xff, 0xff, 0xff, 0xff, 0xff, 0xff, 0xff, 0xff
.byte 0xff, 0xff, 0xff, 0xff, 0xff, 0xff, 0xff, 0xff, 0xff, 0xff, 0xff, 0xff, 0xff, 0xff, 0xff, 0xff
.byte 0xff, 0xff, 0xff, 0xff, 0xff, 0xff, 0xff, 0xff, 0xff, 0xff, 0xff, 0xff, 0xff, 0xff, 0xff, 0xff
.byte 0xff, 0xff, 0x7b, 0xbe, 0x1e, 0xd7, 0x9e, 0xf7, 0xff, 0xff, 0xff, 0xff, 0xff, 0xff, 0xff, 0xff
.byte 0xff, 0xff, 0xbe, 0xf7, 0xda, 0xe6, 0x6d, 0xac, 0xcd, 0xc4, 0xad, 0xbc, 0x6c, 0xb4, 0x2c, 0xac
.byte 0x2b, 0xac, 0xeb, 0xa3, 0x08, 0x83, 0x67, 0x6a, 0x67, 0x6a, 0x46, 0x62, 0xe5, 0x51, 0x06, 0x52
.byte 0xe5, 0x51, 0x84, 0x41, 0x26, 0x5a, 0x87, 0x6a, 0xa4, 0x49, 0x23, 0x29, 0x64, 0x31, 0xa5, 0x39
.byte 0xe6, 0x41, 0xe6, 0x49, 0xe6, 0x49, 0xe6, 0x49, 0xe6, 0x49, 0xe6, 0x49, 0xc6, 0x41, 0xa6, 0x41
.byte 0xc6, 0x41, 0xa6, 0x41, 0xa6, 0x41, 0xa6, 0x39, 0x85, 0x39, 0x44, 0x31, 0x44, 0x29, 0x87, 0x62
.byte 0x0b, 0x9c, 0x0b, 0xa4, 0xeb, 0xa3, 0xeb, 0xa3, 0xeb, 0xa3, 0x0b, 0xa4, 0xeb, 0xa3, 0xeb, 0xa3
.byte 0xeb, 0xa3, 0x0b, 0xa4, 0x0b, 0xa4, 0x2b, 0xa4, 0x2c, 0xac, 0x4c, 0xac, 0x70, 0x94, 0x7c, 0xb6
.byte 0xd9, 0xad, 0x6e, 0xa4, 0x4c, 0xb4, 0x4c, 0xac, 0x4c, 0xac, 0x6c, 0xb4, 0x89, 0x9b, 0xa8, 0x62
.byte 0x18, 0xc6, 0xff, 0xff, 0xff, 0xff, 0xff, 0xff, 0xff, 0xff, 0xff, 0xff, 0xff, 0xff, 0xff, 0xff
.byte 0xff, 0xff, 0xff, 0xff, 0xff, 0xff, 0xff, 0xff, 0xff, 0xff, 0xff, 0xff, 0xff, 0xff, 0xff, 0xff
.byte 0xff, 0xff, 0xff, 0xff, 0xff, 0xff, 0xff, 0xff, 0xff, 0xff, 0xff, 0xff, 0xff, 0xff, 0xff, 0xff
.byte 0xff, 0xff, 0xff, 0xff, 0xff, 0xff, 0xff, 0xff, 0xff, 0xff, 0x3a, 0xb6, 0xdc, 0xce, 0xbe, 0xf7
.byte 0xff, 0xff, 0xff, 0xff, 0xff, 0xff, 0xff, 0xff, 0xfb, 0xe6, 0x6f, 0x9c, 0x6d, 0xb4, 0x8d, 0xbc
.byte 0x2b, 0xac, 0xca, 0x9b, 0x49, 0x8b, 0x28, 0x83, 0xc7, 0x72, 0x87, 0x72, 0xa7, 0x72, 0x66, 0x62
.byte 0x46, 0x62, 0x46, 0x62, 0x26, 0x5a, 0x05, 0x5a, 0x67, 0x62, 0x06, 0x52, 0x06, 0x52, 0xa5, 0x39
.byte 0x44, 0x29, 0xa5, 0x39, 0xe6, 0x49, 0xe6, 0x49, 0xe6, 0x49, 0xc6, 0x49, 0xe6, 0x49, 0xe6, 0x49
.byte 0xc6, 0x49, 0xc6, 0x41, 0xa5, 0x41, 0xa5, 0x41, 0xa5, 0x39, 0x85, 0x39, 0x85, 0x39, 0xa5, 0x41
.byte 0xa5, 0x41, 0xa5, 0x41, 0xa5, 0x39, 0x44, 0x29, 0x64, 0x39, 0xc7, 0x72, 0x69, 0x93, 0x28, 0x8b
.byte 0x28, 0x83, 0x08, 0x83, 0xe8, 0x7a, 0xc8, 0x7a, 0xc7, 0x7a, 0xc7, 0x7a, 0xe8, 0x7a, 0xe8, 0x7a
.byte 0x08, 0x83, 0x08, 0x83, 0xac, 0x7b, 0x97, 0x9d, 0xf4, 0x94, 0x4a, 0x83, 0x08, 0x83, 0x08, 0x83
.byte 0x08, 0x83, 0x08, 0x83, 0xa4, 0x51, 0xaa, 0x52, 0x1c, 0xe7, 0xff, 0xff, 0xff, 0xff, 0xff, 0xff
.byte 0xff, 0xff, 0xff, 0xff, 0xff, 0xff, 0xff, 0xff, 0xff, 0xff, 0xff, 0xff, 0xff, 0xff, 0xff, 0xff
.byte 0xff, 0xff, 0xff, 0xff, 0xff, 0xff, 0xff, 0xff, 0xff, 0xff, 0xff, 0xff, 0xff, 0xff, 0xff, 0xff
.byte 0xff, 0xff, 0xff, 0xff, 0xff, 0xff, 0xff, 0xff, 0xff, 0xff, 0xff, 0xff, 0xff, 0xff, 0xff, 0xff
.byte 0xff, 0xff, 0x5d, 0xef, 0x7d, 0xef, 0xff, 0xff, 0xff, 0xff, 0xff, 0xff, 0xff, 0xff, 0x79, 0xd6
.byte 0xe9, 0x72, 0xeb, 0xa3, 0xaa, 0x9b, 0x29, 0x8b, 0x08, 0x83, 0x08, 0x83, 0x29, 0x8b, 0x28, 0x8b
.byte 0xa7, 0x72, 0x66, 0x62, 0x67, 0x6a, 0x67, 0x6a, 0x46, 0x62, 0x26, 0x5a, 0x26, 0x5a, 0x46, 0x62
.byte 0x46, 0x62, 0x46, 0x5a, 0x44, 0x31, 0x65, 0x31, 0xe6, 0x49, 0x06, 0x52, 0xc6, 0x49, 0xc6, 0x49
.byte 0xc6, 0x49, 0xe6, 0x49, 0xe6, 0x41, 0xc6, 0x41, 0xc6, 0x49, 0xe6, 0x49, 0x06, 0x4a, 0xe6, 0x49
.byte 0xe6, 0x49, 0x65, 0x39, 0x65, 0x39, 0x85, 0x39, 0x84, 0x39, 0x44, 0x31, 0x64, 0x31, 0xc6, 0x41
.byte 0x85, 0x31, 0xe5, 0x49, 0x4c, 0xac, 0xee, 0xc4, 0xad, 0xbc, 0x8d, 0xb4, 0x6d, 0xb4, 0x6c, 0xb4
.byte 0x4c, 0xac, 0x2c, 0xac, 0x2c, 0xac, 0x2c, 0xac, 0x2c, 0xac, 0x0c, 0xac, 0x2c, 0xac, 0x2d, 0x9c
.byte 0x0c, 0x9c, 0xeb, 0xa3, 0xeb, 0xa3, 0xeb, 0xa3, 0xeb, 0xa3, 0xe7, 0x7a, 0x27, 0x52, 0x75, 0xad
.byte 0x7d, 0xef, 0xff, 0xff, 0xff, 0xff, 0xff, 0xff, 0xff, 0xff, 0xff, 0xff, 0xff, 0xff, 0xff, 0xff
.byte 0xff, 0xff, 0xff, 0xff, 0xff, 0xff, 0xff, 0xff, 0xff, 0xff, 0x9e, 0xef, 0xff, 0xff, 0xff, 0xff
.byte 0xff, 0xff, 0xff, 0xff, 0xff, 0xff, 0xff, 0xff, 0xff, 0xff, 0xff, 0xff, 0xff, 0xff, 0xff, 0xff
.byte 0xff, 0xff, 0xff, 0xff, 0xff, 0xff, 0xff, 0xff, 0xff, 0xff, 0xff, 0xff, 0xff, 0xff, 0xff, 0xff
.byte 0xff, 0xff, 0xff, 0xff, 0x38, 0xce, 0x46, 0x62, 0x49, 0x8b, 0x49, 0x8b, 0x69, 0x8b, 0xaa, 0x9b
.byte 0xca, 0x9b, 0x69, 0x93, 0xe7, 0x7a, 0x46, 0x62, 0x87, 0x6a, 0xe8, 0x7a, 0x87, 0x6a, 0x67, 0x6a
.byte 0x26, 0x62, 0x25, 0x5a, 0x46, 0x62, 0x87, 0x62, 0x46, 0x62, 0x44, 0x31, 0x65, 0x31, 0xe6, 0x49
.byte 0x47, 0x5a, 0x68, 0x62, 0x07, 0x52, 0xe6, 0x49, 0xc6, 0x41, 0xc6, 0x41, 0xe6, 0x49, 0xe6, 0x49
.byte 0x07, 0x52, 0x07, 0x52, 0xc6, 0x41, 0x85, 0x39, 0x85, 0x39, 0x65, 0x39, 0x4c, 0x83, 0x8c, 0x83
.byte 0xea, 0x6a, 0xa9, 0x62, 0x07, 0x4a, 0x85, 0x39, 0x44, 0x31, 0x44, 0x29, 0x26, 0x52, 0x2c, 0xa4
.byte 0x2c, 0xac, 0x2c, 0xac, 0x4c, 0xac, 0x6c, 0xb4, 0x8d, 0xb4, 0xad, 0xbc, 0xad, 0xbc, 0xad, 0xbc
.byte 0x8d, 0xbc, 0x6c, 0xb4, 0x4c, 0xb4, 0x2b, 0xb4, 0x4b, 0xb4, 0x6c, 0xb4, 0x6c, 0xb4, 0xad, 0xbc
.byte 0x4b, 0xb4, 0xa7, 0x6a, 0x75, 0xad, 0xff, 0xff, 0xff, 0xff, 0xff, 0xff, 0xff, 0xff, 0xff, 0xff
.byte 0xff, 0xff, 0xff, 0xff, 0xff, 0xff, 0xff, 0xff, 0xff, 0xff, 0xff, 0xff, 0xff, 0xff, 0xff, 0xff
.byte 0xff, 0xff, 0x19, 0xb6, 0x7d, 0xef, 0xff, 0xff, 0xff, 0xff, 0xff, 0xff, 0xff, 0xff, 0xff, 0xff
.byte 0xff, 0xff, 0xff, 0xff, 0xff, 0xff, 0xff, 0xff, 0xff, 0xff, 0xff, 0xff, 0xff, 0xff, 0xff, 0xff
.byte 0xff, 0xff, 0xff, 0xff, 0xff, 0xff, 0xff, 0xff, 0xff, 0xff, 0xf6, 0xc5, 0xa7, 0x72, 0xca, 0x9b
.byte 0x2c, 0xac, 0x2c, 0xac, 0x0b, 0xa4, 0x8a, 0x93, 0x08, 0x83, 0xc7, 0x7a, 0xc7, 0x72, 0xa7, 0x72
.byte 0x87, 0x72, 0x87, 0x6a, 0x87, 0x72, 0x87, 0x72, 0x67, 0x6a, 0x66, 0x62, 0x46, 0x62, 0x87, 0x6a
.byte 0xa5, 0x41, 0x44, 0x29, 0xe6, 0x41, 0xe6, 0x49, 0x06, 0x4a, 0x47, 0x5a, 0x68, 0x62, 0x47, 0x5a
.byte 0x07, 0x52, 0xe6, 0x49, 0xe6, 0x49, 0x07, 0x4a, 0xe6, 0x49, 0x65, 0x39, 0x64, 0x31, 0x28, 0x5a
.byte 0x6c, 0x83, 0xb1, 0xb4, 0x57, 0xee, 0xd8, 0xfe, 0x98, 0xf6, 0x77, 0xf6, 0x36, 0xe6, 0x12, 0xb5
.byte 0xca, 0x62, 0x24, 0x29, 0x03, 0x21, 0x05, 0x52, 0x69, 0x93, 0x28, 0x83, 0x29, 0x8b, 0x69, 0x8b
.byte 0x89, 0x93, 0x89, 0x93, 0xaa, 0x9b, 0xca, 0x9b, 0xeb, 0xa3, 0x0b, 0xa4, 0x0b, 0xac, 0x2b, 0xac
.byte 0x4c, 0xb4, 0x6c, 0xb4, 0x8c, 0xb4, 0xac, 0xbc, 0x28, 0x83, 0x0f, 0x8c, 0x9e, 0xf7, 0xff, 0xff
.byte 0xff, 0xff, 0xff, 0xff, 0xff, 0xff, 0xff, 0xff, 0xff, 0xff, 0xff, 0xff, 0xff, 0xff, 0xff, 0xff
.byte 0xff, 0xff, 0xff, 0xff, 0xff, 0xff, 0xff, 0xff, 0xff, 0xff, 0x1a, 0xae, 0x3d, 0xdf, 0xff, 0xff
.byte 0xff, 0xff, 0xff, 0xff, 0xff, 0xff, 0xff, 0xff, 0xff, 0xff, 0xff, 0xff, 0xff, 0xff, 0xff, 0xff
.byte 0xff, 0xff, 0xff, 0xff, 0xff, 0xff, 0xff, 0xff, 0xff, 0xff, 0xff, 0xff, 0xff, 0xff, 0xff, 0xff
.byte 0xd5, 0xc5, 0xeb, 0x9b, 0xad, 0xbc, 0x6c, 0xb4, 0xcb, 0x9b, 0x69, 0x8b, 0x28, 0x8b, 0x08, 0x83
.byte 0x08, 0x83, 0x87, 0x72, 0x66, 0x6a, 0xa7, 0x72, 0x67, 0x6a, 0x46, 0x62, 0x87, 0x6a, 0xa7, 0x72
.byte 0xc8, 0x72, 0xc8, 0x72, 0x87, 0x6a, 0x26, 0x5a, 0x23, 0x29, 0xa5, 0x39, 0xe6, 0x49, 0xe6, 0x41
.byte 0xc6, 0x41, 0xe6, 0x49, 0x27, 0x52, 0x48, 0x5a, 0x89, 0x62, 0x88, 0x62, 0x27, 0x52, 0xc6, 0x41
.byte 0x24, 0x29, 0xe6, 0x49, 0x0e, 0x9c, 0xf5, 0xdd, 0xd8, 0xfe, 0x19, 0xff, 0xd8, 0xfe, 0xb8, 0xfe
.byte 0xb8, 0xfe, 0xd8, 0xfe, 0x19, 0xff, 0x5a, 0xff, 0xb8, 0xf6, 0xae, 0x8b, 0x04, 0x29, 0x64, 0x39
.byte 0x0b, 0xa4, 0x6c, 0xb4, 0x0b, 0xa4, 0xca, 0x9b, 0x89, 0x93, 0x28, 0x8b, 0xe8, 0x7a, 0xc7, 0x7a
.byte 0xc7, 0x72, 0xc8, 0x7a, 0xe8, 0x82, 0x28, 0x8b, 0x69, 0x93, 0x89, 0x93, 0x0b, 0xa4, 0x89, 0x93
.byte 0xea, 0x6a, 0xfb, 0xde, 0xff, 0xff, 0xff, 0xff, 0xff, 0xff, 0xff, 0xff, 0xff, 0xff, 0xff, 0xff
.byte 0xff, 0xff, 0xff, 0xff, 0xff, 0xff, 0xff, 0xff, 0xff, 0xff, 0xff, 0xff, 0xff, 0xff, 0xff, 0xff
.byte 0xdf, 0xff, 0xf9, 0xb5, 0x3d, 0xdf, 0xff, 0xff, 0xff, 0xff, 0xff, 0xff, 0xff, 0xff, 0xff, 0xff
.byte 0xff, 0xff, 0xff, 0xff, 0xff, 0xff, 0xff, 0xff, 0xff, 0xff, 0xff, 0xff, 0xff, 0xff, 0xff, 0xff
.byte 0xff, 0xff, 0xff, 0xff, 0xff, 0xff, 0x37, 0xd6, 0x8d, 0xb4, 0xad, 0xbc, 0xaa, 0x93, 0x28, 0x83
.byte 0x29, 0x83, 0x29, 0x8b, 0x29, 0x8b, 0x28, 0x8b, 0xc7, 0x7a, 0x87, 0x72, 0x87, 0x72, 0x87, 0x72
.byte 0x87, 0x6a, 0xa7, 0x72, 0xa7, 0x72, 0x67, 0x6a, 0x66, 0x6a, 0xa7, 0x72, 0x08, 0x7b, 0xe5, 0x49
.byte 0x44, 0x31, 0xc6, 0x41, 0xe6, 0x49, 0xe6, 0x49, 0xe6, 0x49, 0xe6, 0x49, 0xc6, 0x41, 0x07, 0x52
.byte 0x48, 0x5a, 0x68, 0x5a, 0xc6, 0x49, 0x44, 0x31, 0x0a, 0x73, 0xb4, 0xcd, 0x19, 0xff, 0x19, 0xff
.byte 0xb8, 0xfe, 0x97, 0xf6, 0x97, 0xf6, 0x97, 0xf6, 0x97, 0xf6, 0xb8, 0xf6, 0x97, 0xf6, 0x97, 0xf6
.byte 0x19, 0xff, 0xf9, 0xfe, 0xad, 0x83, 0xe3, 0x20, 0x29, 0x7b, 0x0e, 0xcd, 0xad, 0xbc, 0x8c, 0xb4
.byte 0x6c, 0xb4, 0x4c, 0xb4, 0x2b, 0xac, 0xeb, 0xa3, 0xaa, 0x9b, 0x8a, 0x93, 0x69, 0x93, 0x49, 0x8b
.byte 0x28, 0x8b, 0x28, 0x8b, 0xc7, 0x7a, 0x84, 0x41, 0x71, 0x94, 0xff, 0xff, 0xff, 0xff, 0xff, 0xff
.byte 0xff, 0xff, 0xff, 0xff, 0xff, 0xff, 0xff, 0xff, 0xff, 0xff, 0xff, 0xff, 0xff, 0xff, 0xff, 0xff
.byte 0xff, 0xff, 0xff, 0xff, 0xff, 0xff, 0xff, 0xff, 0xff, 0xff, 0x5d, 0xef, 0xbe, 0xf7, 0xff, 0xff
.byte 0xff, 0xff, 0xff, 0xff, 0xff, 0xff, 0xff, 0xff, 0xff, 0xff, 0xff, 0xff, 0xff, 0xff, 0xff, 0xff
.byte 0xff, 0xff, 0xff, 0xff, 0xff, 0xff, 0xff, 0xff, 0xff, 0xff, 0xff, 0xff, 0xf6, 0xcd, 0x2c, 0xac
.byte 0x0b, 0xac, 0x69, 0x8b, 0xaa, 0x93, 0xcb, 0x9b, 0x49, 0x8b, 0x08, 0x83, 0xe8, 0x7a, 0xa7, 0x7a
.byte 0xc7, 0x7a, 0xa7, 0x72, 0xa7, 0x72, 0xa7, 0x72, 0xc7, 0x72, 0xa7, 0x72, 0xc7, 0x72, 0xa7, 0x6a
.byte 0x66, 0x62, 0x67, 0x62, 0x87, 0x6a, 0x64, 0x31, 0x85, 0x31, 0xe6, 0x41, 0xe6, 0x49, 0xe6, 0x49
.byte 0xe6, 0x49, 0xe6, 0x49, 0xe6, 0x49, 0xe6, 0x49, 0xe6, 0x49, 0xc6, 0x41, 0x44, 0x31, 0x6c, 0x83
.byte 0xb8, 0xf6, 0x3a, 0xff, 0xd8, 0xfe, 0x97, 0xf6, 0x98, 0xf6, 0x98, 0xf6, 0x98, 0xf6, 0x97, 0xf6
.byte 0x97, 0xf6, 0x97, 0xf6, 0x97, 0xf6, 0x98, 0xf6, 0xb8, 0xf6, 0x3a, 0xff, 0x98, 0xe6, 0x28, 0x52
.byte 0x84, 0x41, 0x2b, 0xac, 0x6c, 0xb4, 0x6c, 0xb4, 0x6c, 0xb4, 0x6c, 0xb4, 0x4c, 0xb4, 0x6c, 0xb4
.byte 0x6c, 0xb4, 0x8c, 0xb4, 0x8d, 0xb4, 0x6c, 0xb4, 0x4c, 0xac, 0xea, 0xa3, 0x05, 0x5a, 0x30, 0x84
.byte 0x3c, 0xe7, 0xff, 0xff, 0xff, 0xff, 0xff, 0xff, 0xff, 0xff, 0xff, 0xff, 0xff, 0xff, 0xff, 0xff
.byte 0xff, 0xff, 0xff, 0xff, 0xff, 0xff, 0xff, 0xff, 0xff, 0xff, 0xff, 0xff, 0xff, 0xff, 0xff, 0xff
.byte 0xff, 0xff, 0xff, 0xff, 0xff, 0xff, 0xff, 0xff, 0xff, 0xff, 0xff, 0xff, 0xff, 0xff, 0xff, 0xff
.byte 0xff, 0xff, 0xff, 0xff, 0xff, 0xff, 0xff, 0xff, 0xff, 0xff, 0xff, 0xff, 0xff, 0xff, 0xff, 0xff
.byte 0xff, 0xff, 0x13, 0xad, 0x29, 0x83, 0xca, 0xa3, 0xeb, 0xa3, 0x4c, 0xac, 0xeb, 0x9b, 0x69, 0x93
.byte 0x49, 0x8b, 0x28, 0x83, 0xe8, 0x7a, 0xa7, 0x72, 0x67, 0x6a, 0xc7, 0x72, 0xa7, 0x72, 0xa7, 0x72
.byte 0xc7, 0x72, 0xa7, 0x72, 0xa7, 0x6a, 0x87, 0x6a, 0x67, 0x6a, 0xa7, 0x6a, 0xe5, 0x51, 0x03, 0x29
.byte 0xa5, 0x39, 0xe6, 0x49, 0xc5, 0x41, 0xe6, 0x49, 0xe6, 0x49, 0xe6, 0x49, 0xe6, 0x49, 0x06, 0x4a
.byte 0xc6, 0x49, 0x64, 0x39, 0x0b, 0x7b, 0x97, 0xf6, 0x19, 0xff, 0x98, 0xfe, 0xb8, 0xf6, 0xb8, 0xf6
.byte 0xb8, 0xf6, 0xb8, 0xf6, 0xb8, 0xf6, 0xb8, 0xf6, 0x97, 0xf6, 0x97, 0xf6, 0xb7, 0xf6, 0xb7, 0xf6
.byte 0xb8, 0xf6, 0xd8, 0xfe, 0x3a, 0xff, 0xb1, 0xac, 0x03, 0x29, 0xa7, 0x72, 0x49, 0x8b, 0x28, 0x83
.byte 0x89, 0x93, 0x0b, 0xa4, 0x6c, 0xb4, 0x6c, 0xb4, 0x6c, 0xb4, 0x6b, 0xb4, 0x6c, 0xb4, 0x6c, 0xb4
.byte 0x8c, 0xb4, 0x86, 0x6a, 0xee, 0x7b, 0x7d, 0xef, 0xff, 0xff, 0xff, 0xff, 0xff, 0xff, 0xff, 0xff
.byte 0xff, 0xff, 0xff, 0xff, 0xff, 0xff, 0xff, 0xff, 0xff, 0xff, 0xff, 0xff, 0xff, 0xff, 0xff, 0xff
.byte 0xff, 0xff, 0xff, 0xff, 0xff, 0xff, 0xff, 0xff, 0xff, 0xff, 0xff, 0xff, 0xff, 0xff, 0xff, 0xff
.byte 0xff, 0xff, 0xff, 0xff, 0xff, 0xff, 0xff, 0xff, 0xff, 0xff, 0xff, 0xff, 0xff, 0xff, 0xff, 0xff
.byte 0xff, 0xff, 0xff, 0xff, 0xff, 0xff, 0xff, 0xff, 0xb1, 0x9c, 0xc7, 0x72, 0xea, 0xa3, 0x6c, 0xb4
.byte 0x2c, 0xa4, 0x69, 0x8b, 0x49, 0x8b, 0x8a, 0x93, 0x28, 0x83, 0x08, 0x83, 0xe8, 0x7a, 0xa7, 0x72
.byte 0x87, 0x72, 0xa7, 0x7a, 0xa7, 0x7a, 0xc7, 0x72, 0xa7, 0x72, 0xa7, 0x72, 0x66, 0x6a, 0x66, 0x6a
.byte 0x87, 0x6a, 0xa7, 0x72, 0xe5, 0x49, 0x23, 0x29, 0xa6, 0x41, 0xc5, 0x41, 0xa5, 0x41, 0xc6, 0x49
.byte 0xc6, 0x49, 0xe6, 0x49, 0x06, 0x4a, 0x07, 0x4a, 0x85, 0x39, 0xc6, 0x49, 0x53, 0xcd, 0x3a, 0xff
.byte 0x97, 0xfe, 0x98, 0xf6, 0x97, 0xf6, 0xb7, 0xf6, 0xb8, 0xf6, 0xb8, 0xf6, 0xb8, 0xf6, 0xb8, 0xf6
.byte 0xb8, 0xf6, 0xb8, 0xf6, 0xb8, 0xf6, 0x97, 0xf6, 0x56, 0xee, 0x56, 0xf6, 0xf8, 0xfe, 0x16, 0xde
.byte 0x07, 0x4a, 0xe7, 0x7a, 0x0b, 0xac, 0x8a, 0x93, 0x28, 0x8b, 0x08, 0x83, 0x28, 0x8b, 0x89, 0x93
.byte 0xeb, 0xa3, 0x2b, 0xac, 0x6c, 0xb4, 0xac, 0xbc, 0x07, 0x83, 0x6c, 0x6b, 0x1b, 0xdf, 0xff, 0xff
.byte 0xff, 0xff, 0xff, 0xff, 0xff, 0xff, 0xff, 0xff, 0xff, 0xff, 0xff, 0xff, 0xff, 0xff, 0xff, 0xff
.byte 0xff, 0xff, 0xff, 0xff, 0xff, 0xff, 0xff, 0xff, 0xff, 0xff, 0xff, 0xff, 0xff, 0xff, 0xff, 0xff
.byte 0xff, 0xff, 0xff, 0xff, 0xff, 0xff, 0xff, 0xff, 0xff, 0xff, 0xff, 0xff, 0xff, 0xff, 0xff, 0xff
.byte 0xff, 0xff, 0xff, 0xff, 0xff, 0xff, 0xff, 0xff, 0xff, 0xff, 0xff, 0xff, 0xdf, 0xff, 0x12, 0xad
.byte 0xca, 0x9b, 0x6c, 0xb4, 0x0b, 0xa4, 0x28, 0x83, 0xe8, 0x7a, 0xaa, 0x93, 0x8a, 0x93, 0x08, 0x83
.byte 0x49, 0x8b, 0x28, 0x83, 0x08, 0x83, 0xa7, 0x72, 0xc7, 0x7a, 0x28, 0x83, 0xe8, 0x7a, 0xc7, 0x72
.byte 0x87, 0x72, 0xa7, 0x72, 0xc7, 0x72, 0xc7, 0x72, 0xc7, 0x72, 0xc7, 0x7a, 0xe5, 0x49, 0x44, 0x29
.byte 0xa5, 0x39, 0x85, 0x39, 0xa5, 0x39, 0xa5, 0x39, 0xa5, 0x41, 0xe6, 0x49, 0x07, 0x52, 0xe6, 0x49
.byte 0x64, 0x31, 0x0b, 0x73, 0xd8, 0xf6, 0xf8, 0xfe, 0x98, 0xf6, 0x97, 0xf6, 0xb8, 0xfe, 0xb8, 0xfe
.byte 0xb8, 0xfe, 0xb8, 0xf6, 0xb8, 0xf6, 0xd8, 0xf6, 0xb8, 0xf6, 0xb8, 0xf6, 0xb8, 0xf6, 0x97, 0xf6
.byte 0x52, 0xcd, 0x4e, 0xac, 0xb0, 0xbc, 0xb1, 0xb4, 0x48, 0x5a, 0xe7, 0x7a, 0xac, 0xbc, 0x6c, 0xb4
.byte 0x4c, 0xb4, 0x2b, 0xac, 0xeb, 0xa3, 0x89, 0x93, 0x49, 0x8b, 0x49, 0x8b, 0x89, 0x93, 0xc6, 0x7a
.byte 0x27, 0x52, 0x79, 0xc6, 0xff, 0xff, 0xff, 0xff, 0xff, 0xff, 0xff, 0xff, 0xff, 0xff, 0xff, 0xff
.byte 0xff, 0xff, 0xff, 0xff, 0xff, 0xff, 0xff, 0xff, 0xff, 0xff, 0xff, 0xff, 0xff, 0xff, 0xff, 0xff
.byte 0xff, 0xff, 0xff, 0xff, 0xff, 0xff, 0xff, 0xff, 0xff, 0xff, 0xff, 0xff, 0xff, 0xff, 0xff, 0xff
.byte 0xff, 0xff, 0xff, 0xff, 0xff, 0xff, 0xff, 0xff, 0xff, 0xff, 0xff, 0xff, 0xff, 0xff, 0xff, 0xff
.byte 0xff, 0xff, 0xff, 0xff, 0x13, 0xad, 0x0c, 0xa4, 0xad, 0xbc, 0x69, 0x93, 0xe7, 0x7a, 0x49, 0x8b
.byte 0xca, 0x9b, 0x28, 0x83, 0xe8, 0x82, 0x49, 0x8b, 0x28, 0x83, 0x28, 0x8b, 0x28, 0x83, 0x08, 0x83
.byte 0xa7, 0x72, 0x87, 0x6a, 0x87, 0x6a, 0x66, 0x6a, 0xa7, 0x72, 0xc7, 0x72, 0xc7, 0x7a, 0xe7, 0x7a
.byte 0x08, 0x83, 0x28, 0x8b, 0x05, 0x52, 0x44, 0x29, 0xa5, 0x39, 0x64, 0x31, 0xa5, 0x39, 0x65, 0x39
.byte 0xc6, 0x41, 0xe6, 0x49, 0xe6, 0x49, 0xa5, 0x39, 0xa5, 0x39, 0x70, 0x9c, 0x5b, 0xff, 0xd8, 0xf6
.byte 0xd8, 0xfe, 0xd8, 0xfe, 0xd8, 0xfe, 0x77, 0xee, 0x52, 0xcd, 0x11, 0xc5, 0x77, 0xee, 0xf9, 0xfe
.byte 0xb8, 0xf6, 0xb8, 0xf6, 0xb8, 0xf6, 0xb8, 0xf6, 0x77, 0xf6, 0x15, 0xe6, 0x36, 0xee, 0xb5, 0xd5
.byte 0xca, 0x6a, 0xc7, 0x7a, 0x6c, 0xbc, 0x4b, 0xac, 0x4b, 0xb4, 0x6c, 0xb4, 0x6c, 0xb4, 0x6c, 0xb4
.byte 0x8c, 0xb4, 0x6c, 0xb4, 0x08, 0x83, 0x27, 0x52, 0xd2, 0x94, 0xdf, 0xff, 0xff, 0xff, 0xff, 0xff
.byte 0xff, 0xff, 0xff, 0xff, 0xff, 0xff, 0xff, 0xff, 0xff, 0xff, 0xff, 0xff, 0xff, 0xff, 0xff, 0xff
.byte 0xff, 0xff, 0xff, 0xff, 0xff, 0xff, 0xff, 0xff, 0xff, 0xff, 0xff, 0xff, 0xff, 0xff, 0xff, 0xff
.byte 0xff, 0xff, 0xff, 0xff, 0xff, 0xff, 0xff, 0xff, 0xff, 0xff, 0xff, 0xff, 0xff, 0xff, 0xff, 0xff
.byte 0xff, 0xff, 0xff, 0xff, 0xff, 0xff, 0xff, 0xff, 0xff, 0xff, 0xfb, 0xe6, 0x8f, 0xac, 0x0c, 0xac
.byte 0x28, 0x83, 0x69, 0x8b, 0x0b, 0xa4, 0xca, 0x9b, 0x08, 0x83, 0x28, 0x83, 0x28, 0x8b, 0x08, 0x83
.byte 0x49, 0x8b, 0xe7, 0x7a, 0xe7, 0x7a, 0x49, 0x8b, 0xe8, 0x7a, 0x66, 0x6a, 0x46, 0x62, 0x66, 0x6a
.byte 0x66, 0x6a, 0xa7, 0x72, 0xc7, 0x7a, 0xc7, 0x7a, 0xc7, 0x7a, 0x07, 0x83, 0x05, 0x52, 0x44, 0x31
.byte 0x85, 0x39, 0x64, 0x31, 0x85, 0x39, 0x65, 0x39, 0xc6, 0x41, 0xc6, 0x41, 0xa5, 0x41, 0x84, 0x31
.byte 0xe6, 0x41, 0x94, 0xcd, 0x3a, 0xff, 0xd8, 0xf6, 0xd8, 0xf6, 0x77, 0xe6, 0x53, 0xc5, 0x4f, 0xa4
.byte 0x4e, 0xa4, 0xb3, 0xd5, 0xb8, 0xfe, 0xb8, 0xfe, 0xb8, 0xf6, 0xb8, 0xf6, 0xb8, 0xf6, 0xb8, 0xf6
.byte 0xf9, 0xfe, 0xd8, 0xfe, 0x77, 0xe6, 0x16, 0xd6, 0x2b, 0x73, 0xa6, 0x72, 0x2b, 0xac, 0x2b, 0xac
.byte 0x4b, 0xac, 0x4b, 0xac, 0x4b, 0xac, 0x8c, 0xb4, 0x8c, 0xbc, 0x48, 0x8b, 0x8c, 0x7b, 0x59, 0xce
.byte 0xff, 0xff, 0xff, 0xff, 0xff, 0xff, 0xff, 0xff, 0xff, 0xff, 0xff, 0xff, 0xff, 0xff, 0xff, 0xff
.byte 0xff, 0xff, 0xff, 0xff, 0xff, 0xff, 0xff, 0xff, 0xff, 0xff, 0xff, 0xff, 0xff, 0xff, 0xff, 0xff
.byte 0xff, 0xff, 0xff, 0xff, 0xff, 0xff, 0xff, 0xff, 0xff, 0xff, 0xff, 0xff, 0xff, 0xff, 0xff, 0xff
.byte 0xff, 0xff, 0xff, 0xff, 0xff, 0xff, 0xff, 0xff, 0xff, 0xff, 0xff, 0xff, 0xff, 0xff, 0xff, 0xff
.byte 0x7d, 0xf7, 0xb0, 0xac, 0x69, 0x8b, 0x49, 0x83, 0x0b, 0xa4, 0x4c, 0xac, 0x69, 0x8b, 0x49, 0x8b
.byte 0xaa, 0x9b, 0x28, 0x8b, 0x08, 0x83, 0x28, 0x8b, 0xe7, 0x7a, 0xc7, 0x7a, 0x08, 0x83, 0x08, 0x83
.byte 0xc7, 0x7a, 0xe7, 0x7a, 0xa6, 0x72, 0xa6, 0x72, 0x86, 0x72, 0x86, 0x72, 0xa6, 0x72, 0x86, 0x6a
.byte 0x45, 0x62, 0x45, 0x62, 0xa4, 0x49, 0x23, 0x29, 0x85, 0x39, 0x85, 0x39, 0x85, 0x39, 0xa6, 0x41
.byte 0xc6, 0x41, 0xc6, 0x41, 0xa5, 0x41, 0x44, 0x29, 0x48, 0x52, 0x56, 0xee, 0xf8, 0xfe, 0xb7, 0xf6
.byte 0xb4, 0xcd, 0xb1, 0xac, 0x12, 0xb5, 0x16, 0xde, 0x3a, 0xff, 0x39, 0xff, 0xb8, 0xfe, 0x97, 0xf6
.byte 0x97, 0xf6, 0x97, 0xf6, 0x97, 0xf6, 0xd8, 0xfe, 0x77, 0xee, 0x2f, 0xa4, 0x0a, 0x6b, 0x2c, 0x6b
.byte 0xe6, 0x49, 0x46, 0x62, 0x08, 0x83, 0x69, 0x8b, 0xea, 0xa3, 0x4b, 0xac, 0x8c, 0xb4, 0x4b, 0xb4
.byte 0xe7, 0x7a, 0x6c, 0x73, 0xdb, 0xde, 0xff, 0xff, 0xff, 0xff, 0xff, 0xff, 0xff, 0xff, 0xff, 0xff
.byte 0xff, 0xff, 0xff, 0xff, 0xff, 0xff, 0xff, 0xff, 0xff, 0xff, 0xff, 0xff, 0xff, 0xff, 0xff, 0xff
.byte 0xff, 0xff, 0xff, 0xff, 0xff, 0xff, 0xff, 0xff, 0xff, 0xff, 0xff, 0xff, 0xff, 0xff, 0xff, 0xff
.byte 0xff, 0xff, 0xff, 0xff, 0xff, 0xff, 0xff, 0xff, 0xff, 0xff, 0xff, 0xff, 0xff, 0xff, 0xff, 0xff
.byte 0xff, 0xff, 0xff, 0xff, 0xff, 0xff, 0x5d, 0xef, 0xcd, 0x8b, 0x29, 0x8b, 0x2c, 0xac, 0x8d, 0xb4
.byte 0xeb, 0xa3, 0x28, 0x83, 0x8a, 0x93, 0xaa, 0x9b, 0x28, 0x8b, 0x69, 0x93, 0x49, 0x8b, 0x08, 0x83
.byte 0x08, 0x83, 0x08, 0x83, 0x28, 0x83, 0xe7, 0x7a, 0x08, 0x83, 0x48, 0x8b, 0xa9, 0x9b, 0x07, 0x83
.byte 0x08, 0x8b, 0xe7, 0x82, 0xe7, 0x7a, 0xa7, 0x72, 0xa7, 0x72, 0x66, 0x72, 0x86, 0x72, 0x64, 0x39
.byte 0x85, 0x39, 0xa6, 0x41, 0xa5, 0x41, 0xe6, 0x49, 0xe6, 0x49, 0xc6, 0x41, 0x65, 0x31, 0x24, 0x29
.byte 0x6c, 0x83, 0xb8, 0xfe, 0xb7, 0xfe, 0x76, 0xee, 0xd4, 0xd5, 0x77, 0xee, 0x5a, 0xff, 0xb9, 0xee
.byte 0xf5, 0xdd, 0x36, 0xee, 0xd8, 0xfe, 0xb8, 0xf6, 0x97, 0xf6, 0x97, 0xf6, 0x97, 0xf6, 0xd9, 0xfe
.byte 0x53, 0xbd, 0x28, 0x4a, 0x69, 0x52, 0xae, 0x7b, 0x4b, 0x6b, 0x28, 0x83, 0x89, 0x93, 0xc7, 0x72
.byte 0xc7, 0x7a, 0x89, 0x93, 0x0a, 0xa4, 0xa6, 0x72, 0x8d, 0x73, 0x1c, 0xdf, 0xff, 0xff, 0xff, 0xff
.byte 0xff, 0xff, 0xff, 0xff, 0xff, 0xff, 0xff, 0xff, 0xff, 0xff, 0xff, 0xff, 0xff, 0xff, 0xff, 0xff
.byte 0xff, 0xff, 0xff, 0xff, 0xff, 0xff, 0xff, 0xff, 0xff, 0xff, 0xff, 0xff, 0xff, 0xff, 0xff, 0xff
.byte 0xff, 0xff, 0xff, 0xff, 0xff, 0xff, 0xff, 0xff, 0xff, 0xff, 0xff, 0xff, 0xff, 0xff, 0xff, 0xff
.byte 0xff, 0xff, 0xff, 0xff, 0xff, 0xff, 0xff, 0xff, 0xff, 0xff, 0xff, 0xff, 0x5d, 0xef, 0xee, 0x83
.byte 0x69, 0x8b, 0xce, 0xc4, 0x8d, 0xbc, 0x69, 0x93, 0x49, 0x8b, 0xeb, 0xa3, 0x69, 0x93, 0x08, 0x83
.byte 0x89, 0x93, 0x49, 0x8b, 0x49, 0x8b, 0x28, 0x8b, 0x08, 0x83, 0x48, 0x8b, 0xe7, 0x82, 0x49, 0x8b
.byte 0x07, 0x83, 0x89, 0x9b, 0x69, 0x93, 0x89, 0x9b, 0x48, 0x93, 0xca, 0xa3, 0x28, 0x8b, 0x69, 0x93
.byte 0x89, 0x9b, 0x08, 0x8b, 0x0b, 0xac, 0x46, 0x62, 0x85, 0x39, 0xa6, 0x41, 0xa5, 0x41, 0x27, 0x52
.byte 0x27, 0x52, 0xc6, 0x41, 0x64, 0x31, 0xa6, 0x39, 0xb1, 0xb4, 0xf8, 0xfe, 0x97, 0xf6, 0x97, 0xf6
.byte 0xf9, 0xfe, 0x77, 0xf6, 0x6f, 0xa4, 0xea, 0x6a, 0x89, 0x62, 0x8d, 0x83, 0xf5, 0xd5, 0xf9, 0xfe
.byte 0xb8, 0xf6, 0xb8, 0xf6, 0xb8, 0xf6, 0xb8, 0xfe, 0x98, 0xde, 0xee, 0x7b, 0x27, 0x42, 0x91, 0x94
.byte 0xd2, 0xa4, 0x28, 0x83, 0xcd, 0xc4, 0x2b, 0xac, 0xca, 0xa3, 0x28, 0x83, 0x42, 0x41, 0x89, 0x5a
.byte 0x3c, 0xe7, 0xff, 0xff, 0xff, 0xff, 0xff, 0xff, 0xff, 0xff, 0xff, 0xff, 0xff, 0xff, 0xff, 0xff
.byte 0xff, 0xff, 0xff, 0xff, 0xff, 0xff, 0xff, 0xff, 0xff, 0xff, 0xff, 0xff, 0xff, 0xff, 0xff, 0xff
.byte 0xff, 0xff, 0xff, 0xff, 0xff, 0xff, 0xff, 0xff, 0xff, 0xff, 0xff, 0xff, 0xff, 0xff, 0xff, 0xff
.byte 0xff, 0xff, 0xff, 0xff, 0xff, 0xff, 0xff, 0xff, 0xff, 0xff, 0xff, 0xff, 0xff, 0xff, 0xff, 0xff
.byte 0xff, 0xff, 0xff, 0xff, 0xb6, 0xbd, 0xe8, 0x7a, 0xce, 0xc4, 0xcb, 0x9b, 0x08, 0x83, 0x8a, 0x9b
.byte 0x2b, 0xac, 0x69, 0x93, 0x49, 0x8b, 0xaa, 0x9b, 0x28, 0x8b, 0x49, 0x8b, 0x28, 0x83, 0x28, 0x83
.byte 0x89, 0x93, 0x07, 0x83, 0x8a, 0x9b, 0x28, 0x8b, 0x89, 0x93, 0x49, 0x93, 0x28, 0x8b, 0x69, 0x93
.byte 0x28, 0x8b, 0x89, 0x9b, 0xa7, 0x7a, 0x89, 0x9b, 0x69, 0x93, 0x28, 0x8b, 0x6b, 0xbc, 0x08, 0x83
.byte 0x64, 0x31, 0xa5, 0x39, 0xc6, 0x41, 0xe6, 0x49, 0x64, 0x39, 0x64, 0x39, 0xc6, 0x41, 0x07, 0x42
.byte 0x53, 0xc5, 0x19, 0xff, 0x97, 0xf6, 0xb8, 0xfe, 0x15, 0xee, 0x2f, 0xa4, 0x4c, 0x6b, 0x48, 0x4a
.byte 0x08, 0x4a, 0x68, 0x4a, 0x73, 0xbd, 0x1a, 0xff, 0xd8, 0xfe, 0xb8, 0xf6, 0x97, 0xf6, 0x77, 0xf6
.byte 0xf8, 0xfe, 0xf5, 0xd5, 0x90, 0x9c, 0x16, 0xd6, 0xb1, 0xac, 0x87, 0x6a, 0x8c, 0xbc, 0x8c, 0xbc
.byte 0xea, 0xa3, 0x87, 0x6a, 0x4c, 0x6b, 0xba, 0xd6, 0xff, 0xff, 0xff, 0xff, 0xff, 0xff, 0xff, 0xff
.byte 0xff, 0xff, 0xff, 0xff, 0xff, 0xff, 0xff, 0xff, 0xff, 0xff, 0xff, 0xff, 0xff, 0xff, 0xff, 0xff
.byte 0xff, 0xff, 0xff, 0xff, 0xdf, 0xf7, 0xff, 0xff, 0xff, 0xff, 0xff, 0xff, 0xff, 0xff, 0xff, 0xff
.byte 0xff, 0xff, 0xff, 0xff, 0xff, 0xff, 0xff, 0xff, 0xff, 0xff, 0xff, 0xff, 0xff, 0xff, 0xff, 0xff
.byte 0xff, 0xff, 0xff, 0xff, 0xff, 0xff, 0xff, 0xff, 0xff, 0xff, 0x9e, 0xf7, 0x12, 0xb5, 0x2c, 0xb4
.byte 0x08, 0x83, 0xc7, 0x7a, 0xca, 0xa3, 0xeb, 0xa3, 0x08, 0x8b, 0xaa, 0x9b, 0xeb, 0xa3, 0x28, 0x8b
.byte 0x6a, 0x93, 0x28, 0x83, 0x08, 0x83, 0xaa, 0x9b, 0xe7, 0x82, 0xaa, 0x9b, 0x69, 0x93, 0x48, 0x8b
.byte 0xaa, 0x9b, 0x08, 0x83, 0x8a, 0x9b, 0xc8, 0x7a, 0x69, 0x93, 0x49, 0x93, 0xa7, 0x7a, 0xca, 0xa3
.byte 0x28, 0x93, 0x48, 0x8b, 0x2b, 0xb4, 0x89, 0x9b, 0x64, 0x39, 0x44, 0x31, 0x65, 0x39, 0x28, 0x4a
.byte 0x4c, 0x73, 0x89, 0x5a, 0x44, 0x29, 0xa6, 0x39, 0x33, 0xbd, 0x39, 0xff, 0xb8, 0xf6, 0xd8, 0xfe
.byte 0xb4, 0xdd, 0xd1, 0xb4, 0x78, 0xd6, 0xf2, 0x9c, 0xea, 0x5a, 0xce, 0x7b, 0x36, 0xe6, 0xf9, 0xfe
.byte 0xb8, 0xf6, 0x98, 0xf6, 0x36, 0xf6, 0xd4, 0xed, 0xf5, 0xed, 0xb8, 0xfe, 0xb9, 0xfe, 0xb9, 0xfe
.byte 0xb1, 0xb4, 0x67, 0x5a, 0x6c, 0xbc, 0x48, 0x93, 0x67, 0x5a, 0x34, 0xa5, 0x7d, 0xef, 0xff, 0xff
.byte 0xff, 0xff, 0xff, 0xff, 0xff, 0xff, 0xff, 0xff, 0xff, 0xff, 0xff, 0xff, 0xff, 0xff, 0xff, 0xff
.byte 0xff, 0xff, 0xff, 0xff, 0xff, 0xff, 0xff, 0xff, 0xff, 0xff, 0x3c, 0xdf, 0xbb, 0xce, 0xff, 0xff
.byte 0xff, 0xff, 0xff, 0xff, 0xff, 0xff, 0xff, 0xff, 0xff, 0xff, 0xff, 0xff, 0xff, 0xff, 0xff, 0xff
.byte 0xff, 0xff, 0xff, 0xff, 0xff, 0xff, 0xff, 0xff, 0xff, 0xff, 0xff, 0xff, 0xff, 0xff, 0xff, 0xff
.byte 0xff, 0xff, 0xba, 0xde, 0x6a, 0x8b, 0x08, 0x83, 0x28, 0x83, 0x0b, 0xac, 0x69, 0x93, 0xe7, 0x7a
.byte 0xca, 0x9b, 0xca, 0x9b, 0x48, 0x83, 0xaa, 0x9b, 0x28, 0x8b, 0x28, 0x83, 0xeb, 0xa3, 0xe7, 0x82
.byte 0x69, 0x93, 0x8a, 0x93, 0x08, 0x83, 0xca, 0xa3, 0x08, 0x83, 0x69, 0x93, 0x69, 0x93, 0xc7, 0x7a
.byte 0xea, 0xab, 0x08, 0x8b, 0x28, 0x8b, 0x0a, 0xac, 0xe7, 0x8a, 0x48, 0x93, 0x0b, 0xac, 0x49, 0x93
.byte 0x46, 0x62, 0x23, 0x29, 0x65, 0x31, 0xf2, 0xac, 0x37, 0xde, 0x33, 0xc5, 0x2b, 0x73, 0x03, 0x21
.byte 0x4f, 0x9c, 0x3a, 0xff, 0xb8, 0xf6, 0xb8, 0xf6, 0x77, 0xf6, 0x77, 0xfe, 0xd9, 0xfe, 0x37, 0xe6
.byte 0x74, 0xc5, 0x36, 0xe6, 0xb8, 0xfe, 0x98, 0xfe, 0x98, 0xf6, 0xb8, 0xf6, 0x36, 0xf6, 0xb4, 0xe5
.byte 0x53, 0xdd, 0x77, 0xf6, 0x97, 0xfe, 0xb8, 0xfe, 0x74, 0xc5, 0x47, 0x5a, 0xa7, 0x72, 0xe9, 0x6a
.byte 0x38, 0xc6, 0xff, 0xff, 0xff, 0xff, 0xff, 0xff, 0xff, 0xff, 0xff, 0xff, 0xff, 0xff, 0xff, 0xff
.byte 0xff, 0xff, 0xff, 0xff, 0xff, 0xff, 0xff, 0xff, 0xff, 0xff, 0xff, 0xff, 0xff, 0xff, 0xff, 0xff
.byte 0xbf, 0xf7, 0x19, 0xb6, 0xf8, 0xad, 0xdf, 0xff, 0xff, 0xff, 0xff, 0xff, 0xff, 0xff, 0xff, 0xff
.byte 0xff, 0xff, 0xff, 0xff, 0xff, 0xff, 0xff, 0xff, 0xff, 0xff, 0xff, 0xff, 0xff, 0xff, 0xff, 0xff
.byte 0xff, 0xff, 0xff, 0xff, 0xff, 0xff, 0xff, 0xff, 0xda, 0xde, 0x0a, 0x7b, 0x69, 0x93, 0xeb, 0xa3
.byte 0x4c, 0xb4, 0x49, 0x8b, 0xe8, 0x7a, 0x0b, 0xa4, 0x8a, 0x93, 0x08, 0x83, 0xca, 0x9b, 0x28, 0x83
.byte 0x28, 0x83, 0x2b, 0xac, 0x28, 0x8b, 0x48, 0x8b, 0xca, 0xa3, 0xc7, 0x7a, 0xaa, 0x9b, 0x69, 0x93
.byte 0x08, 0x83, 0xca, 0xa3, 0xe8, 0x82, 0x89, 0x9b, 0xea, 0xab, 0xe7, 0x82, 0x89, 0x9b, 0xea, 0xab
.byte 0xc7, 0x82, 0x69, 0x93, 0x0b, 0xac, 0x28, 0x8b, 0x29, 0x8b, 0x05, 0x52, 0xa5, 0x39, 0xf5, 0xdd
.byte 0xb5, 0xed, 0x13, 0xd5, 0xd1, 0xc4, 0xca, 0x6a, 0xa9, 0x62, 0xf9, 0xfe, 0xd8, 0xfe, 0xb8, 0xf6
.byte 0x98, 0xfe, 0x56, 0xfe, 0x15, 0xf6, 0x16, 0xfe, 0x56, 0xfe, 0x77, 0xfe, 0x97, 0xfe, 0x98, 0xf6
.byte 0xb8, 0xf6, 0xb8, 0xfe, 0x77, 0xf6, 0x36, 0xe6, 0x16, 0xe6, 0xb8, 0xfe, 0x97, 0xfe, 0xf9, 0xfe
.byte 0xf5, 0xd5, 0x23, 0x29, 0xc6, 0x39, 0xdb, 0xde, 0xff, 0xff, 0xff, 0xff, 0xff, 0xff, 0xff, 0xff
.byte 0xff, 0xff, 0xff, 0xff, 0xff, 0xff, 0xff, 0xff, 0xff, 0xff, 0xff, 0xff, 0xff, 0xff, 0xff, 0xff
.byte 0xff, 0xff, 0xff, 0xff, 0xff, 0xff, 0xff, 0xff, 0xbe, 0xef, 0x5a, 0xb6, 0xd8, 0xad, 0xfc, 0xde
.byte 0xff, 0xff, 0xff, 0xff, 0xff, 0xff, 0xff, 0xff, 0xff, 0xff, 0xff, 0xff, 0xff, 0xff, 0xff, 0xff
.byte 0xff, 0xff, 0xff, 0xff, 0xff, 0xff, 0xff, 0xff, 0xff, 0xff, 0xff, 0xff, 0xff, 0xff, 0x1c, 0xe7
.byte 0x6c, 0x7b, 0xaa, 0x9b, 0x8d, 0xbc, 0x2c, 0xb4, 0x29, 0x83, 0x69, 0x8b, 0x2b, 0xac, 0x49, 0x8b
.byte 0xe7, 0x7a, 0xca, 0x9b, 0x28, 0x83, 0x08, 0x83, 0x2b, 0xac, 0x49, 0x8b, 0x28, 0x8b, 0x2b, 0xac
.byte 0x28, 0x83, 0x69, 0x93, 0xca, 0xa3, 0xc7, 0x7a, 0xaa, 0x9b, 0x69, 0x93, 0xe7, 0x7a, 0x2b, 0xb4
.byte 0xaa, 0x9b, 0xc7, 0x82, 0xca, 0xa3, 0xa9, 0xa3, 0xe7, 0x82, 0x89, 0x9b, 0x2b, 0xb4, 0x48, 0x93
.byte 0x28, 0x8b, 0x05, 0x52, 0x03, 0x21, 0x32, 0xc5, 0xd5, 0xf5, 0x91, 0xd4, 0xb0, 0xbc, 0x74, 0xcd
.byte 0xea, 0x72, 0x73, 0xc5, 0x3a, 0xff, 0xb8, 0xf6, 0x97, 0xfe, 0x36, 0xf6, 0xf5, 0xf5, 0xf5, 0xf5
.byte 0x15, 0xf6, 0x16, 0xf6, 0x77, 0xf6, 0x98, 0xf6, 0xb8, 0xf6, 0xd8, 0xf6, 0xf9, 0xfe, 0x1a, 0xff
.byte 0x3a, 0xff, 0xd8, 0xfe, 0x97, 0xf6, 0xf9, 0xfe, 0x53, 0xc5, 0x07, 0x42, 0xd7, 0xbd, 0xff, 0xff
.byte 0xff, 0xff, 0xff, 0xff, 0xff, 0xff, 0xff, 0xff, 0xff, 0xff, 0xff, 0xff, 0xff, 0xff, 0xff, 0xff
.byte 0xff, 0xff, 0xff, 0xff, 0xff, 0xff, 0xff, 0xff, 0xff, 0xff, 0xff, 0xff, 0xff, 0xff, 0xff, 0xff
.byte 0x9e, 0xef, 0xfc, 0xce, 0xdc, 0xd6, 0x7a, 0xc6, 0xff, 0xff, 0xff, 0xff, 0xff, 0xff, 0xff, 0xff
.byte 0xff, 0xff, 0xff, 0xff, 0xff, 0xff, 0xff, 0xff, 0xff, 0xff, 0xff, 0xff, 0xff, 0xff, 0xff, 0xff
.byte 0xff, 0xff, 0xff, 0xff, 0xff, 0xff, 0xd6, 0xc5, 0x8a, 0x93, 0xce, 0xc4, 0xca, 0x9b, 0x28, 0x83
.byte 0x0b, 0xa4, 0x6c, 0xb4, 0x28, 0x8b, 0x08, 0x83, 0xeb, 0xa3, 0x08, 0x83, 0x08, 0x7b, 0x2b, 0xac
.byte 0x69, 0x93, 0xe7, 0x82, 0x2b, 0xac, 0x69, 0x93, 0x28, 0x8b, 0x0b, 0xac, 0xe8, 0x82, 0x28, 0x8b
.byte 0xea, 0xab, 0xe8, 0x82, 0x49, 0x93, 0x2b, 0xb4, 0x28, 0x8b, 0x08, 0x8b, 0x0a, 0xac, 0x69, 0x93
.byte 0xe7, 0x82, 0xaa, 0xa3, 0x2b, 0xb4, 0x69, 0x9b, 0x08, 0x83, 0xe5, 0x49, 0x03, 0x21, 0x68, 0x5a
.byte 0xd5, 0xe5, 0x94, 0xf5, 0x12, 0xd5, 0x77, 0xee, 0xf6, 0xe5, 0x32, 0xc5, 0xb8, 0xf6, 0xb8, 0xfe
.byte 0x97, 0xf6, 0x56, 0xf6, 0x16, 0xf6, 0x15, 0xf6, 0x36, 0xf6, 0x56, 0xf6, 0x97, 0xf6, 0x97, 0xf6
.byte 0xb8, 0xf6, 0xd8, 0xfe, 0x98, 0xf6, 0xb5, 0xdd, 0x53, 0xcd, 0x77, 0xee, 0xf9, 0xfe, 0xd8, 0xfe
.byte 0x2e, 0x94, 0x51, 0x8c, 0xff, 0xff, 0xff, 0xff, 0xff, 0xff, 0xff, 0xff, 0xff, 0xff, 0xff, 0xff
.byte 0xff, 0xff, 0xff, 0xff, 0xff, 0xff, 0xff, 0xff, 0xff, 0xff, 0xff, 0xff, 0xff, 0xff, 0xff, 0xff
.byte 0xff, 0xff, 0xff, 0xff, 0xff, 0xff, 0xff, 0xff, 0x5d, 0xe7, 0x97, 0x95, 0x19, 0xb6, 0x1c, 0xdf
.byte 0xff, 0xff, 0xff, 0xff, 0xff, 0xff, 0xff, 0xff, 0xff, 0xff, 0xff, 0xff, 0xff, 0xff, 0xff, 0xff
.byte 0xff, 0xff, 0xff, 0xff, 0xff, 0xff, 0xff, 0xff, 0xff, 0xff, 0xff, 0xff, 0xbe, 0xf7, 0x74, 0xbd
.byte 0x6c, 0xb4, 0x89, 0x93, 0x48, 0x8b, 0x4c, 0xb4, 0x4c, 0xb4, 0x08, 0x83, 0x48, 0x8b, 0x2b, 0xac
.byte 0x28, 0x83, 0x08, 0x7b, 0x2b, 0xac, 0x89, 0x93, 0xc7, 0x7a, 0x0a, 0xac, 0xaa, 0x9b, 0xe7, 0x82
.byte 0xea, 0xab, 0x89, 0x93, 0xc7, 0x7a, 0x0a, 0xac, 0x89, 0x9b, 0xc7, 0x7a, 0xea, 0xab, 0xca, 0xa3
.byte 0xc7, 0x82, 0x48, 0x93, 0x2b, 0xb4, 0x48, 0x93, 0x08, 0x83, 0xca, 0xa3, 0x2b, 0xb4, 0x89, 0x9b
.byte 0x28, 0x8b, 0x05, 0x52, 0xa5, 0x39, 0x03, 0x21, 0x68, 0x5a, 0xf1, 0xc4, 0x16, 0xee, 0x97, 0xf6
.byte 0x77, 0xee, 0x57, 0xf6, 0xf9, 0xfe, 0xb8, 0xfe, 0x97, 0xf6, 0x97, 0xf6, 0x77, 0xf6, 0x77, 0xf6
.byte 0x97, 0xf6, 0x97, 0xf6, 0x97, 0xf6, 0x97, 0xf6, 0xb8, 0xfe, 0x36, 0xee, 0x6f, 0xc4, 0xad, 0xb3
.byte 0x70, 0xc4, 0x77, 0xf6, 0x5a, 0xff, 0x36, 0xde, 0xea, 0x62, 0x18, 0xc6, 0xff, 0xff, 0xff, 0xff
.byte 0xff, 0xff, 0xff, 0xff, 0xff, 0xff, 0xff, 0xff, 0xff, 0xff, 0xff, 0xff, 0xff, 0xff, 0xff, 0xff
.byte 0xff, 0xff, 0xff, 0xff, 0xff, 0xff, 0xff, 0xff, 0xff, 0xff, 0xff, 0xff, 0xff, 0xff, 0xff, 0xff
.byte 0xbe, 0xf7, 0xdb, 0xce, 0x1c, 0xdf, 0xde, 0xff, 0xff, 0xff, 0xff, 0xff, 0xff, 0xff, 0xff, 0xff
.byte 0xff, 0xff, 0xff, 0xff, 0xff, 0xff, 0xff, 0xff, 0xff, 0xff, 0xff, 0xff, 0xff, 0xff, 0xff, 0xff
.byte 0xff, 0xff, 0xff, 0xff, 0x5d, 0xef, 0xed, 0x8b, 0x49, 0x83, 0x89, 0x93, 0xad, 0xbc, 0x0b, 0xac
.byte 0xc7, 0x72, 0x49, 0x8b, 0x4c, 0xb4, 0x49, 0x8b, 0x28, 0x83, 0x4b, 0xb4, 0xaa, 0x9b, 0xc7, 0x7a
.byte 0xca, 0xa3, 0x0a, 0xac, 0xc7, 0x7a, 0x89, 0x93, 0xea, 0xa3, 0xc7, 0x7a, 0xaa, 0x9b, 0x2b, 0xb4
.byte 0x08, 0x8b, 0x28, 0x8b, 0x2b, 0xb4, 0x69, 0x93, 0xc7, 0x7a, 0xa9, 0x9b, 0x0a, 0xb4, 0x28, 0x8b
.byte 0x28, 0x8b, 0x0a, 0xac, 0x4b, 0xb4, 0x48, 0x93, 0xe7, 0x82, 0x86, 0x6a, 0x64, 0x31, 0x85, 0x39
.byte 0x65, 0x39, 0x64, 0x39, 0x89, 0x62, 0x0b, 0x73, 0x68, 0x62, 0x8c, 0x8b, 0x77, 0xee, 0x3a, 0xff
.byte 0xd9, 0xfe, 0xb8, 0xf6, 0xb8, 0xf6, 0xb8, 0xf6, 0xb8, 0xf6, 0xb7, 0xf6, 0x97, 0xf6, 0x97, 0xf6
.byte 0xb7, 0xf6, 0x35, 0xee, 0x52, 0xdd, 0x73, 0xe5, 0x77, 0xf6, 0x3a, 0xff, 0xf9, 0xf6, 0xac, 0x83
.byte 0x50, 0x8c, 0xbe, 0xf7, 0xff, 0xff, 0xff, 0xff, 0xff, 0xff, 0xff, 0xff, 0xff, 0xff, 0xff, 0xff
.byte 0xff, 0xff, 0xff, 0xff, 0xff, 0xff, 0xff, 0xff, 0xff, 0xff, 0xff, 0xff, 0xff, 0xff, 0xff, 0xff
.byte 0xff, 0xff, 0xff, 0xff, 0xff, 0xff, 0xff, 0xff, 0xff, 0xff, 0xff, 0xff, 0xff, 0xff, 0xff, 0xff
.byte 0xff, 0xff, 0xff, 0xff, 0xff, 0xff, 0xff, 0xff, 0xff, 0xff, 0xff, 0xff, 0xff, 0xff, 0xff, 0xff
.byte 0xff, 0xff, 0xff, 0xff, 0xff, 0xff, 0xff, 0xff, 0xff, 0xff, 0xff, 0xff, 0x1c, 0xe7, 0xe4, 0x49
.byte 0xca, 0x9b, 0xad, 0xbc, 0xca, 0x9b, 0xc7, 0x7a, 0xaa, 0x9b, 0x6c, 0xb4, 0x28, 0x83, 0x28, 0x83
.byte 0x6c, 0xb4, 0x0b, 0xa4, 0xe8, 0x7a, 0xca, 0x9b, 0x4b, 0xb4, 0xe7, 0x7a, 0x28, 0x83, 0x0b, 0xac
.byte 0x08, 0x83, 0x08, 0x83, 0x2b, 0xb4, 0xaa, 0x9b, 0xc7, 0x7a, 0xca, 0xa3, 0x0a, 0xac, 0x48, 0x8b
.byte 0xe7, 0x82, 0xea, 0xa3, 0x0a, 0xac, 0x08, 0x83, 0x28, 0x8b, 0x0b, 0xac, 0x89, 0x9b, 0xa8, 0x6a
.byte 0x68, 0x62, 0xc8, 0x72, 0xa5, 0x41, 0x85, 0x39, 0x48, 0x5a, 0xe6, 0x49, 0x23, 0x29, 0x02, 0x29
.byte 0x23, 0x31, 0x44, 0x31, 0xa9, 0x6a, 0x53, 0xc5, 0xd9, 0xf6, 0xf9, 0xfe, 0xd8, 0xfe, 0xd8, 0xf6
.byte 0xb7, 0xf6, 0xb7, 0xf6, 0x97, 0xf6, 0x97, 0xf6, 0x97, 0xf6, 0x97, 0xf6, 0xb8, 0xfe, 0x98, 0xf6
.byte 0xf9, 0xfe, 0x3a, 0xff, 0x6f, 0x9c, 0x4c, 0x6b, 0x5d, 0xef, 0xff, 0xff, 0xff, 0xff, 0xff, 0xff
.byte 0xff, 0xff, 0xff, 0xff, 0xff, 0xff, 0xff, 0xff, 0xff, 0xff, 0xff, 0xff, 0xff, 0xff, 0xff, 0xff
.byte 0xff, 0xff, 0xff, 0xff, 0xff, 0xff, 0xff, 0xff, 0xff, 0xff, 0xff, 0xff, 0xff, 0xff, 0xff, 0xff
.byte 0xff, 0xff, 0xff, 0xff, 0xff, 0xff, 0xff, 0xff, 0xff, 0xff, 0xff, 0xff, 0xff, 0xff, 0xff, 0xff
.byte 0xff, 0xff, 0xff, 0xff, 0xff, 0xff, 0xff, 0xff, 0xff, 0xff, 0xff, 0xff, 0xff, 0xff, 0xff, 0xff
.byte 0xff, 0xff, 0xbe, 0xf7, 0xf2, 0xa4, 0xca, 0x9b, 0x8c, 0xbc, 0x49, 0x8b, 0x86, 0x6a, 0xca, 0x9b
.byte 0x8c, 0xbc, 0x49, 0x8b, 0x28, 0x83, 0x4b, 0xb4, 0x0b, 0xac, 0x08, 0x83, 0xa9, 0x9b, 0x6c, 0xbc
.byte 0x49, 0x8b, 0xe7, 0x7a, 0x0b, 0xa4, 0x8a, 0x93, 0x87, 0x72, 0xca, 0xa3, 0x0a, 0xac, 0x08, 0x83
.byte 0x28, 0x83, 0x2b, 0xb4, 0xea, 0xa3, 0x08, 0x83, 0x48, 0x8b, 0x2a, 0xac, 0xea, 0xa3, 0xe7, 0x82
.byte 0x89, 0x9b, 0x89, 0x9b, 0x88, 0x62, 0xf0, 0x8b, 0xd4, 0xa4, 0x10, 0x94, 0xcb, 0x6a, 0x45, 0x31
.byte 0xa5, 0x41, 0x07, 0x4a, 0xc6, 0x41, 0xa4, 0x39, 0x85, 0x39, 0xc6, 0x41, 0x43, 0x31, 0x64, 0x39
.byte 0x70, 0xa4, 0xb8, 0xfe, 0x97, 0xf6, 0xb7, 0xf6, 0xb8, 0xfe, 0xd8, 0xfe, 0xd8, 0xfe, 0xf8, 0xfe
.byte 0xd8, 0xfe, 0xf8, 0xfe, 0x19, 0xff, 0x5a, 0xff, 0xd8, 0xfe, 0x4f, 0xa4, 0x0b, 0x63, 0xba, 0xd6
.byte 0xff, 0xff, 0xff, 0xff, 0xff, 0xff, 0xff, 0xff, 0xff, 0xff, 0xff, 0xff, 0xff, 0xff, 0xff, 0xff
.byte 0xff, 0xff, 0xff, 0xff, 0xff, 0xff, 0xff, 0xff, 0xff, 0xff, 0xff, 0xff, 0xff, 0xff, 0xff, 0xff
.byte 0xff, 0xff, 0xff, 0xff, 0xff, 0xff, 0xff, 0xff, 0xff, 0xff, 0xff, 0xff, 0xff, 0xff, 0xff, 0xff
.byte 0xff, 0xff, 0xff, 0xff, 0xff, 0xff, 0xff, 0xff, 0xff, 0xff, 0xff, 0xff, 0xff, 0xff, 0xff, 0xff
.byte 0xff, 0xff, 0xff, 0xff, 0xff, 0xff, 0xff, 0xff, 0xff, 0xff, 0x3c, 0xe7, 0xe9, 0x6a, 0x4b, 0xb4
.byte 0x28, 0x83, 0x86, 0x6a, 0xaa, 0x9b, 0x6c, 0xbc, 0x49, 0x8b, 0x28, 0x83, 0x6c, 0xb4, 0x2b, 0xac
.byte 0x08, 0x83, 0x89, 0x93, 0x6b, 0xbc, 0xaa, 0x9b, 0xa7, 0x72, 0xca, 0x9b, 0x0b, 0xac, 0xa7, 0x72
.byte 0x28, 0x8b, 0x0b, 0xac, 0xaa, 0x9b, 0xa7, 0x72, 0xaa, 0x9b, 0x2b, 0xb4, 0xca, 0xa3, 0x08, 0x83
.byte 0xa9, 0x9b, 0x2b, 0xb4, 0xa9, 0x9b, 0xc7, 0x7a, 0xa9, 0x9b, 0xa9, 0x9b, 0x88, 0x6a, 0x8e, 0x83
.byte 0x10, 0x94, 0x8d, 0x83, 0xc9, 0x6a, 0x43, 0x31, 0xe3, 0x20, 0x65, 0x39, 0x85, 0x31, 0xc6, 0x41
.byte 0x07, 0x4a, 0x48, 0x5a, 0xe6, 0x49, 0xc2, 0x18, 0xca, 0x72, 0x94, 0xed, 0x74, 0xe5, 0xb4, 0xe5
.byte 0xf5, 0xed, 0x16, 0xee, 0x16, 0xe6, 0x36, 0xe6, 0x57, 0xee, 0x57, 0xe6, 0x36, 0xde, 0x94, 0xc5
.byte 0xee, 0x8b, 0xce, 0x7b, 0xdb, 0xde, 0xbe, 0xf7, 0xdf, 0xff, 0xff, 0xff, 0xff, 0xff, 0xff, 0xff
.byte 0xff, 0xff, 0xff, 0xff, 0xff, 0xff, 0xff, 0xff, 0xff, 0xff, 0xff, 0xff, 0xff, 0xff, 0xff, 0xff
.byte 0xff, 0xff, 0xff, 0xff, 0xff, 0xff, 0xff, 0xff, 0xff, 0xff, 0xff, 0xff, 0xff, 0xff, 0xff, 0xff
.byte 0xff, 0xff, 0xff, 0xff, 0xff, 0xff, 0xff, 0xff, 0xff, 0xff, 0xff, 0xff, 0xff, 0xff, 0xff, 0xff
.byte 0xff, 0xff, 0xff, 0xff, 0xff, 0xff, 0xff, 0xff, 0xff, 0xff, 0xff, 0xff, 0xff, 0xff, 0xff, 0xff
.byte 0xff, 0xff, 0xbe, 0xf7, 0x12, 0xad, 0xe7, 0x7a, 0xa6, 0x72, 0xea, 0xa3, 0x4c, 0xb4, 0x48, 0x83
.byte 0x08, 0x83, 0x4c, 0xb4, 0x4c, 0xb4, 0x28, 0x83, 0x48, 0x8b, 0x2b, 0xb4, 0xeb, 0xa3, 0xc7, 0x72
.byte 0x49, 0x8b, 0x2b, 0xac, 0x49, 0x8b, 0xe7, 0x7a, 0x0a, 0xac, 0x0a, 0xac, 0x28, 0x83, 0xe7, 0x82
.byte 0x0a, 0xac, 0x2b, 0xac, 0x89, 0x9b, 0x08, 0x83, 0x0a, 0xac, 0x2b, 0xb4, 0x89, 0x9b, 0xc7, 0x7a
.byte 0x89, 0x9b, 0x2b, 0xb4, 0xa9, 0x9b, 0x28, 0x83, 0x66, 0x6a, 0x08, 0x8b, 0xa9, 0xa3, 0x29, 0x8b
.byte 0xe5, 0x51, 0x44, 0x31, 0x23, 0x29, 0x24, 0x29, 0xa6, 0x41, 0xa5, 0x41, 0xe7, 0x41, 0x08, 0x42
.byte 0xca, 0x72, 0x53, 0xed, 0x33, 0xe5, 0x12, 0xdd, 0x13, 0xdd, 0x13, 0xdd, 0xf2, 0xd4, 0x12, 0xd5
.byte 0x0f, 0xac, 0xea, 0x72, 0x27, 0x52, 0x0b, 0x63, 0x96, 0xb5, 0x3c, 0xe7, 0xff, 0xff, 0xdf, 0xff
.byte 0xff, 0xff, 0xff, 0xff, 0xff, 0xff, 0xff, 0xff, 0xff, 0xff, 0xff, 0xff, 0xff, 0xff, 0xff, 0xff
.byte 0xff, 0xff, 0xff, 0xff, 0xff, 0xff, 0xff, 0xff, 0xff, 0xff, 0xff, 0xff, 0xff, 0xff, 0xff, 0xff
.byte 0xff, 0xff, 0xff, 0xff, 0xff, 0xff, 0xff, 0xff, 0xff, 0xff, 0xff, 0xff, 0xff, 0xff, 0xff, 0xff
.byte 0xff, 0xff, 0xff, 0xff, 0xff, 0xff, 0xff, 0xff, 0xff, 0xff, 0xff, 0xff, 0xff, 0xff, 0xff, 0xff
.byte 0xff, 0xff, 0xff, 0xff, 0xff, 0xff, 0xff, 0xff, 0xff, 0xff, 0xbe, 0xf7, 0x50, 0x94, 0x08, 0x83
.byte 0x2b, 0xac, 0x6c, 0xb4, 0x28, 0x83, 0x08, 0x7b, 0x2b, 0xb4, 0x4c, 0xb4, 0x29, 0x8b, 0x48, 0x8b
.byte 0x2b, 0xb4, 0x0b, 0xb4, 0xe8, 0x7a, 0x08, 0x83, 0xea, 0xab, 0xaa, 0x9b, 0xa7, 0x72, 0x8a, 0x9b
.byte 0x2b, 0xb4, 0xea, 0xa3, 0xe7, 0x7a, 0xa9, 0x9b, 0x0a, 0xac, 0xea, 0xab, 0x28, 0x83, 0x28, 0x83
.byte 0x2b, 0xb4, 0x2b, 0xb4, 0x89, 0x9b, 0xe8, 0x82, 0xca, 0xa3, 0x0a, 0xac, 0x2b, 0xb4, 0xca, 0xa3
.byte 0xc7, 0x7a, 0xca, 0xa3, 0x2b, 0xb4, 0x0b, 0xb4, 0xca, 0xa3, 0xe8, 0x82, 0x05, 0x5a, 0x66, 0x62
.byte 0x66, 0x6a, 0x84, 0x41, 0x4c, 0x6b, 0x38, 0xc6, 0x6d, 0x7b, 0xad, 0xa3, 0x74, 0xed, 0x53, 0xe5
.byte 0x12, 0xdd, 0xf2, 0xdc, 0xf2, 0xdc, 0x74, 0xed, 0x8d, 0x9b, 0x23, 0x31, 0x26, 0x52, 0x89, 0x52
.byte 0x5d, 0xe7, 0xff, 0xff, 0xff, 0xff, 0xff, 0xff, 0xff, 0xff, 0xff, 0xff, 0xff, 0xff, 0xff, 0xff
.byte 0xff, 0xff, 0xff, 0xff, 0xff, 0xff, 0xff, 0xff, 0xff, 0xff, 0xff, 0xff, 0xff, 0xff, 0xff, 0xff
.byte 0xff, 0xff, 0xff, 0xff, 0xff, 0xff, 0xff, 0xff, 0xff, 0xff, 0xff, 0xff, 0xff, 0xff, 0xff, 0xff
.byte 0xff, 0xff, 0xff, 0xff, 0xff, 0xff, 0xff, 0xff, 0xff, 0xff, 0xff, 0xff, 0xff, 0xff, 0xff, 0xff
.byte 0xff, 0xff, 0xff, 0xff, 0xff, 0xff, 0xff, 0xff, 0xff, 0xff, 0xff, 0xff, 0xff, 0xff, 0xff, 0xff
.byte 0xff, 0xff, 0x1c, 0xe7, 0x47, 0x5a, 0x8c, 0xbc, 0xad, 0xbc, 0x69, 0x93, 0x28, 0x83, 0x2c, 0xb4
.byte 0x4c, 0xbc, 0x49, 0x8b, 0x08, 0x7b, 0xea, 0xab, 0x2b, 0xb4, 0x28, 0x8b, 0xc7, 0x7a, 0xca, 0xa3
.byte 0x0b, 0xac, 0xe8, 0x7a, 0x08, 0x83, 0x0b, 0xac, 0x2b, 0xb4, 0x69, 0x93, 0x28, 0x8b, 0x2b, 0xb4
.byte 0x0a, 0xac, 0xca, 0x9b, 0x4b, 0x73, 0xaa, 0x93, 0x0a, 0xb4, 0x2b, 0xb4, 0x69, 0x93, 0x28, 0x8b
.byte 0x0a, 0xac, 0x0a, 0xac, 0xea, 0xab, 0xa9, 0x9b, 0xa7, 0x7a, 0x89, 0x9b, 0xea, 0xa3, 0xea, 0xab
.byte 0x0a, 0xb4, 0xca, 0xab, 0x28, 0x8b, 0x0b, 0xac, 0x2b, 0xb4, 0xe5, 0x51, 0xe8, 0x41, 0xf7, 0xc5
.byte 0x1b, 0xdf, 0x30, 0x8c, 0xad, 0x93, 0x74, 0xe5, 0xd5, 0xf5, 0x74, 0xe5, 0x94, 0xe5, 0xf6, 0xfd
.byte 0x8d, 0x9b, 0xe7, 0x41, 0xc9, 0x62, 0xe9, 0x72, 0x6c, 0x73, 0xdf, 0xff, 0xff, 0xff, 0xff, 0xff
.byte 0xff, 0xff, 0xff, 0xff, 0xff, 0xff, 0xff, 0xff, 0xff, 0xff, 0xff, 0xff, 0xff, 0xff, 0xff, 0xff
.byte 0xff, 0xff, 0xff, 0xff, 0xff, 0xff, 0xff, 0xff, 0xff, 0xff, 0xff, 0xff, 0xff, 0xff, 0xff, 0xff
.byte 0xff, 0xff, 0xff, 0xff, 0xff, 0xff, 0xff, 0xff, 0xff, 0xff, 0xff, 0xff, 0xff, 0xff, 0xff, 0xff
.byte 0xff, 0xff, 0xff, 0xff, 0xff, 0xff, 0xff, 0xff, 0xff, 0xff, 0x5a, 0xbe, 0x1c, 0xdf, 0xff, 0xff
.byte 0xff, 0xff, 0xff, 0xff, 0xff, 0xff, 0xff, 0xff, 0xff, 0xff, 0x3c, 0xe7, 0x4a, 0x73, 0x6c, 0xb4
.byte 0xaa, 0x9b, 0x49, 0x8b, 0x4c, 0xb4, 0x6c, 0xbc, 0x69, 0x8b, 0xe7, 0x7a, 0xaa, 0xa3, 0x0b, 0xb4
.byte 0x69, 0x93, 0x87, 0x6a, 0x69, 0x93, 0x2b, 0xb4, 0x8a, 0x9b, 0xe7, 0x7a, 0xea, 0xa3, 0x2b, 0xb4
.byte 0xea, 0xa3, 0x08, 0x83, 0xaa, 0x9b, 0x2b, 0xb4, 0xc9, 0xab, 0xec, 0x93, 0x72, 0x7c, 0x2d, 0x9c
.byte 0xca, 0xab, 0x0b, 0xac, 0x28, 0x8b, 0x28, 0x8b, 0x0a, 0xac, 0xea, 0xab, 0xea, 0xab, 0x8a, 0x9b
.byte 0xa7, 0x72, 0x89, 0x93, 0xea, 0xa3, 0xea, 0xa3, 0xea, 0xab, 0xea, 0xab, 0x49, 0x93, 0x89, 0x9b
.byte 0xc7, 0x72, 0x65, 0x41, 0x87, 0x51, 0x08, 0x52, 0xb6, 0xbd, 0x9e, 0xef, 0x95, 0xb5, 0xcd, 0x8b
.byte 0x93, 0xcd, 0xd8, 0xfe, 0xb8, 0xfe, 0xb8, 0xfe, 0x6c, 0x8b, 0xb2, 0x9c, 0x0f, 0x8c, 0x87, 0x62
.byte 0xc8, 0x6a, 0xce, 0x7b, 0xbe, 0xf7, 0xff, 0xff, 0xff, 0xff, 0xff, 0xff, 0xff, 0xff, 0xff, 0xff
.byte 0xff, 0xff, 0xff, 0xff, 0xff, 0xff, 0xff, 0xff, 0xff, 0xff, 0xff, 0xff, 0xff, 0xff, 0xff, 0xff
.byte 0xff, 0xff, 0xff, 0xff, 0xff, 0xff, 0xff, 0xff, 0xff, 0xff, 0xff, 0xff, 0xff, 0xff, 0xff, 0xff
.byte 0xff, 0xff, 0xff, 0xff, 0xff, 0xff, 0xff, 0xff, 0xff, 0xff, 0xff, 0xff, 0xff, 0xff, 0xff, 0xff
.byte 0x9e, 0xef, 0xd8, 0xa5, 0xdb, 0xce, 0xdf, 0xff, 0xff, 0xff, 0xff, 0xff, 0xff, 0xff, 0xff, 0xff
.byte 0xff, 0xff, 0xff, 0xff, 0x58, 0xd6, 0xa7, 0x72, 0x8a, 0x9b, 0x4c, 0xb4, 0x8d, 0xbc, 0xaa, 0x9b
.byte 0xe7, 0x7a, 0xaa, 0x9b, 0x2b, 0xb4, 0xaa, 0x9b, 0x87, 0x6a, 0x28, 0x83, 0xeb, 0xab, 0xea, 0xab
.byte 0xe8, 0x7a, 0x89, 0x9b, 0x4b, 0xb4, 0x2b, 0xb4, 0x89, 0x93, 0x08, 0x83, 0x0a, 0xac, 0xea, 0xab
.byte 0xc9, 0xa3, 0x4f, 0x8c, 0xd8, 0xa5, 0x90, 0x9c, 0xa9, 0xa3, 0xea, 0xab, 0x08, 0x83, 0x28, 0x8b
.byte 0x0a, 0xac, 0xea, 0xab, 0xea, 0xab, 0xaa, 0x9b, 0xc7, 0x7a, 0xa9, 0x9b, 0xea, 0xab, 0x0b, 0xac
.byte 0x2b, 0xb4, 0xea, 0xab, 0xc7, 0x72, 0x26, 0x4a, 0x48, 0x4a, 0xa7, 0x41, 0x09, 0x6a, 0xc9, 0x59
.byte 0xc8, 0x51, 0x13, 0xa5, 0x9e, 0xf7, 0x79, 0xce, 0xce, 0x83, 0x90, 0xac, 0x77, 0xf6, 0x19, 0xff
.byte 0xad, 0x8b, 0x79, 0xce, 0x34, 0xad, 0x44, 0x39, 0x29, 0x83, 0x2a, 0x7b, 0xcf, 0x7b, 0x7d, 0xef
.byte 0xff, 0xff, 0xff, 0xff, 0xff, 0xff, 0xff, 0xff, 0xff, 0xff, 0xff, 0xff, 0xff, 0xff, 0xff, 0xff
.byte 0xff, 0xff, 0xff, 0xff, 0xff, 0xff, 0xff, 0xff, 0xff, 0xff, 0xff, 0xff, 0xff, 0xff, 0xff, 0xff
.byte 0xff, 0xff, 0xff, 0xff, 0xff, 0xff, 0xff, 0xff, 0xff, 0xff, 0xff, 0xff, 0xff, 0xff, 0xff, 0xff
.byte 0xff, 0xff, 0xff, 0xff, 0xff, 0xff, 0xff, 0xff, 0xdc, 0xce, 0xbb, 0xbe, 0x9a, 0xc6, 0x7d, 0xef
.byte 0xff, 0xff, 0xff, 0xff, 0xff, 0xff, 0xff, 0xff, 0xff, 0xff, 0xff, 0xff, 0x79, 0xce, 0x26, 0x52
.byte 0x2b, 0xb4, 0xad, 0xc4, 0xca, 0xa3, 0xc7, 0x72, 0x69, 0x93, 0x2b, 0xb4, 0xeb, 0xab, 0xc8, 0x7a
.byte 0xe8, 0x7a, 0xea, 0xa3, 0x2b, 0xb4, 0x28, 0x8b, 0xe7, 0x7a, 0x0a, 0xac, 0x2b, 0xb4, 0x0b, 0xac
.byte 0x08, 0x83, 0x89, 0x93, 0x0a, 0xac, 0xea, 0xab, 0xa9, 0x9b, 0x91, 0x94, 0xbc, 0xbe, 0xf2, 0xa4
.byte 0xca, 0xa3, 0xca, 0xa3, 0xc8, 0x7a, 0x48, 0x8b, 0x0a, 0xac, 0xea, 0xab, 0xea, 0xab, 0xca, 0xa3
.byte 0x08, 0x83, 0xea, 0xab, 0x2b, 0xb4, 0xea, 0xab, 0x08, 0x83, 0x26, 0x5a, 0x07, 0x42, 0x0d, 0x5b
.byte 0xf0, 0x73, 0x0c, 0x5b, 0xa7, 0x49, 0xe9, 0x61, 0xc9, 0x61, 0x67, 0x49, 0xcf, 0x83, 0x1b, 0xe7
.byte 0x7d, 0xef, 0x71, 0x94, 0xee, 0x93, 0x53, 0xc5, 0xef, 0x8b, 0x3c, 0xe7, 0x31, 0x94, 0x88, 0x51
.byte 0xa5, 0x49, 0x8a, 0x83, 0x67, 0x5a, 0xcb, 0x5a, 0xba, 0xd6, 0x1c, 0xe7, 0xff, 0xff, 0xff, 0xff
.byte 0xff, 0xff, 0xff, 0xff, 0xff, 0xff, 0xff, 0xff, 0xff, 0xff, 0xff, 0xff, 0xff, 0xff, 0xff, 0xff
.byte 0xff, 0xff, 0xff, 0xff, 0xff, 0xff, 0xff, 0xff, 0xff, 0xff, 0xff, 0xff, 0xff, 0xff, 0xff, 0xff
.byte 0xff, 0xff, 0xff, 0xff, 0xff, 0xff, 0xff, 0xff, 0xff, 0xff, 0xff, 0xff, 0xff, 0xff, 0xff, 0xff
.byte 0xdc, 0xce, 0x1d, 0xcf, 0xf8, 0xad, 0x1c, 0xdf, 0xff, 0xff, 0xff, 0xff, 0xff, 0xff, 0xff, 0xff
.byte 0xff, 0xff, 0xff, 0xff, 0x9e, 0xef, 0x30, 0x8c, 0xe8, 0x72, 0xeb, 0xab, 0xe8, 0x7a, 0x28, 0x8b
.byte 0x0b, 0xac, 0x0b, 0xac, 0x08, 0x83, 0xa7, 0x72, 0xca, 0xa3, 0x2b, 0xb4, 0xaa, 0x9b, 0xa7, 0x72
.byte 0xa9, 0x9b, 0x0a, 0xac, 0x0a, 0xac, 0xaa, 0x9b, 0xe7, 0x7a, 0xea, 0xa3, 0xea, 0xab, 0xea, 0xab
.byte 0x69, 0x93, 0x51, 0x84, 0x9c, 0xb6, 0xd2, 0x9c, 0xea, 0xa3, 0xca, 0xa3, 0xc8, 0x7a, 0x49, 0x93
.byte 0x0b, 0xac, 0x0b, 0xac, 0x0b, 0xb4, 0xc9, 0xa3, 0xe7, 0x82, 0x89, 0x9b, 0x08, 0x7b, 0xa4, 0x41
.byte 0x44, 0x29, 0x6a, 0x42, 0xaf, 0x6b, 0xaf, 0x73, 0xaf, 0x6b, 0xf0, 0x73, 0xcb, 0x52, 0x66, 0x41
.byte 0xc9, 0x61, 0x0a, 0x6a, 0x47, 0x49, 0x8a, 0x62, 0xf7, 0xc5, 0xff, 0xff, 0xf7, 0xbd, 0x69, 0x52
.byte 0xd2, 0x9c, 0x7d, 0xef, 0xcc, 0x72, 0xe9, 0x61, 0xc7, 0x41, 0x47, 0x52, 0x29, 0x7b, 0x27, 0x4a
.byte 0x08, 0x3a, 0xec, 0x5a, 0x59, 0xce, 0xff, 0xff, 0xff, 0xff, 0xff, 0xff, 0xff, 0xff, 0xff, 0xff
.byte 0xff, 0xff, 0xff, 0xff, 0xff, 0xff, 0xff, 0xff, 0xff, 0xff, 0xff, 0xff, 0xff, 0xff, 0xff, 0xff
.byte 0xff, 0xff, 0xff, 0xff, 0xff, 0xff, 0xff, 0xff, 0xff, 0xff, 0xff, 0xff, 0xff, 0xff, 0xff, 0xff
.byte 0xff, 0xff, 0xff, 0xff, 0xff, 0xff, 0xff, 0xff, 0x7a, 0xbe, 0x7b, 0xae, 0x19, 0xae, 0x5d, 0xe7
.byte 0xff, 0xff, 0xff, 0xff, 0xff, 0xff, 0xff, 0xff, 0xff, 0xff, 0xff, 0xff, 0xff, 0xff, 0x7e, 0xef
.byte 0x6d, 0x73, 0x43, 0x39, 0xe8, 0x7a, 0x4b, 0xb4, 0x0b, 0xb4, 0x69, 0x93, 0x87, 0x72, 0x89, 0x93
.byte 0x2b, 0xb4, 0x0b, 0xac, 0xe8, 0x82, 0x49, 0x8b, 0x2b, 0xac, 0x0a, 0xac, 0xea, 0xa3, 0xe8, 0x7a
.byte 0x49, 0x8b, 0x0a, 0xac, 0x0a, 0xac, 0xea, 0xab, 0x28, 0x8b, 0x8d, 0x73, 0xb3, 0x8c, 0x0d, 0x94
.byte 0x0a, 0xac, 0xaa, 0x9b, 0x08, 0x8b, 0xea, 0xab, 0x0b, 0xac, 0x68, 0x93, 0xc7, 0x82, 0x86, 0x6a
.byte 0x26, 0x52, 0x06, 0x4a, 0x44, 0x29, 0xa7, 0x31, 0x4e, 0x63, 0xf0, 0x73, 0xaf, 0x6b, 0x6e, 0x63
.byte 0x6e, 0x63, 0xaf, 0x6b, 0xf0, 0x73, 0x0c, 0x5b, 0x87, 0x41, 0xa8, 0x59, 0x2b, 0x6a, 0x88, 0x59
.byte 0xc8, 0x51, 0x14, 0xa5, 0x3c, 0xe7, 0x10, 0x84, 0x79, 0xce, 0xd7, 0xbd, 0xc9, 0x59, 0xa8, 0x51
.byte 0x6a, 0x52, 0x2c, 0x5b, 0x26, 0x52, 0xe8, 0x72, 0x48, 0x4a, 0x0d, 0x5b, 0x6a, 0x4a, 0x75, 0xad
.byte 0xff, 0xff, 0xff, 0xff, 0xff, 0xff, 0xff, 0xff, 0xff, 0xff, 0xff, 0xff, 0xff, 0xff, 0xff, 0xff
.byte 0xff, 0xff, 0xff, 0xff, 0xff, 0xff, 0xff, 0xff, 0x9e, 0xf7, 0x5d, 0xe7, 0xff, 0xff, 0xff, 0xff
.byte 0xff, 0xff, 0xff, 0xff, 0xff, 0xff, 0xff, 0xff, 0xff, 0xff, 0xff, 0xff, 0xff, 0xff, 0xff, 0xff
.byte 0xdb, 0xce, 0xf9, 0xad, 0xfc, 0xd6, 0xff, 0xff, 0xff, 0xff, 0xff, 0xff, 0xff, 0xff, 0xff, 0xff
.byte 0xff, 0xff, 0xff, 0xff, 0xff, 0xff, 0xff, 0xff, 0x1c, 0xe7, 0x49, 0x4a, 0x67, 0x5a, 0x28, 0x8b
.byte 0x0b, 0xac, 0x08, 0x83, 0x69, 0x93, 0x4b, 0xb4, 0x6c, 0xb4, 0x89, 0x93, 0x08, 0x83, 0x0b, 0xac
.byte 0x2b, 0xb4, 0x2b, 0xac, 0x89, 0x9b, 0x87, 0x72, 0xaa, 0x9b, 0xea, 0xab, 0xea, 0xab, 0xca, 0xa3
.byte 0x28, 0x8b, 0xeb, 0xa3, 0x2c, 0xac, 0x2b, 0xb4, 0x2a, 0xb4, 0x49, 0x93, 0x86, 0x72, 0x86, 0x72
.byte 0x46, 0x62, 0x88, 0x62, 0xce, 0x83, 0x13, 0xa5, 0xae, 0x73, 0xc6, 0x39, 0xab, 0x52, 0xf0, 0x73
.byte 0xf0, 0x73, 0x8f, 0x6b, 0x8f, 0x6b, 0xaf, 0x6b, 0x8f, 0x63, 0xd0, 0x73, 0xf0, 0x73, 0x31, 0x7c
.byte 0x8e, 0x63, 0xe8, 0x49, 0xa8, 0x51, 0x4b, 0x72, 0x0a, 0x6a, 0xe9, 0x59, 0x8a, 0x5a, 0xb2, 0x94
.byte 0x9d, 0xf7, 0x8e, 0x7b, 0x88, 0x51, 0x67, 0x49, 0x8a, 0x4a, 0x92, 0x84, 0xaa, 0x52, 0x46, 0x5a
.byte 0xe8, 0x72, 0xeb, 0x62, 0x8f, 0x6b, 0xab, 0x52, 0x17, 0xc6, 0xff, 0xff, 0xff, 0xff, 0xff, 0xff
.byte 0xff, 0xff, 0xff, 0xff, 0xff, 0xff, 0xff, 0xff, 0xff, 0xff, 0xff, 0xff, 0xff, 0xff, 0xff, 0xff
.byte 0x7a, 0xc6, 0xf8, 0xad, 0xdf, 0xff, 0xff, 0xff, 0xff, 0xff, 0xff, 0xff, 0xff, 0xff, 0xff, 0xff
.byte 0xff, 0xff, 0xff, 0xff, 0xff, 0xff, 0xff, 0xff, 0xff, 0xff, 0xff, 0xff, 0xff, 0xff, 0xff, 0xff
.byte 0xff, 0xff, 0xff, 0xff, 0xff, 0xff, 0xff, 0xff, 0xff, 0xff, 0xff, 0xff, 0xff, 0xff, 0xff, 0xff
.byte 0xff, 0xff, 0x5d, 0xef, 0xd3, 0x94, 0x88, 0x5a, 0xa4, 0x51, 0x86, 0x72, 0xea, 0xab, 0x8c, 0xc4
.byte 0x4c, 0xb4, 0x49, 0x8b, 0xeb, 0xa3, 0x6c, 0xbc, 0x2b, 0xb4, 0x2b, 0xb4, 0x28, 0x8b, 0x69, 0x93
.byte 0x2b, 0xb4, 0x2b, 0xb4, 0x0b, 0xb4, 0x8a, 0x9b, 0x08, 0x83, 0x89, 0x9b, 0x27, 0x93, 0xc6, 0x7a
.byte 0x86, 0x72, 0x06, 0x5a, 0x07, 0x4a, 0xad, 0x7b, 0x13, 0xa5, 0xd7, 0xb5, 0x5d, 0xef, 0xff, 0xff
.byte 0x1c, 0xe7, 0x8e, 0x6b, 0x51, 0x84, 0x51, 0x7c, 0x10, 0x74, 0xf0, 0x73, 0x10, 0x74, 0x10, 0x74
.byte 0xaf, 0x6b, 0x10, 0x74, 0x31, 0x7c, 0x31, 0x7c, 0x72, 0x84, 0x10, 0x74, 0xab, 0x5a, 0xc8, 0x51
.byte 0x2b, 0x6a, 0x0a, 0x72, 0x87, 0x41, 0x58, 0xce, 0x79, 0xce, 0xe8, 0x51, 0xa8, 0x59, 0x87, 0x49
.byte 0x2d, 0x5b, 0xf3, 0x8c, 0x31, 0x7c, 0x28, 0x4a, 0xa7, 0x6a, 0xc8, 0x6a, 0xcb, 0x5a, 0x2d, 0x63
.byte 0x6d, 0x73, 0xdb, 0xde, 0xff, 0xff, 0xff, 0xff, 0xff, 0xff, 0xff, 0xff, 0xff, 0xff, 0xff, 0xff
.byte 0xff, 0xff, 0xff, 0xff, 0xff, 0xff, 0xdf, 0xff, 0x97, 0x9d, 0xf9, 0xad, 0x9e, 0xef, 0xff, 0xff
.byte 0xff, 0xff, 0xff, 0xff, 0xff, 0xff, 0xff, 0xff, 0xff, 0xff, 0xff, 0xff, 0xff, 0xff, 0xff, 0xff
.byte 0xff, 0xff, 0xff, 0xff, 0xff, 0xff, 0xff, 0xff, 0xff, 0xff, 0xff, 0xff, 0xff, 0xff, 0xff, 0xff
.byte 0xff, 0xff, 0xff, 0xff, 0xff, 0xff, 0xff, 0xff, 0xff, 0xff, 0xff, 0xff, 0xff, 0xff, 0x96, 0xb5
.byte 0x2c, 0x6b, 0xcd, 0x8b, 0x8b, 0x83, 0xe8, 0x72, 0x25, 0x5a, 0x25, 0x5a, 0xe7, 0x82, 0x07, 0x8b
.byte 0x27, 0x8b, 0x48, 0x8b, 0x86, 0x72, 0x07, 0x8b, 0xe7, 0x82, 0xc7, 0x7a, 0x86, 0x72, 0xa4, 0x49
.byte 0xc5, 0x49, 0xc9, 0x6a, 0xcd, 0x83, 0xb1, 0x9c, 0x75, 0xad, 0x75, 0xad, 0xd6, 0xb5, 0x5d, 0xe7
.byte 0xff, 0xff, 0xff, 0xff, 0xff, 0xff, 0xff, 0xff, 0xb6, 0xb5, 0xd3, 0x94, 0x92, 0x84, 0x51, 0x84
.byte 0x51, 0x7c, 0x51, 0x7c, 0x51, 0x7c, 0x31, 0x7c, 0xf0, 0x73, 0x10, 0x74, 0x31, 0x7c, 0x31, 0x7c
.byte 0x51, 0x7c, 0x92, 0x8c, 0x92, 0x84, 0x4d, 0x63, 0x09, 0x52, 0x46, 0x41, 0xab, 0x62, 0x99, 0xce
.byte 0xae, 0x7b, 0x88, 0x51, 0xe9, 0x61, 0xc8, 0x49, 0xf0, 0x73, 0xb2, 0x8c, 0x14, 0x95, 0xd0, 0x73
.byte 0x27, 0x4a, 0x08, 0x7b, 0xc9, 0x62, 0x0c, 0x5b, 0x0d, 0x63, 0x10, 0x84, 0xbe, 0xf7, 0xff, 0xff
.byte 0xff, 0xff, 0xff, 0xff, 0xff, 0xff, 0xff, 0xff, 0xff, 0xff, 0xff, 0xff, 0xff, 0xff, 0xdf, 0xff
.byte 0xb7, 0xa5, 0xdb, 0xce, 0xdf, 0xff, 0xff, 0xff, 0xff, 0xff, 0xff, 0xff, 0xff, 0xff, 0xff, 0xff
.byte 0xff, 0xff, 0xff, 0xff, 0xff, 0xff, 0xff, 0xff, 0xff, 0xff, 0xff, 0xff, 0xff, 0xff, 0xff, 0xff
.byte 0xff, 0xff, 0xff, 0xff, 0xff, 0xff, 0xff, 0xff, 0xff, 0xff, 0xff, 0xff, 0xff, 0xff, 0xff, 0xff
.byte 0xff, 0xff, 0xff, 0xff, 0xff, 0xff, 0xff, 0xff, 0x7d, 0xef, 0x3c, 0xe7, 0xba, 0xd6, 0xf3, 0x9c
.byte 0xaa, 0x52, 0x6c, 0x73, 0xee, 0x83, 0xad, 0x83, 0x6c, 0x7b, 0xc6, 0x41, 0x06, 0x4a, 0x8c, 0x7b
.byte 0x0f, 0x8c, 0xb1, 0x9c, 0xb2, 0x9c, 0x6d, 0x6b, 0xf3, 0x9c, 0x9a, 0xce, 0x3c, 0xe7, 0xbf, 0xf7
.byte 0xff, 0xff, 0xff, 0xff, 0xff, 0xff, 0xff, 0xff, 0xff, 0xff, 0xff, 0xff, 0xff, 0xff, 0x96, 0xb5
.byte 0xf0, 0x73, 0x92, 0x84, 0x51, 0x7c, 0x31, 0x7c, 0x31, 0x7c, 0x10, 0x7c, 0x10, 0x7c, 0x31, 0x7c
.byte 0x31, 0x7c, 0x31, 0x7c, 0x31, 0x7c, 0x31, 0x7c, 0x51, 0x7c, 0x51, 0x7c, 0x72, 0x84, 0x93, 0x84
.byte 0xcf, 0x6b, 0x86, 0x31, 0x87, 0x49, 0x8b, 0x62, 0xe9, 0x51, 0x2a, 0x6a, 0xc8, 0x59, 0x49, 0x4a
.byte 0x71, 0x84, 0xb3, 0x8c, 0xf3, 0x94, 0xb3, 0x8c, 0x2d, 0x5b, 0x68, 0x52, 0xe8, 0x72, 0xe6, 0x41
.byte 0x29, 0x3a, 0x2c, 0x63, 0xb6, 0xb5, 0xff, 0xff, 0xff, 0xff, 0xff, 0xff, 0xff, 0xff, 0xff, 0xff
.byte 0xff, 0xff, 0xff, 0xff, 0xff, 0xff, 0xff, 0xff, 0x9e, 0xef, 0xbe, 0xf7, 0xff, 0xff, 0xff, 0xff
.byte 0xff, 0xff, 0xff, 0xff, 0xff, 0xff, 0xff, 0xff, 0xff, 0xff, 0xff, 0xff, 0xff, 0xff, 0xff, 0xff
.byte 0xff, 0xff, 0xff, 0xff, 0xff, 0xff, 0xff, 0xff, 0xff, 0xff, 0xff, 0xff, 0xff, 0xff, 0xff, 0xff
.byte 0xff, 0xff, 0xff, 0xff, 0xff, 0xff, 0xff, 0xff, 0xff, 0xff, 0xff, 0xff, 0xff, 0xff, 0xff, 0xff
.byte 0xff, 0xff, 0xff, 0xff, 0xff, 0xff, 0xff, 0xff, 0x1c, 0xe7, 0x3c, 0xe7, 0x7d, 0xef, 0x5d, 0xe7
.byte 0x3c, 0xe7, 0xf7, 0xbd, 0x18, 0xc6, 0x3c, 0xe7, 0x7e, 0xef, 0xbe, 0xf7, 0xdf, 0xf7, 0x7d, 0xef
.byte 0xff, 0xff, 0xff, 0xff, 0xff, 0xff, 0xff, 0xff, 0xff, 0xff, 0xff, 0xff, 0xff, 0xff, 0xff, 0xff
.byte 0xff, 0xff, 0xff, 0xff, 0xff, 0xff, 0x92, 0x8c, 0x71, 0x84, 0x51, 0x7c, 0x31, 0x7c, 0x31, 0x7c
.byte 0x31, 0x7c, 0x8e, 0x6b, 0x4e, 0x63, 0x31, 0x7c, 0x31, 0x7c, 0x31, 0x7c, 0x31, 0x7c, 0x31, 0x7c
.byte 0x31, 0x7c, 0x31, 0x7c, 0x31, 0x7c, 0x72, 0x84, 0x0c, 0x5b, 0xa7, 0x41, 0xc9, 0x59, 0xc9, 0x59
.byte 0xea, 0x61, 0x2b, 0x6a, 0x87, 0x41, 0x2c, 0x5b, 0x71, 0x84, 0x92, 0x84, 0x72, 0x84, 0x92, 0x84
.byte 0x51, 0x7c, 0xab, 0x4a, 0xe6, 0x49, 0x09, 0x7b, 0xa8, 0x5a, 0x86, 0x31, 0x69, 0x52, 0xf7, 0xc5
.byte 0xdf, 0xff, 0xff, 0xff, 0xff, 0xff, 0xff, 0xff, 0xff, 0xff, 0xff, 0xff, 0xff, 0xff, 0xff, 0xff
.byte 0xff, 0xff, 0xff, 0xff, 0xff, 0xff, 0xff, 0xff, 0xff, 0xff, 0xff, 0xff, 0xff, 0xff, 0xff, 0xff
.byte 0xff, 0xff, 0xff, 0xff, 0xff, 0xff, 0xff, 0xff, 0xff, 0xff, 0xff, 0xff, 0xff, 0xff, 0xff, 0xff
.byte 0xff, 0xff, 0xff, 0xff, 0xff, 0xff, 0xff, 0xff, 0xff, 0xff, 0xff, 0xff, 0xff, 0xff, 0xff, 0xff
.byte 0xff, 0xff, 0xff, 0xff, 0xff, 0xff, 0xff, 0xff, 0xff, 0xff, 0xff, 0xff, 0xff, 0xff, 0xff, 0xff
.byte 0xff, 0xff, 0xff, 0xff, 0xff, 0xff, 0xff, 0xff, 0xff, 0xff, 0xff, 0xff, 0xff, 0xff, 0xff, 0xff
.byte 0xff, 0xff, 0xff, 0xff, 0xff, 0xff, 0xff, 0xff, 0xff, 0xff, 0xff, 0xff, 0xff, 0xff, 0xff, 0xff
.byte 0xff, 0xff, 0xff, 0xff, 0xff, 0xff, 0xff, 0xff, 0xff, 0xff, 0xff, 0xff, 0x14, 0xa5, 0x10, 0x7c
.byte 0x72, 0x84, 0x31, 0x7c, 0x31, 0x7c, 0x31, 0x7c, 0x31, 0x7c, 0xaf, 0x6b, 0x0c, 0x5b, 0x31, 0x7c
.byte 0x31, 0x7c, 0x31, 0x7c, 0x31, 0x7c, 0x31, 0x7c, 0x31, 0x7c, 0x31, 0x7c, 0x72, 0x84, 0xae, 0x6b
.byte 0x86, 0x31, 0xc8, 0x51, 0x4b, 0x6a, 0x2a, 0x6a, 0x2a, 0x6a, 0x09, 0x62, 0x08, 0x4a, 0x51, 0x7c
.byte 0x92, 0x8c, 0x72, 0x84, 0x72, 0x84, 0x72, 0x84, 0x72, 0x84, 0x6e, 0x63, 0x28, 0x4a, 0x29, 0x7b
.byte 0x09, 0x7b, 0x6c, 0x93, 0x2e, 0xb4, 0xea, 0x7a, 0xea, 0x62, 0x38, 0xc6, 0xff, 0xff, 0xff, 0xff
.byte 0xff, 0xff, 0xff, 0xff, 0xff, 0xff, 0xff, 0xff, 0xff, 0xff, 0xff, 0xff, 0xff, 0xff, 0xff, 0xff
.byte 0xff, 0xff, 0xff, 0xff, 0xff, 0xff, 0xff, 0xff, 0xff, 0xff, 0xff, 0xff, 0xff, 0xff, 0xff, 0xff
.byte 0xff, 0xff, 0xff, 0xff, 0xff, 0xff, 0xff, 0xff, 0xff, 0xff, 0xff, 0xff, 0xff, 0xff, 0xff, 0xff
.byte 0xff, 0xff, 0xff, 0xff, 0xff, 0xff, 0xff, 0xff, 0xff, 0xff, 0xff, 0xff, 0xff, 0xff, 0xff, 0xff
.byte 0xff, 0xff, 0xff, 0xff, 0xff, 0xff, 0xff, 0xff, 0xff, 0xff, 0xff, 0xff, 0xff, 0xff, 0xff, 0xff
.byte 0xff, 0xff, 0xff, 0xff, 0xff, 0xff, 0xff, 0xff, 0xff, 0xff, 0xff, 0xff, 0xff, 0xff, 0xff, 0xff
.byte 0xff, 0xff, 0xff, 0xff, 0xff, 0xff, 0xff, 0xff, 0xff, 0xff, 0xff, 0xff, 0xff, 0xff, 0xff, 0xff
.byte 0xff, 0xff, 0xff, 0xff, 0x30, 0x84, 0x11, 0x7c, 0x52, 0x74, 0x11, 0x6c, 0x31, 0x7c, 0x31, 0x7c
.byte 0x31, 0x7c, 0x30, 0x7c, 0x2d, 0x63, 0x8f, 0x6b, 0x31, 0x7c, 0x11, 0x7c, 0x31, 0x7c, 0x31, 0x7c
.byte 0x31, 0x7c, 0x31, 0x7c, 0x71, 0x84, 0xef, 0x73, 0xe8, 0x41, 0xc8, 0x51, 0x4b, 0x6a, 0x4b, 0x6a
.byte 0x2b, 0x6a, 0xa7, 0x49, 0x4d, 0x63, 0xd3, 0x8c, 0x72, 0x84, 0x92, 0x84, 0x72, 0x84, 0x51, 0x84
.byte 0x31, 0x7c, 0xf0, 0x73, 0xcc, 0x52, 0x65, 0x31, 0x8c, 0x8b, 0x32, 0xcd, 0x4f, 0xac, 0x90, 0xbc
.byte 0xee, 0x9b, 0xa9, 0x5a, 0xd6, 0xb5, 0xff, 0xff, 0xff, 0xff, 0xff, 0xff, 0xff, 0xff, 0xff, 0xff
.byte 0xff, 0xff, 0xff, 0xff, 0xff, 0xff, 0xff, 0xff, 0xff, 0xff, 0xff, 0xff, 0xff, 0xff, 0xff, 0xff
.byte 0xff, 0xff, 0xff, 0xff, 0xff, 0xff, 0xff, 0xff, 0xff, 0xff, 0xff, 0xff, 0xff, 0xff, 0xff, 0xff
.byte 0xff, 0xff, 0xff, 0xff, 0xff, 0xff, 0xff, 0xff, 0xff, 0xff, 0xff, 0xff, 0xff, 0xff, 0xff, 0xff
.byte 0xff, 0xff, 0xff, 0xff, 0xff, 0xff, 0xff, 0xff, 0xff, 0xff, 0xff, 0xff, 0xff, 0xff, 0xff, 0xff
.byte 0xff, 0xff, 0xff, 0xff, 0xff, 0xff, 0xff, 0xff, 0xff, 0xff, 0xff, 0xff, 0xff, 0xff, 0xff, 0xff
.byte 0xff, 0xff, 0xff, 0xff, 0xff, 0xff, 0xff, 0xff, 0xff, 0xff, 0xff, 0xff, 0xff, 0xff, 0xff, 0xff
.byte 0xff, 0xff, 0xff, 0xff, 0xff, 0xff, 0xff, 0xff, 0xff, 0xff, 0xf7, 0xbd, 0xef, 0x73, 0x11, 0x74
.byte 0x36, 0x8d, 0xb3, 0x84, 0x10, 0x74, 0x31, 0x7c, 0x31, 0x7c, 0x51, 0x84, 0xaf, 0x73, 0x2d, 0x5b
.byte 0xd0, 0x73, 0x10, 0x7c, 0x51, 0x7c, 0x31, 0x7c, 0x31, 0x7c, 0x31, 0x7c, 0x51, 0x7c, 0xd3, 0x8c
.byte 0xaf, 0x6b, 0x09, 0x52, 0x2a, 0x6a, 0x4b, 0x6a, 0x09, 0x62, 0x66, 0x31, 0x8a, 0x52, 0x8a, 0x52
.byte 0x08, 0x4a, 0x8a, 0x52, 0x31, 0x7c, 0x52, 0x84, 0x51, 0x7c, 0xd0, 0x73, 0xe8, 0x39, 0x28, 0x52
.byte 0x0e, 0x9c, 0x4f, 0xa4, 0x74, 0xd5, 0x33, 0xcd, 0x53, 0xd5, 0x12, 0xc5, 0xeb, 0x62, 0x38, 0xc6
.byte 0xff, 0xff, 0xff, 0xff, 0xff, 0xff, 0xff, 0xff, 0xff, 0xff, 0xff, 0xff, 0xff, 0xff, 0xff, 0xff
.byte 0xff, 0xff, 0xff, 0xff, 0xff, 0xff, 0xff, 0xff, 0xff, 0xff, 0xff, 0xff, 0xff, 0xff, 0xff, 0xff
.byte 0xff, 0xff, 0xff, 0xff, 0xff, 0xff, 0xff, 0xff, 0xff, 0xff, 0xff, 0xff, 0xff, 0xff, 0xff, 0xff
.byte 0xff, 0xff, 0xff, 0xff, 0xff, 0xff, 0xff, 0xff, 0xff, 0xff, 0xff, 0xff, 0xff, 0xff, 0xff, 0xff
.byte 0xff, 0xff, 0xff, 0xff, 0xff, 0xff, 0xff, 0xff, 0xff, 0xff, 0xff, 0xff, 0xff, 0xff, 0xff, 0xff
.byte 0xff, 0xff, 0xff, 0xff, 0xff, 0xff, 0xff, 0xff, 0xff, 0xff, 0xff, 0xff, 0xff, 0xff, 0xff, 0xff
.byte 0xff, 0xff, 0xff, 0xff, 0xff, 0xff, 0xff, 0xff, 0xff, 0xff, 0xff, 0xff, 0xff, 0xff, 0xff, 0xff
.byte 0xff, 0xff, 0xef, 0x7b, 0x6e, 0x6b, 0x11, 0x74, 0x5a, 0xb6, 0xb7, 0xa5, 0x11, 0x74, 0x11, 0x7c
.byte 0x31, 0x7c, 0x51, 0x84, 0x31, 0x7c, 0x4d, 0x63, 0x2d, 0x63, 0xaf, 0x6b, 0x30, 0x7c, 0x31, 0x7c
.byte 0x31, 0x7c, 0x71, 0x84, 0x51, 0x7c, 0x51, 0x7c, 0x51, 0x7c, 0x69, 0x52, 0xa8, 0x51, 0xa8, 0x51
.byte 0x87, 0x49, 0xa8, 0x51, 0x88, 0x51, 0xa8, 0x59, 0xa8, 0x59, 0x87, 0x41, 0xaf, 0x6b, 0x72, 0x84
.byte 0x72, 0x84, 0x8e, 0x6b, 0x89, 0x62, 0x0b, 0x7b, 0x89, 0x62, 0xb1, 0xb4, 0xf2, 0xbc, 0x2f, 0xa4
.byte 0x70, 0xac, 0xb4, 0xdd, 0xcd, 0x93, 0xef, 0x83, 0x7d, 0xef, 0xff, 0xff, 0xff, 0xff, 0xff, 0xff
.byte 0xff, 0xff, 0xff, 0xff, 0xff, 0xff, 0xff, 0xff, 0xff, 0xff, 0xff, 0xff, 0xff, 0xff, 0xff, 0xff
.byte 0xff, 0xff, 0xff, 0xff, 0xff, 0xff, 0xff, 0xff, 0xff, 0xff, 0xff, 0xff, 0xff, 0xff, 0xff, 0xff
.byte 0xff, 0xff, 0xff, 0xff, 0xff, 0xff, 0xff, 0xff, 0xff, 0xff, 0xff, 0xff, 0xff, 0xff, 0xff, 0xff
.byte 0xff, 0xff, 0xff, 0xff, 0xff, 0xff, 0xff, 0xff, 0xff, 0xff, 0xff, 0xff, 0xff, 0xff, 0xff, 0xff
.byte 0xff, 0xff, 0xff, 0xff, 0xff, 0xff, 0xff, 0xff, 0xff, 0xff, 0xff, 0xff, 0xff, 0xff, 0xff, 0xff
.byte 0xff, 0xff, 0xff, 0xff, 0xff, 0xff, 0xff, 0xff, 0xff, 0xff, 0xff, 0xff, 0xff, 0xff, 0xff, 0xff
.byte 0xff, 0xff, 0xff, 0xff, 0xff, 0xff, 0xff, 0xff, 0xbe, 0xf7, 0x10, 0x84, 0xaf, 0x73, 0x31, 0x7c
.byte 0x96, 0x9d, 0x35, 0x95, 0x31, 0x7c, 0x31, 0x7c, 0x31, 0x7c, 0x31, 0x7c, 0x51, 0x84, 0x8f, 0x6b
.byte 0x8b, 0x52, 0x4d, 0x63, 0xcf, 0x6b, 0x30, 0x7c, 0x71, 0x84, 0x92, 0x84, 0x0c, 0x63, 0xc7, 0x41
.byte 0xe8, 0x49, 0x09, 0x62, 0x0a, 0x6a, 0x67, 0x49, 0x87, 0x51, 0xe9, 0x69, 0x2b, 0x72, 0x2b, 0x72
.byte 0x0a, 0x6a, 0xa8, 0x49, 0x8e, 0x6b, 0x72, 0x84, 0x72, 0x84, 0xd0, 0x73, 0x4d, 0x73, 0xcd, 0x9b
.byte 0xeb, 0x72, 0x2c, 0x7b, 0xd1, 0xb4, 0xd5, 0xdd, 0x6f, 0xac, 0xb0, 0xbc, 0x72, 0xdd, 0xea, 0x6a
.byte 0x18, 0xc6, 0xff, 0xff, 0xff, 0xff, 0xff, 0xff, 0xff, 0xff, 0xff, 0xff, 0xff, 0xff, 0xff, 0xff
.byte 0xff, 0xff, 0xff, 0xff, 0xff, 0xff, 0xff, 0xff, 0xff, 0xff, 0xff, 0xff, 0xff, 0xff, 0xff, 0xff
.byte 0xff, 0xff, 0xff, 0xff, 0xff, 0xff, 0xff, 0xff, 0xff, 0xff, 0xff, 0xff, 0xff, 0xff, 0xff, 0xff
.byte 0xff, 0xff, 0xff, 0xff, 0xff, 0xff, 0xff, 0xff, 0xbf, 0xf7, 0x3d, 0xe7, 0xdf, 0xff, 0xff, 0xff
.byte 0xff, 0xff, 0xff, 0xff, 0xff, 0xff, 0xff, 0xff, 0xff, 0xff, 0xff, 0xff, 0xff, 0xff, 0xff, 0xff
.byte 0xff, 0xff, 0xff, 0xff, 0xff, 0xff, 0xff, 0xff, 0xff, 0xff, 0xff, 0xff, 0xff, 0xff, 0xff, 0xff
.byte 0xff, 0xff, 0xff, 0xff, 0xff, 0xff, 0xff, 0xff, 0xff, 0xff, 0xff, 0xff, 0xff, 0xff, 0xff, 0xff
.byte 0xd7, 0xbd, 0x4d, 0x6b, 0x11, 0x7c, 0x51, 0x7c, 0x11, 0x74, 0x11, 0x74, 0x31, 0x7c, 0x31, 0x7c
.byte 0x31, 0x7c, 0x31, 0x7c, 0x51, 0x84, 0x6e, 0x6b, 0x4a, 0x4a, 0x4d, 0x63, 0xaf, 0x6b, 0x31, 0x7c
.byte 0x72, 0x84, 0xf0, 0x73, 0xe8, 0x41, 0x25, 0x39, 0x66, 0x41, 0x4b, 0x72, 0xad, 0x82, 0x47, 0x49
.byte 0x05, 0x39, 0x46, 0x49, 0x87, 0x51, 0xa8, 0x59, 0xc9, 0x61, 0x67, 0x41, 0x8e, 0x63, 0x72, 0x84
.byte 0x51, 0x84, 0x72, 0x84, 0x8e, 0x6b, 0xeb, 0x6a, 0x4c, 0x83, 0x89, 0x6a, 0xd1, 0xb4, 0x12, 0xbd
.byte 0x90, 0xb4, 0xd1, 0xc4, 0x93, 0xe5, 0x6c, 0x83, 0x75, 0xad, 0xff, 0xff, 0xff, 0xff, 0xff, 0xff
.byte 0xff, 0xff, 0xff, 0xff, 0xff, 0xff, 0xff, 0xff, 0xff, 0xff, 0xff, 0xff, 0xff, 0xff, 0xff, 0xff
.byte 0xff, 0xff, 0xff, 0xff, 0xff, 0xff, 0xff, 0xff, 0xff, 0xff, 0xff, 0xff, 0xff, 0xff, 0xff, 0xff
.byte 0xff, 0xff, 0xff, 0xff, 0xff, 0xff, 0xff, 0xff, 0xff, 0xff, 0xff, 0xff, 0xff, 0xff, 0xff, 0xff
.byte 0x5d, 0xe7, 0x3a, 0xb6, 0x3c, 0xe7, 0xff, 0xff, 0xff, 0xff, 0xff, 0xff, 0xff, 0xff, 0xff, 0xff
.byte 0xff, 0xff, 0xff, 0xff, 0xff, 0xff, 0xff, 0xff, 0xff, 0xff, 0xff, 0xff, 0xff, 0xff, 0xff, 0xff
.byte 0xff, 0xff, 0xff, 0xff, 0xff, 0xff, 0xff, 0xff, 0xff, 0xff, 0xff, 0xff, 0xff, 0xff, 0xff, 0xff
.byte 0xff, 0xff, 0xff, 0xff, 0xff, 0xff, 0xff, 0xff, 0x10, 0x84, 0x0d, 0x63, 0x31, 0x7c, 0x31, 0x7c
.byte 0x31, 0x7c, 0x31, 0x7c, 0x31, 0x7c, 0x31, 0x7c, 0x31, 0x7c, 0x31, 0x7c, 0x51, 0x84, 0x6e, 0x63
.byte 0x6a, 0x4a, 0x6e, 0x63, 0xf0, 0x73, 0x51, 0x7c, 0x72, 0x84, 0x6e, 0x63, 0x45, 0x31, 0xe9, 0x61
.byte 0xc8, 0x51, 0x67, 0x41, 0xa8, 0x49, 0x46, 0x31, 0x04, 0x29, 0xe4, 0x28, 0xc4, 0x28, 0xc4, 0x28
.byte 0xc4, 0x28, 0x66, 0x39, 0xf0, 0x73, 0x72, 0x84, 0x51, 0x7c, 0x92, 0x84, 0x31, 0x7c, 0xaa, 0x52
.byte 0x8d, 0x8b, 0xee, 0x9b, 0x69, 0x62, 0x70, 0xac, 0x12, 0xbd, 0x6b, 0x83, 0x0a, 0x73, 0x89, 0x5a
.byte 0x75, 0xb5, 0xff, 0xff, 0xff, 0xff, 0xff, 0xff, 0xff, 0xff, 0xff, 0xff, 0xff, 0xff, 0xff, 0xff
.byte 0xff, 0xff, 0xff, 0xff, 0xff, 0xff, 0xff, 0xff, 0xff, 0xff, 0xff, 0xff, 0xff, 0xff, 0xff, 0xff
.byte 0xff, 0xff, 0xff, 0xff, 0xff, 0xff, 0xff, 0xff, 0xff, 0xff, 0xff, 0xff, 0xff, 0xff, 0xff, 0xff
.byte 0xff, 0xff, 0xff, 0xff, 0xff, 0xff, 0xff, 0xff, 0x9e, 0xef, 0xfd, 0xce, 0x9b, 0xce, 0xff, 0xff
.byte 0xff, 0xff, 0xff, 0xff, 0xff, 0xff, 0xff, 0xff, 0xff, 0xff, 0xff, 0xff, 0xff, 0xff, 0xff, 0xff
.byte 0xff, 0xff, 0xff, 0xff, 0xff, 0xff, 0xff, 0xff, 0xff, 0xff, 0xff, 0xff, 0xff, 0xff, 0xff, 0xff
.byte 0xff, 0xff, 0xff, 0xff, 0xff, 0xff, 0xff, 0xff, 0xff, 0xff, 0xff, 0xff, 0xff, 0xff, 0xff, 0xff
.byte 0xef, 0x7b, 0x4e, 0x63, 0x31, 0x7c, 0x31, 0x7c, 0x31, 0x7c, 0x31, 0x7c, 0x31, 0x7c, 0x31, 0x7c
.byte 0x31, 0x7c, 0x31, 0x7c, 0x51, 0x84, 0x6e, 0x63, 0x6a, 0x4a, 0x8f, 0x6b, 0x31, 0x7c, 0x51, 0x7c
.byte 0x92, 0x84, 0x2d, 0x5b, 0x87, 0x41, 0xc8, 0x59, 0x87, 0x41, 0x86, 0x31, 0x8a, 0x52, 0xcf, 0x73
.byte 0xaf, 0x6b, 0x0c, 0x5b, 0xcb, 0x5a, 0xab, 0x52, 0xaa, 0x52, 0x6e, 0x63, 0x72, 0x84, 0x72, 0x84
.byte 0x51, 0x84, 0x72, 0x84, 0x72, 0x84, 0xcb, 0x52, 0xc6, 0x39, 0x0b, 0x7b, 0x6d, 0x93, 0x0b, 0x7b
.byte 0x27, 0x52, 0x4d, 0xa4, 0xec, 0x9b, 0x85, 0x39, 0x75, 0xad, 0xff, 0xff, 0xff, 0xff, 0xff, 0xff
.byte 0xff, 0xff, 0xff, 0xff, 0xff, 0xff, 0xff, 0xff, 0xff, 0xff, 0xff, 0xff, 0xff, 0xff, 0xff, 0xff
.byte 0xff, 0xff, 0xff, 0xff, 0xff, 0xff, 0xff, 0xff, 0xff, 0xff, 0xff, 0xff, 0xff, 0xff, 0xff, 0xff
.byte 0xff, 0xff, 0xff, 0xff, 0xff, 0xff, 0xff, 0xff, 0xff, 0xff, 0xff, 0xff, 0xff, 0xff, 0xff, 0xff
.byte 0x5d, 0xe7, 0x7b, 0xbe, 0x3a, 0xbe, 0xbe, 0xf7, 0xff, 0xff, 0xff, 0xff, 0xff, 0xff, 0xff, 0xff
.byte 0xff, 0xff, 0xff, 0xff, 0xff, 0xff, 0xff, 0xff, 0xff, 0xff, 0xff, 0xff, 0xff, 0xff, 0xff, 0xff
.byte 0xff, 0xff, 0xff, 0xff, 0xff, 0xff, 0xff, 0xff, 0xff, 0xff, 0xff, 0xff, 0xff, 0xff, 0xff, 0xff
.byte 0xff, 0xff, 0xff, 0xff, 0xff, 0xff, 0xdf, 0xff, 0xf0, 0x7b, 0x8f, 0x6b, 0x51, 0x7c, 0x31, 0x7c
.byte 0x31, 0x7c, 0x31, 0x7c, 0x31, 0x7c, 0x31, 0x7c, 0x31, 0x7c, 0x31, 0x7c, 0x51, 0x84, 0x6e, 0x63
.byte 0x4a, 0x42, 0xf0, 0x73, 0x51, 0x84, 0x72, 0x84, 0x72, 0x84, 0x8a, 0x52, 0x88, 0x51, 0x25, 0x41
.byte 0xe8, 0x39, 0x0c, 0x5b, 0xaf, 0x6b, 0xb3, 0x8c, 0xb3, 0x8c, 0x92, 0x84, 0x72, 0x84, 0x72, 0x84
.byte 0x93, 0x84, 0x92, 0x8c, 0x72, 0x84, 0x51, 0x84, 0x51, 0x84, 0x52, 0x84, 0x72, 0x84, 0x2c, 0x5b
.byte 0xc7, 0x31, 0x08, 0x3a, 0x6c, 0x8b, 0xd1, 0xcc, 0xad, 0x93, 0xac, 0x8b, 0x50, 0xcd, 0x4a, 0x83
.byte 0xae, 0x7b, 0x9e, 0xf7, 0xff, 0xff, 0xff, 0xff, 0xff, 0xff, 0xff, 0xff, 0xff, 0xff, 0xff, 0xff
.byte 0xff, 0xff, 0xff, 0xff, 0xff, 0xff, 0xff, 0xff, 0xff, 0xff, 0xff, 0xff, 0xff, 0xff, 0xff, 0xff
.byte 0xff, 0xff, 0xff, 0xff, 0xff, 0xff, 0xff, 0xff, 0xff, 0xff, 0xff, 0xff, 0xff, 0xff, 0xff, 0xff
.byte 0xff, 0xff, 0xff, 0xff, 0xff, 0xff, 0x7e, 0xef, 0xf9, 0xa5, 0x7a, 0xbe, 0xfc, 0xd6, 0x9e, 0xf7
.byte 0xff, 0xff, 0xff, 0xff, 0xff, 0xff, 0xff, 0xff, 0xff, 0xff, 0xff, 0xff, 0xff, 0xff, 0xff, 0xff
.byte 0xff, 0xff, 0xff, 0xff, 0xff, 0xff, 0xff, 0xff, 0xff, 0xff, 0xff, 0xff, 0xff, 0xff, 0xff, 0xff
.byte 0xff, 0xff, 0xff, 0xff, 0xff, 0xff, 0xff, 0xff, 0xff, 0xff, 0xff, 0xff, 0xff, 0xff, 0x3c, 0xe7
.byte 0xcf, 0x7b, 0xd0, 0x73, 0x51, 0x84, 0x31, 0x7c, 0x31, 0x7c, 0x10, 0x7c, 0x11, 0x7c, 0x31, 0x7c
.byte 0x31, 0x7c, 0x51, 0x7c, 0x72, 0x84, 0x6e, 0x63, 0x49, 0x42, 0xf0, 0x73, 0x51, 0x84, 0xb3, 0x8c
.byte 0xcf, 0x73, 0xc8, 0x49, 0xa8, 0x59, 0xe4, 0x30, 0x29, 0x42, 0x0d, 0x5b, 0x2d, 0x63, 0x31, 0x7c
.byte 0x72, 0x84, 0x52, 0x84, 0x52, 0x84, 0x72, 0x84, 0x52, 0x84, 0x51, 0x84, 0x51, 0x84, 0x51, 0x84
.byte 0x51, 0x7c, 0x51, 0x7c, 0x92, 0x84, 0x8e, 0x6b, 0x28, 0x42, 0x8a, 0x42, 0xaa, 0x62, 0xf2, 0xd4
.byte 0x77, 0xfe, 0x0e, 0x94, 0xed, 0x93, 0x51, 0xcd, 0xea, 0x72, 0x71, 0x94, 0xbe, 0xf7, 0xff, 0xff
.byte 0xff, 0xff, 0xff, 0xff, 0xff, 0xff, 0xff, 0xff, 0xff, 0xff, 0xff, 0xff, 0xff, 0xff, 0xff, 0xff
.byte 0xff, 0xff, 0xff, 0xff, 0xff, 0xff, 0xff, 0xff, 0xff, 0xff, 0xff, 0xff, 0xff, 0xff, 0xff, 0xff
.byte 0xff, 0xff, 0xff, 0xff, 0xff, 0xff, 0xff, 0xff, 0xff, 0xff, 0xff, 0xff, 0xff, 0xff, 0x9e, 0xef
.byte 0x98, 0x9d, 0x98, 0x9d, 0xfc, 0xd6, 0xff, 0xff, 0xff, 0xff, 0xff, 0xff, 0xff, 0xff, 0xff, 0xff
.byte 0xff, 0xff, 0xff, 0xff, 0xff, 0xff, 0xff, 0xff, 0xff, 0xff, 0xff, 0xff, 0xff, 0xff, 0xff, 0xff
.byte 0xff, 0xff, 0xff, 0xff, 0xff, 0xff, 0xff, 0xff, 0xff, 0xff, 0xff, 0xff, 0xff, 0xff, 0xff, 0xff
.byte 0xff, 0xff, 0xff, 0xff, 0xff, 0xff, 0x38, 0xc6, 0x6e, 0x6b, 0xf0, 0x73, 0x51, 0x84, 0x31, 0x84
.byte 0x10, 0x7c, 0x6e, 0x63, 0xf0, 0x73, 0x31, 0x7c, 0x31, 0x7c, 0x31, 0x7c, 0x52, 0x84, 0x4d, 0x63
.byte 0x49, 0x42, 0x10, 0x7c, 0x72, 0x84, 0xb3, 0x8c, 0x2d, 0x63, 0xa8, 0x51, 0xe9, 0x61, 0xe4, 0x28
.byte 0x4a, 0x42, 0x0c, 0x53, 0xab, 0x52, 0x11, 0x7c, 0x72, 0x84, 0x51, 0x84, 0x31, 0x7c, 0x31, 0x7c
.byte 0x31, 0x7c, 0x51, 0x7c, 0x51, 0x7c, 0x71, 0x84, 0x72, 0x84, 0x72, 0x84, 0xd3, 0x8c, 0xcf, 0x73
.byte 0xc6, 0x39, 0x0d, 0x5b, 0xec, 0x5a, 0x8d, 0x9b, 0x36, 0xfe, 0xf5, 0xe5, 0x89, 0x5a, 0xed, 0x93
.byte 0x10, 0xc5, 0xca, 0x6a, 0x14, 0xa5, 0xff, 0xff, 0xff, 0xff, 0xff, 0xff, 0xff, 0xff, 0xff, 0xff
.byte 0xff, 0xff, 0xff, 0xff, 0xff, 0xff, 0xff, 0xff, 0xff, 0xff, 0xff, 0xff, 0xff, 0xff, 0xff, 0xff
.byte 0xff, 0xff, 0xff, 0xff, 0xff, 0xff, 0xff, 0xff, 0xff, 0xff, 0xff, 0xff, 0xff, 0xff, 0xff, 0xff
.byte 0xff, 0xff, 0xff, 0xff, 0xff, 0xff, 0xff, 0xff, 0x9e, 0xf7, 0x3d, 0xe7, 0xff, 0xff, 0xff, 0xff
.byte 0xff, 0xff, 0xff, 0xff, 0xff, 0xff, 0xff, 0xff, 0xff, 0xff, 0xff, 0xff, 0xff, 0xff, 0xff, 0xff
.byte 0xff, 0xff, 0xff, 0xff, 0xff, 0xff, 0x7d, 0xe7, 0x5d, 0xe7, 0xff, 0xff, 0xff, 0xff, 0xff, 0xff
.byte 0xff, 0xff, 0xff, 0xff, 0xff, 0xff, 0xff, 0xff, 0xff, 0xff, 0xff, 0xff, 0xff, 0xff, 0x35, 0xad
.byte 0x0d, 0x5b, 0x31, 0x7c, 0x51, 0x84, 0x51, 0x7c, 0x31, 0x7c, 0x6e, 0x63, 0x8f, 0x6b, 0x31, 0x7c
.byte 0x31, 0x7c, 0x31, 0x7c, 0x51, 0x84, 0x4d, 0x63, 0x29, 0x42, 0xf0, 0x73, 0xb3, 0x8c, 0x92, 0x84
.byte 0x8a, 0x52, 0xe9, 0x59, 0x0a, 0x62, 0x05, 0x31, 0xab, 0x52, 0x6e, 0x63, 0xab, 0x52, 0x11, 0x7c
.byte 0x93, 0x84, 0x72, 0x84, 0x72, 0x84, 0x72, 0x84, 0x72, 0x84, 0x72, 0x84, 0x72, 0x84, 0x72, 0x84
.byte 0x72, 0x84, 0x31, 0x7c, 0xaf, 0x6b, 0x28, 0x42, 0xa6, 0x31, 0xcf, 0x73, 0xcf, 0x6b, 0xaa, 0x5a
.byte 0xce, 0x9b, 0xad, 0x8b, 0xcb, 0x5a, 0x89, 0x52, 0xcf, 0xb4, 0xaf, 0xb4, 0x89, 0x5a, 0x96, 0xb5
.byte 0xff, 0xff, 0xff, 0xff, 0xff, 0xff, 0xff, 0xff, 0xff, 0xff, 0xff, 0xff, 0xff, 0xff, 0xff, 0xff
.byte 0xff, 0xff, 0xff, 0xff, 0xff, 0xff, 0xff, 0xff, 0xff, 0xff, 0xff, 0xff, 0xff, 0xff, 0xff, 0xff
.byte 0xff, 0xff, 0xff, 0xff, 0xff, 0xff, 0xff, 0xff, 0xff, 0xff, 0xff, 0xff, 0xff, 0xff, 0xff, 0xff
.byte 0xff, 0xff, 0xff, 0xff, 0xff, 0xff, 0xff, 0xff, 0xff, 0xff, 0xff, 0xff, 0xff, 0xff, 0xff, 0xff
.byte 0xff, 0xff, 0xff, 0xff, 0xff, 0xff, 0xff, 0xff, 0xff, 0xff, 0xff, 0xff, 0xff, 0xff, 0x39, 0xae
.byte 0x39, 0xb6, 0xff, 0xff, 0xff, 0xff, 0xff, 0xff, 0xff, 0xff, 0xff, 0xff, 0xff, 0xff, 0xff, 0xff
.byte 0xff, 0xff, 0xff, 0xff, 0xff, 0xff, 0x72, 0x8c, 0x0d, 0x5b, 0x31, 0x7c, 0x31, 0x7c, 0x31, 0x7c
.byte 0x51, 0x7c, 0xcf, 0x73, 0x6e, 0x63, 0x11, 0x7c, 0x51, 0x7c, 0x51, 0x7c, 0x72, 0x84, 0x4d, 0x63
.byte 0x45, 0x21, 0x29, 0x42, 0x4d, 0x63, 0x6d, 0x63, 0xe8, 0x41, 0xe9, 0x61, 0xe9, 0x59, 0x25, 0x31
.byte 0xab, 0x52, 0xaf, 0x6b, 0xab, 0x52, 0xf0, 0x73, 0x72, 0x84, 0x31, 0x7c, 0x51, 0x7c, 0x51, 0x7c
.byte 0x10, 0x7c, 0xef, 0x73, 0x6e, 0x6b, 0xcb, 0x52, 0x49, 0x42, 0xe7, 0x31, 0xa7, 0x29, 0x66, 0x21
.byte 0x66, 0x29, 0x2d, 0x63, 0x51, 0x84, 0x8e, 0x63, 0x8a, 0x4a, 0x2d, 0x63, 0xb3, 0x8c, 0xcf, 0x73
.byte 0xa9, 0x5a, 0xf0, 0xbc, 0x4d, 0xa4, 0xea, 0x6a, 0x79, 0xce, 0xff, 0xff, 0xff, 0xff, 0xff, 0xff
.byte 0xff, 0xff, 0xff, 0xff, 0xff, 0xff, 0xff, 0xff, 0xff, 0xff, 0xff, 0xff, 0xff, 0xff, 0xff, 0xff
.byte 0xff, 0xff, 0xff, 0xff, 0xff, 0xff, 0xff, 0xff, 0xff, 0xff, 0xff, 0xff, 0xff, 0xff, 0xff, 0xff
.byte 0xff, 0xff, 0xff, 0xff, 0xff, 0xff, 0xff, 0xff, 0xff, 0xff, 0xff, 0xff, 0xff, 0xff, 0xff, 0xff
.byte 0xff, 0xff, 0xff, 0xff, 0xff, 0xff, 0xff, 0xff, 0xff, 0xff, 0xff, 0xff, 0xff, 0xff, 0xff, 0xff
.byte 0xff, 0xff, 0xff, 0xff, 0xdf, 0xff, 0x5a, 0xb6, 0x19, 0xae, 0xdf, 0xf7, 0xff, 0xff, 0xff, 0xff
.byte 0xff, 0xff, 0xff, 0xff, 0xff, 0xff, 0xff, 0xff, 0xff, 0xff, 0xff, 0xff, 0xff, 0xff, 0x51, 0x8c
.byte 0x2d, 0x63, 0x51, 0x7c, 0x31, 0x7c, 0x31, 0x7c, 0x31, 0x7c, 0x31, 0x7c, 0x6e, 0x63, 0xcf, 0x73
.byte 0x51, 0x7c, 0x51, 0x7c, 0x72, 0x84, 0x4d, 0x63, 0x25, 0x21, 0xa7, 0x29, 0x87, 0x21, 0x25, 0x19
.byte 0x46, 0x31, 0x4b, 0x6a, 0xe9, 0x59, 0x45, 0x31, 0x86, 0x31, 0x09, 0x3a, 0xe8, 0x39, 0x69, 0x4a
.byte 0x69, 0x4a, 0x08, 0x3a, 0xe8, 0x39, 0xe7, 0x39, 0xc7, 0x31, 0x87, 0x29, 0x66, 0x29, 0x64, 0x39
.byte 0xa5, 0x39, 0xe8, 0x29, 0x4a, 0x32, 0x6b, 0x3a, 0x66, 0x29, 0xe8, 0x39, 0xcf, 0x73, 0x10, 0x74
.byte 0x10, 0x7c, 0xb3, 0x8c, 0xb3, 0x94, 0xb3, 0x8c, 0x49, 0x42, 0x88, 0x62, 0x71, 0xd5, 0x2d, 0x9c
.byte 0x4c, 0x73, 0xdb, 0xde, 0xff, 0xff, 0xff, 0xff, 0xff, 0xff, 0xff, 0xff, 0xff, 0xff, 0xff, 0xff
.byte 0xff, 0xff, 0xff, 0xff, 0xff, 0xff, 0xff, 0xff, 0xff, 0xff, 0xff, 0xff, 0xff, 0xff, 0xff, 0xff
.byte 0xff, 0xff, 0xff, 0xff, 0xff, 0xff, 0xff, 0xff, 0xff, 0xff, 0xff, 0xff, 0xff, 0xff, 0xff, 0xff
.byte 0xff, 0xff, 0xff, 0xff, 0xff, 0xff, 0xff, 0xff, 0xff, 0xff, 0xff, 0xff, 0xff, 0xff, 0xff, 0xff
.byte 0xff, 0xff, 0xff, 0xff, 0xff, 0xff, 0xff, 0xff, 0xff, 0xff, 0xff, 0xff, 0xbe, 0xf7, 0xf9, 0xad
.byte 0x7b, 0xbe, 0xbe, 0xf7, 0xff, 0xff, 0xff, 0xff, 0xff, 0xff, 0xff, 0xff, 0xff, 0xff, 0xff, 0xff
.byte 0xff, 0xff, 0xff, 0xff, 0xff, 0xff, 0x92, 0x94, 0x6e, 0x63, 0x51, 0x7c, 0x31, 0x7c, 0x31, 0x7c
.byte 0x31, 0x7c, 0x51, 0x7c, 0xef, 0x73, 0x8e, 0x63, 0x11, 0x7c, 0x51, 0x84, 0x72, 0x84, 0x2d, 0x63
.byte 0x66, 0x21, 0x2a, 0x32, 0x09, 0x32, 0x87, 0x21, 0x87, 0x41, 0x4b, 0x72, 0xe9, 0x59, 0x66, 0x39
.byte 0xa7, 0x29, 0xe9, 0x29, 0x0a, 0x32, 0x87, 0x21, 0x66, 0x21, 0x67, 0x21, 0x25, 0x19, 0x46, 0x19
.byte 0xe8, 0x29, 0x09, 0x2a, 0xe8, 0x31, 0x06, 0x5a, 0x88, 0x62, 0x6a, 0x3a, 0x6a, 0x3a, 0x8b, 0x42
.byte 0x4a, 0x3a, 0x66, 0x29, 0xab, 0x52, 0xf0, 0x73, 0xf0, 0x7b, 0x92, 0x8c, 0xd4, 0x94, 0x10, 0x74
.byte 0x8e, 0x6b, 0xc7, 0x39, 0x88, 0x62, 0x6a, 0x8b, 0xc5, 0x49, 0xf3, 0xa4, 0xff, 0xff, 0xff, 0xff
.byte 0xff, 0xff, 0xff, 0xff, 0xff, 0xff, 0xff, 0xff, 0xff, 0xff, 0xff, 0xff, 0xff, 0xff, 0xff, 0xff
.byte 0xff, 0xff, 0xff, 0xff, 0xff, 0xff, 0xff, 0xff, 0xff, 0xff, 0xff, 0xff, 0xff, 0xff, 0xff, 0xff
.byte 0xff, 0xff, 0xff, 0xff, 0xff, 0xff, 0xff, 0xff, 0xff, 0xff, 0xff, 0xff, 0xff, 0xff, 0xff, 0xff
.byte 0xff, 0xff, 0xff, 0xff, 0xff, 0xff, 0xff, 0xff, 0xff, 0xff, 0xff, 0xff, 0xff, 0xff, 0xff, 0xff
.byte 0xff, 0xff, 0xff, 0xff, 0xff, 0xff, 0xbb, 0xce, 0xfc, 0xde, 0xdf, 0xff, 0xff, 0xff, 0xff, 0xff
.byte 0xff, 0xff, 0xff, 0xff, 0xff, 0xff, 0xff, 0xff, 0xff, 0xff, 0xff, 0xff, 0xff, 0xff, 0x92, 0x8c
.byte 0xaf, 0x6b, 0x51, 0x7c, 0x31, 0x7c, 0x31, 0x7c, 0x31, 0x7c, 0x31, 0x7c, 0x51, 0x7c, 0xaf, 0x6b
.byte 0xd0, 0x73, 0x72, 0x84, 0x92, 0x84, 0x0c, 0x5b, 0x45, 0x21, 0xe9, 0x31, 0xe9, 0x29, 0xa7, 0x29
.byte 0x67, 0x41, 0x6b, 0x7a, 0x09, 0x5a, 0x86, 0x41, 0xc8, 0x31, 0x6b, 0x32, 0x8b, 0x3a, 0x2a, 0x32
.byte 0x4a, 0x32, 0x4a, 0x3a, 0xe9, 0x31, 0xc8, 0x29, 0x6a, 0x3a, 0x6b, 0x3a, 0x2a, 0x32, 0xc6, 0x41
.byte 0x27, 0x5a, 0xab, 0x42, 0xcc, 0x42, 0x4a, 0x3a, 0xcc, 0x4a, 0xe8, 0x31, 0xa7, 0x31, 0x2d, 0x63
.byte 0xaf, 0x73, 0x72, 0x84, 0x51, 0x84, 0x8e, 0x6b, 0x51, 0x84, 0xcb, 0x5a, 0x28, 0x4a, 0x0a, 0x6b
.byte 0x70, 0x94, 0xba, 0xde, 0xff, 0xff, 0xff, 0xff, 0xff, 0xff, 0xff, 0xff, 0xff, 0xff, 0xff, 0xff
.byte 0xff, 0xff, 0xff, 0xff, 0xff, 0xff, 0xff, 0xff, 0xff, 0xff, 0xfc, 0xd6, 0x7d, 0xe7, 0xff, 0xff
.byte 0xff, 0xff, 0xff, 0xff, 0xff, 0xff, 0xff, 0xff, 0xff, 0xff, 0xff, 0xff, 0xff, 0xff, 0xff, 0xff
.byte 0xff, 0xff, 0xff, 0xff, 0xff, 0xff, 0xff, 0xff, 0xff, 0xff, 0xff, 0xff, 0xff, 0xff, 0xff, 0xff
.byte 0xff, 0xff, 0xff, 0xff, 0xff, 0xff, 0xff, 0xff, 0xff, 0xff, 0xff, 0xff, 0xff, 0xff, 0xff, 0xff
.byte 0xdf, 0xff, 0xff, 0xff, 0xff, 0xff, 0xff, 0xff, 0xff, 0xff, 0xff, 0xff, 0xff, 0xff, 0xff, 0xff
.byte 0xff, 0xff, 0xff, 0xff, 0x3c, 0xe7, 0xf0, 0x7b, 0xd0, 0x73, 0x51, 0x7c, 0x31, 0x7c, 0x31, 0x7c
.byte 0x31, 0x7c, 0x51, 0x7c, 0x51, 0x7c, 0x31, 0x7c, 0x8f, 0x6b, 0x31, 0x7c, 0x92, 0x84, 0xec, 0x5a
.byte 0x46, 0x21, 0x09, 0x32, 0x09, 0x32, 0xa7, 0x29, 0x66, 0x41, 0x6b, 0x7a, 0xe9, 0x59, 0x66, 0x39
.byte 0xa7, 0x29, 0x6b, 0x3a, 0xab, 0x42, 0x2a, 0x32, 0x8b, 0x3a, 0x8b, 0x42, 0x09, 0x32, 0x87, 0x21
.byte 0x6a, 0x3a, 0xab, 0x42, 0x6b, 0x3a, 0xe7, 0x41, 0x06, 0x5a, 0x69, 0x4a, 0x8b, 0x42, 0x2a, 0x32
.byte 0x6a, 0x3a, 0xab, 0x42, 0x86, 0x29, 0x49, 0x4a, 0x4d, 0x63, 0xae, 0x6b, 0xcf, 0x73, 0x51, 0x7c
.byte 0x92, 0x84, 0x0c, 0x63, 0x96, 0xb5, 0x79, 0xce, 0x9e, 0xf7, 0xff, 0xff, 0xff, 0xff, 0xff, 0xff
.byte 0xff, 0xff, 0xff, 0xff, 0xff, 0xff, 0xff, 0xff, 0xff, 0xff, 0xff, 0xff, 0xff, 0xff, 0xff, 0xff
.byte 0xff, 0xff, 0xd8, 0xa5, 0x7e, 0xdf, 0xff, 0xff, 0xff, 0xff, 0xff, 0xff, 0xff, 0xff, 0xff, 0xff
.byte 0xff, 0xff, 0xff, 0xff, 0xff, 0xff, 0xff, 0xff, 0xff, 0xff, 0xff, 0xff, 0xff, 0xff, 0xff, 0xff
.byte 0xff, 0xff, 0xff, 0xff, 0xff, 0xff, 0xff, 0xff, 0xff, 0xff, 0xff, 0xff, 0xff, 0xff, 0xff, 0xff
.byte 0xff, 0xff, 0xff, 0xff, 0xff, 0xff, 0xff, 0xff, 0xff, 0xff, 0xff, 0xff, 0xff, 0xff, 0xff, 0xff
.byte 0xff, 0xff, 0xff, 0xff, 0xff, 0xff, 0xff, 0xff, 0xff, 0xff, 0xff, 0xff, 0x59, 0xce, 0x4d, 0x63
.byte 0xd0, 0x73, 0x51, 0x7c, 0x31, 0x7c, 0x31, 0x7c, 0x31, 0x7c, 0x31, 0x7c, 0x51, 0x84, 0x51, 0x84
.byte 0xf0, 0x73, 0xd0, 0x73, 0x51, 0x84, 0xec, 0x5a, 0x66, 0x21, 0x4a, 0x3a, 0x4a, 0x32, 0xc8, 0x29
.byte 0x66, 0x41, 0x6b, 0x72, 0xe9, 0x59, 0x45, 0x39, 0x66, 0x29, 0x6a, 0x3a, 0xab, 0x42, 0x2a, 0x32
.byte 0xab, 0x42, 0xcc, 0x42, 0x2a, 0x32, 0xa8, 0x29, 0x6b, 0x3a, 0xab, 0x42, 0x49, 0x3a, 0x27, 0x52
.byte 0x06, 0x5a, 0x26, 0x52, 0x28, 0x42, 0xe8, 0x31, 0x09, 0x32, 0xab, 0x42, 0x08, 0x32, 0xa7, 0x31
.byte 0x4d, 0x63, 0xcf, 0x73, 0x31, 0x7c, 0x92, 0x84, 0x71, 0x84, 0xca, 0x52, 0x99, 0xd6, 0xff, 0xff
.byte 0xff, 0xff, 0xff, 0xff, 0xff, 0xff, 0xff, 0xff, 0xff, 0xff, 0xff, 0xff, 0xff, 0xff, 0xff, 0xff
.byte 0xff, 0xff, 0xff, 0xff, 0xff, 0xff, 0xff, 0xff, 0xff, 0xff, 0x9b, 0xc6, 0xfc, 0xc6, 0x9e, 0xef
.byte 0xff, 0xff, 0xff, 0xff, 0xff, 0xff, 0xff, 0xff, 0xff, 0xff, 0xff, 0xff, 0xff, 0xff, 0xff, 0xff
.byte 0xff, 0xff, 0xff, 0xff, 0xff, 0xff, 0xff, 0xff, 0xff, 0xff, 0xff, 0xff, 0xff, 0xff, 0xff, 0xff
.byte 0xff, 0xff, 0xff, 0xff, 0xff, 0xff, 0xff, 0xff, 0xff, 0xff, 0xff, 0xff, 0xff, 0xff, 0xff, 0xff
.byte 0xff, 0xff, 0xff, 0xff, 0xff, 0xff, 0xff, 0xff, 0xff, 0xff, 0xff, 0xff, 0xff, 0xff, 0xff, 0xff
.byte 0xff, 0xff, 0xff, 0xff, 0x75, 0xad, 0xab, 0x52, 0xf0, 0x73, 0x51, 0x7c, 0x31, 0x7c, 0x31, 0x7c
.byte 0x31, 0x7c, 0x10, 0x7c, 0xf0, 0x73, 0x51, 0x7c, 0x51, 0x7c, 0x10, 0x74, 0xf0, 0x73, 0xcb, 0x52
.byte 0x66, 0x21, 0x6b, 0x3a, 0x8b, 0x3a, 0xc8, 0x31, 0x87, 0x49, 0x6b, 0x72, 0xe9, 0x59, 0x65, 0x39
.byte 0x46, 0x21, 0x4a, 0x32, 0xab, 0x42, 0x4a, 0x32, 0xab, 0x42, 0xcb, 0x42, 0x6a, 0x3a, 0xe9, 0x29
.byte 0xab, 0x42, 0x69, 0x42, 0x06, 0x42, 0xe6, 0x41, 0xa9, 0x6a, 0x2a, 0x7b, 0xe6, 0x41, 0xe7, 0x31
.byte 0x09, 0x32, 0x6a, 0x3a, 0xcc, 0x42, 0x86, 0x21, 0x6a, 0x4a, 0xf0, 0x7b, 0x31, 0x7c, 0xb2, 0x8c
.byte 0xcf, 0x73, 0xca, 0x5a, 0xfb, 0xde, 0xff, 0xff, 0xff, 0xff, 0xff, 0xff, 0xff, 0xff, 0xff, 0xff
.byte 0xff, 0xff, 0xff, 0xff, 0xff, 0xff, 0xff, 0xff, 0xff, 0xff, 0xff, 0xff, 0xff, 0xff, 0xff, 0xff
.byte 0xff, 0xff, 0x5a, 0xbe, 0x9b, 0xbe, 0x9e, 0xef, 0xff, 0xff, 0xff, 0xff, 0xff, 0xff, 0xff, 0xff
.byte 0xff, 0xff, 0xff, 0xff, 0xff, 0xff, 0xff, 0xff, 0xff, 0xff, 0xff, 0xff, 0xff, 0xff, 0xff, 0xff
.byte 0xff, 0xff, 0xff, 0xff, 0xff, 0xff, 0xff, 0xff, 0xff, 0xff, 0xff, 0xff, 0xff, 0xff, 0xff, 0xff
.byte 0xff, 0xff, 0xff, 0xff, 0xff, 0xff, 0xff, 0xff, 0xff, 0xff, 0xff, 0xff, 0xff, 0xff, 0xff, 0xff
.byte 0xff, 0xff, 0xff, 0xff, 0xff, 0xff, 0xff, 0xff, 0xff, 0xff, 0xff, 0xff, 0x55, 0xad, 0x8a, 0x4a
.byte 0xd0, 0x73, 0x51, 0x7c, 0x31, 0x7c, 0x31, 0x7c, 0x31, 0x7c, 0x11, 0x7c, 0xd0, 0x73, 0xd0, 0x6b
.byte 0xf0, 0x73, 0x31, 0x7c, 0x31, 0x7c, 0x0c, 0x5b, 0x87, 0x29, 0x6a, 0x3a, 0xab, 0x42, 0xc8, 0x31
.byte 0x87, 0x49, 0x4b, 0x72, 0xe9, 0x59, 0x66, 0x39, 0x46, 0x21, 0x4a, 0x32, 0xab, 0x42, 0x6a, 0x3a
.byte 0xab, 0x42, 0xcc, 0x4a, 0x8b, 0x3a, 0x09, 0x32, 0xac, 0x42, 0x6a, 0x42, 0xc6, 0x39, 0x44, 0x39
.byte 0xad, 0x8b, 0x4e, 0x9c, 0xa5, 0x39, 0x48, 0x42, 0x2a, 0x32, 0x29, 0x32, 0xcc, 0x42, 0x29, 0x32
.byte 0x86, 0x29, 0x4d, 0x63, 0x51, 0x84, 0x92, 0x8c, 0x29, 0x42, 0x0f, 0x84, 0x9e, 0xf7, 0xff, 0xff
.byte 0xff, 0xff, 0xff, 0xff, 0xff, 0xff, 0xff, 0xff, 0xff, 0xff, 0xff, 0xff, 0xff, 0xff, 0xff, 0xff
.byte 0xff, 0xff, 0xff, 0xff, 0xff, 0xff, 0xff, 0xff, 0xdf, 0xf7, 0x3a, 0xbe, 0x9e, 0xe7, 0xff, 0xff
.byte 0xff, 0xff, 0xff, 0xff, 0xff, 0xff, 0xff, 0xff, 0xff, 0xff, 0xff, 0xff, 0xff, 0xff, 0xff, 0xff
.byte 0xff, 0xff, 0xff, 0xff, 0xff, 0xff, 0xff, 0xff, 0xff, 0xff, 0xff, 0xff, 0xff, 0xff, 0xff, 0xff
.byte 0xff, 0xff, 0xff, 0xff, 0xff, 0xff, 0xff, 0xff, 0xff, 0xff, 0xff, 0xff, 0xff, 0xff, 0xff, 0xff
.byte 0xff, 0xff, 0xff, 0xff, 0xff, 0xff, 0xff, 0xff, 0xff, 0xff, 0xff, 0xff, 0xff, 0xff, 0xff, 0xff
.byte 0xff, 0xff, 0xff, 0xff, 0xf7, 0xbd, 0x0c, 0x5b, 0xd0, 0x73, 0x51, 0x7c, 0x31, 0x7c, 0x31, 0x7c
.byte 0x31, 0x7c, 0x31, 0x7c, 0x31, 0x7c, 0xf0, 0x73, 0xaf, 0x6b, 0xcf, 0x6b, 0x51, 0x84, 0xcf, 0x6b
.byte 0xe8, 0x31, 0x6a, 0x3a, 0xac, 0x42, 0xa8, 0x31, 0x87, 0x49, 0x4b, 0x72, 0xe9, 0x59, 0x66, 0x41
.byte 0x46, 0x29, 0x4a, 0x32, 0xab, 0x42, 0x8b, 0x42, 0xcb, 0x42, 0xcc, 0x4a, 0xab, 0x42, 0x09, 0x32
.byte 0x8b, 0x3a, 0x8b, 0x42, 0xe6, 0x39, 0x44, 0x31, 0x07, 0x52, 0x67, 0x62, 0x27, 0x4a, 0x69, 0x42
.byte 0x8b, 0x3a, 0x09, 0x32, 0x6a, 0x3a, 0xcc, 0x42, 0x86, 0x21, 0x69, 0x42, 0x51, 0x84, 0xec, 0x52
.byte 0x69, 0x52, 0x99, 0xd6, 0xff, 0xff, 0xff, 0xff, 0xff, 0xff, 0xff, 0xff, 0xff, 0xff, 0xff, 0xff
.byte 0xff, 0xff, 0xff, 0xff, 0xff, 0xff, 0xff, 0xff, 0xff, 0xff, 0xff, 0xff, 0xff, 0xff, 0xff, 0xff
.byte 0xff, 0xff, 0xbe, 0xf7, 0xff, 0xff, 0xff, 0xff, 0xff, 0xff, 0xff, 0xff, 0xff, 0xff, 0xff, 0xff
.byte 0xff, 0xff, 0xff, 0xff, 0xff, 0xff, 0xff, 0xff, 0xff, 0xff, 0xff, 0xff, 0xff, 0xff, 0xff, 0xff
.byte 0xff, 0xff, 0xff, 0xff, 0xff, 0xff, 0xff, 0xff, 0xff, 0xff, 0xff, 0xff, 0xff, 0xff, 0xff, 0xff
.byte 0xff, 0xff, 0xff, 0xff, 0xff, 0xff, 0xff, 0xff, 0xff, 0xff, 0xff, 0xff, 0xff, 0xff, 0xff, 0xff
.byte 0xff, 0xff, 0xff, 0xff, 0xff, 0xff, 0xff, 0xff, 0xff, 0xff, 0xff, 0xff, 0x14, 0xa5, 0x49, 0x4a
.byte 0xd0, 0x73, 0x51, 0x7c, 0x31, 0x7c, 0x31, 0x7c, 0x31, 0x7c, 0x31, 0x7c, 0x31, 0x7c, 0x31, 0x7c
.byte 0x11, 0x7c, 0xf0, 0x73, 0x51, 0x7c, 0xcf, 0x73, 0x08, 0x3a, 0x6a, 0x3a, 0xab, 0x42, 0x87, 0x31
.byte 0x87, 0x49, 0x6b, 0x72, 0xe9, 0x59, 0x66, 0x41, 0x66, 0x29, 0x2a, 0x32, 0xab, 0x42, 0x8b, 0x42
.byte 0xcb, 0x42, 0xcc, 0x4a, 0xcc, 0x42, 0x09, 0x32, 0x4a, 0x3a, 0xab, 0x42, 0x29, 0x32, 0xa6, 0x31
.byte 0xc5, 0x51, 0x47, 0x5a, 0x6a, 0x4a, 0x6b, 0x3a, 0xcc, 0x42, 0x09, 0x32, 0x09, 0x32, 0xcc, 0x42
.byte 0x4a, 0x32, 0x86, 0x29, 0x28, 0x42, 0x8a, 0x52, 0xf7, 0xbd, 0xff, 0xff, 0xff, 0xff, 0xff, 0xff
.byte 0xff, 0xff, 0xff, 0xff, 0xff, 0xff, 0xff, 0xff, 0xff, 0xff, 0xff, 0xff, 0xff, 0xff, 0xff, 0xff
.byte 0xff, 0xff, 0xff, 0xff, 0xff, 0xff, 0xff, 0xff, 0xff, 0xff, 0xff, 0xff, 0xff, 0xff, 0xff, 0xff
.byte 0xff, 0xff, 0xff, 0xff, 0xff, 0xff, 0xff, 0xff, 0xff, 0xff, 0xff, 0xff, 0xff, 0xff, 0xff, 0xff
.byte 0xff, 0xff, 0xff, 0xff, 0xff, 0xff, 0xff, 0xff, 0xff, 0xff, 0xff, 0xff, 0xff, 0xff, 0xff, 0xff
.byte 0xff, 0xff, 0xff, 0xff, 0xff, 0xff, 0xff, 0xff, 0xff, 0xff, 0xff, 0xff, 0xff, 0xff, 0xff, 0xff
.byte 0xff, 0xff, 0xff, 0xff, 0xff, 0xff, 0xff, 0xff, 0xff, 0xff, 0xff, 0xff, 0xff, 0xff, 0xff, 0xff
.byte 0xff, 0xff, 0x7d, 0xef, 0x6d, 0x6b, 0xe8, 0x39, 0x8f, 0x6b, 0x31, 0x7c, 0x31, 0x7c, 0x31, 0x7c
.byte 0x31, 0x7c, 0x11, 0x7c, 0x11, 0x74, 0xd4, 0x8c, 0x72, 0x7c, 0x51, 0x7c, 0x72, 0x84, 0x30, 0x7c
.byte 0x49, 0x42, 0x09, 0x32, 0x8b, 0x42, 0x66, 0x29, 0x87, 0x49, 0x6b, 0x72, 0xe9, 0x59, 0xa7, 0x49
.byte 0x66, 0x31, 0x4a, 0x3a, 0xcc, 0x4a, 0xab, 0x42, 0xab, 0x42, 0xcc, 0x4a, 0xac, 0x42, 0xe9, 0x29
.byte 0x2a, 0x32, 0xab, 0x42, 0xac, 0x42, 0x29, 0x3a, 0x07, 0x52, 0xa9, 0x6a, 0xab, 0x4a, 0xcc, 0x42
.byte 0xcc, 0x42, 0x4a, 0x3a, 0xe9, 0x31, 0xab, 0x42, 0xcc, 0x42, 0x46, 0x21, 0xc6, 0x39, 0x9a, 0xd6
.byte 0xff, 0xff, 0xff, 0xff, 0xff, 0xff, 0xff, 0xff, 0xff, 0xff, 0xff, 0xff, 0xff, 0xff, 0xff, 0xff
.byte 0xff, 0xff, 0xff, 0xff, 0xff, 0xff, 0xff, 0xff, 0xff, 0xff, 0xff, 0xff, 0xff, 0xff, 0xff, 0xff
.byte 0xff, 0xff, 0xff, 0xff, 0xff, 0xff, 0xff, 0xff, 0xff, 0xff, 0xff, 0xff, 0xff, 0xff, 0xff, 0xff
.byte 0xff, 0xff, 0xff, 0xff, 0xff, 0xff, 0xff, 0xff, 0xff, 0xff, 0xff, 0xff, 0xff, 0xff, 0xff, 0xff
.byte 0xff, 0xff, 0xff, 0xff, 0xff, 0xff, 0x9e, 0xf7, 0xbf, 0xf7, 0xff, 0xff, 0xff, 0xff, 0xff, 0xff
.byte 0xff, 0xff, 0xff, 0xff, 0xff, 0xff, 0xff, 0xff, 0xff, 0xff, 0xff, 0xff, 0xff, 0xff, 0xff, 0xff
.byte 0xff, 0xff, 0xff, 0xff, 0xff, 0xff, 0xff, 0xff, 0xdf, 0xff, 0x72, 0x8c, 0xa7, 0x29, 0xc8, 0x39
.byte 0x2d, 0x63, 0x11, 0x7c, 0x31, 0x7c, 0x31, 0x7c, 0x31, 0x7c, 0x11, 0x7c, 0x32, 0x7c, 0x77, 0x9d
.byte 0x72, 0x84, 0x31, 0x7c, 0x72, 0x84, 0x72, 0x84, 0xcb, 0x52, 0xa7, 0x29, 0x6a, 0x3a, 0x26, 0x29
.byte 0x87, 0x49, 0x6b, 0x7a, 0xe9, 0x59, 0xc8, 0x51, 0x86, 0x39, 0x2a, 0x3a, 0xcc, 0x4a, 0xab, 0x42
.byte 0xab, 0x42, 0xab, 0x42, 0xab, 0x42, 0xc8, 0x29, 0x2a, 0x32, 0xab, 0x42, 0xcc, 0x42, 0x4a, 0x32
.byte 0xe7, 0x41, 0xe8, 0x82, 0x69, 0x4a, 0xac, 0x3a, 0xab, 0x42, 0x6a, 0x3a, 0xe8, 0x31, 0x6a, 0x3a
.byte 0xcc, 0x42, 0x09, 0x32, 0xa6, 0x31, 0x38, 0xce, 0xff, 0xff, 0xff, 0xff, 0xff, 0xff, 0xff, 0xff
.byte 0xff, 0xff, 0xff, 0xff, 0xff, 0xff, 0xff, 0xff, 0xff, 0xff, 0xff, 0xff, 0xff, 0xff, 0xff, 0xff
.byte 0xff, 0xff, 0xff, 0xff, 0xff, 0xff, 0xff, 0xff, 0xff, 0xff, 0xff, 0xff, 0xff, 0xff, 0xff, 0xff
.byte 0xff, 0xff, 0xff, 0xff, 0xff, 0xff, 0xff, 0xff, 0xff, 0xff, 0xff, 0xff, 0xff, 0xff, 0xff, 0xff
.byte 0xff, 0xff, 0xff, 0xff, 0xff, 0xff, 0xff, 0xff, 0xff, 0xff, 0xff, 0xff, 0xff, 0xff, 0x9b, 0xc6
.byte 0xbb, 0xce, 0xff, 0xff, 0xff, 0xff, 0xff, 0xff, 0xff, 0xff, 0xff, 0xff, 0xff, 0xff, 0xff, 0xff
.byte 0xff, 0xff, 0xff, 0xff, 0xff, 0xff, 0xff, 0xff, 0xff, 0xff, 0xff, 0xff, 0xff, 0xff, 0xff, 0xff
.byte 0x79, 0xce, 0xab, 0x4a, 0x2a, 0x3a, 0x86, 0x29, 0xcc, 0x52, 0xf1, 0x73, 0x31, 0x7c, 0x31, 0x7c
.byte 0x31, 0x7c, 0x31, 0x7c, 0x52, 0x7c, 0x15, 0x8d, 0x72, 0x84, 0x31, 0x84, 0x51, 0x7c, 0x72, 0x84
.byte 0x4d, 0x63, 0xa7, 0x29, 0x2a, 0x3a, 0x46, 0x29, 0xa7, 0x51, 0x6c, 0x7a, 0xe9, 0x59, 0xe8, 0x59
.byte 0x87, 0x41, 0x29, 0x3a, 0xcc, 0x4a, 0xab, 0x42, 0xab, 0x42, 0xab, 0x42, 0x8b, 0x42, 0xc8, 0x29
.byte 0x6a, 0x3a, 0xcc, 0x4a, 0xcc, 0x4a, 0x6a, 0x3a, 0x89, 0x52, 0xce, 0xcc, 0x09, 0x73, 0x09, 0x2a
.byte 0xab, 0x42, 0x8b, 0x42, 0x09, 0x32, 0x29, 0x32, 0xab, 0x42, 0xac, 0x42, 0x46, 0x21, 0xae, 0x7b
.byte 0x9e, 0xf7, 0xff, 0xff, 0xff, 0xff, 0xff, 0xff, 0xff, 0xff, 0xff, 0xff, 0xff, 0xff, 0xff, 0xff
.byte 0xff, 0xff, 0xff, 0xff, 0xff, 0xff, 0xff, 0xff, 0xff, 0xff, 0xff, 0xff, 0xff, 0xff, 0xff, 0xff
.byte 0xff, 0xff, 0xff, 0xff, 0xff, 0xff, 0xff, 0xff, 0xff, 0xff, 0xff, 0xff, 0xff, 0xff, 0xff, 0xff
.byte 0xff, 0xff, 0xff, 0xff, 0xff, 0xff, 0xff, 0xff, 0xff, 0xff, 0xff, 0xff, 0xff, 0xff, 0xff, 0xff
.byte 0xff, 0xff, 0xff, 0xff, 0xdf, 0xf7, 0x5a, 0xb6, 0xfc, 0xd6, 0xdf, 0xff, 0xff, 0xff, 0xff, 0xff
.byte 0xff, 0xff, 0xff, 0xff, 0xff, 0xff, 0xff, 0xff, 0xff, 0xff, 0xff, 0xff, 0xff, 0xff, 0xff, 0xff
.byte 0xff, 0xff, 0xff, 0xff, 0xff, 0xff, 0xdb, 0xde, 0x0c, 0x5b, 0xe9, 0x31, 0x2a, 0x3a, 0x45, 0x21
.byte 0x49, 0x4a, 0xd0, 0x73, 0x31, 0x7c, 0x51, 0x7c, 0x31, 0x7c, 0x72, 0x84, 0x72, 0x84, 0x72, 0x84
.byte 0x51, 0x84, 0x31, 0x7c, 0x31, 0x7c, 0x52, 0x7c, 0xaf, 0x6b, 0xc7, 0x31, 0xc8, 0x31, 0x67, 0x31
.byte 0xc8, 0x59, 0x6c, 0x7a, 0xe9, 0x59, 0xe9, 0x59, 0x87, 0x41, 0x09, 0x32, 0xac, 0x42, 0xab, 0x42
.byte 0xab, 0x42, 0xab, 0x42, 0x8b, 0x42, 0xe9, 0x29, 0x8b, 0x42, 0xec, 0x4a, 0xec, 0x4a, 0x8b, 0x3a
.byte 0x89, 0x5a, 0x4e, 0xe5, 0x8a, 0xa3, 0xa7, 0x29, 0x8b, 0x3a, 0xab, 0x42, 0x4a, 0x3a, 0x09, 0x32
.byte 0xab, 0x42, 0xcc, 0x42, 0x2a, 0x32, 0xe8, 0x39, 0x9a, 0xd6, 0xff, 0xff, 0xff, 0xff, 0xff, 0xff
.byte 0xff, 0xff, 0xff, 0xff, 0xff, 0xff, 0xff, 0xff, 0xff, 0xff, 0xff, 0xff, 0xff, 0xff, 0xff, 0xff
.byte 0xff, 0xff, 0xff, 0xff, 0xff, 0xff, 0xff, 0xff, 0xff, 0xff, 0xff, 0xff, 0xff, 0xff, 0xff, 0xff
.byte 0xff, 0xff, 0xff, 0xff, 0xff, 0xff, 0xff, 0xff, 0xff, 0xff, 0xff, 0xff, 0xff, 0xff, 0xff, 0xff
.byte 0xff, 0xff, 0xff, 0xff, 0xff, 0xff, 0xff, 0xff, 0xff, 0xff, 0xff, 0xff, 0x1c, 0xdf, 0xf9, 0xad
.byte 0x3d, 0xdf, 0xff, 0xff, 0xff, 0xff, 0xff, 0xff, 0xff, 0xff, 0xff, 0xff, 0xff, 0xff, 0xff, 0xff
.byte 0xff, 0xff, 0xff, 0xff, 0xff, 0xff, 0xff, 0xff, 0xff, 0xff, 0xff, 0xff, 0xff, 0xff, 0x55, 0xa5
.byte 0xa8, 0x29, 0x6b, 0x3a, 0x4a, 0x3a, 0x25, 0x21, 0xc7, 0x31, 0x8f, 0x6b, 0x31, 0x7c, 0x51, 0x84
.byte 0x31, 0x7c, 0x72, 0x84, 0x93, 0x84, 0x72, 0x84, 0x31, 0x7c, 0x31, 0x7c, 0x31, 0x7c, 0x52, 0x7c
.byte 0x10, 0x7c, 0x6a, 0x42, 0xa7, 0x29, 0xc8, 0x39, 0x09, 0x62, 0x8b, 0x72, 0xa8, 0x51, 0xc8, 0x51
.byte 0x87, 0x49, 0xc8, 0x31, 0xab, 0x42, 0xab, 0x42, 0xab, 0x42, 0xab, 0x42, 0x8b, 0x42, 0x2a, 0x32
.byte 0xab, 0x42, 0xcc, 0x4a, 0xec, 0x4a, 0x8b, 0x3a, 0x48, 0x52, 0xac, 0xd4, 0xca, 0xb3, 0xc6, 0x39
.byte 0x4a, 0x32, 0xab, 0x42, 0x8b, 0x42, 0x29, 0x32, 0x8b, 0x42, 0xec, 0x4a, 0xac, 0x42, 0x87, 0x29
.byte 0x71, 0x8c, 0xde, 0xff, 0xff, 0xff, 0xff, 0xff, 0xff, 0xff, 0xff, 0xff, 0xff, 0xff, 0xff, 0xff
.byte 0xff, 0xff, 0xff, 0xff, 0xff, 0xff, 0xff, 0xff, 0xff, 0xff, 0xff, 0xff, 0xff, 0xff, 0xff, 0xff
.byte 0xff, 0xff, 0xff, 0xff, 0xff, 0xff, 0xff, 0xff, 0xff, 0xff, 0xff, 0xff, 0xff, 0xff, 0xff, 0xff
.byte 0xff, 0xff, 0xff, 0xff, 0xff, 0xff, 0xff, 0xff, 0xff, 0xff, 0xff, 0xff, 0xff, 0xff, 0xff, 0xff
.byte 0xff, 0xff, 0xff, 0xff, 0x9e, 0xef, 0x5d, 0xe7, 0xbf, 0xf7, 0xff, 0xff, 0xff, 0xff, 0xff, 0xff
.byte 0xff, 0xff, 0xff, 0xff, 0xff, 0xff, 0xff, 0xff, 0xff, 0xff, 0xff, 0xff, 0xff, 0xff, 0xff, 0xff
.byte 0xff, 0xff, 0xff, 0xff, 0x9a, 0xd6, 0xab, 0x52, 0x6c, 0x42, 0x8b, 0x3a, 0x4a, 0x3a, 0xa7, 0x21
.byte 0x86, 0x29, 0x2d, 0x63, 0x11, 0x7c, 0x51, 0x84, 0x31, 0x7c, 0x72, 0x7c, 0x72, 0x7c, 0x31, 0x7c
.byte 0x31, 0x7c, 0x31, 0x7c, 0x31, 0x7c, 0x31, 0x7c, 0x72, 0x84, 0x4d, 0x63, 0x87, 0x29, 0xc8, 0x41
.byte 0x2a, 0x6a, 0x6b, 0x72, 0x87, 0x49, 0xa8, 0x51, 0x87, 0x49, 0xa7, 0x29, 0xab, 0x3a, 0xcb, 0x42
.byte 0xcb, 0x42, 0xcc, 0x42, 0xab, 0x42, 0x6b, 0x3a, 0xcb, 0x42, 0xcb, 0x4a, 0xcc, 0x4a, 0x6b, 0x3a
.byte 0x27, 0x4a, 0x0b, 0xbc, 0xca, 0xbb, 0x06, 0x52, 0x09, 0x2a, 0xcc, 0x42, 0xcc, 0x42, 0x6a, 0x3a
.byte 0x6b, 0x3a, 0xcc, 0x42, 0xcc, 0x42, 0x09, 0x32, 0x28, 0x42, 0xba, 0xde, 0xff, 0xff, 0xff, 0xff
.byte 0xff, 0xff, 0xff, 0xff, 0xff, 0xff, 0xff, 0xff, 0xff, 0xff, 0xff, 0xff, 0xff, 0xff, 0xff, 0xff
.byte 0xff, 0xff, 0xff, 0xff, 0xff, 0xff, 0xff, 0xff, 0xff, 0xff, 0xff, 0xff, 0xff, 0xff, 0xff, 0xff
.byte 0xff, 0xff, 0xff, 0xff, 0xff, 0xff, 0xff, 0xff, 0xff, 0xff, 0xff, 0xff, 0xff, 0xff, 0xff, 0xff
.byte 0xff, 0xff, 0xff, 0xff, 0xff, 0xff, 0xff, 0xff, 0xff, 0xff, 0xff, 0xff, 0xff, 0xff, 0xff, 0xff
.byte 0xff, 0xff, 0xff, 0xff, 0xff, 0xff, 0xff, 0xff, 0xff, 0xff, 0xff, 0xff, 0xff, 0xff, 0xff, 0xff
.byte 0xff, 0xff, 0xff, 0xff, 0xff, 0xff, 0xff, 0xff, 0xff, 0xff, 0xff, 0xff, 0x35, 0xa5, 0x2a, 0x3a
.byte 0xcd, 0x42, 0xac, 0x42, 0x2a, 0x32, 0x2a, 0x32, 0x86, 0x29, 0x8a, 0x4a, 0xb0, 0x6b, 0x11, 0x7c
.byte 0x51, 0x7c, 0x51, 0x7c, 0x51, 0x7c, 0x31, 0x7c, 0x31, 0x7c, 0x31, 0x7c, 0x31, 0x7c, 0x31, 0x7c
.byte 0x92, 0x8c, 0x10, 0x7c, 0xa7, 0x31, 0x87, 0x39, 0x4a, 0x6a, 0x4b, 0x6a, 0x67, 0x41, 0xa8, 0x51
.byte 0x87, 0x49, 0xa7, 0x29, 0xab, 0x42, 0xcc, 0x4a, 0xcc, 0x42, 0xcc, 0x42, 0xcc, 0x42, 0x8b, 0x42
.byte 0xab, 0x42, 0xab, 0x42, 0xcc, 0x42, 0x6a, 0x3a, 0x07, 0x4a, 0x89, 0xab, 0x0b, 0xbc, 0x67, 0x6a
.byte 0x29, 0x32, 0xcc, 0x42, 0xcc, 0x42, 0x8b, 0x42, 0x4a, 0x3a, 0x8b, 0x42, 0xab, 0x42, 0x6b, 0x42
.byte 0x25, 0x21, 0x91, 0x94, 0xdf, 0xff, 0xff, 0xff, 0xff, 0xff, 0xff, 0xff, 0xff, 0xff, 0xff, 0xff
.byte 0xff, 0xff, 0xff, 0xff, 0xff, 0xff, 0xff, 0xff, 0xff, 0xff, 0xff, 0xff, 0xff, 0xff, 0xff, 0xff
.byte 0xff, 0xff, 0xff, 0xff, 0xff, 0xff, 0xff, 0xff, 0xff, 0xff, 0xff, 0xff, 0xff, 0xff, 0xff, 0xff
.byte 0xff, 0xff, 0xff, 0xff, 0xff, 0xff, 0xff, 0xff, 0xff, 0xff, 0xff, 0xff, 0xff, 0xff, 0xff, 0xff
.byte 0xff, 0xff, 0xff, 0xff, 0xff, 0xff, 0xff, 0xff, 0xff, 0xff, 0xff, 0xff, 0xff, 0xff, 0xff, 0xff
.byte 0xff, 0xff, 0xff, 0xff, 0xff, 0xff, 0xff, 0xff, 0xff, 0xff, 0xff, 0xff, 0xff, 0xff, 0xff, 0xff
.byte 0xff, 0xff, 0x38, 0xc6, 0x09, 0x3a, 0xad, 0x42, 0xac, 0x42, 0xac, 0x42, 0x4b, 0x3a, 0x8c, 0x3a
.byte 0xa7, 0x29, 0xa7, 0x31, 0x2d, 0x5b, 0xf0, 0x73, 0x31, 0x7c, 0x31, 0x7c, 0x31, 0x7c, 0x31, 0x7c
.byte 0x31, 0x7c, 0x31, 0x7c, 0x31, 0x7c, 0x31, 0x7c, 0x72, 0x84, 0x51, 0x84, 0x09, 0x3a, 0x05, 0x29
.byte 0x4b, 0x6a, 0x4b, 0x6a, 0x87, 0x41, 0xc8, 0x59, 0xa8, 0x51, 0xc8, 0x31, 0xab, 0x42, 0xcc, 0x4a
.byte 0xcc, 0x42, 0xcc, 0x42, 0xcc, 0x42, 0xab, 0x42, 0xab, 0x42, 0xab, 0x42, 0xcc, 0x42, 0x6b, 0x3a
.byte 0x07, 0x4a, 0x49, 0x9b, 0x2b, 0xc4, 0x09, 0x83, 0x49, 0x42, 0xed, 0x42, 0xcc, 0x42, 0xab, 0x42
.byte 0x4b, 0x3a, 0x6b, 0x3a, 0xab, 0x42, 0x8b, 0x42, 0xa7, 0x29, 0x89, 0x52, 0x5c, 0xef, 0xff, 0xff
.byte 0xff, 0xff, 0xff, 0xff, 0xff, 0xff, 0xff, 0xff, 0xff, 0xff, 0xff, 0xff, 0xff, 0xff, 0xff, 0xff
.byte 0xff, 0xff, 0xff, 0xff, 0xff, 0xff, 0xff, 0xff, 0xff, 0xff, 0xff, 0xff, 0xff, 0xff, 0xff, 0xff
.byte 0xff, 0xff, 0xff, 0xff, 0xff, 0xff, 0xff, 0xff, 0xff, 0xff, 0xff, 0xff, 0xff, 0xff, 0xff, 0xff
.byte 0xff, 0xff, 0xff, 0xff, 0xff, 0xff, 0xff, 0xff, 0xff, 0xff, 0xff, 0xff, 0xff, 0xff, 0xff, 0xff
.byte 0xff, 0xff, 0xff, 0xff, 0xff, 0xff, 0xff, 0xff, 0xff, 0xff, 0xff, 0xff, 0xff, 0xff, 0xff, 0xff
.byte 0xff, 0xff, 0xff, 0xff, 0xff, 0xff, 0xff, 0xff, 0x3c, 0xe7, 0x2d, 0x63, 0x2a, 0x32, 0xac, 0x42
.byte 0xac, 0x42, 0x8c, 0x3a, 0x6b, 0x3a, 0x6b, 0x3a, 0x09, 0x32, 0x25, 0x21, 0xab, 0x4a, 0xaf, 0x6b
.byte 0x31, 0x7c, 0x51, 0x7c, 0x51, 0x7c, 0x51, 0x7c, 0x51, 0x7c, 0x31, 0x7c, 0x31, 0x7c, 0x11, 0x7c
.byte 0x31, 0x7c, 0x72, 0x84, 0xcb, 0x52, 0xe4, 0x28, 0x2b, 0x6a, 0x4b, 0x6a, 0xc8, 0x51, 0x4a, 0x6a
.byte 0x0a, 0x62, 0x09, 0x3a, 0xab, 0x42, 0xab, 0x42, 0xab, 0x42, 0xcb, 0x42, 0xcb, 0x42, 0xcc, 0x42
.byte 0xcb, 0x42, 0xcc, 0x42, 0xcc, 0x42, 0x8b, 0x3a, 0x28, 0x52, 0x49, 0x9b, 0x4c, 0xc4, 0x8a, 0x9b
.byte 0x49, 0x4a, 0xed, 0x42, 0xec, 0x42, 0xab, 0x42, 0x6a, 0x3a, 0x4a, 0x3a, 0x8b, 0x42, 0xab, 0x42
.byte 0xab, 0x42, 0xa6, 0x31, 0xb6, 0xb5, 0xff, 0xff, 0xff, 0xff, 0xff, 0xff, 0xff, 0xff, 0xff, 0xff
.byte 0xff, 0xff, 0xff, 0xff, 0xff, 0xff, 0xff, 0xff, 0xff, 0xff, 0xff, 0xff, 0xff, 0xff, 0xff, 0xff
.byte 0xff, 0xff, 0xff, 0xff, 0xff, 0xff, 0xff, 0xff, 0xff, 0xff, 0xff, 0xff, 0xff, 0xff, 0xff, 0xff

.global _binary_w_rain_bin_end
_binary_w_rain_bin_end: /* for objcopy compatibility */


.global w_rain_bin_length
w_rain_bin_length:
.long 20000
