/* * Data converted from E:/Embedded-Systems/ESP32 Workspace/01_ST7789_Display_Module/main/w_snow.bin
 */
.data
#if !defined (__APPLE__) && !defined (__linux__)
.section .rodata.embedded
#endif

.global w_snow_bin
w_snow_bin:

.global _binary_w_snow_bin_start
_binary_w_snow_bin_start: /* for objcopy compatibility */
.byte 0xff, 0xff, 0xff, 0xff, 0xff, 0xff, 0xff, 0xff, 0xff, 0xff, 0xff, 0xff, 0xff, 0xff, 0xff, 0xff
.byte 0xff, 0xff, 0xff, 0xff, 0xff, 0xff, 0xff, 0xff, 0xff, 0xff, 0xff, 0xff, 0xff, 0xff, 0xff, 0xff
.byte 0xff, 0xff, 0xff, 0xff, 0xff, 0xff, 0xff, 0xff, 0xff, 0xff, 0xff, 0xff, 0xff, 0xff, 0xff, 0xff
.byte 0xff, 0xff, 0xff, 0xff, 0xff, 0xff, 0xff, 0xff, 0xff, 0xff, 0xff, 0xff, 0xff, 0xff, 0xff, 0xff
.byte 0xff, 0xff, 0xff, 0xff, 0xff, 0xff, 0xff, 0xff, 0xff, 0xff, 0xff, 0xff, 0xff, 0xff, 0xff, 0xff
.byte 0xff, 0xff, 0xff, 0xff, 0xff, 0xff, 0xff, 0xff, 0xff, 0xff, 0xff, 0xff, 0xff, 0xff, 0xff, 0xff
.byte 0xff, 0xff, 0xff, 0xff, 0xff, 0xff, 0xff, 0xff, 0xff, 0xff, 0xff, 0xff, 0xff, 0xff, 0xff, 0xff
.byte 0xff, 0xff, 0xff, 0xff, 0xff, 0xff, 0xff, 0xff, 0xff, 0xff, 0xff, 0xff, 0xff, 0xff, 0xff, 0xff
.byte 0xff, 0xff, 0xff, 0xff, 0xff, 0xff, 0xff, 0xff, 0xff, 0xff, 0xff, 0xff, 0xff, 0xff, 0xff, 0xff
.byte 0xff, 0xff, 0xff, 0xff, 0xff, 0xff, 0xff, 0xff, 0xff, 0xff, 0xff, 0xff, 0xff, 0xff, 0xff, 0xff
.byte 0xff, 0xff, 0xff, 0xff, 0xff, 0xff, 0xff, 0xff, 0xff, 0xff, 0xff, 0xff, 0xff, 0xff, 0xff, 0xff
.byte 0xff, 0xff, 0xff, 0xff, 0xff, 0xff, 0xff, 0xff, 0xff, 0xff, 0xff, 0xff, 0xff, 0xff, 0xff, 0xff
.byte 0xff, 0xff, 0xff, 0xff, 0xff, 0xff, 0xff, 0xff, 0xff, 0xff, 0xff, 0xff, 0xff, 0xff, 0xff, 0xff
.byte 0xff, 0xff, 0xff, 0xff, 0xff, 0xff, 0xff, 0xff, 0xff, 0xff, 0xff, 0xff, 0xdf, 0xff, 0x7d, 0xe7
.byte 0x5d, 0xe7, 0xdf, 0xf7, 0xff, 0xff, 0xff, 0xff, 0xff, 0xff, 0xff, 0xff, 0xff, 0xff, 0xff, 0xff
.byte 0xff, 0xff, 0xff, 0xff, 0xff, 0xff, 0xff, 0xff, 0xff, 0xff, 0xff, 0xff, 0xff, 0xff, 0xff, 0xff
.byte 0xff, 0xff, 0xff, 0xff, 0xff, 0xff, 0xff, 0xff, 0xff, 0xff, 0xff, 0xff, 0xff, 0xff, 0xff, 0xff
.byte 0xff, 0xff, 0xff, 0xff, 0xff, 0xff, 0xff, 0xff, 0xff, 0xff, 0xff, 0xff, 0xff, 0xff, 0xff, 0xff
.byte 0xff, 0xff, 0xff, 0xff, 0xff, 0xff, 0xff, 0xff, 0xff, 0xff, 0xff, 0xff, 0xff, 0xff, 0xff, 0xff
.byte 0xff, 0xff, 0xff, 0xff, 0xff, 0xff, 0xff, 0xff, 0xff, 0xff, 0xff, 0xff, 0xff, 0xff, 0xff, 0xff
.byte 0xff, 0xff, 0xff, 0xff, 0xff, 0xff, 0xff, 0xff, 0xff, 0xff, 0xff, 0xff, 0xff, 0xff, 0xff, 0xff
.byte 0xff, 0xff, 0xff, 0xff, 0xff, 0xff, 0xff, 0xff, 0xff, 0xff, 0xff, 0xff, 0xff, 0xff, 0xff, 0xff
.byte 0xff, 0xff, 0xff, 0xff, 0xff, 0xff, 0xff, 0xff, 0xff, 0xff, 0xff, 0xff, 0xff, 0xff, 0xff, 0xff
.byte 0xff, 0xff, 0xff, 0xff, 0xff, 0xff, 0xff, 0xff, 0xff, 0xff, 0xff, 0xff, 0xff, 0xff, 0xff, 0xff
.byte 0xff, 0xff, 0xff, 0xff, 0xff, 0xff, 0xff, 0xff, 0xff, 0xff, 0xff, 0xff, 0xff, 0xff, 0xff, 0xff
.byte 0xff, 0xff, 0xff, 0xff, 0xff, 0xff, 0xff, 0xff, 0xff, 0xff, 0xff, 0xff, 0xff, 0xff, 0xff, 0xff
.byte 0x3d, 0xe7, 0xfc, 0xd6, 0x39, 0xbe, 0xd9, 0xa5, 0xb8, 0xa5, 0x19, 0xb6, 0x5d, 0xe7, 0xbe, 0xf7
.byte 0xff, 0xff, 0xff, 0xff, 0xff, 0xff, 0xff, 0xff, 0xff, 0xff, 0xff, 0xff, 0xff, 0xff, 0xff, 0xff
.byte 0xff, 0xff, 0xff, 0xff, 0xff, 0xff, 0xff, 0xff, 0xff, 0xff, 0xff, 0xff, 0xff, 0xff, 0xff, 0xff
.byte 0xff, 0xff, 0xff, 0xff, 0xff, 0xff, 0xff, 0xff, 0xff, 0xff, 0xff, 0xff, 0xff, 0xff, 0xff, 0xff
.byte 0xff, 0xff, 0xff, 0xff, 0xff, 0xff, 0xff, 0xff, 0xff, 0xff, 0xff, 0xff, 0xff, 0xff, 0xff, 0xff
.byte 0xff, 0xff, 0xff, 0xff, 0xff, 0xff, 0xff, 0xff, 0xff, 0xff, 0xff, 0xff, 0xff, 0xff, 0xff, 0xff
.byte 0xff, 0xff, 0xff, 0xff, 0xff, 0xff, 0xff, 0xff, 0xff, 0xff, 0xff, 0xff, 0xff, 0xff, 0xff, 0xff
.byte 0xff, 0xff, 0xff, 0xff, 0xff, 0xff, 0xff, 0xff, 0xff, 0xff, 0xff, 0xff, 0xff, 0xff, 0xff, 0xff
.byte 0xff, 0xff, 0xff, 0xff, 0xff, 0xff, 0xff, 0xff, 0xff, 0xff, 0xff, 0xff, 0xff, 0xff, 0xff, 0xff
.byte 0xff, 0xff, 0xff, 0xff, 0xff, 0xff, 0xff, 0xff, 0xff, 0xff, 0xff, 0xff, 0xff, 0xff, 0xff, 0xff
.byte 0xff, 0xff, 0xff, 0xff, 0xff, 0xff, 0xff, 0xff, 0xff, 0xff, 0xff, 0xff, 0xff, 0xff, 0xff, 0xff
.byte 0xff, 0xff, 0xff, 0xff, 0xff, 0xff, 0xff, 0xff, 0xff, 0xff, 0xff, 0xff, 0xff, 0xff, 0xff, 0xff
.byte 0xff, 0xff, 0xff, 0xff, 0xdc, 0xd6, 0xdb, 0xd6, 0x97, 0xa5, 0xf8, 0xad, 0xb8, 0xa5, 0x19, 0xae
.byte 0x77, 0x9d, 0x77, 0x95, 0x3a, 0xb6, 0x9a, 0xce, 0xdb, 0xce, 0x5d, 0xe7, 0xff, 0xff, 0xff, 0xff
.byte 0xff, 0xff, 0xff, 0xff, 0xff, 0xff, 0xff, 0xff, 0xff, 0xff, 0xff, 0xff, 0xff, 0xff, 0xff, 0xff
.byte 0xff, 0xff, 0xff, 0xff, 0xff, 0xff, 0xff, 0xff, 0xff, 0xff, 0xff, 0xff, 0xff, 0xff, 0xff, 0xff
.byte 0xff, 0xff, 0xff, 0xff, 0xff, 0xff, 0xff, 0xff, 0xff, 0xff, 0xff, 0xff, 0xff, 0xff, 0xff, 0xff
.byte 0xff, 0xff, 0xff, 0xff, 0xff, 0xff, 0xff, 0xff, 0xff, 0xff, 0xff, 0xff, 0xff, 0xff, 0xff, 0xff
.byte 0xff, 0xff, 0xff, 0xff, 0xff, 0xff, 0xff, 0xff, 0xff, 0xff, 0xff, 0xff, 0xff, 0xff, 0xff, 0xff
.byte 0xff, 0xff, 0xff, 0xff, 0xff, 0xff, 0xff, 0xff, 0xff, 0xff, 0xff, 0xff, 0xff, 0xff, 0xff, 0xff
.byte 0xff, 0xff, 0xff, 0xff, 0xff, 0xff, 0xff, 0xff, 0xff, 0xff, 0xff, 0xff, 0xff, 0xff, 0xff, 0xff
.byte 0xff, 0xff, 0xff, 0xff, 0xff, 0xff, 0xff, 0xff, 0xff, 0xff, 0xff, 0xff, 0xff, 0xff, 0xff, 0xff
.byte 0xff, 0xff, 0xff, 0xff, 0xff, 0xff, 0xff, 0xff, 0xff, 0xff, 0xff, 0xff, 0xff, 0xff, 0xff, 0xff
.byte 0xff, 0xff, 0xff, 0xff, 0xff, 0xff, 0xff, 0xff, 0xff, 0xff, 0xff, 0xff, 0xff, 0xff, 0xff, 0xff
.byte 0xff, 0xff, 0xff, 0xff, 0xff, 0xff, 0xff, 0xff, 0x3c, 0xe7, 0x7a, 0xc6, 0x77, 0x95, 0x5a, 0xbe
.byte 0x5d, 0xe7, 0x7a, 0xbe, 0x3a, 0xb6, 0x7a, 0xbe, 0xf8, 0xad, 0x59, 0xbe, 0x9e, 0xef, 0xbb, 0xc6
.byte 0x57, 0x95, 0x19, 0xae, 0x5d, 0xe7, 0xff, 0xff, 0xff, 0xff, 0xff, 0xff, 0xff, 0xff, 0xff, 0xff
.byte 0xff, 0xff, 0xff, 0xff, 0xff, 0xff, 0xff, 0xff, 0xff, 0xff, 0xff, 0xff, 0xff, 0xff, 0xff, 0xff
.byte 0xff, 0xff, 0xff, 0xff, 0xff, 0xff, 0xff, 0xff, 0xff, 0xff, 0xff, 0xff, 0xff, 0xff, 0xff, 0xff
.byte 0xff, 0xff, 0xff, 0xff, 0xff, 0xff, 0xff, 0xff, 0xff, 0xff, 0xff, 0xff, 0xff, 0xff, 0xff, 0xff
.byte 0xff, 0xff, 0xff, 0xff, 0xff, 0xff, 0xff, 0xff, 0xff, 0xff, 0xff, 0xff, 0xff, 0xff, 0xff, 0xff
.byte 0xff, 0xff, 0xff, 0xff, 0xff, 0xff, 0xff, 0xff, 0xff, 0xff, 0xff, 0xff, 0xff, 0xff, 0xff, 0xff
.byte 0xff, 0xff, 0xff, 0xff, 0xff, 0xff, 0xff, 0xff, 0xff, 0xff, 0xff, 0xff, 0xff, 0xff, 0xff, 0xff
.byte 0xff, 0xff, 0xff, 0xff, 0xff, 0xff, 0xff, 0xff, 0xff, 0xff, 0xff, 0xff, 0xff, 0xff, 0xff, 0xff
.byte 0xff, 0xff, 0xff, 0xff, 0xff, 0xff, 0xff, 0xff, 0xff, 0xff, 0xff, 0xff, 0xff, 0xff, 0xff, 0xff
.byte 0xff, 0xff, 0xff, 0xff, 0xff, 0xff, 0xff, 0xff, 0xff, 0xff, 0xff, 0xff, 0xff, 0xff, 0xff, 0xff
.byte 0xff, 0xff, 0xff, 0xff, 0xff, 0xff, 0xff, 0xff, 0xff, 0xff, 0xff, 0xff, 0xdf, 0xff, 0x9a, 0xce
.byte 0x19, 0xb6, 0xb8, 0xa5, 0xd8, 0xa5, 0x19, 0xb6, 0xff, 0xff, 0x7d, 0xef, 0x19, 0xb6, 0xd8, 0xa5
.byte 0xd8, 0xad, 0x7d, 0xef, 0xff, 0xff, 0xdb, 0xd6, 0xb8, 0x9d, 0xd8, 0xa5, 0xf8, 0xad, 0x39, 0xbe
.byte 0xfb, 0xde, 0xff, 0xff, 0xff, 0xff, 0xff, 0xff, 0xff, 0xff, 0xff, 0xff, 0xff, 0xff, 0xff, 0xff
.byte 0xff, 0xff, 0xff, 0xff, 0xff, 0xff, 0xff, 0xff, 0xff, 0xff, 0xff, 0xff, 0xff, 0xff, 0xff, 0xff
.byte 0xff, 0xff, 0xff, 0xff, 0xff, 0xff, 0xff, 0xff, 0xff, 0xff, 0xff, 0xff, 0xff, 0xff, 0xff, 0xff
.byte 0xff, 0xff, 0xff, 0xff, 0xff, 0xff, 0xff, 0xff, 0xff, 0xff, 0xff, 0xff, 0xff, 0xff, 0xff, 0xff
.byte 0xff, 0xff, 0xff, 0xff, 0xff, 0xff, 0xff, 0xff, 0xff, 0xff, 0xff, 0xff, 0xff, 0xff, 0xff, 0xff
.byte 0xff, 0xff, 0xff, 0xff, 0xff, 0xff, 0xff, 0xff, 0xff, 0xff, 0xff, 0xff, 0xff, 0xff, 0xff, 0xff
.byte 0xff, 0xff, 0xff, 0xff, 0xff, 0xff, 0xff, 0xff, 0xff, 0xff, 0xff, 0xff, 0xff, 0xff, 0xff, 0xff
.byte 0xff, 0xff, 0xff, 0xff, 0xff, 0xff, 0xff, 0xff, 0xff, 0xff, 0xff, 0xff, 0xff, 0xff, 0xff, 0xff
.byte 0xff, 0xff, 0xff, 0xff, 0xff, 0xff, 0xff, 0xff, 0xff, 0xff, 0xff, 0xff, 0xff, 0xff, 0xff, 0xff
.byte 0xff, 0xff, 0xff, 0xff, 0xff, 0xff, 0xff, 0xff, 0xff, 0xff, 0xff, 0xff, 0xff, 0xff, 0xff, 0xff
.byte 0xff, 0xff, 0xff, 0xff, 0xdf, 0xff, 0x5a, 0xc6, 0x77, 0x95, 0x19, 0xae, 0x5a, 0xb6, 0xf8, 0xad
.byte 0xba, 0xce, 0xff, 0xff, 0x7e, 0xe7, 0xb8, 0xa5, 0x9b, 0xc6, 0xff, 0xff, 0xff, 0xff, 0x9b, 0xc6
.byte 0x7b, 0xbe, 0xb8, 0xa5, 0x16, 0x8d, 0x5a, 0xbe, 0x3c, 0xe7, 0xbe, 0xf7, 0xff, 0xff, 0xff, 0xff
.byte 0xff, 0xff, 0xff, 0xff, 0xff, 0xff, 0xff, 0xff, 0xff, 0xff, 0xff, 0xff, 0xff, 0xff, 0xff, 0xff
.byte 0xff, 0xff, 0xff, 0xff, 0xff, 0xff, 0xff, 0xff, 0xff, 0xff, 0xff, 0xff, 0xff, 0xff, 0xff, 0xff
.byte 0xff, 0xff, 0xff, 0xff, 0xff, 0xff, 0xff, 0xff, 0xff, 0xff, 0xff, 0xff, 0xff, 0xff, 0xff, 0xff
.byte 0xff, 0xff, 0xff, 0xff, 0xff, 0xff, 0xff, 0xff, 0xff, 0xff, 0xff, 0xff, 0xff, 0xff, 0xff, 0xff
.byte 0xff, 0xff, 0xff, 0xff, 0xff, 0xff, 0xff, 0xff, 0xff, 0xff, 0xff, 0xff, 0xff, 0xff, 0xff, 0xff
.byte 0xff, 0xff, 0xff, 0xff, 0xff, 0xff, 0xff, 0xff, 0xff, 0xff, 0xff, 0xff, 0xff, 0xff, 0xff, 0xff
.byte 0xff, 0xff, 0xff, 0xff, 0xff, 0xff, 0xff, 0xff, 0xff, 0xff, 0xff, 0xff, 0xff, 0xff, 0xff, 0xff
.byte 0xff, 0xff, 0xff, 0xff, 0xff, 0xff, 0xff, 0xff, 0xff, 0xff, 0xff, 0xff, 0xff, 0xff, 0xff, 0xff
.byte 0xff, 0xff, 0xff, 0xff, 0xff, 0xff, 0xff, 0xff, 0xff, 0xff, 0xff, 0xff, 0xff, 0xff, 0xff, 0xff
.byte 0xff, 0xff, 0xff, 0xff, 0xff, 0xff, 0xff, 0xff, 0xff, 0xff, 0xff, 0xff, 0xff, 0xff, 0x9e, 0xf7
.byte 0x77, 0x9d, 0x39, 0xb6, 0xd8, 0xa5, 0xd8, 0xa5, 0x19, 0xb6, 0x9a, 0xce, 0x1c, 0xdf, 0xd8, 0xa5
.byte 0xb7, 0xa5, 0x5a, 0xc6, 0xbb, 0xce, 0xd8, 0xa5, 0xb8, 0xa5, 0xb8, 0x9d, 0x36, 0x8d, 0x5a, 0xbe
.byte 0x5d, 0xe7, 0xdf, 0xff, 0xff, 0xff, 0xff, 0xff, 0xff, 0xff, 0xff, 0xff, 0xff, 0xff, 0xff, 0xff
.byte 0xff, 0xff, 0xff, 0xff, 0xff, 0xff, 0xff, 0xff, 0xff, 0xff, 0xff, 0xff, 0xff, 0xff, 0xff, 0xff
.byte 0xff, 0xff, 0xff, 0xff, 0xff, 0xff, 0xff, 0xff, 0xff, 0xff, 0xff, 0xff, 0xff, 0xff, 0xff, 0xff
.byte 0xff, 0xff, 0xff, 0xff, 0xff, 0xff, 0xff, 0xff, 0xff, 0xff, 0xff, 0xff, 0xff, 0xff, 0xff, 0xff
.byte 0xff, 0xff, 0xff, 0xff, 0xff, 0xff, 0xff, 0xff, 0xff, 0xff, 0xff, 0xff, 0xff, 0xff, 0xff, 0xff
.byte 0xff, 0xff, 0xff, 0xff, 0xff, 0xff, 0xff, 0xff, 0xff, 0xff, 0xff, 0xff, 0xff, 0xff, 0xff, 0xff
.byte 0xff, 0xff, 0xff, 0xff, 0xff, 0xff, 0xff, 0xff, 0xff, 0xff, 0xff, 0xff, 0xff, 0xff, 0xff, 0xff
.byte 0xff, 0xff, 0xff, 0xff, 0xff, 0xff, 0xff, 0xff, 0xff, 0xff, 0xff, 0xff, 0xff, 0xff, 0xff, 0xff
.byte 0xff, 0xff, 0xff, 0xff, 0xff, 0xff, 0xff, 0xff, 0xff, 0xff, 0xff, 0xff, 0xff, 0xff, 0xff, 0xff
.byte 0xff, 0xff, 0xff, 0xff, 0xff, 0xff, 0xff, 0xff, 0xff, 0xff, 0xff, 0xff, 0xff, 0xff, 0xff, 0xff
.byte 0xff, 0xff, 0xff, 0xff, 0xdf, 0xff, 0xbb, 0xce, 0xd8, 0xa5, 0xd8, 0xad, 0x59, 0xbe, 0x18, 0xb6
.byte 0xf9, 0xad, 0x19, 0xae, 0x19, 0xae, 0x19, 0xae, 0xb8, 0xa5, 0xd8, 0xa5, 0xb8, 0xa5, 0x19, 0xb6
.byte 0x5a, 0xbe, 0xf8, 0xad, 0x97, 0x9d, 0xb8, 0xa5, 0xfb, 0xd6, 0xff, 0xff, 0xff, 0xff, 0xff, 0xff
.byte 0xff, 0xff, 0xff, 0xff, 0xff, 0xff, 0xff, 0xff, 0xff, 0xff, 0xff, 0xff, 0xff, 0xff, 0xff, 0xff
.byte 0xff, 0xff, 0xff, 0xff, 0xff, 0xff, 0xff, 0xff, 0xff, 0xff, 0xff, 0xff, 0xff, 0xff, 0xff, 0xff
.byte 0xff, 0xff, 0xff, 0xff, 0xff, 0xff, 0xff, 0xff, 0xff, 0xff, 0xff, 0xff, 0xff, 0xff, 0xff, 0xff
.byte 0xff, 0xff, 0xff, 0xff, 0xff, 0xff, 0xff, 0xff, 0xff, 0xff, 0xff, 0xff, 0xff, 0xff, 0xff, 0xff
.byte 0xff, 0xff, 0xff, 0xff, 0xff, 0xff, 0xff, 0xff, 0xff, 0xff, 0xff, 0xff, 0xff, 0xff, 0xff, 0xff
.byte 0xff, 0xff, 0xff, 0xff, 0xff, 0xff, 0xff, 0xff, 0xff, 0xff, 0xff, 0xff, 0xff, 0xff, 0xff, 0xff
.byte 0xff, 0xff, 0xff, 0xff, 0xff, 0xff, 0xff, 0xff, 0xff, 0xff, 0xff, 0xff, 0xff, 0xff, 0xff, 0xff
.byte 0xff, 0xff, 0xff, 0xff, 0xff, 0xff, 0xff, 0xff, 0xff, 0xff, 0xff, 0xff, 0xff, 0xff, 0xff, 0xff
.byte 0xff, 0xff, 0xff, 0xff, 0xff, 0xff, 0xff, 0xff, 0xff, 0xff, 0xff, 0xff, 0xff, 0xff, 0xff, 0xff
.byte 0xff, 0xff, 0xff, 0xff, 0xff, 0xff, 0xff, 0xff, 0xff, 0xff, 0xff, 0xff, 0xff, 0xff, 0x3d, 0xdf
.byte 0x19, 0xb6, 0x7d, 0xe7, 0xff, 0xff, 0xbe, 0xf7, 0x18, 0xb6, 0x36, 0x95, 0x5a, 0xbe, 0x9b, 0xbe
.byte 0x19, 0xb6, 0x36, 0x95, 0x5a, 0xbe, 0x9e, 0xf7, 0xff, 0xff, 0xbe, 0xf7, 0x9a, 0xc6, 0x7a, 0xc6
.byte 0x7d, 0xef, 0xff, 0xff, 0xff, 0xff, 0xff, 0xff, 0xff, 0xff, 0xff, 0xff, 0xff, 0xff, 0xff, 0xff
.byte 0xff, 0xff, 0xff, 0xff, 0xff, 0xff, 0xff, 0xff, 0xff, 0xff, 0xff, 0xff, 0xff, 0xff, 0xff, 0xff
.byte 0xff, 0xff, 0xff, 0xff, 0xff, 0xff, 0xff, 0xff, 0xff, 0xff, 0xff, 0xff, 0xff, 0xff, 0xff, 0xff
.byte 0xff, 0xff, 0xff, 0xff, 0xff, 0xff, 0xff, 0xff, 0xff, 0xff, 0xff, 0xff, 0xff, 0xff, 0xff, 0xff
.byte 0xff, 0xff, 0xff, 0xff, 0xff, 0xff, 0xff, 0xff, 0xff, 0xff, 0xff, 0xff, 0xff, 0xff, 0xff, 0xff
.byte 0xff, 0xff, 0xff, 0xff, 0xff, 0xff, 0xff, 0xff, 0xff, 0xff, 0xff, 0xff, 0xff, 0xff, 0xff, 0xff
.byte 0xff, 0xff, 0xff, 0xff, 0xff, 0xff, 0xff, 0xff, 0xff, 0xff, 0xff, 0xff, 0xff, 0xff, 0xff, 0xff
.byte 0xff, 0xff, 0xff, 0xff, 0xff, 0xff, 0xff, 0xff, 0xff, 0xff, 0xff, 0xff, 0xff, 0xff, 0xff, 0xff
.byte 0xff, 0xff, 0xff, 0xff, 0xff, 0xff, 0xff, 0xff, 0xff, 0xff, 0xff, 0xff, 0xff, 0xff, 0xff, 0xff
.byte 0xff, 0xff, 0xff, 0xff, 0xff, 0xff, 0xff, 0xff, 0xff, 0xff, 0xff, 0xff, 0xff, 0xff, 0xff, 0xff
.byte 0xff, 0xff, 0xff, 0xff, 0xff, 0xff, 0xdb, 0xce, 0xd8, 0xa5, 0xd8, 0xad, 0x3d, 0xdf, 0x7e, 0xef
.byte 0x19, 0xb6, 0x97, 0x9d, 0x97, 0x9d, 0xf9, 0xad, 0xb8, 0xa5, 0xb8, 0xa5, 0x39, 0xb6, 0x7a, 0xc6
.byte 0xbe, 0xf7, 0xdf, 0xff, 0xbb, 0xce, 0x19, 0xb6, 0xdb, 0xd6, 0xff, 0xff, 0xff, 0xff, 0xff, 0xff
.byte 0xff, 0xff, 0xff, 0xff, 0xff, 0xff, 0xff, 0xff, 0xff, 0xff, 0xff, 0xff, 0xff, 0xff, 0xff, 0xff
.byte 0xff, 0xff, 0xff, 0xff, 0xff, 0xff, 0xff, 0xff, 0xff, 0xff, 0xff, 0xff, 0xff, 0xff, 0xff, 0xff
.byte 0xff, 0xff, 0xff, 0xff, 0xff, 0xff, 0xff, 0xff, 0xff, 0xff, 0xff, 0xff, 0xff, 0xff, 0xff, 0xff
.byte 0xff, 0xff, 0xff, 0xff, 0xff, 0xff, 0xff, 0xff, 0xff, 0xff, 0xff, 0xff, 0xff, 0xff, 0xff, 0xff
.byte 0xff, 0xff, 0xff, 0xff, 0xff, 0xff, 0xff, 0xff, 0xff, 0xff, 0xff, 0xff, 0xff, 0xff, 0xff, 0xff
.byte 0xff, 0xff, 0xff, 0xff, 0xff, 0xff, 0xff, 0xff, 0xff, 0xff, 0xff, 0xff, 0xff, 0xff, 0xff, 0xff
.byte 0xff, 0xff, 0xff, 0xff, 0xff, 0xff, 0xff, 0xff, 0xff, 0xff, 0xff, 0xff, 0xff, 0xff, 0xff, 0xff
.byte 0xff, 0xff, 0xff, 0xff, 0xff, 0xff, 0xff, 0xff, 0xff, 0xff, 0xff, 0xff, 0xff, 0xff, 0xff, 0xff
.byte 0xff, 0xff, 0xff, 0xff, 0xff, 0xff, 0xff, 0xff, 0xff, 0xff, 0xff, 0xff, 0xff, 0xff, 0xff, 0xff
.byte 0xff, 0xff, 0xff, 0xff, 0xff, 0xff, 0xff, 0xff, 0xff, 0xff, 0xff, 0xff, 0xdf, 0xff, 0x5a, 0xbe
.byte 0x97, 0x9d, 0xf9, 0xad, 0x98, 0x9d, 0x97, 0x9d, 0x97, 0x9d, 0x39, 0xb6, 0xd8, 0xa5, 0xb8, 0x9d
.byte 0x77, 0x9d, 0x39, 0xb6, 0x19, 0xb6, 0xf9, 0xad, 0x19, 0xb6, 0x39, 0xb6, 0xb8, 0xa5, 0x7a, 0xbe
.byte 0x7d, 0xef, 0xff, 0xff, 0xff, 0xff, 0xff, 0xff, 0xff, 0xff, 0xff, 0xff, 0xff, 0xff, 0xff, 0xff
.byte 0xff, 0xff, 0xff, 0xff, 0xff, 0xff, 0xff, 0xff, 0xff, 0xff, 0xff, 0xff, 0xff, 0xff, 0xff, 0xff
.byte 0xff, 0xff, 0xff, 0xff, 0xff, 0xff, 0xff, 0xff, 0xff, 0xff, 0xff, 0xff, 0xff, 0xff, 0xff, 0xff
.byte 0xff, 0xff, 0xff, 0xff, 0xff, 0xff, 0xff, 0xff, 0xff, 0xff, 0xff, 0xff, 0xff, 0xff, 0xff, 0xff
.byte 0xff, 0xff, 0xff, 0xff, 0xff, 0xff, 0xff, 0xff, 0xff, 0xff, 0xff, 0xff, 0xff, 0xff, 0xff, 0xff
.byte 0xff, 0xff, 0xff, 0xff, 0xff, 0xff, 0xff, 0xff, 0xff, 0xff, 0xff, 0xff, 0xff, 0xff, 0xff, 0xff
.byte 0xff, 0xff, 0xff, 0xff, 0xff, 0xff, 0xff, 0xff, 0xff, 0xff, 0xff, 0xff, 0xff, 0xff, 0xff, 0xff
.byte 0xff, 0xff, 0xff, 0xff, 0xff, 0xff, 0xff, 0xff, 0xff, 0xff, 0xff, 0xff, 0xff, 0xff, 0xff, 0xff
.byte 0xff, 0xff, 0xff, 0xff, 0xff, 0xff, 0xff, 0xff, 0xff, 0xff, 0xff, 0xff, 0xff, 0xff, 0xff, 0xff
.byte 0xff, 0xff, 0xff, 0xff, 0xff, 0xff, 0xff, 0xff, 0xff, 0xff, 0xff, 0xff, 0xff, 0xff, 0xff, 0xff
.byte 0xff, 0xff, 0xff, 0xff, 0xff, 0xff, 0xbe, 0xf7, 0x56, 0x95, 0x3a, 0xb6, 0x5a, 0xbe, 0x97, 0x9d
.byte 0x7a, 0xc6, 0xbe, 0xf7, 0x9a, 0xc6, 0x77, 0x95, 0x19, 0xb6, 0xff, 0xff, 0xfc, 0xd6, 0xf8, 0xb5
.byte 0x9b, 0xc6, 0x39, 0xb6, 0x77, 0x9d, 0xbb, 0xce, 0x9e, 0xf7, 0xff, 0xff, 0xff, 0xff, 0xff, 0xff
.byte 0xff, 0xff, 0xff, 0xff, 0xff, 0xff, 0xff, 0xff, 0xff, 0xff, 0xff, 0xff, 0xff, 0xff, 0xff, 0xff
.byte 0xff, 0xff, 0xff, 0xff, 0xff, 0xff, 0xff, 0xff, 0xff, 0xff, 0xff, 0xff, 0xff, 0xff, 0xff, 0xff
.byte 0xff, 0xff, 0xff, 0xff, 0xff, 0xff, 0xff, 0xff, 0xff, 0xff, 0xff, 0xff, 0xff, 0xff, 0xff, 0xff
.byte 0xff, 0xff, 0xff, 0xff, 0xff, 0xff, 0xff, 0xff, 0xff, 0xff, 0xff, 0xff, 0xff, 0xff, 0xff, 0xff
.byte 0xff, 0xff, 0xff, 0xff, 0xff, 0xff, 0xff, 0xff, 0xff, 0xff, 0xff, 0xff, 0xff, 0xff, 0xff, 0xff
.byte 0xff, 0xff, 0xff, 0xff, 0xff, 0xff, 0xff, 0xff, 0xff, 0xff, 0xff, 0xff, 0xff, 0xff, 0xff, 0xff
.byte 0xff, 0xff, 0xff, 0xff, 0xff, 0xff, 0xff, 0xff, 0xff, 0xff, 0xff, 0xff, 0xff, 0xff, 0xff, 0xff
.byte 0xff, 0xff, 0xff, 0xff, 0xff, 0xff, 0xff, 0xff, 0xff, 0xff, 0xff, 0xff, 0xff, 0xff, 0xff, 0xff
.byte 0xff, 0xff, 0xff, 0xff, 0xff, 0xff, 0xff, 0xff, 0xff, 0xff, 0xff, 0xff, 0xff, 0xff, 0xff, 0xff
.byte 0xff, 0xff, 0xff, 0xff, 0xff, 0xff, 0xff, 0xff, 0xff, 0xff, 0xff, 0xff, 0xff, 0xff, 0x7e, 0xef
.byte 0xf9, 0xad, 0x77, 0x9d, 0xd8, 0xad, 0x39, 0xbe, 0xff, 0xff, 0xff, 0xff, 0x7e, 0xe7, 0xb8, 0x9d
.byte 0x97, 0xa5, 0x5d, 0xe7, 0xff, 0xff, 0x1c, 0xdf, 0xf9, 0xad, 0x97, 0x9d, 0xb7, 0xa5, 0x19, 0xb6
.byte 0xdb, 0xd6, 0xff, 0xff, 0xff, 0xff, 0xff, 0xff, 0xff, 0xff, 0xff, 0xff, 0xff, 0xff, 0xff, 0xff
.byte 0xff, 0xff, 0xff, 0xff, 0xff, 0xff, 0xff, 0xff, 0xff, 0xff, 0xff, 0xff, 0xff, 0xff, 0xff, 0xff
.byte 0xff, 0xff, 0xff, 0xff, 0xff, 0xff, 0xff, 0xff, 0xff, 0xff, 0xff, 0xff, 0xff, 0xff, 0xff, 0xff
.byte 0xff, 0xff, 0xff, 0xff, 0xff, 0xff, 0xff, 0xff, 0xff, 0xff, 0xff, 0xff, 0xff, 0xff, 0xff, 0xff
.byte 0xff, 0xff, 0xff, 0xff, 0xff, 0xff, 0xff, 0xff, 0xff, 0xff, 0xff, 0xff, 0xff, 0xff, 0xff, 0xff
.byte 0xff, 0xff, 0xff, 0xff, 0xff, 0xff, 0xff, 0xff, 0xff, 0xff, 0xff, 0xff, 0xff, 0xff, 0xff, 0xff
.byte 0xff, 0xff, 0xff, 0xff, 0xff, 0xff, 0xff, 0xff, 0xff, 0xff, 0xff, 0xff, 0xff, 0xff, 0xff, 0xff
.byte 0xff, 0xff, 0xff, 0xff, 0xff, 0xff, 0xff, 0xff, 0xff, 0xff, 0xff, 0xff, 0xff, 0xff, 0xff, 0xff
.byte 0xff, 0xff, 0xff, 0xff, 0xff, 0xff, 0xff, 0xff, 0xff, 0xff, 0xff, 0xff, 0xff, 0xff, 0xff, 0xff
.byte 0xff, 0xff, 0xff, 0xff, 0xff, 0xff, 0xff, 0xff, 0xff, 0xff, 0xff, 0xff, 0xff, 0xff, 0xff, 0xff
.byte 0xff, 0xff, 0xff, 0xff, 0xff, 0xff, 0x7e, 0xef, 0xbb, 0xce, 0x7a, 0xbe, 0x97, 0x9d, 0x19, 0xb6
.byte 0x7d, 0xef, 0xbe, 0xf7, 0xbc, 0xce, 0x3a, 0xb6, 0xd8, 0xa5, 0xd8, 0xa5, 0x3d, 0xe7, 0x5d, 0xe7
.byte 0x77, 0x9d, 0x39, 0xb6, 0x1c, 0xdf, 0x3c, 0xdf, 0xbe, 0xf7, 0xff, 0xff, 0xff, 0xff, 0xff, 0xff
.byte 0xff, 0xff, 0xff, 0xff, 0xff, 0xff, 0xff, 0xff, 0xff, 0xff, 0xff, 0xff, 0xff, 0xff, 0xff, 0xff
.byte 0xff, 0xff, 0xff, 0xff, 0xff, 0xff, 0xff, 0xff, 0xff, 0xff, 0xff, 0xff, 0xff, 0xff, 0xff, 0xff
.byte 0xff, 0xff, 0xff, 0xff, 0xff, 0xff, 0xff, 0xff, 0xff, 0xff, 0xff, 0xff, 0xff, 0xff, 0xff, 0xff
.byte 0xff, 0xff, 0xff, 0xff, 0xff, 0xff, 0xff, 0xff, 0xff, 0xff, 0xff, 0xff, 0xff, 0xff, 0xff, 0xff
.byte 0xff, 0xff, 0xff, 0xff, 0xff, 0xff, 0xff, 0xff, 0xff, 0xff, 0xff, 0xff, 0xff, 0xff, 0xff, 0xff
.byte 0xff, 0xff, 0xff, 0xff, 0xff, 0xff, 0xff, 0xff, 0xff, 0xff, 0xff, 0xff, 0xff, 0xff, 0xff, 0xff
.byte 0xff, 0xff, 0xff, 0xff, 0xff, 0xff, 0xff, 0xff, 0xff, 0xff, 0xff, 0xff, 0xff, 0xff, 0xff, 0xff
.byte 0xff, 0xff, 0xff, 0xff, 0xff, 0xff, 0xff, 0xff, 0xff, 0xff, 0xff, 0xff, 0xff, 0xff, 0xff, 0xff
.byte 0xff, 0xff, 0xff, 0xff, 0xff, 0xff, 0xff, 0xff, 0xff, 0xff, 0xff, 0xff, 0xff, 0xff, 0xff, 0xff
.byte 0xff, 0xff, 0xff, 0xff, 0xff, 0xff, 0xff, 0xff, 0xff, 0xff, 0xff, 0xff, 0xff, 0xff, 0xff, 0xff
.byte 0xff, 0xff, 0x7d, 0xef, 0x59, 0xbe, 0xbb, 0xce, 0x77, 0x9d, 0x39, 0xb6, 0x19, 0xae, 0x19, 0xb6
.byte 0x77, 0x9d, 0x77, 0x95, 0x56, 0x95, 0xbb, 0xce, 0xfc, 0xd6, 0x1c, 0xdf, 0xff, 0xff, 0xff, 0xff
.byte 0xff, 0xff, 0xff, 0xff, 0xff, 0xff, 0xff, 0xff, 0xff, 0xff, 0xff, 0xff, 0xff, 0xff, 0xff, 0xff
.byte 0xff, 0xff, 0xff, 0xff, 0xff, 0xff, 0xff, 0xff, 0xff, 0xff, 0xff, 0xff, 0xff, 0xff, 0xff, 0xff
.byte 0xff, 0xff, 0xff, 0xff, 0xff, 0xff, 0xff, 0xff, 0xff, 0xff, 0xff, 0xff, 0xff, 0xff, 0xff, 0xff
.byte 0xff, 0xff, 0xff, 0xff, 0xff, 0xff, 0xff, 0xff, 0xff, 0xff, 0xff, 0xff, 0xff, 0xff, 0xff, 0xff
.byte 0xff, 0xff, 0xff, 0xff, 0xff, 0xff, 0xff, 0xff, 0xff, 0xff, 0xff, 0xff, 0xff, 0xff, 0xff, 0xff
.byte 0xff, 0xff, 0xff, 0xff, 0xff, 0xff, 0xff, 0xff, 0xff, 0xff, 0xff, 0xff, 0xff, 0xff, 0xff, 0xff
.byte 0xff, 0xff, 0xff, 0xff, 0xff, 0xff, 0xff, 0xff, 0xff, 0xff, 0xff, 0xff, 0xff, 0xff, 0xff, 0xff
.byte 0xff, 0xff, 0xff, 0xff, 0xff, 0xff, 0xff, 0xff, 0xff, 0xff, 0xff, 0xff, 0xff, 0xff, 0xff, 0xff
.byte 0xff, 0xff, 0xff, 0xff, 0xff, 0xff, 0xff, 0xff, 0xff, 0xff, 0xff, 0xff, 0xff, 0xff, 0xff, 0xff
.byte 0xff, 0xff, 0xff, 0xff, 0xff, 0xff, 0xff, 0xff, 0xff, 0xff, 0xff, 0xff, 0xff, 0xff, 0xff, 0xff
.byte 0xff, 0xff, 0xff, 0xff, 0xff, 0xff, 0xff, 0xff, 0xff, 0xff, 0xff, 0xff, 0xff, 0xff, 0x9e, 0xef
.byte 0x39, 0xbe, 0x5a, 0xbe, 0x97, 0xa5, 0xf9, 0xad, 0x56, 0x9d, 0x97, 0x9d, 0xf9, 0xad, 0x3c, 0xdf
.byte 0xff, 0xff, 0xff, 0xff, 0xff, 0xff, 0xff, 0xff, 0xff, 0xff, 0xff, 0xff, 0xff, 0xff, 0xff, 0xff
.byte 0xff, 0xff, 0xff, 0xff, 0xff, 0xff, 0xff, 0xff, 0xff, 0xff, 0xff, 0xff, 0xff, 0xff, 0xff, 0xff
.byte 0xff, 0xff, 0xff, 0xff, 0xff, 0xff, 0xff, 0xff, 0xff, 0xff, 0xff, 0xff, 0xff, 0xff, 0xff, 0xff
.byte 0xff, 0xff, 0xff, 0xff, 0xff, 0xff, 0xff, 0xff, 0xff, 0xff, 0xff, 0xff, 0xff, 0xff, 0xff, 0xff
.byte 0xff, 0xff, 0xff, 0xff, 0xff, 0xff, 0xff, 0xff, 0xff, 0xff, 0xff, 0xff, 0xff, 0xff, 0xff, 0xff
.byte 0xff, 0xff, 0xff, 0xff, 0xff, 0xff, 0xff, 0xff, 0xff, 0xff, 0xff, 0xff, 0xff, 0xff, 0xff, 0xff
.byte 0xff, 0xff, 0xff, 0xff, 0xff, 0xff, 0xff, 0xff, 0xff, 0xff, 0xff, 0xff, 0xff, 0xff, 0xff, 0xff
.byte 0xff, 0xff, 0xff, 0xff, 0xff, 0xff, 0xff, 0xff, 0xff, 0xff, 0xff, 0xff, 0xff, 0xff, 0xff, 0xff
.byte 0xff, 0xff, 0xff, 0xff, 0xff, 0xff, 0xff, 0xff, 0xff, 0xff, 0xff, 0xff, 0xff, 0xff, 0xff, 0xff
.byte 0xff, 0xff, 0xff, 0xff, 0xff, 0xff, 0xff, 0xff, 0xff, 0xff, 0xff, 0xff, 0xff, 0xff, 0xff, 0xff
.byte 0xff, 0xff, 0xff, 0xff, 0xff, 0xff, 0xff, 0xff, 0xff, 0xff, 0xff, 0xff, 0xff, 0xff, 0xff, 0xff
.byte 0xff, 0xff, 0xff, 0xff, 0xff, 0xff, 0xff, 0xff, 0xff, 0xff, 0x5d, 0xef, 0x39, 0xbe, 0x56, 0x9d
.byte 0x39, 0xbe, 0x3c, 0xe7, 0x7d, 0xef, 0xff, 0xff, 0xff, 0xff, 0xff, 0xff, 0xff, 0xff, 0xff, 0xff
.byte 0xff, 0xff, 0xff, 0xff, 0xff, 0xff, 0xff, 0xff, 0xff, 0xff, 0xff, 0xff, 0xff, 0xff, 0xff, 0xff
.byte 0xff, 0xff, 0xff, 0xff, 0xff, 0xff, 0xff, 0xff, 0xff, 0xff, 0xff, 0xff, 0xff, 0xff, 0xff, 0xff
.byte 0xff, 0xff, 0xff, 0xff, 0xff, 0xff, 0xff, 0xff, 0xff, 0xff, 0xff, 0xff, 0xff, 0xff, 0xff, 0xff
.byte 0xff, 0xff, 0xff, 0xff, 0xff, 0xff, 0xff, 0xff, 0xff, 0xff, 0xff, 0xff, 0xff, 0xff, 0xff, 0xff
.byte 0xff, 0xff, 0xff, 0xff, 0xff, 0xff, 0xff, 0xff, 0xff, 0xff, 0xff, 0xff, 0xff, 0xff, 0xff, 0xff
.byte 0xff, 0xff, 0xff, 0xff, 0xff, 0xff, 0xff, 0xff, 0xff, 0xff, 0xff, 0xff, 0xff, 0xff, 0xff, 0xff
.byte 0xff, 0xff, 0xff, 0xff, 0xff, 0xff, 0xff, 0xff, 0xff, 0xff, 0xff, 0xff, 0xff, 0xff, 0xff, 0xff
.byte 0xff, 0xff, 0xff, 0xff, 0xff, 0xff, 0xff, 0xff, 0xff, 0xff, 0xff, 0xff, 0xff, 0xff, 0xff, 0xff
.byte 0xff, 0xff, 0xff, 0xff, 0xff, 0xff, 0xff, 0xff, 0xff, 0xff, 0xff, 0xff, 0xff, 0xff, 0xff, 0xff
.byte 0xff, 0xff, 0xff, 0xff, 0xff, 0xff, 0xff, 0xff, 0xff, 0xff, 0xff, 0xff, 0xff, 0xff, 0xff, 0xff
.byte 0xff, 0xff, 0xff, 0xff, 0xff, 0xff, 0xff, 0xff, 0xff, 0xff, 0xff, 0xff, 0xff, 0xff, 0xff, 0xff
.byte 0xff, 0xff, 0xff, 0xff, 0xbe, 0xf7, 0x1c, 0xdf, 0x5c, 0xe7, 0xff, 0xff, 0xff, 0xff, 0xff, 0xff
.byte 0xff, 0xff, 0xff, 0xff, 0xff, 0xff, 0xff, 0xff, 0xff, 0xff, 0xff, 0xff, 0xff, 0xff, 0xff, 0xff
.byte 0xff, 0xff, 0xff, 0xff, 0xff, 0xff, 0xff, 0xff, 0xff, 0xff, 0xff, 0xff, 0xff, 0xff, 0xff, 0xff
.byte 0xff, 0xff, 0xff, 0xff, 0xff, 0xff, 0xff, 0xff, 0xff, 0xff, 0xff, 0xff, 0xff, 0xff, 0xff, 0xff
.byte 0xff, 0xff, 0xff, 0xff, 0xff, 0xff, 0xff, 0xff, 0xff, 0xff, 0xff, 0xff, 0xff, 0xff, 0xff, 0xff
.byte 0xff, 0xff, 0xff, 0xff, 0xff, 0xff, 0xff, 0xff, 0xff, 0xff, 0xff, 0xff, 0xff, 0xff, 0xff, 0xff
.byte 0xff, 0xff, 0xff, 0xff, 0xff, 0xff, 0xff, 0xff, 0xff, 0xff, 0xff, 0xff, 0xff, 0xff, 0xff, 0xff
.byte 0xff, 0xff, 0xff, 0xff, 0xff, 0xff, 0xff, 0xff, 0xff, 0xff, 0xff, 0xff, 0xff, 0xff, 0xff, 0xff
.byte 0xff, 0xff, 0xff, 0xff, 0xff, 0xff, 0xff, 0xff, 0xff, 0xff, 0xff, 0xff, 0xff, 0xff, 0xff, 0xff
.byte 0xff, 0xff, 0xff, 0xff, 0xff, 0xff, 0xff, 0xff, 0xff, 0xff, 0xff, 0xff, 0xff, 0xff, 0xff, 0xff
.byte 0xff, 0xff, 0xff, 0xff, 0xff, 0xff, 0xff, 0xff, 0xff, 0xff, 0xff, 0xff, 0xff, 0xff, 0xff, 0xff
.byte 0xff, 0xff, 0xff, 0xff, 0xff, 0xff, 0xff, 0xff, 0xff, 0xff, 0xff, 0xff, 0xff, 0xff, 0xff, 0xff
.byte 0xff, 0xff, 0xff, 0xff, 0xff, 0xff, 0xff, 0xff, 0xff, 0xff, 0xff, 0xff, 0xff, 0xff, 0xff, 0xff
.byte 0xff, 0xff, 0xff, 0xff, 0xff, 0xff, 0xff, 0xff, 0xff, 0xff, 0xff, 0xff, 0xff, 0xff, 0xff, 0xff
.byte 0xff, 0xff, 0xff, 0xff, 0xff, 0xff, 0xff, 0xff, 0xff, 0xff, 0xff, 0xff, 0xff, 0xff, 0xff, 0xff
.byte 0xff, 0xff, 0xff, 0xff, 0xff, 0xff, 0xff, 0xff, 0xff, 0xff, 0xff, 0xff, 0xff, 0xff, 0xff, 0xff
.byte 0xff, 0xff, 0xff, 0xff, 0xff, 0xff, 0xff, 0xff, 0xff, 0xff, 0xff, 0xff, 0xff, 0xff, 0xff, 0xff
.byte 0xff, 0xff, 0xff, 0xff, 0xff, 0xff, 0xff, 0xff, 0xff, 0xff, 0xff, 0xff, 0xff, 0xff, 0xff, 0xff
.byte 0xff, 0xff, 0xff, 0xff, 0xff, 0xff, 0xff, 0xff, 0xff, 0xff, 0xff, 0xff, 0xff, 0xff, 0xff, 0xff
.byte 0xff, 0xff, 0xff, 0xff, 0xff, 0xff, 0xff, 0xff, 0xff, 0xff, 0xff, 0xff, 0xff, 0xff, 0xff, 0xff
.byte 0xff, 0xff, 0xff, 0xff, 0xff, 0xff, 0xff, 0xff, 0xff, 0xff, 0xff, 0xff, 0xff, 0xff, 0xff, 0xff
.byte 0xff, 0xff, 0xff, 0xff, 0xff, 0xff, 0xff, 0xff, 0xff, 0xff, 0xff, 0xff, 0xff, 0xff, 0xff, 0xff
.byte 0xff, 0xff, 0xff, 0xff, 0xff, 0xff, 0xff, 0xff, 0xff, 0xff, 0xff, 0xff, 0xff, 0xff, 0xff, 0xff
.byte 0xff, 0xff, 0xff, 0xff, 0xff, 0xff, 0xff, 0xff, 0xff, 0xff, 0xff, 0xff, 0xff, 0xff, 0xff, 0xff
.byte 0xff, 0xff, 0xff, 0xff, 0xff, 0xff, 0xff, 0xff, 0xff, 0xff, 0xff, 0xff, 0xff, 0xff, 0xff, 0xff
.byte 0xff, 0xff, 0xff, 0xff, 0xff, 0xff, 0xff, 0xff, 0xff, 0xff, 0xff, 0xff, 0xff, 0xff, 0xff, 0xff
.byte 0xff, 0xff, 0xff, 0xff, 0xff, 0xff, 0xff, 0xff, 0xff, 0xff, 0xff, 0xff, 0xff, 0xff, 0xff, 0xff
.byte 0xff, 0xff, 0xff, 0xff, 0xff, 0xff, 0xff, 0xff, 0xff, 0xff, 0xff, 0xff, 0xff, 0xff, 0xff, 0xff
.byte 0xff, 0xff, 0xff, 0xff, 0xff, 0xff, 0xff, 0xff, 0xff, 0xff, 0xff, 0xff, 0xff, 0xff, 0xff, 0xff
.byte 0xff, 0xff, 0xff, 0xff, 0xff, 0xff, 0xff, 0xff, 0xff, 0xff, 0xff, 0xff, 0xff, 0xff, 0xff, 0xff
.byte 0xff, 0xff, 0xff, 0xff, 0xff, 0xff, 0xff, 0xff, 0xff, 0xff, 0xff, 0xff, 0xff, 0xff, 0xff, 0xff
.byte 0xff, 0xff, 0xff, 0xff, 0xff, 0xff, 0xff, 0xff, 0xff, 0xff, 0xff, 0xff, 0xff, 0xff, 0xff, 0xff
.byte 0xff, 0xff, 0xff, 0xff, 0xff, 0xff, 0xff, 0xff, 0xff, 0xff, 0xff, 0xff, 0xff, 0xff, 0xff, 0xff
.byte 0xff, 0xff, 0xff, 0xff, 0xff, 0xff, 0xff, 0xff, 0xff, 0xff, 0xff, 0xff, 0xff, 0xff, 0xff, 0xff
.byte 0xff, 0xff, 0xff, 0xff, 0xff, 0xff, 0xff, 0xff, 0xff, 0xff, 0xff, 0xff, 0xff, 0xff, 0xff, 0xff
.byte 0xff, 0xff, 0xff, 0xff, 0xff, 0xff, 0xff, 0xff, 0xff, 0xff, 0xff, 0xff, 0xff, 0xff, 0xff, 0xff
.byte 0xff, 0xff, 0xff, 0xff, 0xff, 0xff, 0xff, 0xff, 0xff, 0xff, 0xff, 0xff, 0xff, 0xff, 0xff, 0xff
.byte 0xff, 0xff, 0xff, 0xff, 0xff, 0xff, 0xff, 0xff, 0xff, 0xff, 0xff, 0xff, 0xff, 0xff, 0xff, 0xff
.byte 0xff, 0xff, 0xff, 0xff, 0xff, 0xff, 0xff, 0xff, 0xff, 0xff, 0xff, 0xff, 0xff, 0xff, 0xff, 0xff
.byte 0xff, 0xff, 0xff, 0xff, 0xff, 0xff, 0xff, 0xff, 0xff, 0xff, 0xff, 0xff, 0xff, 0xff, 0xff, 0xff
.byte 0xff, 0xff, 0xff, 0xff, 0xff, 0xff, 0xff, 0xff, 0xff, 0xff, 0xff, 0xff, 0xff, 0xff, 0xff, 0xff
.byte 0xff, 0xff, 0xff, 0xff, 0xff, 0xff, 0xff, 0xff, 0xff, 0xff, 0xff, 0xff, 0xff, 0xff, 0xff, 0xff
.byte 0xff, 0xff, 0xbe, 0xf7, 0x5d, 0xef, 0xfb, 0xde, 0xba, 0xd6, 0x9a, 0xd6, 0xba, 0xd6, 0xfb, 0xde
.byte 0xbe, 0xf7, 0xff, 0xff, 0xff, 0xff, 0xff, 0xff, 0xff, 0xff, 0xff, 0xff, 0xff, 0xff, 0xff, 0xff
.byte 0xff, 0xff, 0xff, 0xff, 0xff, 0xff, 0xff, 0xff, 0xff, 0xff, 0xff, 0xff, 0xff, 0xff, 0xff, 0xff
.byte 0xff, 0xff, 0xff, 0xff, 0xff, 0xff, 0xff, 0xff, 0xff, 0xff, 0xff, 0xff, 0xff, 0xff, 0xff, 0xff
.byte 0xff, 0xff, 0xff, 0xff, 0xff, 0xff, 0xff, 0xff, 0xff, 0xff, 0xff, 0xff, 0xff, 0xff, 0xff, 0xff
.byte 0xff, 0xff, 0xff, 0xff, 0xff, 0xff, 0xff, 0xff, 0xff, 0xff, 0xff, 0xff, 0xff, 0xff, 0xff, 0xff
.byte 0xff, 0xff, 0xff, 0xff, 0xff, 0xff, 0xff, 0xff, 0xff, 0xff, 0xff, 0xff, 0xff, 0xff, 0xff, 0xff
.byte 0xff, 0xff, 0xff, 0xff, 0xff, 0xff, 0xff, 0xff, 0xff, 0xff, 0xff, 0xff, 0xff, 0xff, 0xff, 0xff
.byte 0xff, 0xff, 0xff, 0xff, 0xff, 0xff, 0xff, 0xff, 0xff, 0xff, 0xff, 0xff, 0xff, 0xff, 0xff, 0xff
.byte 0xff, 0xff, 0xff, 0xff, 0xff, 0xff, 0xff, 0xff, 0xff, 0xff, 0xff, 0xff, 0xff, 0xff, 0xff, 0xff
.byte 0xff, 0xff, 0xff, 0xff, 0xff, 0xff, 0xff, 0xff, 0xff, 0xff, 0xff, 0xff, 0xff, 0xff, 0xff, 0xff
.byte 0xff, 0xff, 0xff, 0xff, 0xff, 0xff, 0xff, 0xff, 0xff, 0xff, 0xff, 0xff, 0xff, 0xff, 0xff, 0xff
.byte 0xff, 0xff, 0x1c, 0xe7, 0x18, 0xc6, 0xb6, 0xbd, 0xd2, 0x9c, 0xce, 0x83, 0xeb, 0x62, 0xe7, 0x41
.byte 0x64, 0x29, 0x65, 0x31, 0xa6, 0x31, 0x69, 0x4a, 0x30, 0x84, 0x95, 0xb5, 0x18, 0xc6, 0x79, 0xce
.byte 0xff, 0xff, 0xff, 0xff, 0xff, 0xff, 0xff, 0xff, 0xff, 0xff, 0xff, 0xff, 0xff, 0xff, 0xff, 0xff
.byte 0xff, 0xff, 0xff, 0xff, 0xff, 0xff, 0xff, 0xff, 0xff, 0xff, 0xff, 0xff, 0xff, 0xff, 0xff, 0xff
.byte 0xff, 0xff, 0xff, 0xff, 0xff, 0xff, 0xff, 0xff, 0xff, 0xff, 0xff, 0xff, 0xff, 0xff, 0xff, 0xff
.byte 0xff, 0xff, 0xff, 0xff, 0xff, 0xff, 0xff, 0xff, 0xff, 0xff, 0xff, 0xff, 0xff, 0xff, 0xff, 0xff
.byte 0xff, 0xff, 0xff, 0xff, 0xff, 0xff, 0xff, 0xff, 0xff, 0xff, 0xff, 0xff, 0xff, 0xff, 0xff, 0xff
.byte 0xff, 0xff, 0xff, 0xff, 0xff, 0xff, 0xff, 0xff, 0xff, 0xff, 0xff, 0xff, 0xff, 0xff, 0xff, 0xff
.byte 0xff, 0xff, 0xff, 0xff, 0xff, 0xff, 0xff, 0xff, 0xff, 0xff, 0xff, 0xff, 0xff, 0xff, 0xff, 0xff
.byte 0xff, 0xff, 0xff, 0xff, 0xff, 0xff, 0xff, 0xff, 0xff, 0xff, 0xff, 0xff, 0xff, 0xff, 0xff, 0xff
.byte 0xff, 0xff, 0xff, 0xff, 0xff, 0xff, 0xff, 0xff, 0xff, 0xff, 0xff, 0xff, 0xff, 0xff, 0xff, 0xff
.byte 0xff, 0xff, 0xff, 0xff, 0xff, 0xff, 0xff, 0xff, 0xff, 0xff, 0xff, 0xff, 0xff, 0xff, 0xff, 0xff
.byte 0xff, 0xff, 0xff, 0xff, 0xff, 0xff, 0x79, 0xce, 0x54, 0xad, 0xca, 0x62, 0xa5, 0x41, 0x44, 0x31
.byte 0x44, 0x31, 0xa6, 0x41, 0x49, 0x52, 0x0c, 0x63, 0x8e, 0x73, 0xf0, 0x83, 0xf0, 0x83, 0xcf, 0x7b
.byte 0x8f, 0x7b, 0x8e, 0x73, 0x8e, 0x73, 0x8e, 0x73, 0xb7, 0xbd, 0xf7, 0xbd, 0x79, 0xce, 0xff, 0xff
.byte 0xff, 0xff, 0xff, 0xff, 0xff, 0xff, 0xff, 0xff, 0xff, 0xff, 0xff, 0xff, 0xff, 0xff, 0xff, 0xff
.byte 0xff, 0xff, 0xff, 0xff, 0xff, 0xff, 0xff, 0xff, 0xff, 0xff, 0xff, 0xff, 0xff, 0xff, 0xff, 0xff
.byte 0xff, 0xff, 0xff, 0xff, 0xff, 0xff, 0xff, 0xff, 0xff, 0xff, 0xff, 0xff, 0xff, 0xff, 0xff, 0xff
.byte 0xff, 0xff, 0xff, 0xff, 0xff, 0xff, 0xff, 0xff, 0xff, 0xff, 0xff, 0xff, 0xff, 0xff, 0xff, 0xff
.byte 0xff, 0xff, 0xff, 0xff, 0xff, 0xff, 0xff, 0xff, 0xff, 0xff, 0xff, 0xff, 0xff, 0xff, 0xff, 0xff
.byte 0xff, 0xff, 0xff, 0xff, 0xff, 0xff, 0xff, 0xff, 0xff, 0xff, 0xff, 0xff, 0xff, 0xff, 0xff, 0xff
.byte 0xff, 0xff, 0xff, 0xff, 0xff, 0xff, 0xff, 0xff, 0xff, 0xff, 0xff, 0xff, 0xff, 0xff, 0xff, 0xff
.byte 0xff, 0xff, 0xff, 0xff, 0xff, 0xff, 0xff, 0xff, 0xff, 0xff, 0xff, 0xff, 0xff, 0xff, 0xff, 0xff
.byte 0xff, 0xff, 0xff, 0xff, 0xff, 0xff, 0xff, 0xff, 0xff, 0xff, 0xff, 0xff, 0xff, 0xff, 0xff, 0xff
.byte 0xff, 0xff, 0xff, 0xff, 0xff, 0xff, 0xff, 0xff, 0xff, 0xff, 0xff, 0xff, 0x96, 0xb5, 0x28, 0x4a
.byte 0x85, 0x41, 0xa5, 0x41, 0x64, 0x31, 0xc6, 0x41, 0x0c, 0x6b, 0x52, 0x94, 0x36, 0xb5, 0x77, 0xbd
.byte 0x15, 0xad, 0x93, 0x9c, 0x11, 0x8c, 0xf0, 0x83, 0xcf, 0x83, 0xf0, 0x83, 0x11, 0x8c, 0x11, 0x8c
.byte 0xd0, 0x83, 0x8f, 0x7b, 0x6e, 0x73, 0x55, 0xad, 0x99, 0xd6, 0xff, 0xff, 0xff, 0xff, 0xff, 0xff
.byte 0xff, 0xff, 0xff, 0xff, 0xff, 0xff, 0xff, 0xff, 0xff, 0xff, 0xff, 0xff, 0xff, 0xff, 0xff, 0xff
.byte 0xff, 0xff, 0xff, 0xff, 0xff, 0xff, 0xff, 0xff, 0xff, 0xff, 0xff, 0xff, 0xff, 0xff, 0xff, 0xff
.byte 0xff, 0xff, 0xff, 0xff, 0xff, 0xff, 0xff, 0xff, 0xff, 0xff, 0xff, 0xff, 0xff, 0xff, 0xff, 0xff
.byte 0xff, 0xff, 0xff, 0xff, 0xff, 0xff, 0xff, 0xff, 0xff, 0xff, 0xff, 0xff, 0xff, 0xff, 0xff, 0xff
.byte 0xff, 0xff, 0xff, 0xff, 0xff, 0xff, 0xff, 0xff, 0xff, 0xff, 0xff, 0xff, 0xff, 0xff, 0xff, 0xff
.byte 0xff, 0xff, 0xff, 0xff, 0xff, 0xff, 0xff, 0xff, 0xff, 0xff, 0xff, 0xff, 0xff, 0xff, 0xff, 0xff
.byte 0xff, 0xff, 0xff, 0xff, 0xff, 0xff, 0xff, 0xff, 0xff, 0xff, 0xff, 0xff, 0xff, 0xff, 0xff, 0xff
.byte 0xff, 0xff, 0xff, 0xff, 0xff, 0xff, 0xff, 0xff, 0xff, 0xff, 0xff, 0xff, 0xff, 0xff, 0xff, 0xff
.byte 0xff, 0xff, 0xff, 0xff, 0xff, 0xff, 0xff, 0xff, 0xff, 0xff, 0xff, 0xff, 0xff, 0xff, 0xff, 0xff
.byte 0xff, 0xff, 0x13, 0xa5, 0xc6, 0x41, 0x27, 0x5a, 0xe6, 0x49, 0x44, 0x31, 0x49, 0x4a, 0x32, 0x94
.byte 0x57, 0xbd, 0x36, 0xb5, 0x11, 0x8c, 0xeb, 0x62, 0x48, 0x52, 0x07, 0x4a, 0xe6, 0x49, 0x06, 0x4a
.byte 0xe6, 0x49, 0xe6, 0x49, 0xc6, 0x41, 0xc6, 0x41, 0x28, 0x52, 0x8a, 0x5a, 0xab, 0x5a, 0xec, 0x62
.byte 0x4d, 0x6b, 0x18, 0xc6, 0xff, 0xff, 0xff, 0xff, 0xff, 0xff, 0xff, 0xff, 0xff, 0xff, 0xff, 0xff
.byte 0xff, 0xff, 0xff, 0xff, 0xff, 0xff, 0xff, 0xff, 0xff, 0xff, 0xff, 0xff, 0xff, 0xff, 0xff, 0xff
.byte 0xff, 0xff, 0xff, 0xff, 0xff, 0xff, 0xff, 0xff, 0xff, 0xff, 0xff, 0xff, 0xff, 0xff, 0xff, 0xff
.byte 0xff, 0xff, 0xff, 0xff, 0xff, 0xff, 0xff, 0xff, 0xff, 0xff, 0xff, 0xff, 0xff, 0xff, 0xff, 0xff
.byte 0xff, 0xff, 0xff, 0xff, 0xff, 0xff, 0xff, 0xff, 0xff, 0xff, 0xff, 0xff, 0xff, 0xff, 0xff, 0xff
.byte 0xff, 0xff, 0xff, 0xff, 0xff, 0xff, 0xff, 0xff, 0xff, 0xff, 0xff, 0xff, 0xff, 0xff, 0xff, 0xff
.byte 0xff, 0xff, 0xff, 0xff, 0xff, 0xff, 0xff, 0xff, 0xff, 0xff, 0xff, 0xff, 0xff, 0xff, 0xff, 0xff
.byte 0xff, 0xff, 0xff, 0xff, 0xff, 0xff, 0xff, 0xff, 0xff, 0xff, 0xff, 0xff, 0xff, 0xff, 0xff, 0xff
.byte 0xff, 0xff, 0xff, 0xff, 0xff, 0xff, 0xff, 0xff, 0xff, 0xff, 0xff, 0xff, 0xff, 0xff, 0xff, 0xff
.byte 0xff, 0xff, 0xff, 0xff, 0xff, 0xff, 0xff, 0xff, 0xbe, 0xf7, 0xea, 0x6a, 0x07, 0x52, 0xe6, 0x49
.byte 0x85, 0x39, 0x2d, 0x6b, 0x15, 0xad, 0x57, 0xbd, 0xf1, 0x8b, 0x29, 0x52, 0x85, 0x39, 0x85, 0x41
.byte 0xe6, 0x49, 0x27, 0x52, 0x47, 0x52, 0x68, 0x5a, 0x68, 0x5a, 0x47, 0x52, 0x07, 0x4a, 0x64, 0x39
.byte 0xa5, 0x41, 0xa5, 0x41, 0xc6, 0x41, 0x28, 0x52, 0x29, 0x52, 0xec, 0x62, 0x58, 0xce, 0xff, 0xff
.byte 0xff, 0xff, 0xff, 0xff, 0xff, 0xff, 0xff, 0xff, 0xff, 0xff, 0xff, 0xff, 0xff, 0xff, 0xff, 0xff
.byte 0xff, 0xff, 0xff, 0xff, 0xff, 0xff, 0xff, 0xff, 0xff, 0xff, 0xff, 0xff, 0xff, 0xff, 0xff, 0xff
.byte 0xff, 0xff, 0xff, 0xff, 0xff, 0xff, 0xff, 0xff, 0xff, 0xff, 0xff, 0xff, 0xff, 0xff, 0xff, 0xff
.byte 0xff, 0xff, 0xff, 0xff, 0xff, 0xff, 0xff, 0xff, 0xff, 0xff, 0xff, 0xff, 0xff, 0xff, 0xff, 0xff
.byte 0xff, 0xff, 0xff, 0xff, 0xff, 0xff, 0xff, 0xff, 0xff, 0xff, 0xff, 0xff, 0xff, 0xff, 0xff, 0xff
.byte 0xff, 0xff, 0xff, 0xff, 0xff, 0xff, 0xff, 0xff, 0xff, 0xff, 0xff, 0xff, 0xff, 0xff, 0xff, 0xff
.byte 0xff, 0xff, 0xff, 0xff, 0xff, 0xff, 0xff, 0xff, 0xff, 0xff, 0xff, 0xff, 0xff, 0xff, 0xff, 0xff
.byte 0xff, 0xff, 0xff, 0xff, 0xff, 0xff, 0xff, 0xff, 0xff, 0xff, 0xff, 0xff, 0xff, 0xff, 0xff, 0xff
.byte 0xff, 0xff, 0xff, 0xff, 0xff, 0xff, 0xff, 0xff, 0xff, 0xff, 0xff, 0xff, 0xfb, 0xde, 0x71, 0x94
.byte 0xee, 0x83, 0x0a, 0x73, 0xc6, 0x49, 0x85, 0x39, 0xaf, 0x83, 0x77, 0xbd, 0xf5, 0xac, 0xed, 0x6a
.byte 0x65, 0x31, 0x64, 0x39, 0xe6, 0x49, 0x47, 0x5a, 0x47, 0x52, 0x27, 0x4a, 0x07, 0x4a, 0x07, 0x4a
.byte 0x06, 0x4a, 0x07, 0x4a, 0x07, 0x4a, 0xa5, 0x39, 0x85, 0x39, 0x07, 0x4a, 0x27, 0x52, 0x27, 0x52
.byte 0x48, 0x5a, 0xc7, 0x49, 0x0b, 0x63, 0xdb, 0xde, 0xff, 0xff, 0xff, 0xff, 0xff, 0xff, 0xff, 0xff
.byte 0xff, 0xff, 0xff, 0xff, 0xff, 0xff, 0xff, 0xff, 0xff, 0xff, 0xff, 0xff, 0xff, 0xff, 0xff, 0xff
.byte 0xff, 0xff, 0xff, 0xff, 0xff, 0xff, 0xff, 0xff, 0xff, 0xff, 0xff, 0xff, 0xff, 0xff, 0xff, 0xff
.byte 0xff, 0xff, 0xff, 0xff, 0xff, 0xff, 0xff, 0xff, 0xff, 0xff, 0xff, 0xff, 0xff, 0xff, 0xff, 0xff
.byte 0xff, 0xff, 0xff, 0xff, 0xff, 0xff, 0xff, 0xff, 0xff, 0xff, 0xff, 0xff, 0xff, 0xff, 0xff, 0xff
.byte 0xff, 0xff, 0xff, 0xff, 0xff, 0xff, 0xff, 0xff, 0xff, 0xff, 0xff, 0xff, 0xff, 0xff, 0xff, 0xff
.byte 0xff, 0xff, 0xff, 0xff, 0xff, 0xff, 0xff, 0xff, 0xff, 0xff, 0xff, 0xff, 0xff, 0xff, 0xff, 0xff
.byte 0xff, 0xff, 0xff, 0xff, 0xff, 0xff, 0xff, 0xff, 0xff, 0xff, 0xff, 0xff, 0xff, 0xff, 0xff, 0xff
.byte 0xff, 0xff, 0xff, 0xff, 0xff, 0xff, 0xff, 0xff, 0xff, 0xff, 0xff, 0xff, 0xff, 0xff, 0xff, 0xff
.byte 0xff, 0xff, 0xff, 0xff, 0x8e, 0x73, 0xe6, 0x49, 0x06, 0x52, 0x07, 0x52, 0xa5, 0x39, 0xaf, 0x7b
.byte 0x97, 0xbd, 0x15, 0xad, 0xec, 0x62, 0x65, 0x31, 0xe6, 0x49, 0x48, 0x52, 0x68, 0x5a, 0x27, 0x52
.byte 0x27, 0x52, 0x27, 0x52, 0x27, 0x52, 0x27, 0x52, 0x27, 0x52, 0x27, 0x52, 0x27, 0x52, 0xe6, 0x49
.byte 0x85, 0x31, 0xc6, 0x41, 0x68, 0x5a, 0x88, 0x62, 0x0a, 0x7b, 0x68, 0x62, 0x85, 0x39, 0xce, 0x7b
.byte 0xff, 0xff, 0xff, 0xff, 0xff, 0xff, 0xff, 0xff, 0xff, 0xff, 0xff, 0xff, 0xff, 0xff, 0xff, 0xff
.byte 0xff, 0xff, 0xff, 0xff, 0xff, 0xff, 0xff, 0xff, 0xff, 0xff, 0xff, 0xff, 0xff, 0xff, 0xff, 0xff
.byte 0xff, 0xff, 0xff, 0xff, 0xff, 0xff, 0xff, 0xff, 0xff, 0xff, 0xff, 0xff, 0xff, 0xff, 0xff, 0xff
.byte 0xff, 0xff, 0xff, 0xff, 0xff, 0xff, 0xff, 0xff, 0xff, 0xff, 0xff, 0xff, 0xff, 0xff, 0xff, 0xff
.byte 0xff, 0xff, 0xff, 0xff, 0xff, 0xff, 0xff, 0xff, 0xff, 0xff, 0xff, 0xff, 0xff, 0xff, 0xff, 0xff
.byte 0xff, 0xff, 0xff, 0xff, 0xff, 0xff, 0xff, 0xff, 0xff, 0xff, 0xff, 0xff, 0xff, 0xff, 0xff, 0xff
.byte 0xff, 0xff, 0xff, 0xff, 0xff, 0xff, 0xff, 0xff, 0xff, 0xff, 0xff, 0xff, 0xff, 0xff, 0xff, 0xff
.byte 0xff, 0xff, 0xff, 0xff, 0xff, 0xff, 0xff, 0xff, 0xff, 0xff, 0xff, 0xff, 0xff, 0xff, 0xff, 0xff
.byte 0xff, 0xff, 0xff, 0xff, 0xff, 0xff, 0xff, 0xff, 0xff, 0xff, 0x71, 0x94, 0xa6, 0x41, 0xc6, 0x49
.byte 0x27, 0x5a, 0x85, 0x39, 0x0c, 0x63, 0x77, 0xbd, 0x56, 0xb5, 0x2d, 0x6b, 0x85, 0x31, 0x47, 0x5a
.byte 0x2a, 0x7b, 0xea, 0x72, 0x68, 0x5a, 0x27, 0x52, 0x27, 0x52, 0x27, 0x52, 0x48, 0x52, 0x48, 0x52
.byte 0x27, 0x52, 0x27, 0x52, 0x27, 0x52, 0x48, 0x5a, 0x07, 0x4a, 0xa5, 0x39, 0x27, 0x52, 0xa8, 0x6a
.byte 0x4b, 0x83, 0x4b, 0x83, 0xa5, 0x41, 0x28, 0x4a, 0xf7, 0xbd, 0xff, 0xff, 0xff, 0xff, 0xff, 0xff
.byte 0xff, 0xff, 0xff, 0xff, 0xff, 0xff, 0xff, 0xff, 0xff, 0xff, 0xff, 0xff, 0xff, 0xff, 0xff, 0xff
.byte 0xff, 0xff, 0xff, 0xff, 0xff, 0xff, 0xff, 0xff, 0xff, 0xff, 0xff, 0xff, 0xff, 0xff, 0xff, 0xff
.byte 0xff, 0xff, 0xff, 0xff, 0xff, 0xff, 0xff, 0xff, 0xff, 0xff, 0xff, 0xff, 0xff, 0xff, 0xff, 0xff
.byte 0xff, 0xff, 0xff, 0xff, 0xff, 0xff, 0xff, 0xff, 0xff, 0xff, 0xff, 0xff, 0xff, 0xff, 0xff, 0xff
.byte 0xff, 0xff, 0xff, 0xff, 0xff, 0xff, 0xff, 0xff, 0xff, 0xff, 0xff, 0xff, 0xff, 0xff, 0xff, 0xff
.byte 0xff, 0xff, 0xff, 0xff, 0xff, 0xff, 0xff, 0xff, 0xff, 0xff, 0xff, 0xff, 0xff, 0xff, 0xff, 0xff
.byte 0xff, 0xff, 0xff, 0xff, 0xff, 0xff, 0xff, 0xff, 0xff, 0xff, 0xff, 0xff, 0xff, 0xff, 0xff, 0xff
.byte 0xff, 0xff, 0xff, 0xff, 0xff, 0xff, 0xff, 0xff, 0xff, 0xff, 0xff, 0xff, 0xff, 0xff, 0xff, 0xff
.byte 0x9e, 0xf7, 0x69, 0x52, 0x65, 0x39, 0xe7, 0x49, 0xa5, 0x41, 0xe7, 0x41, 0xb3, 0xa4, 0x97, 0xbd
.byte 0xf0, 0x83, 0x65, 0x31, 0xc6, 0x41, 0xa9, 0x62, 0x0a, 0x73, 0x2a, 0x73, 0xea, 0x72, 0xa9, 0x62
.byte 0x48, 0x5a, 0x48, 0x52, 0x27, 0x52, 0x07, 0x4a, 0xe6, 0x49, 0xe6, 0x49, 0xe6, 0x41, 0xe6, 0x49
.byte 0xe6, 0x49, 0xa5, 0x39, 0xc6, 0x41, 0x27, 0x52, 0xe9, 0x72, 0x0a, 0x73, 0x27, 0x5a, 0x44, 0x39
.byte 0x6d, 0x73, 0x9d, 0xf7, 0xff, 0xff, 0xff, 0xff, 0xff, 0xff, 0xff, 0xff, 0xff, 0xff, 0xff, 0xff
.byte 0xff, 0xff, 0xff, 0xff, 0xff, 0xff, 0xff, 0xff, 0xff, 0xff, 0xff, 0xff, 0xff, 0xff, 0xff, 0xff
.byte 0xff, 0xff, 0xff, 0xff, 0xff, 0xff, 0xff, 0xff, 0xff, 0xff, 0xff, 0xff, 0xff, 0xff, 0xff, 0xff
.byte 0xff, 0xff, 0xff, 0xff, 0xff, 0xff, 0xff, 0xff, 0xff, 0xff, 0xff, 0xff, 0xff, 0xff, 0xff, 0xff
.byte 0xff, 0xff, 0xff, 0xff, 0xff, 0xff, 0xff, 0xff, 0xff, 0xff, 0xff, 0xff, 0xff, 0xff, 0xff, 0xff
.byte 0xff, 0xff, 0xff, 0xff, 0xff, 0xff, 0xff, 0xff, 0xff, 0xff, 0xff, 0xff, 0xff, 0xff, 0xff, 0xff
.byte 0xff, 0xff, 0xff, 0xff, 0xff, 0xff, 0xff, 0xff, 0xff, 0xff, 0xff, 0xff, 0xff, 0xff, 0xff, 0xff
.byte 0xff, 0xff, 0xff, 0xff, 0xff, 0xff, 0xff, 0xff, 0xff, 0xff, 0xff, 0xff, 0xff, 0xff, 0xff, 0xff
.byte 0xff, 0xff, 0xff, 0xff, 0xff, 0xff, 0xff, 0xff, 0xf3, 0x9c, 0xc6, 0x41, 0x64, 0x39, 0xa6, 0x41
.byte 0x23, 0x29, 0xec, 0x62, 0x36, 0xb5, 0xd4, 0xa4, 0x08, 0x4a, 0x64, 0x39, 0x27, 0x52, 0x27, 0x52
.byte 0x68, 0x5a, 0xc9, 0x6a, 0x2a, 0x7b, 0xe9, 0x72, 0x47, 0x52, 0xc6, 0x41, 0xa6, 0x41, 0xc6, 0x41
.byte 0x07, 0x52, 0x68, 0x5a, 0xa9, 0x62, 0xea, 0x6a, 0x0b, 0x73, 0x8d, 0x8b, 0xad, 0x8b, 0x07, 0x52
.byte 0xc6, 0x41, 0xe6, 0x49, 0x68, 0x5a, 0xa5, 0x41, 0x48, 0x52, 0xf7, 0xbd, 0xff, 0xff, 0xff, 0xff
.byte 0xff, 0xff, 0xff, 0xff, 0xff, 0xff, 0xff, 0xff, 0xff, 0xff, 0xff, 0xff, 0xff, 0xff, 0xff, 0xff
.byte 0xff, 0xff, 0xff, 0xff, 0xff, 0xff, 0xff, 0xff, 0xff, 0xff, 0xff, 0xff, 0xff, 0xff, 0xff, 0xff
.byte 0xff, 0xff, 0xff, 0xff, 0xff, 0xff, 0xff, 0xff, 0xff, 0xff, 0xff, 0xff, 0xff, 0xff, 0xff, 0xff
.byte 0xff, 0xff, 0xff, 0xff, 0xff, 0xff, 0xff, 0xff, 0xff, 0xff, 0xff, 0xff, 0xff, 0xff, 0xff, 0xff
.byte 0xff, 0xff, 0xff, 0xff, 0xff, 0xff, 0xff, 0xff, 0xff, 0xff, 0xff, 0xff, 0xff, 0xff, 0xff, 0xff
.byte 0xff, 0xff, 0xff, 0xff, 0xff, 0xff, 0xff, 0xff, 0xff, 0xff, 0xff, 0xff, 0xff, 0xff, 0xff, 0xff
.byte 0xff, 0xff, 0xff, 0xff, 0xff, 0xff, 0xff, 0xff, 0xff, 0xff, 0xff, 0xff, 0xff, 0xff, 0xff, 0xff
.byte 0xff, 0xff, 0xff, 0xff, 0xff, 0xff, 0xff, 0xff, 0xff, 0xff, 0xff, 0xff, 0xff, 0xff, 0xff, 0xff
.byte 0xef, 0x83, 0xe6, 0x49, 0xa5, 0x41, 0xa5, 0x41, 0x65, 0x31, 0xf0, 0x83, 0x36, 0xb5, 0x4e, 0x73
.byte 0x45, 0x31, 0x06, 0x4a, 0x27, 0x52, 0x07, 0x52, 0x27, 0x52, 0x48, 0x5a, 0x48, 0x5a, 0xc6, 0x49
.byte 0xc6, 0x41, 0xa9, 0x62, 0xce, 0x93, 0xf2, 0xbc, 0xb4, 0xd5, 0x36, 0xee, 0x98, 0xf6, 0xb8, 0xfe
.byte 0xd8, 0xfe, 0xd9, 0xfe, 0x97, 0xfe, 0xd5, 0xdd, 0xd1, 0xb4, 0x4b, 0x7b, 0x07, 0x4a, 0xc6, 0x41
.byte 0xe6, 0x41, 0x92, 0x94, 0xff, 0xff, 0xff, 0xff, 0xff, 0xff, 0xff, 0xff, 0xff, 0xff, 0xff, 0xff
.byte 0xff, 0xff, 0xff, 0xff, 0xff, 0xff, 0xff, 0xff, 0xff, 0xff, 0xff, 0xff, 0xff, 0xff, 0xff, 0xff
.byte 0xff, 0xff, 0xff, 0xff, 0xff, 0xff, 0xff, 0xff, 0xff, 0xff, 0xff, 0xff, 0xff, 0xff, 0xff, 0xff
.byte 0xff, 0xff, 0xff, 0xff, 0xff, 0xff, 0xff, 0xff, 0xff, 0xff, 0xff, 0xff, 0xff, 0xff, 0xff, 0xff
.byte 0xff, 0xff, 0xff, 0xff, 0xff, 0xff, 0xff, 0xff, 0xff, 0xff, 0xff, 0xff, 0xff, 0xff, 0xff, 0xff
.byte 0xff, 0xff, 0xff, 0xff, 0xff, 0xff, 0xff, 0xff, 0xff, 0xff, 0xff, 0xff, 0xff, 0xff, 0xff, 0xff
.byte 0xff, 0xff, 0xff, 0xff, 0xff, 0xff, 0xff, 0xff, 0xff, 0xff, 0xff, 0xff, 0xff, 0xff, 0xff, 0xff
.byte 0xff, 0xff, 0xff, 0xff, 0xff, 0xff, 0xff, 0xff, 0xff, 0xff, 0xff, 0xff, 0xff, 0xff, 0xff, 0xff
.byte 0xff, 0xff, 0xff, 0xff, 0xff, 0xff, 0xff, 0xff, 0xae, 0x7b, 0xc5, 0x41, 0xe6, 0x49, 0x85, 0x41
.byte 0x28, 0x4a, 0xd4, 0xa4, 0xf5, 0xac, 0x29, 0x4a, 0x64, 0x31, 0xe6, 0x49, 0x07, 0x52, 0x27, 0x52
.byte 0x27, 0x52, 0xe6, 0x49, 0x44, 0x31, 0x68, 0x5a, 0xf1, 0xac, 0x77, 0xee, 0xf9, 0xfe, 0xf9, 0xfe
.byte 0xd8, 0xfe, 0xd8, 0xfe, 0xd8, 0xfe, 0xd8, 0xfe, 0xb8, 0xfe, 0xb8, 0xfe, 0x97, 0xfe, 0xd8, 0xfe
.byte 0x19, 0xff, 0xf9, 0xfe, 0xf2, 0xac, 0x07, 0x4a, 0x65, 0x39, 0x10, 0x84, 0xbe, 0xf7, 0xff, 0xff
.byte 0xff, 0xff, 0xff, 0xff, 0xff, 0xff, 0xff, 0xff, 0xff, 0xff, 0xff, 0xff, 0xff, 0xff, 0xff, 0xff
.byte 0xff, 0xff, 0xff, 0xff, 0xff, 0xff, 0xff, 0xff, 0xff, 0xff, 0xff, 0xff, 0xff, 0xff, 0xff, 0xff
.byte 0xff, 0xff, 0xff, 0xff, 0xff, 0xff, 0xff, 0xff, 0xff, 0xff, 0xff, 0xff, 0xff, 0xff, 0xff, 0xff
.byte 0xff, 0xff, 0xff, 0xff, 0xff, 0xff, 0xff, 0xff, 0xff, 0xff, 0xff, 0xff, 0xff, 0xff, 0xff, 0xff
.byte 0xff, 0xff, 0xff, 0xff, 0xff, 0xff, 0xff, 0xff, 0xff, 0xff, 0xff, 0xff, 0xff, 0xff, 0xff, 0xff
.byte 0xff, 0xff, 0xff, 0xff, 0xff, 0xff, 0xff, 0xff, 0xff, 0xff, 0xff, 0xff, 0xff, 0xff, 0xff, 0xff
.byte 0xff, 0xff, 0xff, 0xff, 0xff, 0xff, 0xff, 0xff, 0xff, 0xff, 0xff, 0xff, 0xff, 0xff, 0xff, 0xff
.byte 0xff, 0xff, 0xff, 0xff, 0xff, 0xff, 0xff, 0xff, 0xff, 0xff, 0xff, 0xff, 0xff, 0xff, 0xff, 0xff
.byte 0x6d, 0x73, 0xa5, 0x41, 0x27, 0x52, 0x23, 0x31, 0xcb, 0x62, 0x15, 0xb5, 0x52, 0x9c, 0x86, 0x39
.byte 0x65, 0x31, 0xe6, 0x49, 0x07, 0x52, 0x07, 0x4a, 0xc6, 0x41, 0x44, 0x29, 0xca, 0x6a, 0x36, 0xde
.byte 0x5a, 0xff, 0xd9, 0xfe, 0x98, 0xfe, 0x97, 0xf6, 0x97, 0xf6, 0x97, 0xf6, 0x97, 0xf6, 0x97, 0xf6
.byte 0x97, 0xf6, 0x97, 0xf6, 0x97, 0xf6, 0x97, 0xf6, 0x97, 0xf6, 0xf9, 0xfe, 0x3a, 0xff, 0x0f, 0x94
.byte 0xe2, 0x20, 0x6d, 0x73, 0x5d, 0xef, 0xff, 0xff, 0xff, 0xff, 0xff, 0xff, 0xff, 0xff, 0xff, 0xff
.byte 0xff, 0xff, 0xff, 0xff, 0xff, 0xff, 0xff, 0xff, 0xff, 0xff, 0xff, 0xff, 0xff, 0xff, 0xff, 0xff
.byte 0xff, 0xff, 0xff, 0xff, 0xff, 0xff, 0xff, 0xff, 0xff, 0xff, 0xff, 0xff, 0xff, 0xff, 0xff, 0xff
.byte 0xff, 0xff, 0xff, 0xff, 0xff, 0xff, 0xff, 0xff, 0xff, 0xff, 0xff, 0xff, 0xff, 0xff, 0xff, 0xff
.byte 0xff, 0xff, 0xff, 0xff, 0xff, 0xff, 0xff, 0xff, 0xff, 0xff, 0xff, 0xff, 0xff, 0xff, 0xff, 0xff
.byte 0xff, 0xff, 0xff, 0xff, 0xff, 0xff, 0xff, 0xff, 0xff, 0xff, 0xff, 0xff, 0xff, 0xff, 0xff, 0xff
.byte 0xff, 0xff, 0xff, 0xff, 0xff, 0xff, 0xff, 0xff, 0xff, 0xff, 0xff, 0xff, 0xff, 0xff, 0xff, 0xff
.byte 0xff, 0xff, 0xff, 0xff, 0xff, 0xff, 0xff, 0xff, 0xff, 0xff, 0xff, 0xff, 0xff, 0xff, 0xff, 0xff
.byte 0xff, 0xff, 0xff, 0xff, 0xff, 0xff, 0xff, 0xff, 0x4c, 0x73, 0x44, 0x31, 0x44, 0x31, 0x85, 0x39
.byte 0x0c, 0x6b, 0x10, 0x8c, 0xab, 0x62, 0xa2, 0x18, 0x64, 0x39, 0x27, 0x52, 0x07, 0x4a, 0xc6, 0x41
.byte 0x44, 0x29, 0x0a, 0x6b, 0x57, 0xe6, 0x19, 0xff, 0x97, 0xfe, 0x97, 0xf6, 0x97, 0xf6, 0x98, 0xfe
.byte 0xb8, 0xfe, 0x97, 0xfe, 0x97, 0xf6, 0x97, 0xfe, 0x97, 0xf6, 0x97, 0xf6, 0x97, 0xf6, 0xb8, 0xf6
.byte 0xb8, 0xf6, 0x98, 0xfe, 0xf9, 0xfe, 0xb4, 0xcd, 0x44, 0x31, 0x4c, 0x6b, 0x7d, 0xef, 0xff, 0xff
.byte 0xff, 0xff, 0xff, 0xff, 0xff, 0xff, 0xff, 0xff, 0xff, 0xff, 0xff, 0xff, 0xff, 0xff, 0xff, 0xff
.byte 0xff, 0xff, 0xff, 0xff, 0xff, 0xff, 0xff, 0xff, 0xff, 0xff, 0xff, 0xff, 0xff, 0xff, 0xff, 0xff
.byte 0xff, 0xff, 0xff, 0xff, 0xff, 0xff, 0xff, 0xff, 0xff, 0xff, 0xff, 0xff, 0xff, 0xff, 0xff, 0xff
.byte 0xff, 0xff, 0xff, 0xff, 0xff, 0xff, 0xff, 0xff, 0xff, 0xff, 0xff, 0xff, 0xff, 0xff, 0xff, 0xff
.byte 0xff, 0xff, 0xff, 0xff, 0xff, 0xff, 0xff, 0xff, 0xff, 0xff, 0xff, 0xff, 0xff, 0xff, 0xff, 0xff
.byte 0xff, 0xff, 0xff, 0xff, 0xff, 0xff, 0xff, 0xff, 0xff, 0xff, 0xff, 0xff, 0xff, 0xff, 0xff, 0xff
.byte 0xff, 0xff, 0xff, 0xff, 0xff, 0xff, 0xff, 0xff, 0xff, 0xff, 0xff, 0xff, 0xff, 0xff, 0xff, 0xff
.byte 0xff, 0xff, 0xff, 0xff, 0xff, 0xff, 0xff, 0xff, 0xff, 0xff, 0xff, 0xff, 0xff, 0xff, 0xff, 0xff
.byte 0xeb, 0x62, 0xa5, 0x39, 0xce, 0x7b, 0xf7, 0xbd, 0x99, 0xd6, 0x58, 0xce, 0x95, 0xb5, 0x6d, 0x73
.byte 0xa6, 0x39, 0x85, 0x39, 0xe6, 0x49, 0x85, 0x39, 0x2b, 0x73, 0x57, 0xe6, 0xf9, 0xfe, 0x97, 0xf6
.byte 0x77, 0xf6, 0x97, 0xf6, 0x97, 0xf6, 0x98, 0xfe, 0x98, 0xfe, 0x98, 0xf6, 0x97, 0xf6, 0x97, 0xf6
.byte 0x97, 0xf6, 0x98, 0xf6, 0x98, 0xf6, 0xb8, 0xf6, 0x97, 0xf6, 0x97, 0xf6, 0xf8, 0xfe, 0x57, 0xe6
.byte 0x48, 0x52, 0x2c, 0x63, 0xbe, 0xf7, 0xff, 0xff, 0xff, 0xff, 0xff, 0xff, 0xff, 0xff, 0xff, 0xff
.byte 0xff, 0xff, 0xff, 0xff, 0xff, 0xff, 0xff, 0xff, 0xff, 0xff, 0xff, 0xff, 0xff, 0xff, 0xff, 0xff
.byte 0xff, 0xff, 0xff, 0xff, 0xff, 0xff, 0xff, 0xff, 0xff, 0xff, 0xff, 0xff, 0xff, 0xff, 0xff, 0xff
.byte 0xff, 0xff, 0xff, 0xff, 0xff, 0xff, 0xff, 0xff, 0xff, 0xff, 0xff, 0xff, 0xff, 0xff, 0xff, 0xff
.byte 0xff, 0xff, 0xff, 0xff, 0xff, 0xff, 0xff, 0xff, 0xff, 0xff, 0xff, 0xff, 0xff, 0xff, 0xff, 0xff
.byte 0xff, 0xff, 0xff, 0xff, 0xff, 0xff, 0xff, 0xff, 0xff, 0xff, 0xff, 0xff, 0xff, 0xff, 0xff, 0xff
.byte 0xff, 0xff, 0xff, 0xff, 0xff, 0xff, 0xff, 0xff, 0xff, 0xff, 0xff, 0xff, 0xff, 0xff, 0xff, 0xff
.byte 0xff, 0xff, 0xff, 0xff, 0xff, 0xff, 0xff, 0xff, 0xff, 0xff, 0xff, 0xff, 0xff, 0xff, 0xff, 0xff
.byte 0xff, 0xff, 0xff, 0xff, 0xff, 0xff, 0xba, 0xd6, 0xae, 0x7b, 0xd7, 0xbd, 0xbe, 0xf7, 0xfe, 0xff
.byte 0xfe, 0xff, 0xfe, 0xff, 0xff, 0xff, 0x9e, 0xf7, 0xf7, 0xbd, 0xe7, 0x41, 0x24, 0x29, 0x8c, 0x83
.byte 0x77, 0xee, 0xd9, 0xfe, 0x97, 0xfe, 0x97, 0xfe, 0xb8, 0xfe, 0xd8, 0xfe, 0xd8, 0xfe, 0xf9, 0xfe
.byte 0xf9, 0xfe, 0xd8, 0xfe, 0xb8, 0xfe, 0xb8, 0xfe, 0xb8, 0xfe, 0xb8, 0xfe, 0x97, 0xf6, 0x77, 0xf6
.byte 0x97, 0xf6, 0x97, 0xfe, 0xf9, 0xfe, 0xb8, 0xee, 0x2b, 0x6b, 0xcf, 0x7b, 0xff, 0xff, 0xff, 0xff
.byte 0xff, 0xff, 0xff, 0xff, 0xff, 0xff, 0xff, 0xff, 0xff, 0xff, 0xff, 0xff, 0xff, 0xff, 0xff, 0xff
.byte 0xff, 0xff, 0xff, 0xff, 0xff, 0xff, 0xff, 0xff, 0xff, 0xff, 0xff, 0xff, 0xff, 0xff, 0xff, 0xff
.byte 0xff, 0xff, 0xff, 0xff, 0xff, 0xff, 0xff, 0xff, 0xff, 0xff, 0xff, 0xff, 0xff, 0xff, 0xff, 0xff
.byte 0xff, 0xff, 0xff, 0xff, 0xff, 0xff, 0xff, 0xff, 0xff, 0xff, 0xff, 0xff, 0xff, 0xff, 0xff, 0xff
.byte 0xff, 0xff, 0xff, 0xff, 0xff, 0xff, 0xff, 0xff, 0xff, 0xff, 0xff, 0xff, 0xff, 0xff, 0xff, 0xff
.byte 0xff, 0xff, 0xff, 0xff, 0xff, 0xff, 0xff, 0xff, 0xff, 0xff, 0xff, 0xff, 0xff, 0xff, 0xff, 0xff
.byte 0xff, 0xff, 0xff, 0xff, 0xff, 0xff, 0xff, 0xff, 0xff, 0xff, 0xff, 0xff, 0xff, 0xff, 0xff, 0xff
.byte 0xff, 0xff, 0xff, 0xff, 0xff, 0xff, 0xff, 0xff, 0xff, 0xff, 0xff, 0xff, 0xff, 0xff, 0xd2, 0x9c
.byte 0x38, 0xc6, 0xff, 0xff, 0xbe, 0xff, 0x7d, 0xf7, 0x7c, 0xf7, 0x7c, 0xf7, 0x9d, 0xf7, 0xde, 0xff
.byte 0xff, 0xff, 0xf3, 0x9c, 0x85, 0x31, 0x94, 0xd5, 0xf8, 0xfe, 0x77, 0xfe, 0x77, 0xfe, 0x56, 0xee
.byte 0xb4, 0xd5, 0x12, 0xc5, 0xb0, 0xb4, 0xd1, 0xb4, 0x12, 0xc5, 0xf5, 0xdd, 0xd8, 0xfe, 0xb8, 0xfe
.byte 0xb8, 0xfe, 0xb8, 0xf6, 0x97, 0xf6, 0x77, 0xf6, 0x77, 0xf6, 0x77, 0xee, 0xf9, 0xfe, 0xf9, 0xee
.byte 0x4b, 0x73, 0x8d, 0x73, 0xff, 0xff, 0xff, 0xff, 0xff, 0xff, 0xff, 0xff, 0xff, 0xff, 0xff, 0xff
.byte 0xff, 0xff, 0xff, 0xff, 0xff, 0xff, 0xff, 0xff, 0xff, 0xff, 0xff, 0xff, 0xff, 0xff, 0xff, 0xff
.byte 0xff, 0xff, 0xff, 0xff, 0xff, 0xff, 0xff, 0xff, 0xff, 0xff, 0xff, 0xff, 0xff, 0xff, 0xff, 0xff
.byte 0xff, 0xff, 0xff, 0xff, 0xff, 0xff, 0xff, 0xff, 0xff, 0xff, 0xff, 0xff, 0xff, 0xff, 0xff, 0xff
.byte 0xff, 0xff, 0xff, 0xff, 0xff, 0xff, 0xff, 0xff, 0xff, 0xff, 0xff, 0xff, 0xff, 0xff, 0xff, 0xff
.byte 0xff, 0xff, 0xff, 0xff, 0xff, 0xff, 0xff, 0xff, 0xff, 0xff, 0xff, 0xff, 0xff, 0xff, 0xff, 0xff
.byte 0xff, 0xff, 0xff, 0xff, 0xff, 0xff, 0xff, 0xff, 0xff, 0xff, 0xff, 0xff, 0xff, 0xff, 0xff, 0xff
.byte 0xff, 0xff, 0xff, 0xff, 0xff, 0xff, 0xff, 0xff, 0xff, 0xff, 0xff, 0xff, 0xff, 0xff, 0xff, 0xff
.byte 0xff, 0xff, 0xff, 0xff, 0xfb, 0xde, 0x30, 0x84, 0xfa, 0xde, 0xfe, 0xff, 0x5c, 0xf7, 0x7d, 0xf7
.byte 0x7d, 0xf7, 0x7d, 0xf7, 0x7c, 0xf7, 0x7c, 0xf7, 0xde, 0xff, 0x9d, 0xf7, 0x0b, 0x63, 0x12, 0xbd
.byte 0x97, 0xfe, 0x97, 0xfe, 0x35, 0xee, 0xf1, 0xbc, 0xb0, 0xac, 0xf1, 0xb4, 0x12, 0xbd, 0x12, 0xc5
.byte 0x12, 0xc5, 0xb4, 0xd5, 0xb8, 0xf6, 0x97, 0xfe, 0x97, 0xf6, 0x97, 0xfe, 0xb8, 0xfe, 0x77, 0xf6
.byte 0x32, 0xc5, 0x6f, 0xa4, 0x70, 0xac, 0xd1, 0xac, 0x6c, 0x73, 0x0b, 0x63, 0xb6, 0xb5, 0xff, 0xff
.byte 0xff, 0xff, 0xff, 0xff, 0xff, 0xff, 0xff, 0xff, 0xff, 0xff, 0xff, 0xff, 0xff, 0xff, 0xff, 0xff
.byte 0xff, 0xff, 0xff, 0xff, 0xff, 0xff, 0xff, 0xff, 0xff, 0xff, 0xff, 0xff, 0xff, 0xff, 0xff, 0xff
.byte 0xff, 0xff, 0xff, 0xff, 0xff, 0xff, 0xff, 0xff, 0xff, 0xff, 0xff, 0xff, 0xff, 0xff, 0xff, 0xff
.byte 0xff, 0xff, 0xff, 0xff, 0xff, 0xff, 0xff, 0xff, 0xff, 0xff, 0xff, 0xff, 0xff, 0xff, 0xff, 0xff
.byte 0xff, 0xff, 0xff, 0xff, 0xff, 0xff, 0xff, 0xff, 0xff, 0xff, 0xff, 0xff, 0xff, 0xff, 0xff, 0xff
.byte 0xff, 0xff, 0xff, 0xff, 0xff, 0xff, 0xff, 0xff, 0xff, 0xff, 0xff, 0xff, 0xff, 0xff, 0xff, 0xff
.byte 0xff, 0xff, 0xff, 0xff, 0xff, 0xff, 0xff, 0xff, 0xff, 0xff, 0xff, 0xff, 0xff, 0xff, 0xff, 0xff
.byte 0xff, 0xff, 0xff, 0xff, 0xff, 0xff, 0xff, 0xff, 0xff, 0xff, 0xff, 0xff, 0x34, 0xa5, 0x13, 0xa5
.byte 0x9d, 0xf7, 0x9d, 0xf7, 0x7d, 0xf7, 0x9d, 0xf7, 0x7d, 0xf7, 0x7d, 0xf7, 0x7c, 0xf7, 0x7c, 0xf7
.byte 0x7d, 0xf7, 0xff, 0xff, 0x13, 0xa5, 0x70, 0x9c, 0x97, 0xf6, 0x97, 0xfe, 0x56, 0xf6, 0x77, 0xf6
.byte 0xd8, 0xfe, 0x19, 0xff, 0x19, 0xff, 0x19, 0xff, 0xf8, 0xfe, 0xb7, 0xfe, 0x77, 0xf6, 0x97, 0xf6
.byte 0x97, 0xfe, 0x97, 0xf6, 0xb8, 0xfe, 0xb8, 0xfe, 0xb8, 0xf6, 0xb8, 0xf6, 0x77, 0xee, 0x70, 0x9c
.byte 0x0f, 0x84, 0x54, 0xad, 0x2f, 0x84, 0x7d, 0xef, 0xff, 0xff, 0xff, 0xff, 0xff, 0xff, 0xff, 0xff
.byte 0xff, 0xff, 0xff, 0xff, 0xff, 0xff, 0xff, 0xff, 0xff, 0xff, 0xff, 0xff, 0xff, 0xff, 0xff, 0xff
.byte 0xff, 0xff, 0xff, 0xff, 0xff, 0xff, 0xff, 0xff, 0xff, 0xff, 0xff, 0xff, 0xff, 0xff, 0xff, 0xff
.byte 0xff, 0xff, 0xff, 0xff, 0xff, 0xff, 0xff, 0xff, 0xff, 0xff, 0xff, 0xff, 0xff, 0xff, 0xff, 0xff
.byte 0xff, 0xff, 0xff, 0xff, 0xff, 0xff, 0xff, 0xff, 0xff, 0xff, 0xff, 0xff, 0xff, 0xff, 0xff, 0xff
.byte 0xff, 0xff, 0xff, 0xff, 0xff, 0xff, 0xff, 0xff, 0xff, 0xff, 0xff, 0xff, 0xff, 0xff, 0xff, 0xff
.byte 0xff, 0xff, 0xff, 0xff, 0xff, 0xff, 0xff, 0xff, 0xff, 0xff, 0xff, 0xff, 0xff, 0xff, 0xff, 0xff
.byte 0xff, 0xff, 0xff, 0xff, 0xff, 0xff, 0xff, 0xff, 0xff, 0xff, 0xff, 0xff, 0xff, 0xff, 0xff, 0xff
.byte 0xff, 0xff, 0xff, 0xff, 0x51, 0x8c, 0xd6, 0xc5, 0xbd, 0xff, 0x7c, 0xf7, 0x9d, 0xf7, 0x7d, 0xf7
.byte 0x7c, 0xf7, 0x7c, 0xf7, 0x7c, 0xf7, 0x7c, 0xf7, 0x7c, 0xf7, 0xde, 0xff, 0x79, 0xce, 0x70, 0x9c
.byte 0x97, 0xee, 0xd8, 0xfe, 0x97, 0xfe, 0x56, 0xf6, 0xb4, 0xd5, 0x12, 0xc5, 0xb0, 0xb4, 0x32, 0xc5
.byte 0x15, 0xee, 0x97, 0xfe, 0x76, 0xfe, 0x97, 0xf6, 0x97, 0xf6, 0x97, 0xf6, 0xb8, 0xfe, 0xf9, 0xfe
.byte 0xb8, 0xf6, 0x77, 0xee, 0x77, 0xee, 0xd1, 0xac, 0x54, 0xad, 0x38, 0xce, 0x6d, 0x73, 0x79, 0xce
.byte 0xff, 0xff, 0xff, 0xff, 0xff, 0xff, 0xff, 0xff, 0xff, 0xff, 0xff, 0xff, 0xff, 0xff, 0xff, 0xff
.byte 0xff, 0xff, 0xff, 0xff, 0xff, 0xff, 0xff, 0xff, 0xff, 0xff, 0xff, 0xff, 0xff, 0xff, 0xff, 0xff
.byte 0xff, 0xff, 0xff, 0xff, 0xff, 0xff, 0xff, 0xff, 0xff, 0xff, 0xff, 0xff, 0xff, 0xff, 0xff, 0xff
.byte 0xff, 0xff, 0xff, 0xff, 0xff, 0xff, 0xff, 0xff, 0xff, 0xff, 0xff, 0xff, 0xff, 0xff, 0xff, 0xff
.byte 0xff, 0xff, 0xff, 0xff, 0xff, 0xff, 0xff, 0xff, 0xff, 0xff, 0xff, 0xff, 0xff, 0xff, 0xff, 0xff
.byte 0xff, 0xff, 0xff, 0xff, 0xff, 0xff, 0xff, 0xff, 0xff, 0xff, 0xff, 0xff, 0xff, 0xff, 0xff, 0xff
.byte 0xff, 0xff, 0xff, 0xff, 0xff, 0xff, 0xff, 0xff, 0xff, 0xff, 0xff, 0xff, 0xff, 0xff, 0xff, 0xff
.byte 0xff, 0xff, 0xff, 0xff, 0xff, 0xff, 0xff, 0xff, 0xff, 0xff, 0xff, 0xff, 0x30, 0x84, 0x33, 0xad
.byte 0xfa, 0xe6, 0x5c, 0xef, 0x9d, 0xf7, 0x7c, 0xf7, 0x7c, 0xf7, 0x7c, 0xf7, 0x7c, 0xf7, 0x7c, 0xf7
.byte 0x7c, 0xf7, 0xbd, 0xff, 0xf6, 0xc5, 0xad, 0x83, 0x77, 0xee, 0x19, 0xff, 0x36, 0xe6, 0xb0, 0xac
.byte 0xad, 0x83, 0xc6, 0x41, 0xa5, 0x41, 0x64, 0x39, 0x4f, 0xa4, 0x97, 0xfe, 0x97, 0xfe, 0x97, 0xfe
.byte 0x97, 0xfe, 0xd8, 0xfe, 0xd9, 0xf6, 0x33, 0xc5, 0x2b, 0x7b, 0x2b, 0x7b, 0x8d, 0x83, 0x0f, 0x8c
.byte 0x1b, 0xe7, 0xb5, 0xbd, 0x0b, 0x63, 0x79, 0xce, 0xff, 0xff, 0xff, 0xff, 0xff, 0xff, 0xff, 0xff
.byte 0xff, 0xff, 0xff, 0xff, 0xff, 0xff, 0xff, 0xff, 0xff, 0xff, 0xff, 0xff, 0xff, 0xff, 0xff, 0xff
.byte 0xff, 0xff, 0xff, 0xff, 0xff, 0xff, 0xff, 0xff, 0xff, 0xff, 0xff, 0xff, 0xff, 0xff, 0xff, 0xff
.byte 0xff, 0xff, 0xff, 0xff, 0xff, 0xff, 0xff, 0xff, 0xff, 0xff, 0xff, 0xff, 0xff, 0xff, 0xff, 0xff
.byte 0xff, 0xff, 0xff, 0xff, 0xff, 0xff, 0xff, 0xff, 0xff, 0xff, 0xff, 0xff, 0xff, 0xff, 0xff, 0xff
.byte 0xff, 0xff, 0xff, 0xff, 0xff, 0xff, 0xff, 0xff, 0xff, 0xff, 0xff, 0xff, 0xff, 0xff, 0xff, 0xff
.byte 0xff, 0xff, 0xff, 0xff, 0xff, 0xff, 0xff, 0xff, 0xff, 0xff, 0xff, 0xff, 0xff, 0xff, 0xff, 0xff
.byte 0xff, 0xff, 0xff, 0xff, 0xff, 0xff, 0xff, 0xff, 0xff, 0xff, 0xff, 0xff, 0xff, 0xff, 0xff, 0xff
.byte 0xff, 0xff, 0xff, 0xff, 0xb2, 0x94, 0x30, 0x8c, 0x58, 0xd6, 0x5b, 0xf7, 0x5c, 0xf7, 0x5c, 0xef
.byte 0x7c, 0xf7, 0x7d, 0xf7, 0x7d, 0xf7, 0x7c, 0xf7, 0x7c, 0xf7, 0x7c, 0xf7, 0x53, 0xb5, 0x6c, 0x83
.byte 0x77, 0xee, 0xf9, 0xfe, 0x16, 0xde, 0x58, 0xce, 0x34, 0xad, 0xe6, 0x49, 0x07, 0x4a, 0x27, 0x52
.byte 0x94, 0xc5, 0xb8, 0xfe, 0x97, 0xfe, 0xb8, 0xfe, 0xb8, 0xfe, 0x19, 0xff, 0xb9, 0xee, 0xea, 0x62
.byte 0x03, 0x29, 0x0c, 0x6b, 0xce, 0x7b, 0x30, 0x84, 0xff, 0xff, 0xd6, 0xc5, 0x4c, 0x6b, 0x38, 0xc6
.byte 0xff, 0xff, 0xff, 0xff, 0xff, 0xff, 0xff, 0xff, 0xff, 0xff, 0xff, 0xff, 0xff, 0xff, 0xff, 0xff
.byte 0xff, 0xff, 0xff, 0xff, 0xff, 0xff, 0xff, 0xff, 0xff, 0xff, 0xff, 0xff, 0xff, 0xff, 0xff, 0xff
.byte 0xff, 0xff, 0xff, 0xff, 0xff, 0xff, 0xff, 0xff, 0xff, 0xff, 0xff, 0xff, 0xff, 0xff, 0xff, 0xff
.byte 0xff, 0xff, 0xff, 0xff, 0xff, 0xff, 0xff, 0xff, 0xff, 0xff, 0xff, 0xff, 0xff, 0xff, 0xff, 0xff
.byte 0xff, 0xff, 0xff, 0xff, 0xff, 0xff, 0xff, 0xff, 0xff, 0xff, 0xff, 0xff, 0xff, 0xff, 0xff, 0xff
.byte 0xff, 0xff, 0xff, 0xff, 0xff, 0xff, 0xff, 0xff, 0xff, 0xff, 0xff, 0xff, 0xff, 0xff, 0xff, 0xff
.byte 0xff, 0xff, 0xff, 0xff, 0xff, 0xff, 0xff, 0xff, 0xff, 0xff, 0xff, 0xff, 0xff, 0xff, 0xff, 0xff
.byte 0xff, 0xff, 0xff, 0xff, 0xff, 0xff, 0xff, 0xff, 0xff, 0xff, 0xff, 0xff, 0xd7, 0xbd, 0x6d, 0x73
.byte 0xb5, 0xc5, 0xda, 0xee, 0xda, 0xe6, 0x3b, 0xef, 0x7c, 0xf7, 0x9d, 0xf7, 0x7d, 0xf7, 0x9d, 0xf7
.byte 0x5c, 0xef, 0x3b, 0xf7, 0x70, 0x94, 0xcd, 0x8b, 0x77, 0xee, 0x98, 0xfe, 0x98, 0xfe, 0x3b, 0xff
.byte 0xd6, 0xd5, 0x2f, 0xa4, 0xee, 0x9b, 0x53, 0xbd, 0xd8, 0xf6, 0x97, 0xfe, 0x97, 0xf6, 0x77, 0xf6
.byte 0x57, 0xf6, 0xb8, 0xfe, 0xd9, 0xf6, 0x70, 0xa4, 0x2b, 0x83, 0xf3, 0xb4, 0x33, 0xb5, 0x54, 0xad
.byte 0xde, 0xff, 0x50, 0x94, 0x4c, 0x6b, 0x7d, 0xef, 0xff, 0xff, 0xff, 0xff, 0xff, 0xff, 0xff, 0xff
.byte 0xff, 0xff, 0xff, 0xff, 0xff, 0xff, 0xff, 0xff, 0xff, 0xff, 0xff, 0xff, 0xff, 0xff, 0xff, 0xff
.byte 0xff, 0xff, 0xff, 0xff, 0xff, 0xff, 0xff, 0xff, 0xff, 0xff, 0xff, 0xff, 0xff, 0xff, 0xff, 0xff
.byte 0xff, 0xff, 0xff, 0xff, 0xff, 0xff, 0xff, 0xff, 0xff, 0xff, 0xff, 0xff, 0xff, 0xff, 0xff, 0xff
.byte 0xff, 0xff, 0xff, 0xff, 0xff, 0xff, 0xff, 0xff, 0xff, 0xff, 0xff, 0xff, 0xff, 0xff, 0xff, 0xff
.byte 0xff, 0xff, 0xff, 0xff, 0xff, 0xff, 0xff, 0xff, 0xff, 0xff, 0xff, 0xff, 0xff, 0xff, 0xff, 0xff
.byte 0xff, 0xff, 0xff, 0xff, 0xff, 0xff, 0xff, 0xff, 0xff, 0xff, 0xff, 0xff, 0xff, 0xff, 0xff, 0xff
.byte 0xff, 0xff, 0xff, 0xff, 0xff, 0xff, 0xff, 0xff, 0xff, 0xff, 0xff, 0xff, 0xff, 0xff, 0xff, 0xff
.byte 0xff, 0xff, 0xff, 0xff, 0x7d, 0xef, 0xeb, 0x5a, 0xef, 0x8b, 0x99, 0xe6, 0xfa, 0xee, 0x3c, 0xef
.byte 0x5c, 0xf7, 0x5c, 0xf7, 0x1b, 0xef, 0x1b, 0xef, 0xfb, 0xe6, 0x3b, 0xef, 0x30, 0x8c, 0x32, 0xbd
.byte 0xb8, 0xfe, 0x57, 0xfe, 0xf6, 0xf5, 0x95, 0xf5, 0xd6, 0xfd, 0x37, 0xfe, 0x98, 0xfe, 0xf9, 0xfe
.byte 0xd8, 0xfe, 0x98, 0xfe, 0x77, 0xf6, 0xf5, 0xf5, 0xd5, 0xf5, 0x56, 0xf6, 0x77, 0xf6, 0x16, 0xf6
.byte 0xf6, 0xf5, 0xd6, 0xe5, 0x0f, 0x94, 0xb6, 0xbd, 0xda, 0xee, 0xeb, 0x62, 0x13, 0xa5, 0xff, 0xff
.byte 0xff, 0xff, 0xff, 0xff, 0xff, 0xff, 0xff, 0xff, 0xff, 0xff, 0xff, 0xff, 0xff, 0xff, 0xff, 0xff
.byte 0xff, 0xff, 0xff, 0xff, 0xff, 0xff, 0xff, 0xff, 0xff, 0xff, 0xff, 0xff, 0xff, 0xff, 0xff, 0xff
.byte 0xff, 0xff, 0xff, 0xff, 0xff, 0xff, 0xff, 0xff, 0xff, 0xff, 0xff, 0xff, 0xff, 0xff, 0xff, 0xff
.byte 0xff, 0xff, 0xff, 0xff, 0xff, 0xff, 0xff, 0xff, 0xff, 0xff, 0xff, 0xff, 0xff, 0xff, 0xff, 0xff
.byte 0xff, 0xff, 0xff, 0xff, 0xff, 0xff, 0xff, 0xff, 0xff, 0xff, 0xff, 0xff, 0xff, 0xff, 0xff, 0xff
.byte 0xff, 0xff, 0xff, 0xff, 0xff, 0xff, 0xff, 0xff, 0xff, 0xff, 0xff, 0xff, 0xff, 0xff, 0xff, 0xff
.byte 0xff, 0xff, 0xff, 0xff, 0xff, 0xff, 0xff, 0xff, 0xff, 0xff, 0xff, 0xff, 0xff, 0xff, 0xff, 0xff
.byte 0xff, 0xff, 0xff, 0xff, 0xff, 0xff, 0xff, 0xff, 0xff, 0xff, 0xff, 0xff, 0xff, 0xff, 0x79, 0xce
.byte 0x6d, 0x73, 0x13, 0xad, 0x1b, 0xef, 0x1b, 0xef, 0x99, 0xe6, 0x79, 0xde, 0x78, 0xde, 0xb9, 0xe6
.byte 0x1b, 0xef, 0x13, 0xad, 0xee, 0x8b, 0x98, 0xee, 0xf9, 0xfe, 0x37, 0xf6, 0xd5, 0xf5, 0x95, 0xf5
.byte 0x95, 0xf5, 0xd5, 0xfd, 0x37, 0xfe, 0x97, 0xf6, 0xb8, 0xf6, 0xb8, 0xfe, 0x77, 0xf6, 0xf6, 0xf5
.byte 0x53, 0xed, 0xf1, 0xd4, 0x15, 0xf6, 0xd6, 0xfd, 0xf6, 0xfd, 0x13, 0xd5, 0xad, 0x83, 0x59, 0xde
.byte 0x71, 0x9c, 0x6d, 0x73, 0x7d, 0xef, 0xff, 0xff, 0xff, 0xff, 0xff, 0xff, 0xff, 0xff, 0xff, 0xff
.byte 0xff, 0xff, 0xff, 0xff, 0xff, 0xff, 0xff, 0xff, 0xff, 0xff, 0xff, 0xff, 0xff, 0xff, 0xff, 0xff
.byte 0xff, 0xff, 0xff, 0xff, 0xff, 0xff, 0xff, 0xff, 0xff, 0xff, 0xff, 0xff, 0xff, 0xff, 0xff, 0xff
.byte 0xff, 0xff, 0xff, 0xff, 0xff, 0xff, 0xff, 0xff, 0xff, 0xff, 0xff, 0xff, 0xff, 0xff, 0xff, 0xff
.byte 0xff, 0xff, 0xff, 0xff, 0xff, 0xff, 0xff, 0xff, 0xff, 0xff, 0xff, 0xff, 0xff, 0xff, 0xff, 0xff
.byte 0xff, 0xff, 0xff, 0xff, 0xff, 0xff, 0xff, 0xff, 0xff, 0xff, 0xff, 0xff, 0xff, 0xff, 0xff, 0xff
.byte 0xff, 0xff, 0xff, 0xff, 0xff, 0xff, 0xff, 0xff, 0xff, 0xff, 0xff, 0xff, 0xff, 0xff, 0xff, 0xff
.byte 0xff, 0xff, 0xff, 0xff, 0xff, 0xff, 0xff, 0xff, 0xff, 0xff, 0xff, 0xff, 0xff, 0xff, 0xff, 0xff
.byte 0xff, 0xff, 0xff, 0xff, 0xff, 0xff, 0xff, 0xff, 0x55, 0xad, 0x48, 0x4a, 0xce, 0x83, 0xf7, 0xcd
.byte 0x79, 0xde, 0x99, 0xe6, 0x58, 0xde, 0x54, 0xbd, 0x50, 0x94, 0x69, 0x52, 0xb5, 0xcd, 0x1a, 0xff
.byte 0xb8, 0xfe, 0x77, 0xf6, 0x16, 0xf6, 0xd5, 0xf5, 0xd5, 0xf5, 0xd5, 0xf5, 0x36, 0xf6, 0x97, 0xf6
.byte 0xb8, 0xf6, 0xb8, 0xfe, 0xb8, 0xfe, 0x77, 0xf6, 0xb5, 0xe5, 0x53, 0xd5, 0x36, 0xf6, 0xd5, 0xfd
.byte 0xb5, 0xfd, 0xd1, 0xc4, 0x4c, 0x73, 0x0f, 0x84, 0x4c, 0x6b, 0xba, 0xd6, 0xff, 0xff, 0xff, 0xff
.byte 0xff, 0xff, 0xff, 0xff, 0xff, 0xff, 0xff, 0xff, 0xff, 0xff, 0xff, 0xff, 0xff, 0xff, 0xff, 0xff
.byte 0xff, 0xff, 0xff, 0xff, 0xff, 0xff, 0xff, 0xff, 0xff, 0xff, 0xff, 0xff, 0xff, 0xff, 0xff, 0xff
.byte 0xff, 0xff, 0xff, 0xff, 0xff, 0xff, 0xff, 0xff, 0xff, 0xff, 0xff, 0xff, 0xff, 0xff, 0xff, 0xff
.byte 0xff, 0xff, 0xff, 0xff, 0xff, 0xff, 0xff, 0xff, 0xff, 0xff, 0xff, 0xff, 0xff, 0xff, 0xff, 0xff
.byte 0xff, 0xff, 0xff, 0xff, 0xff, 0xff, 0xff, 0xff, 0xff, 0xff, 0xff, 0xff, 0xff, 0xff, 0xff, 0xff
.byte 0xff, 0xff, 0xff, 0xff, 0xff, 0xff, 0xff, 0xff, 0xff, 0xff, 0xff, 0xff, 0xff, 0xff, 0xff, 0xff
.byte 0xff, 0xff, 0xff, 0xff, 0xff, 0xff, 0xff, 0xff, 0xff, 0xff, 0xff, 0xff, 0xff, 0xff, 0xff, 0xff
.byte 0xff, 0xff, 0xff, 0xff, 0xff, 0xff, 0xff, 0xff, 0xff, 0xff, 0xff, 0xff, 0xff, 0xff, 0xff, 0xff
.byte 0x30, 0x8c, 0xa5, 0x39, 0x44, 0x29, 0x89, 0x52, 0xef, 0x83, 0x2f, 0x8c, 0x4c, 0x73, 0x4c, 0x73
.byte 0x0b, 0x6b, 0x85, 0x31, 0x70, 0xa4, 0xf9, 0xfe, 0xb8, 0xfe, 0x77, 0xf6, 0x77, 0xf6, 0x57, 0xf6
.byte 0x57, 0xf6, 0x57, 0xf6, 0x77, 0xf6, 0x97, 0xf6, 0x97, 0xf6, 0xb8, 0xfe, 0xd9, 0xfe, 0xd9, 0xfe
.byte 0xb8, 0xfe, 0xb8, 0xfe, 0x97, 0xf6, 0x98, 0xfe, 0x36, 0xfe, 0x6c, 0x8b, 0xa6, 0x31, 0x71, 0x8c
.byte 0xda, 0xde, 0xff, 0xff, 0xff, 0xff, 0xff, 0xff, 0xff, 0xff, 0xff, 0xff, 0xff, 0xff, 0xff, 0xff
.byte 0xff, 0xff, 0xff, 0xff, 0xff, 0xff, 0xff, 0xff, 0xff, 0xff, 0xff, 0xff, 0xff, 0xff, 0xff, 0xff
.byte 0xff, 0xff, 0xff, 0xff, 0xff, 0xff, 0xff, 0xff, 0xff, 0xff, 0xff, 0xff, 0xff, 0xff, 0xff, 0xff
.byte 0xff, 0xff, 0xff, 0xff, 0xff, 0xff, 0xff, 0xff, 0xff, 0xff, 0xff, 0xff, 0xff, 0xff, 0xff, 0xff
.byte 0xff, 0xff, 0xff, 0xff, 0xff, 0xff, 0xff, 0xff, 0xff, 0xff, 0xff, 0xff, 0xff, 0xff, 0xff, 0xff
.byte 0xff, 0xff, 0xff, 0xff, 0xff, 0xff, 0xff, 0xff, 0xff, 0xff, 0xff, 0xff, 0xff, 0xff, 0xff, 0xff
.byte 0xff, 0xff, 0xff, 0xff, 0xff, 0xff, 0xff, 0xff, 0xff, 0xff, 0xff, 0xff, 0xff, 0xff, 0xff, 0xff
.byte 0xff, 0xff, 0xff, 0xff, 0xff, 0xff, 0xff, 0xff, 0xff, 0xff, 0xff, 0xff, 0xff, 0xff, 0xff, 0xff
.byte 0xff, 0xff, 0xff, 0xff, 0xff, 0xff, 0xf7, 0xbd, 0x89, 0x5a, 0x48, 0x5a, 0x23, 0x29, 0x2c, 0x6b
.byte 0xb6, 0xc5, 0x75, 0xbd, 0x75, 0xb5, 0xb9, 0xde, 0x1b, 0xef, 0xb6, 0xc5, 0x0b, 0x6b, 0x4f, 0xa4
.byte 0x97, 0xf6, 0xd8, 0xfe, 0xb8, 0xfe, 0xb8, 0xf6, 0x97, 0xf6, 0x97, 0xf6, 0x97, 0xfe, 0x77, 0xf6
.byte 0x32, 0xdd, 0x4f, 0xc4, 0xd1, 0xcc, 0xf2, 0xd4, 0x12, 0xd5, 0x77, 0xee, 0x1a, 0xff, 0x3a, 0xff
.byte 0x13, 0xbd, 0xeb, 0x62, 0x58, 0xce, 0xbe, 0xf7, 0xff, 0xff, 0xff, 0xff, 0xff, 0xff, 0xff, 0xff
.byte 0xff, 0xff, 0xff, 0xff, 0xff, 0xff, 0xff, 0xff, 0xff, 0xff, 0xff, 0xff, 0xff, 0xff, 0xff, 0xff
.byte 0xff, 0xff, 0xff, 0xff, 0xff, 0xff, 0xff, 0xff, 0xff, 0xff, 0xff, 0xff, 0xff, 0xff, 0xff, 0xff
.byte 0xff, 0xff, 0xff, 0xff, 0xff, 0xff, 0xff, 0xff, 0xff, 0xff, 0xff, 0xff, 0xff, 0xff, 0xff, 0xff
.byte 0xff, 0xff, 0xff, 0xff, 0xff, 0xff, 0xff, 0xff, 0xff, 0xff, 0xff, 0xff, 0xff, 0xff, 0xff, 0xff
.byte 0xff, 0xff, 0xff, 0xff, 0xff, 0xff, 0xff, 0xff, 0xff, 0xff, 0xff, 0xff, 0xff, 0xff, 0xff, 0xff
.byte 0xff, 0xff, 0xff, 0xff, 0xff, 0xff, 0xff, 0xff, 0xff, 0xff, 0xff, 0xff, 0xff, 0xff, 0xff, 0xff
.byte 0xff, 0xff, 0xff, 0xff, 0xff, 0xff, 0xff, 0xff, 0xff, 0xff, 0xff, 0xff, 0xff, 0xff, 0xff, 0xff
.byte 0xff, 0xff, 0xff, 0xff, 0xff, 0xff, 0xff, 0xff, 0xff, 0xff, 0xff, 0xff, 0xff, 0xff, 0xd3, 0x9c
.byte 0x27, 0x52, 0x68, 0x5a, 0x03, 0x21, 0x8d, 0x7b, 0xb9, 0xe6, 0xfb, 0xee, 0x9d, 0xf7, 0xde, 0xff
.byte 0xde, 0xff, 0xde, 0xff, 0x99, 0xde, 0x8d, 0x7b, 0xad, 0x8b, 0xf5, 0xdd, 0xf9, 0xf6, 0xf9, 0xfe
.byte 0xd8, 0xfe, 0x97, 0xfe, 0x77, 0xf6, 0x57, 0xf6, 0xf5, 0xed, 0x12, 0xdd, 0xd1, 0xdc, 0xf2, 0xdc
.byte 0x94, 0xe5, 0xf9, 0xfe, 0x5b, 0xff, 0x13, 0xb5, 0x68, 0x52, 0xf7, 0xbd, 0xff, 0xff, 0xff, 0xff
.byte 0xff, 0xff, 0xff, 0xff, 0xff, 0xff, 0xff, 0xff, 0xff, 0xff, 0xff, 0xff, 0xff, 0xff, 0xff, 0xff
.byte 0xff, 0xff, 0xff, 0xff, 0xff, 0xff, 0xff, 0xff, 0xff, 0xff, 0xff, 0xff, 0xff, 0xff, 0xff, 0xff
.byte 0xff, 0xff, 0xff, 0xff, 0xff, 0xff, 0xff, 0xff, 0xff, 0xff, 0xff, 0xff, 0xff, 0xff, 0xff, 0xff
.byte 0xff, 0xff, 0xff, 0xff, 0xff, 0xff, 0xff, 0xff, 0xff, 0xff, 0xff, 0xff, 0xff, 0xff, 0xff, 0xff
.byte 0xff, 0xff, 0xff, 0xff, 0xff, 0xff, 0xff, 0xff, 0xff, 0xff, 0xff, 0xff, 0xff, 0xff, 0xff, 0xff
.byte 0xff, 0xff, 0xff, 0xff, 0xff, 0xff, 0xff, 0xff, 0xff, 0xff, 0xff, 0xff, 0xff, 0xff, 0xff, 0xff
.byte 0xff, 0xff, 0xff, 0xff, 0xff, 0xff, 0xff, 0xff, 0xff, 0xff, 0xff, 0xff, 0xff, 0xff, 0xff, 0xff
.byte 0xff, 0xff, 0xff, 0xff, 0xff, 0xff, 0xff, 0xff, 0xff, 0xff, 0xff, 0xff, 0xff, 0xff, 0xff, 0xff
.byte 0xff, 0xff, 0xff, 0xff, 0x9e, 0xf7, 0x6d, 0x73, 0x07, 0x4a, 0x27, 0x52, 0x23, 0x29, 0x50, 0x94
.byte 0xb9, 0xe6, 0x78, 0xde, 0x5b, 0xef, 0xbd, 0xff, 0x9d, 0xf7, 0x9d, 0xf7, 0xdd, 0xff, 0x3b, 0xef
.byte 0xd3, 0x9c, 0x6d, 0x73, 0x2f, 0x94, 0xb5, 0xd5, 0x77, 0xee, 0x97, 0xfe, 0xb8, 0xfe, 0xb7, 0xfe
.byte 0x97, 0xfe, 0x97, 0xfe, 0xb8, 0xfe, 0xd8, 0xfe, 0xf9, 0xfe, 0x36, 0xde, 0x70, 0x9c, 0x2b, 0x6b
.byte 0x6d, 0x6b, 0x75, 0xad, 0xff, 0xff, 0xff, 0xff, 0xff, 0xff, 0xff, 0xff, 0xff, 0xff, 0xff, 0xff
.byte 0xff, 0xff, 0xff, 0xff, 0xff, 0xff, 0xff, 0xff, 0xff, 0xff, 0xff, 0xff, 0xff, 0xff, 0xff, 0xff
.byte 0xff, 0xff, 0xff, 0xff, 0xff, 0xff, 0xff, 0xff, 0xff, 0xff, 0xff, 0xff, 0xff, 0xff, 0xff, 0xff
.byte 0xff, 0xff, 0xff, 0xff, 0xff, 0xff, 0xff, 0xff, 0xff, 0xff, 0xff, 0xff, 0xff, 0xff, 0xff, 0xff
.byte 0xff, 0xff, 0xff, 0xff, 0xff, 0xff, 0xff, 0xff, 0xff, 0xff, 0xff, 0xff, 0xff, 0xff, 0xff, 0xff
.byte 0xff, 0xff, 0xff, 0xff, 0xff, 0xff, 0xff, 0xff, 0xff, 0xff, 0xff, 0xff, 0xff, 0xff, 0xff, 0xff
.byte 0xff, 0xff, 0xff, 0xff, 0xff, 0xff, 0xff, 0xff, 0xff, 0xff, 0xff, 0xff, 0xff, 0xff, 0xff, 0xff
.byte 0xff, 0xff, 0xff, 0xff, 0xff, 0xff, 0xff, 0xff, 0xff, 0xff, 0xff, 0xff, 0xff, 0xff, 0xff, 0xff
.byte 0xff, 0xff, 0xff, 0xff, 0xff, 0xff, 0xff, 0xff, 0xff, 0xff, 0xfb, 0xde, 0xad, 0x73, 0xc5, 0x41
.byte 0x27, 0x52, 0x44, 0x31, 0x2b, 0x6b, 0x78, 0xde, 0xfa, 0xee, 0x58, 0xde, 0xb9, 0xde, 0x7c, 0xf7
.byte 0x9d, 0xf7, 0x7c, 0xf7, 0x9d, 0xf7, 0xde, 0xff, 0xff, 0xff, 0xfb, 0xde, 0xd2, 0x9c, 0xad, 0x7b
.byte 0xad, 0x8b, 0xb0, 0xb4, 0xd5, 0xdd, 0x98, 0xf6, 0xb8, 0xfe, 0x98, 0xfe, 0x97, 0xf6, 0x36, 0xe6
.byte 0xf1, 0xb4, 0x4c, 0x73, 0x2f, 0x84, 0x3b, 0xe7, 0x17, 0xc6, 0x30, 0x84, 0xbe, 0xf7, 0xff, 0xff
.byte 0xff, 0xff, 0xff, 0xff, 0xff, 0xff, 0xff, 0xff, 0xff, 0xff, 0xff, 0xff, 0xff, 0xff, 0xff, 0xff
.byte 0xff, 0xff, 0xff, 0xff, 0xff, 0xff, 0xff, 0xff, 0xff, 0xff, 0xff, 0xff, 0xff, 0xff, 0xff, 0xff
.byte 0xff, 0xff, 0xff, 0xff, 0xff, 0xff, 0xff, 0xff, 0xff, 0xff, 0xff, 0xff, 0xff, 0xff, 0xff, 0xff
.byte 0xff, 0xff, 0xff, 0xff, 0xff, 0xff, 0xff, 0xff, 0xff, 0xff, 0xff, 0xff, 0xff, 0xff, 0xff, 0xff
.byte 0xff, 0xff, 0xff, 0xff, 0xff, 0xff, 0xff, 0xff, 0xff, 0xff, 0xff, 0xff, 0xff, 0xff, 0xff, 0xff
.byte 0xff, 0xff, 0xff, 0xff, 0xff, 0xff, 0xff, 0xff, 0xff, 0xff, 0xff, 0xff, 0xff, 0xff, 0xff, 0xff
.byte 0xff, 0xff, 0xff, 0xff, 0xff, 0xff, 0xff, 0xff, 0xff, 0xff, 0xff, 0xff, 0xff, 0xff, 0xff, 0xff
.byte 0xff, 0xff, 0xff, 0xff, 0xff, 0xff, 0xff, 0xff, 0xff, 0xff, 0xff, 0xff, 0xff, 0xff, 0xff, 0xff
.byte 0x1c, 0xe7, 0xaa, 0x5a, 0xa5, 0x41, 0x27, 0x52, 0x64, 0x39, 0xa5, 0x39, 0xb5, 0xc5, 0x9d, 0xff
.byte 0x5c, 0xf7, 0x5c, 0xf7, 0x1a, 0xe7, 0x3b, 0xef, 0x9c, 0xf7, 0x9d, 0xf7, 0x9d, 0xf7, 0x9d, 0xf7
.byte 0x9d, 0xf7, 0xde, 0xff, 0xff, 0xff, 0x3b, 0xef, 0x95, 0xb5, 0x70, 0x94, 0xee, 0x8b, 0x4b, 0x7b
.byte 0x0e, 0x94, 0xb1, 0xac, 0xb1, 0xa4, 0x2f, 0x94, 0x70, 0x8c, 0x17, 0xc6, 0xfe, 0xff, 0xff, 0xff
.byte 0x95, 0xb5, 0x30, 0x84, 0xdf, 0xff, 0xff, 0xff, 0xff, 0xff, 0xff, 0xff, 0xff, 0xff, 0xff, 0xff
.byte 0xff, 0xff, 0xff, 0xff, 0xff, 0xff, 0xff, 0xff, 0xff, 0xff, 0xff, 0xff, 0xff, 0xff, 0xff, 0xff
.byte 0xff, 0xff, 0xff, 0xff, 0xff, 0xff, 0xff, 0xff, 0xff, 0xff, 0xff, 0xff, 0xff, 0xff, 0xff, 0xff
.byte 0xff, 0xff, 0xff, 0xff, 0xff, 0xff, 0xff, 0xff, 0xff, 0xff, 0xff, 0xff, 0xff, 0xff, 0xff, 0xff
.byte 0xff, 0xff, 0xff, 0xff, 0xff, 0xff, 0xff, 0xff, 0xff, 0xff, 0xff, 0xff, 0xff, 0xff, 0xff, 0xff
.byte 0xff, 0xff, 0xff, 0xff, 0xff, 0xff, 0xff, 0xff, 0xff, 0xff, 0xff, 0xff, 0xff, 0xff, 0xff, 0xff
.byte 0xff, 0xff, 0xff, 0xff, 0xff, 0xff, 0xff, 0xff, 0xff, 0xff, 0xff, 0xff, 0xff, 0xff, 0xff, 0xff
.byte 0xff, 0xff, 0xff, 0xff, 0xff, 0xff, 0xff, 0xff, 0xff, 0xff, 0xff, 0xff, 0xff, 0xff, 0xff, 0xff
.byte 0xff, 0xff, 0xff, 0xff, 0xff, 0xff, 0xff, 0xff, 0x71, 0x8c, 0xc5, 0x41, 0x27, 0x52, 0xc6, 0x41
.byte 0xe2, 0x20, 0x69, 0x52, 0x58, 0xde, 0xbd, 0xff, 0xbd, 0xff, 0xbd, 0xff, 0x9d, 0xf7, 0x7c, 0xf7
.byte 0x9c, 0xf7, 0x9c, 0xf7, 0x7c, 0xf7, 0x7c, 0xf7, 0x9c, 0xf7, 0x9d, 0xf7, 0x9d, 0xf7, 0xde, 0xff
.byte 0xff, 0xff, 0xbe, 0xf7, 0xf2, 0x9c, 0xeb, 0x5a, 0x91, 0x8c, 0x75, 0xad, 0xd6, 0xbd, 0xb9, 0xd6
.byte 0xde, 0xff, 0xff, 0xff, 0xde, 0xff, 0xde, 0xff, 0xd2, 0x9c, 0xae, 0x73, 0x5d, 0xef, 0xff, 0xff
.byte 0xff, 0xff, 0xff, 0xff, 0xff, 0xff, 0xff, 0xff, 0xff, 0xff, 0xff, 0xff, 0xff, 0xff, 0xff, 0xff
.byte 0xff, 0xff, 0xff, 0xff, 0xff, 0xff, 0xff, 0xff, 0xff, 0xff, 0xff, 0xff, 0xff, 0xff, 0xff, 0xff
.byte 0xff, 0xff, 0xff, 0xff, 0xff, 0xff, 0xff, 0xff, 0xff, 0xff, 0xff, 0xff, 0xff, 0xff, 0xff, 0xff
.byte 0xff, 0xff, 0xff, 0xff, 0xff, 0xff, 0xff, 0xff, 0xff, 0xff, 0xff, 0xff, 0xff, 0xff, 0xff, 0xff
.byte 0xff, 0xff, 0xff, 0xff, 0xff, 0xff, 0xff, 0xff, 0xff, 0xff, 0xff, 0xff, 0xff, 0xff, 0xff, 0xff
.byte 0xff, 0xff, 0xff, 0xff, 0xff, 0xff, 0xff, 0xff, 0xff, 0xff, 0xff, 0xff, 0xff, 0xff, 0xff, 0xff
.byte 0xff, 0xff, 0xff, 0xff, 0xff, 0xff, 0xff, 0xff, 0xff, 0xff, 0xff, 0xff, 0xff, 0xff, 0xff, 0xff
.byte 0xff, 0xff, 0xff, 0xff, 0xff, 0xff, 0xff, 0xff, 0xff, 0xff, 0xff, 0xff, 0xff, 0xff, 0xff, 0xff
.byte 0xce, 0x7b, 0xc5, 0x41, 0x07, 0x52, 0xe6, 0x49, 0x23, 0x29, 0xa6, 0x39, 0xf7, 0xcd, 0x9d, 0xff
.byte 0x7c, 0xf7, 0x9d, 0xf7, 0x9d, 0xf7, 0x9d, 0xf7, 0x7c, 0xf7, 0x9c, 0xf7, 0x5c, 0xef, 0xfa, 0xe6
.byte 0xfa, 0xe6, 0x3b, 0xef, 0x7c, 0xf7, 0xff, 0xff, 0xda, 0xde, 0xf3, 0x9c, 0x96, 0xb5, 0x3c, 0xe7
.byte 0xff, 0xff, 0xfe, 0xff, 0xfe, 0xff, 0xfe, 0xff, 0xbd, 0xff, 0x9d, 0xf7, 0xbd, 0xf7, 0x5c, 0xef
.byte 0x95, 0xb5, 0xae, 0x73, 0xd6, 0xbd, 0xff, 0xff, 0xff, 0xff, 0xff, 0xff, 0xff, 0xff, 0xff, 0xff
.byte 0xff, 0xff, 0xff, 0xff, 0xff, 0xff, 0xff, 0xff, 0xff, 0xff, 0xff, 0xff, 0xff, 0xff, 0xff, 0xff
.byte 0xff, 0xff, 0xff, 0xff, 0xff, 0xff, 0xff, 0xff, 0xff, 0xff, 0xff, 0xff, 0xff, 0xff, 0xff, 0xff
.byte 0xff, 0xff, 0xff, 0xff, 0xff, 0xff, 0xff, 0xff, 0xff, 0xff, 0xff, 0xff, 0xff, 0xff, 0xff, 0xff
.byte 0xff, 0xff, 0xff, 0xff, 0xff, 0xff, 0xff, 0xff, 0xff, 0xff, 0xff, 0xff, 0xff, 0xff, 0xff, 0xff
.byte 0xff, 0xff, 0xff, 0xff, 0xff, 0xff, 0xff, 0xff, 0xff, 0xff, 0xff, 0xff, 0xff, 0xff, 0xff, 0xff
.byte 0xff, 0xff, 0xff, 0xff, 0xff, 0xff, 0xff, 0xff, 0xff, 0xff, 0xff, 0xff, 0xff, 0xff, 0xff, 0xff
.byte 0xff, 0xff, 0xff, 0xff, 0xff, 0xff, 0xff, 0xff, 0xff, 0xff, 0xff, 0xff, 0xff, 0xff, 0xff, 0xff
.byte 0xff, 0xff, 0xff, 0xff, 0xff, 0xff, 0xd7, 0xbd, 0x07, 0x4a, 0xc6, 0x41, 0x47, 0x5a, 0xe6, 0x49
.byte 0x44, 0x31, 0x65, 0x29, 0xef, 0x83, 0xba, 0xe6, 0x7d, 0xff, 0x5c, 0xf7, 0x7c, 0xf7, 0x9d, 0xf7
.byte 0x9d, 0xf7, 0x9d, 0xf7, 0x9c, 0xf7, 0x5c, 0xef, 0x1b, 0xe7, 0xfa, 0xe6, 0x1b, 0xe7, 0x17, 0xc6
.byte 0x0f, 0x84, 0xb6, 0xb5, 0xbe, 0xf7, 0xff, 0xff, 0xbd, 0xff, 0x9d, 0xf7, 0x7c, 0xf7, 0x7c, 0xf7
.byte 0x7d, 0xf7, 0x9d, 0xf7, 0x9d, 0xf7, 0x9d, 0xf7, 0x1b, 0xe7, 0x6d, 0x73, 0x13, 0xa5, 0xff, 0xff
.byte 0xff, 0xff, 0xff, 0xff, 0xff, 0xff, 0xff, 0xff, 0xff, 0xff, 0xff, 0xff, 0xff, 0xff, 0xff, 0xff
.byte 0xff, 0xff, 0xff, 0xff, 0xff, 0xff, 0xff, 0xff, 0xff, 0xff, 0xff, 0xff, 0xff, 0xff, 0xff, 0xff
.byte 0xff, 0xff, 0xff, 0xff, 0xff, 0xff, 0xff, 0xff, 0xff, 0xff, 0xff, 0xff, 0xff, 0xff, 0xff, 0xff
.byte 0xff, 0xff, 0xff, 0xff, 0xff, 0xff, 0xff, 0xff, 0xff, 0xff, 0xff, 0xff, 0xff, 0xff, 0xff, 0xff
.byte 0xff, 0xff, 0xff, 0xff, 0xff, 0xff, 0xff, 0xff, 0xff, 0xff, 0xff, 0xff, 0xff, 0xff, 0xff, 0xff
.byte 0xff, 0xff, 0xff, 0xff, 0xff, 0xff, 0xff, 0xff, 0xff, 0xff, 0xff, 0xff, 0xff, 0xff, 0xff, 0xff
.byte 0xff, 0xff, 0xff, 0xff, 0xff, 0xff, 0xff, 0xff, 0xff, 0xff, 0xff, 0xff, 0xff, 0xff, 0xff, 0xff
.byte 0xff, 0xff, 0xff, 0xff, 0xff, 0xff, 0xff, 0xff, 0xff, 0xff, 0xff, 0xff, 0x34, 0xad, 0x07, 0x4a
.byte 0xe6, 0x49, 0x07, 0x52, 0xe6, 0x51, 0x64, 0x31, 0x4c, 0x63, 0x34, 0x95, 0xcf, 0x6b, 0x4c, 0x63
.byte 0x33, 0xb5, 0x99, 0xee, 0x1b, 0xf7, 0x7c, 0xf7, 0x9d, 0xf7, 0xbd, 0xff, 0xbd, 0xff, 0xbe, 0xf7
.byte 0xbe, 0xff, 0xde, 0xff, 0xf6, 0xc5, 0x2b, 0x63, 0xf7, 0xbd, 0xfe, 0xff, 0xbd, 0xff, 0x9d, 0xf7
.byte 0x9d, 0xf7, 0x9d, 0xf7, 0x9d, 0xf7, 0x9d, 0xf7, 0x7d, 0xf7, 0x9d, 0xf7, 0x9d, 0xf7, 0xff, 0xff
.byte 0xb9, 0xde, 0x49, 0x4a, 0xaa, 0x52, 0x38, 0xc6, 0xff, 0xff, 0xff, 0xff, 0xff, 0xff, 0xff, 0xff
.byte 0xff, 0xff, 0xff, 0xff, 0xff, 0xff, 0xff, 0xff, 0xff, 0xff, 0xff, 0xff, 0xff, 0xff, 0xff, 0xff
.byte 0xff, 0xff, 0xff, 0xff, 0xff, 0xff, 0xff, 0xff, 0xff, 0xff, 0xff, 0xff, 0xff, 0xff, 0xff, 0xff
.byte 0xff, 0xff, 0xff, 0xff, 0xff, 0xff, 0xff, 0xff, 0xff, 0xff, 0xff, 0xff, 0xff, 0xff, 0xff, 0xff
.byte 0xff, 0xff, 0xff, 0xff, 0xff, 0xff, 0xff, 0xff, 0xff, 0xff, 0xff, 0xff, 0xff, 0xff, 0xff, 0xff
.byte 0xff, 0xff, 0xff, 0xff, 0xff, 0xff, 0xff, 0xff, 0xff, 0xff, 0xff, 0xff, 0xff, 0xff, 0xff, 0xff
.byte 0xff, 0xff, 0xff, 0xff, 0xff, 0xff, 0xff, 0xff, 0xff, 0xff, 0xff, 0xff, 0xff, 0xff, 0xff, 0xff
.byte 0xff, 0xff, 0xff, 0xff, 0xff, 0xff, 0xff, 0xff, 0xff, 0xff, 0xff, 0xff, 0xff, 0xff, 0xff, 0xff
.byte 0xff, 0xff, 0xd6, 0xbd, 0xe6, 0x41, 0x47, 0x5a, 0x27, 0x5a, 0xa5, 0x41, 0x44, 0x31, 0x8e, 0x6b
.byte 0x38, 0xae, 0x99, 0xbe, 0xb6, 0xa5, 0x0f, 0x6c, 0xeb, 0x5a, 0x6d, 0x73, 0xb1, 0xa4, 0x17, 0xce
.byte 0x1b, 0xef, 0x7c, 0xf7, 0x7c, 0xf7, 0x5c, 0xf7, 0x9c, 0xf7, 0xfa, 0xe6, 0x6c, 0x6b, 0x74, 0xad
.byte 0xff, 0xff, 0xbd, 0xf7, 0x7c, 0xf7, 0x9d, 0xf7, 0x9d, 0xf7, 0x9d, 0xf7, 0x9d, 0xf7, 0x7d, 0xf7
.byte 0x9d, 0xf7, 0xbd, 0xff, 0xff, 0xff, 0xfa, 0xe6, 0xef, 0x83, 0x30, 0x7c, 0xef, 0x73, 0xcb, 0x5a
.byte 0xd7, 0xbd, 0xff, 0xff, 0xff, 0xff, 0xff, 0xff, 0xff, 0xff, 0xff, 0xff, 0xff, 0xff, 0xff, 0xff
.byte 0xff, 0xff, 0xff, 0xff, 0xff, 0xff, 0xff, 0xff, 0xff, 0xff, 0xff, 0xff, 0xff, 0xff, 0xff, 0xff
.byte 0xff, 0xff, 0xff, 0xff, 0xff, 0xff, 0xff, 0xff, 0xff, 0xff, 0xff, 0xff, 0xff, 0xff, 0xff, 0xff
.byte 0xff, 0xff, 0xff, 0xff, 0xff, 0xff, 0xff, 0xff, 0xff, 0xff, 0xff, 0xff, 0xff, 0xff, 0xff, 0xff
.byte 0xff, 0xff, 0xff, 0xff, 0xff, 0xff, 0xff, 0xff, 0xff, 0xff, 0xff, 0xff, 0xff, 0xff, 0xff, 0xff
.byte 0xff, 0xff, 0xff, 0xff, 0xff, 0xff, 0xff, 0xff, 0xff, 0xff, 0xff, 0xff, 0xff, 0xff, 0xff, 0xff
.byte 0xff, 0xff, 0xff, 0xff, 0xff, 0xff, 0xff, 0xff, 0xff, 0xff, 0xff, 0xff, 0xff, 0xff, 0xff, 0xff
.byte 0xff, 0xff, 0xff, 0xff, 0xff, 0xff, 0xff, 0xff, 0xff, 0xff, 0xef, 0x7b, 0xa5, 0x41, 0x48, 0x5a
.byte 0xa5, 0x41, 0xe2, 0x20, 0x2c, 0x5b, 0x38, 0xae, 0x59, 0xb6, 0xf7, 0xad, 0x17, 0xae, 0xd6, 0xa5
.byte 0xf3, 0x8c, 0x0f, 0x74, 0x4d, 0x63, 0x2c, 0x63, 0xad, 0x73, 0x91, 0x9c, 0xb5, 0xc5, 0xb9, 0xe6
.byte 0x1b, 0xef, 0xce, 0x83, 0x70, 0x8c, 0xbe, 0xf7, 0xde, 0xff, 0x9d, 0xf7, 0x9d, 0xf7, 0x9d, 0xf7
.byte 0x7c, 0xf7, 0x3b, 0xef, 0x1b, 0xef, 0x9d, 0xf7, 0xde, 0xff, 0xbe, 0xf7, 0xf6, 0xc5, 0x2b, 0x63
.byte 0xce, 0x73, 0x18, 0xae, 0x58, 0xb6, 0x10, 0x74, 0xcb, 0x5a, 0xf7, 0xbd, 0xff, 0xff, 0xff, 0xff
.byte 0xff, 0xff, 0xff, 0xff, 0xff, 0xff, 0xff, 0xff, 0xff, 0xff, 0xff, 0xff, 0xff, 0xff, 0xff, 0xff
.byte 0xff, 0xff, 0xff, 0xff, 0xff, 0xff, 0xff, 0xff, 0xff, 0xff, 0xff, 0xff, 0xff, 0xff, 0xff, 0xff
.byte 0xff, 0xff, 0xff, 0xff, 0xff, 0xff, 0xff, 0xff, 0xff, 0xff, 0xff, 0xff, 0xff, 0xff, 0xff, 0xff
.byte 0xff, 0xff, 0xff, 0xff, 0xff, 0xff, 0xff, 0xff, 0xff, 0xff, 0xff, 0xff, 0xff, 0xff, 0xff, 0xff
.byte 0xff, 0xff, 0xff, 0xff, 0xff, 0xff, 0xff, 0xff, 0xff, 0xff, 0xff, 0xff, 0xff, 0xff, 0xff, 0xff
.byte 0xff, 0xff, 0xff, 0xff, 0xff, 0xff, 0xff, 0xff, 0xff, 0xff, 0xff, 0xff, 0xff, 0xff, 0xff, 0xff
.byte 0xff, 0xff, 0xff, 0xff, 0xff, 0xff, 0xff, 0xff, 0xff, 0xff, 0xff, 0xff, 0xff, 0xff, 0xbe, 0xf7
.byte 0x14, 0xa5, 0xa6, 0x39, 0xe6, 0x49, 0x47, 0x5a, 0x23, 0x31, 0x48, 0x42, 0x96, 0x9d, 0x59, 0xb6
.byte 0xf7, 0xa5, 0xd7, 0xa5, 0xd7, 0xa5, 0xf7, 0xad, 0x18, 0xae, 0xf7, 0xad, 0x96, 0x9d, 0x13, 0x8d
.byte 0x30, 0x74, 0x4c, 0x5b, 0xeb, 0x5a, 0x8d, 0x73, 0x0f, 0x84, 0x0b, 0x63, 0x1b, 0xe7, 0xde, 0xff
.byte 0x9d, 0xf7, 0x9d, 0xf7, 0x7c, 0xf7, 0x1b, 0xef, 0xda, 0xe6, 0x1b, 0xef, 0x7c, 0xf7, 0x3b, 0xef
.byte 0xf7, 0xcd, 0x50, 0x8c, 0x8d, 0x73, 0x4c, 0x6b, 0xb2, 0x8c, 0x59, 0xb6, 0x38, 0xae, 0x38, 0xae
.byte 0xef, 0x73, 0xcb, 0x5a, 0x58, 0xce, 0xff, 0xff, 0xff, 0xff, 0xff, 0xff, 0xff, 0xff, 0xff, 0xff
.byte 0xff, 0xff, 0xff, 0xff, 0xff, 0xff, 0xff, 0xff, 0xff, 0xff, 0xff, 0xff, 0xff, 0xff, 0xff, 0xff
.byte 0xff, 0xff, 0xff, 0xff, 0xff, 0xff, 0xff, 0xff, 0xff, 0xff, 0xff, 0xff, 0xff, 0xff, 0xff, 0xff
.byte 0xff, 0xff, 0xff, 0xff, 0xff, 0xff, 0xff, 0xff, 0xff, 0xff, 0xff, 0xff, 0xff, 0xff, 0xff, 0xff
.byte 0xff, 0xff, 0xff, 0xff, 0xff, 0xff, 0xff, 0xff, 0xff, 0xff, 0xff, 0xff, 0xff, 0xff, 0xff, 0xff
.byte 0xff, 0xff, 0xff, 0xff, 0xff, 0xff, 0xff, 0xff, 0xff, 0xff, 0xff, 0xff, 0xff, 0xff, 0xff, 0xff
.byte 0xff, 0xff, 0xff, 0xff, 0xff, 0xff, 0xff, 0xff, 0xff, 0xff, 0xff, 0xff, 0xff, 0xff, 0xff, 0xff
.byte 0xff, 0xff, 0xff, 0xff, 0xdf, 0xff, 0xb2, 0x9c, 0x44, 0x31, 0xc6, 0x49, 0x27, 0x52, 0xa5, 0x49
.byte 0x44, 0x29, 0x30, 0x7c, 0x59, 0xb6, 0xf7, 0xa5, 0xd7, 0xa5, 0xf7, 0xa5, 0xd7, 0xa5, 0x96, 0xa5
.byte 0x76, 0x9d, 0xb6, 0xa5, 0xf7, 0xad, 0xf7, 0xad, 0xd7, 0xa5, 0x96, 0x9d, 0xf3, 0x8c, 0x0f, 0x6c
.byte 0x89, 0x4a, 0xeb, 0x5a, 0xfa, 0xe6, 0x7d, 0xf7, 0x1b, 0xef, 0xda, 0xee, 0xda, 0xe6, 0xfb, 0xee
.byte 0x5c, 0xf7, 0xfa, 0xee, 0xb5, 0xc5, 0xae, 0x7b, 0x28, 0x4a, 0x0f, 0x8c, 0x3b, 0xef, 0xfa, 0xe6
.byte 0xcf, 0x7b, 0xd2, 0x8c, 0x18, 0xae, 0xf7, 0xa5, 0xd7, 0xa5, 0x6e, 0x63, 0x4d, 0x6b, 0xfb, 0xde
.byte 0xff, 0xff, 0xff, 0xff, 0xff, 0xff, 0xff, 0xff, 0xff, 0xff, 0xff, 0xff, 0xff, 0xff, 0xff, 0xff
.byte 0xff, 0xff, 0xff, 0xff, 0xff, 0xff, 0xff, 0xff, 0xff, 0xff, 0xff, 0xff, 0xff, 0xff, 0xff, 0xff
.byte 0xff, 0xff, 0xff, 0xff, 0xff, 0xff, 0xff, 0xff, 0xff, 0xff, 0xff, 0xff, 0xff, 0xff, 0xff, 0xff
.byte 0xff, 0xff, 0xff, 0xff, 0xff, 0xff, 0xff, 0xff, 0xff, 0xff, 0xff, 0xff, 0xff, 0xff, 0xff, 0xff
.byte 0xff, 0xff, 0xff, 0xff, 0xff, 0xff, 0xff, 0xff, 0xff, 0xff, 0xff, 0xff, 0xff, 0xff, 0xff, 0xff
.byte 0xff, 0xff, 0xff, 0xff, 0xff, 0xff, 0xff, 0xff, 0xff, 0xff, 0xff, 0xff, 0xff, 0xff, 0xff, 0xff
.byte 0xff, 0xff, 0xff, 0xff, 0xff, 0xff, 0xff, 0xff, 0xff, 0xff, 0xff, 0xff, 0x18, 0xc6, 0x48, 0x52
.byte 0x07, 0x52, 0xe6, 0x49, 0x07, 0x52, 0x44, 0x39, 0x48, 0x42, 0x96, 0x9d, 0x58, 0xb6, 0xd7, 0xa5
.byte 0xd7, 0xa5, 0xf7, 0xa5, 0xf7, 0xad, 0xf7, 0xad, 0xb6, 0xa5, 0x75, 0x9d, 0x34, 0x95, 0x14, 0x8d
.byte 0x75, 0x9d, 0xf7, 0xa5, 0xd7, 0xa5, 0xb6, 0x9d, 0x54, 0x95, 0x6d, 0x63, 0xef, 0x83, 0xb5, 0xc5
.byte 0x37, 0xd6, 0x78, 0xde, 0xb9, 0xe6, 0x58, 0xd6, 0x13, 0xad, 0xef, 0x83, 0xae, 0x7b, 0x91, 0x94
.byte 0x95, 0xbd, 0x79, 0xe6, 0x7c, 0xf7, 0xff, 0xff, 0x17, 0xc6, 0x2c, 0x5b, 0x14, 0x8d, 0x75, 0x9d
.byte 0xf7, 0xa5, 0x55, 0x95, 0x10, 0x7c, 0x38, 0xce, 0xff, 0xff, 0xff, 0xff, 0xff, 0xff, 0xff, 0xff
.byte 0xff, 0xff, 0xff, 0xff, 0xff, 0xff, 0xff, 0xff, 0xff, 0xff, 0xff, 0xff, 0xff, 0xff, 0xff, 0xff
.byte 0xff, 0xff, 0xff, 0xff, 0xff, 0xff, 0xff, 0xff, 0xff, 0xff, 0x3c, 0xe7, 0xbe, 0xf7, 0xff, 0xff
.byte 0xff, 0xff, 0xff, 0xff, 0xff, 0xff, 0xff, 0xff, 0xff, 0xff, 0xff, 0xff, 0xff, 0xff, 0xff, 0xff
.byte 0xff, 0xff, 0xff, 0xff, 0xff, 0xff, 0xff, 0xff, 0xff, 0xff, 0xff, 0xff, 0xff, 0xff, 0xff, 0xff
.byte 0xff, 0xff, 0xff, 0xff, 0xff, 0xff, 0xff, 0xff, 0xff, 0xff, 0xff, 0xff, 0xff, 0xff, 0xff, 0xff
.byte 0xff, 0xff, 0xff, 0xff, 0xff, 0xff, 0xff, 0xff, 0xff, 0xff, 0xff, 0xff, 0xff, 0xff, 0xff, 0xff
.byte 0xff, 0xff, 0xdf, 0xff, 0xcf, 0x7b, 0x44, 0x39, 0x27, 0x5a, 0xc6, 0x49, 0x06, 0x52, 0x64, 0x39
.byte 0x6d, 0x6b, 0x18, 0xae, 0x18, 0xb6, 0xf7, 0xad, 0xf7, 0xad, 0xf7, 0xad, 0xf7, 0xad, 0xf7, 0xad
.byte 0x17, 0xae, 0x17, 0xae, 0xf7, 0xa5, 0x55, 0x9d, 0xd3, 0x8c, 0x34, 0x95, 0xb6, 0xa5, 0xd7, 0xa5
.byte 0xf7, 0xa5, 0x75, 0x9d, 0xef, 0x73, 0x6d, 0x6b, 0xad, 0x73, 0x2f, 0x84, 0xce, 0x83, 0x8d, 0x7b
.byte 0x2b, 0x73, 0xce, 0x83, 0x3c, 0xef, 0xff, 0xff, 0x7c, 0xf7, 0xb9, 0xe6, 0x5b, 0xef, 0xdd, 0xff
.byte 0x9d, 0xf7, 0xb2, 0x9c, 0xeb, 0x52, 0x34, 0x95, 0xd6, 0x9d, 0x18, 0xae, 0x9a, 0xc6, 0x79, 0xce
.byte 0x79, 0xce, 0xff, 0xff, 0xff, 0xff, 0xff, 0xff, 0xff, 0xff, 0xff, 0xff, 0xff, 0xff, 0xff, 0xff
.byte 0xff, 0xff, 0xff, 0xff, 0xff, 0xff, 0xff, 0xff, 0xff, 0xff, 0xff, 0xff, 0xff, 0xff, 0x79, 0xce
.byte 0xf7, 0xbd, 0x92, 0x94, 0x71, 0x94, 0x3c, 0xe7, 0xff, 0xff, 0xff, 0xff, 0xff, 0xff, 0xff, 0xff
.byte 0xff, 0xff, 0xff, 0xff, 0xff, 0xff, 0xff, 0xff, 0xff, 0xff, 0xff, 0xff, 0xff, 0xff, 0xff, 0xff
.byte 0xff, 0xff, 0xff, 0xff, 0xff, 0xff, 0xff, 0xff, 0xff, 0xff, 0xff, 0xff, 0xff, 0xff, 0xff, 0xff
.byte 0xff, 0xff, 0xff, 0xff, 0xff, 0xff, 0xff, 0xff, 0xff, 0xff, 0xff, 0xff, 0xff, 0xff, 0xff, 0xff
.byte 0xff, 0xff, 0xff, 0xff, 0xff, 0xff, 0xff, 0xff, 0xff, 0xff, 0x59, 0xce, 0x07, 0x42, 0x44, 0x39
.byte 0x07, 0x52, 0x64, 0x39, 0x23, 0x31, 0x44, 0x31, 0x30, 0x7c, 0x59, 0xb6, 0x18, 0xae, 0xf7, 0xad
.byte 0xf7, 0xad, 0xf7, 0xad, 0xf7, 0xad, 0xf7, 0xa5, 0xf7, 0xa5, 0xf7, 0xad, 0xf7, 0xad, 0x18, 0xae
.byte 0xd7, 0xa5, 0x14, 0x8d, 0x34, 0x95, 0x96, 0x9d, 0xf7, 0xa5, 0x17, 0xae, 0xd7, 0xa5, 0x13, 0x8d
.byte 0x30, 0x74, 0xae, 0x63, 0x49, 0x4a, 0x33, 0xb5, 0x78, 0xde, 0x90, 0x9c, 0xf7, 0xcd, 0xde, 0xff
.byte 0xbd, 0xff, 0x9c, 0xf7, 0x9c, 0xf7, 0x7c, 0xf7, 0xdd, 0xff, 0x1b, 0xe7, 0x6d, 0x6b, 0xcf, 0x6b
.byte 0xf7, 0xad, 0x18, 0xae, 0x79, 0xbe, 0x71, 0x84, 0x4c, 0x6b, 0xfb, 0xde, 0xff, 0xff, 0xff, 0xff
.byte 0xff, 0xff, 0xff, 0xff, 0xda, 0xde, 0x34, 0xa5, 0xd3, 0x9c, 0x17, 0xc6, 0xbe, 0xf7, 0xff, 0xff
.byte 0xff, 0xff, 0x18, 0xc6, 0x76, 0xb5, 0x92, 0x94, 0xd7, 0xbd, 0x35, 0xad, 0xa6, 0x39, 0xf2, 0x9c
.byte 0x1b, 0xe7, 0x7d, 0xef, 0x38, 0xc6, 0x17, 0xc6, 0xff, 0xff, 0xff, 0xff, 0xff, 0xff, 0xff, 0xff
.byte 0xff, 0xff, 0xff, 0xff, 0xff, 0xff, 0xff, 0xff, 0xff, 0xff, 0xff, 0xff, 0xff, 0xff, 0xff, 0xff
.byte 0xff, 0xff, 0xff, 0xff, 0xff, 0xff, 0xff, 0xff, 0xff, 0xff, 0xff, 0xff, 0xff, 0xff, 0xff, 0xff
.byte 0xff, 0xff, 0xff, 0xff, 0xff, 0xff, 0xff, 0xff, 0xff, 0xff, 0xff, 0xff, 0xff, 0xff, 0xff, 0xff
.byte 0xdb, 0xde, 0xeb, 0x62, 0x23, 0x29, 0xa5, 0x41, 0x23, 0x31, 0x28, 0x4a, 0x8d, 0x7b, 0xaa, 0x52
.byte 0x51, 0x7c, 0x38, 0xb6, 0x18, 0xae, 0xf7, 0xad, 0xf7, 0xad, 0xf7, 0xad, 0xf7, 0xad, 0xf7, 0xad
.byte 0xf7, 0xa5, 0xf7, 0xad, 0xf7, 0xad, 0x17, 0xae, 0x38, 0xae, 0x96, 0x9d, 0x51, 0x7c, 0xd3, 0x8c
.byte 0xb6, 0xa5, 0xf7, 0xa5, 0xf7, 0xad, 0xf7, 0xad, 0xf7, 0xad, 0x51, 0x7c, 0xeb, 0x62, 0xb9, 0xe6
.byte 0x9d, 0xff, 0x94, 0xbd, 0x0e, 0x8c, 0x3b, 0xef, 0xde, 0xff, 0x9d, 0xf7, 0x9d, 0xf7, 0x7c, 0xf7
.byte 0x9d, 0xf7, 0xff, 0xff, 0xf7, 0xbd, 0xcb, 0x52, 0x55, 0x9d, 0xf7, 0xad, 0x18, 0xae, 0xb6, 0xa5
.byte 0xae, 0x73, 0x92, 0x94, 0xff, 0xff, 0xff, 0xff, 0x59, 0xce, 0x72, 0x94, 0x8e, 0x7b, 0xd0, 0x83
.byte 0x4e, 0x73, 0x6e, 0x73, 0x75, 0xad, 0x79, 0xce, 0x55, 0xad, 0xaf, 0x7b, 0x11, 0x8c, 0xf5, 0xac
.byte 0xf8, 0xcd, 0x72, 0x9c, 0xe8, 0x41, 0x0c, 0x63, 0xf7, 0xc5, 0xff, 0xff, 0x55, 0xad, 0x8a, 0x5a
.byte 0xcf, 0x7b, 0x3c, 0xe7, 0xff, 0xff, 0xff, 0xff, 0xff, 0xff, 0xff, 0xff, 0xff, 0xff, 0xff, 0xff
.byte 0xff, 0xff, 0xff, 0xff, 0xff, 0xff, 0xff, 0xff, 0xff, 0xff, 0xff, 0xff, 0xff, 0xff, 0xff, 0xff
.byte 0xff, 0xff, 0xff, 0xff, 0xff, 0xff, 0xff, 0xff, 0xff, 0xff, 0xff, 0xff, 0xff, 0xff, 0xff, 0xff
.byte 0xff, 0xff, 0xff, 0xff, 0xff, 0xff, 0xff, 0xff, 0xf3, 0xa4, 0x85, 0x39, 0x07, 0x52, 0x64, 0x39
.byte 0xa2, 0x18, 0x14, 0xa5, 0xdb, 0xde, 0x2c, 0x63, 0x10, 0x74, 0x18, 0xae, 0xf7, 0xad, 0xf7, 0xad
.byte 0xf7, 0xa5, 0xf7, 0xad, 0xf7, 0xad, 0xf7, 0xa5, 0xf7, 0xa5, 0xd7, 0xa5, 0xf7, 0xa5, 0xf7, 0xad
.byte 0x17, 0xae, 0x18, 0xae, 0xd3, 0x8c, 0x2c, 0x5b, 0xd3, 0x8c, 0x18, 0xae, 0xf7, 0xa5, 0x38, 0xae
.byte 0x9a, 0xbe, 0x10, 0x74, 0x89, 0x52, 0x99, 0xde, 0xfe, 0xff, 0xfa, 0xee, 0x2f, 0x94, 0x95, 0xbd
.byte 0xde, 0xff, 0x9d, 0xf7, 0x9d, 0xf7, 0x9d, 0xf7, 0x9c, 0xf7, 0xfe, 0xff, 0x5c, 0xef, 0xcf, 0x7b
.byte 0xef, 0x6b, 0x38, 0xae, 0x58, 0xb6, 0x79, 0xbe, 0xd2, 0x8c, 0xaa, 0x52, 0xae, 0x7b, 0x14, 0xad
.byte 0x72, 0x94, 0x12, 0x94, 0x94, 0xa4, 0x16, 0xb5, 0xd1, 0x8b, 0x45, 0x29, 0xa6, 0x39, 0x6a, 0x52
.byte 0x09, 0x4a, 0xab, 0x62, 0xec, 0x62, 0xab, 0x5a, 0x29, 0x4a, 0x29, 0x4a, 0x32, 0x94, 0x15, 0xad
.byte 0x77, 0xbd, 0x39, 0xce, 0x77, 0xbd, 0x33, 0x9c, 0x6b, 0x5a, 0x10, 0x84, 0x9e, 0xf7, 0xff, 0xff
.byte 0xff, 0xff, 0xff, 0xff, 0xff, 0xff, 0xff, 0xff, 0xff, 0xff, 0xff, 0xff, 0xff, 0xff, 0xff, 0xff
.byte 0xff, 0xff, 0xff, 0xff, 0xff, 0xff, 0xff, 0xff, 0xff, 0xff, 0xff, 0xff, 0xff, 0xff, 0xff, 0xff
.byte 0xff, 0xff, 0xff, 0xff, 0xff, 0xff, 0xff, 0xff, 0xff, 0xff, 0xff, 0xff, 0xff, 0xff, 0xbe, 0xf7
.byte 0xae, 0x7b, 0x85, 0x41, 0x27, 0x52, 0x81, 0x18, 0x89, 0x52, 0x5c, 0xe7, 0x7d, 0xef, 0x8d, 0x6b
.byte 0x10, 0x6c, 0xd7, 0xa5, 0xf7, 0xa5, 0xf7, 0xad, 0xf7, 0xa5, 0x17, 0xae, 0xf7, 0xa5, 0x18, 0xae
.byte 0xfb, 0xd6, 0x1c, 0xdf, 0x38, 0xb6, 0xd7, 0xa5, 0xf7, 0xad, 0x18, 0xae, 0x38, 0xb6, 0x10, 0x74
.byte 0xcb, 0x52, 0x75, 0x9d, 0x59, 0xb6, 0xd6, 0xa5, 0x50, 0x7c, 0x89, 0x62, 0x28, 0x52, 0x99, 0xde
.byte 0xdd, 0xff, 0x9c, 0xf7, 0x95, 0xbd, 0x71, 0x9c, 0x9d, 0xf7, 0xbd, 0xff, 0x9d, 0xf7, 0x9d, 0xf7
.byte 0x9c, 0xf7, 0xbd, 0xff, 0xff, 0xff, 0xf7, 0xbd, 0x48, 0x42, 0x8d, 0x63, 0x50, 0x7c, 0x50, 0x7c
.byte 0xca, 0x52, 0x0d, 0x6b, 0x72, 0x9c, 0x36, 0xb5, 0x36, 0xb5, 0x57, 0xbd, 0x77, 0xbd, 0xf1, 0x8b
.byte 0x29, 0x4a, 0xc7, 0x41, 0x6a, 0x52, 0x4e, 0x73, 0xb0, 0x83, 0xb0, 0x83, 0x11, 0x8c, 0x73, 0x9c
.byte 0x31, 0x8c, 0xab, 0x52, 0x0d, 0x6b, 0x77, 0xb5, 0x77, 0xbd, 0xd5, 0xac, 0xd5, 0xac, 0x37, 0xb5
.byte 0xb1, 0x8b, 0x49, 0x52, 0x9a, 0xd6, 0xff, 0xff, 0xff, 0xff, 0xff, 0xff, 0xff, 0xff, 0xff, 0xff
.byte 0xff, 0xff, 0xff, 0xff, 0xff, 0xff, 0xff, 0xff, 0xff, 0xff, 0xff, 0xff, 0xff, 0xff, 0xff, 0xff
.byte 0xff, 0xff, 0xff, 0xff, 0xff, 0xff, 0xff, 0xff, 0xff, 0xff, 0xff, 0xff, 0xff, 0xff, 0xff, 0xff
.byte 0xff, 0xff, 0xff, 0xff, 0xff, 0xff, 0x54, 0xad, 0xe6, 0x49, 0xa5, 0x49, 0x44, 0x31, 0xca, 0x5a
.byte 0xfb, 0xde, 0xff, 0xff, 0xff, 0xff, 0x50, 0x84, 0xef, 0x6b, 0x76, 0x95, 0xd7, 0xa5, 0xf7, 0xad
.byte 0xf7, 0xad, 0x17, 0xae, 0xf7, 0xa5, 0x38, 0xb6, 0x9e, 0xf7, 0xff, 0xff, 0x79, 0xbe, 0xd7, 0xa5
.byte 0xf7, 0xad, 0xf7, 0xad, 0x18, 0xae, 0x38, 0xb6, 0x2c, 0x5b, 0x4c, 0x63, 0xf3, 0x94, 0xaa, 0x5a
.byte 0x03, 0x39, 0x85, 0x69, 0x69, 0x72, 0x99, 0xd6, 0xdd, 0xff, 0xbd, 0xff, 0xfa, 0xe6, 0x91, 0x9c
.byte 0xda, 0xde, 0xbd, 0xff, 0x9c, 0xf7, 0x9d, 0xf7, 0xdd, 0xff, 0xde, 0xff, 0x17, 0xc6, 0x8d, 0x73
.byte 0x8d, 0x6b, 0xd2, 0x9c, 0x0b, 0x63, 0xa7, 0x39, 0xf0, 0x83, 0x56, 0xb5, 0x57, 0xb5, 0x36, 0xb5
.byte 0x16, 0xb5, 0x73, 0x94, 0x2d, 0x6b, 0xec, 0x62, 0x31, 0x8c, 0xf5, 0xac, 0x16, 0xb5, 0xf5, 0xac
.byte 0xd5, 0xac, 0xf6, 0xac, 0x16, 0xb5, 0x36, 0xb5, 0x77, 0xbd, 0xf5, 0xac, 0x4a, 0x52, 0x11, 0x8c
.byte 0x77, 0xbd, 0x36, 0xb5, 0x16, 0xb5, 0xf5, 0xac, 0x0e, 0x73, 0x69, 0x52, 0x9a, 0xd6, 0xff, 0xff
.byte 0xff, 0xff, 0xff, 0xff, 0xff, 0xff, 0xff, 0xff, 0xff, 0xff, 0xff, 0xff, 0xff, 0xff, 0xff, 0xff
.byte 0xff, 0xff, 0xff, 0xff, 0xff, 0xff, 0xff, 0xff, 0xff, 0xff, 0xff, 0xff, 0xff, 0xff, 0xff, 0xff
.byte 0xff, 0xff, 0xff, 0xff, 0xff, 0xff, 0xff, 0xff, 0xff, 0xff, 0x5c, 0xe7, 0x71, 0xa4, 0xc6, 0x69
.byte 0x07, 0x72, 0x64, 0x49, 0xca, 0x62, 0x5c, 0xe7, 0xff, 0xff, 0xff, 0xff, 0xff, 0xff, 0x92, 0x8c
.byte 0x10, 0x6c, 0x55, 0x95, 0xb6, 0x9d, 0x17, 0xae, 0xf7, 0xa5, 0x17, 0xae, 0xf7, 0xa5, 0x18, 0xae
.byte 0x99, 0xc6, 0x79, 0xc6, 0x17, 0xae, 0xf7, 0xa5, 0xf7, 0xad, 0xf7, 0xad, 0xf7, 0xad, 0x38, 0xb6
.byte 0xf7, 0xad, 0xeb, 0x52, 0x44, 0x31, 0xc6, 0x71, 0xa6, 0x61, 0x03, 0x49, 0x07, 0x6a, 0x78, 0xd6
.byte 0xff, 0xff, 0xff, 0xff, 0xde, 0xff, 0x74, 0xbd, 0xd6, 0xc5, 0xfe, 0xff, 0xde, 0xff, 0xde, 0xff
.byte 0x1b, 0xe7, 0x70, 0x8c, 0x4c, 0x6b, 0x54, 0xad, 0x9e, 0xf7, 0xfb, 0xde, 0x8d, 0x73, 0xb0, 0x83
.byte 0x77, 0xbd, 0x36, 0xb5, 0xf5, 0xac, 0xf5, 0xac, 0xf5, 0xac, 0x52, 0x94, 0xd0, 0x83, 0xd4, 0xa4
.byte 0x56, 0xb5, 0x36, 0xb5, 0x16, 0xb5, 0xf5, 0xac, 0xf5, 0xac, 0xd5, 0xac, 0xd5, 0xac, 0xd5, 0xac
.byte 0xf5, 0xac, 0xf5, 0xac, 0x8b, 0x5a, 0x6e, 0x73, 0x56, 0xb5, 0x56, 0xb5, 0x15, 0xad, 0x73, 0xa4
.byte 0x08, 0x4a, 0x50, 0x8c, 0x3c, 0xe7, 0xff, 0xff, 0xff, 0xff, 0xff, 0xff, 0xff, 0xff, 0xff, 0xff
.byte 0xff, 0xff, 0xff, 0xff, 0xff, 0xff, 0xff, 0xff, 0xff, 0xff, 0xff, 0xff, 0xff, 0xff, 0xff, 0xff
.byte 0xff, 0xff, 0xff, 0xff, 0xff, 0xff, 0xff, 0xff, 0xff, 0xff, 0xff, 0xff, 0xff, 0xff, 0xff, 0xff
.byte 0x55, 0xb5, 0xa6, 0x51, 0x65, 0x69, 0x48, 0x92, 0x68, 0x9a, 0x44, 0x59, 0x0f, 0x8c, 0xde, 0xf7
.byte 0xff, 0xff, 0xff, 0xff, 0xff, 0xff, 0xb2, 0x94, 0xcf, 0x6b, 0x14, 0x8d, 0x96, 0x9d, 0x17, 0xa6
.byte 0xf7, 0xa5, 0xf7, 0xad, 0xf7, 0xad, 0xf7, 0xad, 0xf7, 0xa5, 0xd7, 0xa5, 0xf7, 0xa5, 0xf7, 0xad
.byte 0xf7, 0xa5, 0xf7, 0xad, 0xf7, 0xad, 0xf7, 0xad, 0x58, 0xb6, 0x75, 0x9d, 0xa6, 0x39, 0xc6, 0x79
.byte 0x07, 0x72, 0x85, 0x31, 0x65, 0x31, 0x71, 0x94, 0xb9, 0xde, 0xda, 0xde, 0xfa, 0xe6, 0xf6, 0xc5
.byte 0x33, 0xad, 0x7c, 0xf7, 0xba, 0xde, 0xb2, 0x9c, 0x89, 0x52, 0xce, 0x7b, 0x5c, 0xef, 0xde, 0xff
.byte 0xff, 0xff, 0xfa, 0xe6, 0xef, 0x83, 0x73, 0x9c, 0x77, 0xbd, 0xf5, 0xac, 0xf5, 0xac, 0xd5, 0xac
.byte 0xf5, 0xac, 0xf5, 0xac, 0x15, 0xad, 0x15, 0xad, 0x15, 0xad, 0xf5, 0xac, 0xf5, 0xac, 0xf5, 0xac
.byte 0xf5, 0xac, 0xf5, 0xac, 0xf5, 0xac, 0xd5, 0xa4, 0x53, 0x9c, 0x12, 0x94, 0xe8, 0x49, 0x2d, 0x73
.byte 0xf5, 0xac, 0xd5, 0xac, 0x33, 0x9c, 0x8b, 0x62, 0xeb, 0x5a, 0x5c, 0xef, 0xbe, 0xf7, 0xff, 0xff
.byte 0xff, 0xff, 0xff, 0xff, 0xff, 0xff, 0xff, 0xff, 0xff, 0xff, 0xff, 0xff, 0xff, 0xff, 0xff, 0xff
.byte 0xff, 0xff, 0xff, 0xff, 0xff, 0xff, 0xff, 0xff, 0xff, 0xff, 0xff, 0xff, 0xff, 0xff, 0xff, 0xff
.byte 0xff, 0xff, 0xff, 0xff, 0xbe, 0xf7, 0xb2, 0xa4, 0x24, 0x51, 0xa6, 0x71, 0x08, 0x82, 0x28, 0x8a
.byte 0xe7, 0x81, 0x44, 0x51, 0xb2, 0x9c, 0xff, 0xff, 0xff, 0xff, 0xff, 0xff, 0xff, 0xff, 0x95, 0xb5
.byte 0xcf, 0x73, 0x72, 0x7c, 0x75, 0x95, 0xd7, 0xa5, 0x17, 0xae, 0xf7, 0xad, 0xf7, 0xad, 0xf7, 0xad
.byte 0xf7, 0xad, 0xf7, 0xad, 0xf7, 0xad, 0xf7, 0xad, 0xf7, 0xa5, 0xf7, 0xad, 0xf7, 0xad, 0xf7, 0xa5
.byte 0xf7, 0xad, 0x79, 0xb6, 0xd3, 0x8c, 0xe7, 0x61, 0xe7, 0x61, 0xce, 0x6b, 0x4c, 0x5b, 0x2c, 0x5b
.byte 0x4c, 0x63, 0x8d, 0x6b, 0x6c, 0x6b, 0x0b, 0x63, 0x2c, 0x6b, 0xce, 0x7b, 0x2c, 0x63, 0xeb, 0x52
.byte 0x0b, 0x5b, 0x99, 0xd6, 0xff, 0xff, 0x9c, 0xf7, 0xbd, 0xff, 0xde, 0xff, 0x34, 0xa5, 0x2d, 0x6b
.byte 0x16, 0xb5, 0xf5, 0xac, 0xd5, 0xac, 0xd5, 0xac, 0xd5, 0xac, 0xf5, 0xac, 0x15, 0xad, 0x15, 0xad
.byte 0x15, 0xad, 0x15, 0xad, 0x15, 0xad, 0x16, 0xad, 0x15, 0xad, 0xf5, 0xac, 0xb4, 0xa4, 0x53, 0x9c
.byte 0x13, 0x94, 0xcd, 0x6a, 0xe8, 0x49, 0xb0, 0x8b, 0xf2, 0x9b, 0x2f, 0x7b, 0x09, 0x4a, 0x8a, 0x52
.byte 0xfb, 0xde, 0xff, 0xff, 0xff, 0xff, 0xff, 0xff, 0xff, 0xff, 0xff, 0xff, 0xff, 0xff, 0xff, 0xff
.byte 0xff, 0xff, 0xff, 0xff, 0xff, 0xff, 0xff, 0xff, 0xff, 0xff, 0xff, 0xff, 0xff, 0xff, 0xff, 0xff
.byte 0xff, 0xff, 0xff, 0xff, 0xff, 0xff, 0xff, 0xff, 0xff, 0xff, 0xbe, 0xf7, 0x14, 0xb5, 0xa6, 0x69
.byte 0x08, 0x82, 0x08, 0x82, 0x69, 0x92, 0x69, 0x92, 0xa6, 0x69, 0x24, 0x41, 0x75, 0xad, 0xff, 0xff
.byte 0xff, 0xff, 0xff, 0xff, 0xff, 0xff, 0x3c, 0xe7, 0xcf, 0x73, 0xf0, 0x6b, 0x75, 0x95, 0x96, 0x9d
.byte 0x18, 0xae, 0xf7, 0xad, 0xf7, 0xad, 0xf7, 0xad, 0xf7, 0xad, 0xf7, 0xad, 0xf7, 0xad, 0xf7, 0xad
.byte 0xf7, 0xad, 0x17, 0xae, 0x17, 0xae, 0xf7, 0xad, 0xf7, 0xad, 0x17, 0xae, 0x59, 0xb6, 0xef, 0x7b
.byte 0x86, 0x41, 0xcf, 0x73, 0xcf, 0x6b, 0xf3, 0x8c, 0xf3, 0x84, 0xcf, 0x6b, 0xaa, 0x4a, 0x28, 0x3a
.byte 0xaa, 0x4a, 0xef, 0x73, 0xd6, 0xa5, 0x18, 0xb6, 0xb2, 0x94, 0xda, 0xde, 0xfe, 0xff, 0x9d, 0xf7
.byte 0x9d, 0xf7, 0xff, 0xff, 0xfb, 0xde, 0x4c, 0x6b, 0x2e, 0x73, 0x16, 0xb5, 0xd5, 0xac, 0xd5, 0xac
.byte 0xd5, 0xac, 0xf5, 0xac, 0x15, 0xad, 0x15, 0xad, 0x15, 0xad, 0x15, 0xad, 0xf5, 0xac, 0xd4, 0xa4
.byte 0x94, 0xa4, 0x73, 0x9c, 0x33, 0x9c, 0x13, 0x94, 0x6f, 0x83, 0x29, 0x4a, 0xcd, 0x6a, 0x2e, 0x7b
.byte 0x2a, 0x52, 0xe7, 0x41, 0x0f, 0x84, 0x7c, 0xef, 0xff, 0xff, 0xff, 0xff, 0xff, 0xff, 0xff, 0xff
.byte 0xff, 0xff, 0xff, 0xff, 0xff, 0xff, 0xff, 0xff, 0xff, 0xff, 0xff, 0xff, 0xff, 0xff, 0xff, 0xff
.byte 0xff, 0xff, 0xff, 0xff, 0xff, 0xff, 0xff, 0xff, 0xff, 0xff, 0xff, 0xff, 0xff, 0xff, 0xff, 0xff
.byte 0xff, 0xff, 0x1c, 0xe7, 0x0c, 0x73, 0xc7, 0x81, 0x69, 0x9a, 0x69, 0x9a, 0x8a, 0x9a, 0x69, 0x92
.byte 0x04, 0x49, 0xa6, 0x41, 0xda, 0xd6, 0xff, 0xff, 0xff, 0xff, 0xff, 0xff, 0xff, 0xff, 0xff, 0xff
.byte 0xae, 0x73, 0x2c, 0x53, 0x35, 0x95, 0x55, 0x95, 0xd7, 0xa5, 0x18, 0xae, 0xf7, 0xad, 0xf7, 0xad
.byte 0xf7, 0xad, 0xf7, 0xa5, 0xd7, 0xa5, 0xb6, 0xa5, 0x96, 0x9d, 0xb6, 0x9d, 0x96, 0x9d, 0xb6, 0xa5
.byte 0xb6, 0xa5, 0xd6, 0xa5, 0x38, 0xb6, 0x18, 0xae, 0xeb, 0x52, 0x69, 0x4a, 0x0c, 0x5b, 0xb6, 0xb5
.byte 0x95, 0xad, 0xcb, 0x52, 0x8e, 0x63, 0x13, 0x8d, 0x17, 0xae, 0x59, 0xb6, 0x59, 0xb6, 0xd6, 0xad
.byte 0x71, 0x8c, 0x79, 0xce, 0xff, 0xff, 0x9d, 0xf7, 0x9d, 0xf7, 0xbd, 0xff, 0xfe, 0xff, 0xb5, 0xb5
.byte 0x29, 0x4a, 0x6f, 0x7b, 0x94, 0xa4, 0x94, 0xa4, 0x94, 0xa4, 0x94, 0xa4, 0x74, 0x9c, 0x74, 0x9c
.byte 0x74, 0x9c, 0x74, 0x9c, 0x74, 0x9c, 0x53, 0x9c, 0x12, 0x94, 0xd1, 0x8b, 0x4e, 0x73, 0xab, 0x5a
.byte 0x08, 0x4a, 0x4a, 0x52, 0xcc, 0x62, 0x0b, 0x63, 0x50, 0x8c, 0x99, 0xd6, 0xff, 0xff, 0xff, 0xff
.byte 0xff, 0xff, 0xff, 0xff, 0xff, 0xff, 0xff, 0xff, 0xff, 0xff, 0xff, 0xff, 0xff, 0xff, 0xff, 0xff
.byte 0xff, 0xff, 0xff, 0xff, 0xff, 0xff, 0xff, 0xff, 0xff, 0xff, 0xff, 0xff, 0xff, 0xff, 0xff, 0xff
.byte 0xff, 0xff, 0xff, 0xff, 0xff, 0xff, 0xff, 0xff, 0xff, 0xff, 0xbe, 0xf7, 0xf3, 0xa4, 0xe7, 0x59
.byte 0x07, 0x8a, 0xeb, 0xba, 0x89, 0xa2, 0xc7, 0x69, 0xa2, 0x30, 0x0b, 0x63, 0x7d, 0xef, 0xff, 0xff
.byte 0xff, 0xff, 0xff, 0xff, 0xff, 0xff, 0xff, 0xff, 0x92, 0x8c, 0xaa, 0x4a, 0x72, 0x84, 0x55, 0x95
.byte 0x75, 0x9d, 0xf7, 0xad, 0xf7, 0xad, 0xf7, 0xad, 0xf7, 0xad, 0xd7, 0xa5, 0xb6, 0x9d, 0x75, 0x9d
.byte 0x55, 0x95, 0x75, 0x9d, 0x75, 0x9d, 0x96, 0x9d, 0xd7, 0xa5, 0x17, 0xae, 0xf7, 0xa5, 0xd7, 0xa5
.byte 0xef, 0x6b, 0x8a, 0x42, 0xf3, 0x94, 0x3c, 0xe7, 0xdb, 0xd6, 0x95, 0x9d, 0x38, 0xb6, 0x38, 0xb6
.byte 0xf7, 0xa5, 0xd6, 0xa5, 0xf7, 0xad, 0xf7, 0xad, 0x71, 0x84, 0xb2, 0x9c, 0xff, 0xff, 0x9d, 0xf7
.byte 0x9c, 0xf7, 0x7c, 0xf7, 0xbd, 0xff, 0xde, 0xff, 0x74, 0xad, 0xab, 0x5a, 0x6f, 0x7b, 0xd1, 0x8b
.byte 0xf1, 0x8b, 0xf2, 0x93, 0xb1, 0x83, 0x4f, 0x7b, 0x2f, 0x7b, 0x0e, 0x73, 0x0e, 0x73, 0x0e, 0x73
.byte 0x0d, 0x6b, 0x0c, 0x63, 0x4d, 0x73, 0x4c, 0x6b, 0xa6, 0x39, 0x8e, 0x73, 0x59, 0xce, 0xfb, 0xde
.byte 0xff, 0xff, 0xff, 0xff, 0xff, 0xff, 0xff, 0xff, 0xff, 0xff, 0xff, 0xff, 0xff, 0xff, 0xff, 0xff
.byte 0xff, 0xff, 0xff, 0xff, 0xff, 0xff, 0xff, 0xff, 0xff, 0xff, 0xff, 0xff, 0xff, 0xff, 0xff, 0xff
.byte 0xff, 0xff, 0xff, 0xff, 0xff, 0xff, 0xff, 0xff, 0xff, 0xff, 0xff, 0xff, 0xff, 0xff, 0xff, 0xff
.byte 0xff, 0xff, 0xff, 0xff, 0x3c, 0xe7, 0xcb, 0x62, 0x03, 0x49, 0x07, 0x7a, 0x07, 0x7a, 0x65, 0x59
.byte 0x03, 0x39, 0xf3, 0xa4, 0xff, 0xff, 0xff, 0xff, 0xff, 0xff, 0xff, 0xff, 0xff, 0xff, 0x7d, 0xef
.byte 0xb3, 0x8c, 0x2d, 0x5b, 0x8e, 0x63, 0xf4, 0x8c, 0x35, 0x95, 0x96, 0xa5, 0x17, 0xae, 0xf7, 0xad
.byte 0xf7, 0xa5, 0xd7, 0xa5, 0xd7, 0xa5, 0xf7, 0xa5, 0xf7, 0xad, 0xf7, 0xad, 0x17, 0xae, 0x38, 0xae
.byte 0x38, 0xb6, 0x96, 0x9d, 0xd3, 0x84, 0x71, 0x7c, 0xae, 0x63, 0x55, 0x95, 0x79, 0xbe, 0x79, 0xbe
.byte 0x79, 0xbe, 0x38, 0xae, 0xf7, 0xad, 0xf7, 0xad, 0xf7, 0xad, 0xd7, 0xad, 0xf7, 0xad, 0x38, 0xb6
.byte 0x55, 0x9d, 0x6d, 0x6b, 0x58, 0xce, 0xfe, 0xff, 0x7c, 0xf7, 0x9c, 0xf7, 0xbd, 0xf7, 0xfe, 0xff
.byte 0x9d, 0xf7, 0x75, 0xb5, 0xef, 0x83, 0xae, 0x7b, 0xcb, 0x5a, 0xe8, 0x49, 0x6a, 0x5a, 0x0c, 0x6b
.byte 0xcb, 0x62, 0xcb, 0x62, 0x0b, 0x6b, 0xae, 0x83, 0x91, 0x9c, 0x74, 0xb5, 0xfa, 0xee, 0x33, 0xad
.byte 0xca, 0x5a, 0xfb, 0xde, 0xff, 0xff, 0xff, 0xff, 0xff, 0xff, 0xff, 0xff, 0xff, 0xff, 0xff, 0xff
.byte 0xff, 0xff, 0xff, 0xff, 0xff, 0xff, 0xff, 0xff, 0xff, 0xff, 0xff, 0xff, 0xff, 0xff, 0xff, 0xff
.byte 0xff, 0xff, 0xff, 0xff, 0xff, 0xff, 0xff, 0xff, 0xff, 0xff, 0xff, 0xff, 0xff, 0xff, 0xff, 0xff
.byte 0xff, 0xff, 0xff, 0xff, 0xff, 0xff, 0xff, 0xff, 0xff, 0xff, 0xff, 0xff, 0x79, 0xd6, 0x48, 0x7a
.byte 0x27, 0x82, 0x85, 0x59, 0xa6, 0x69, 0x44, 0x51, 0xe7, 0x51, 0xba, 0xd6, 0xff, 0xff, 0xff, 0xff
.byte 0xff, 0xff, 0xff, 0xff, 0xff, 0xff, 0xdb, 0xde, 0x10, 0x74, 0x71, 0x7c, 0x4d, 0x5b, 0xf0, 0x6b
.byte 0x15, 0x8d, 0x14, 0x8d, 0xb6, 0xa5, 0xf7, 0xad, 0xf7, 0xad, 0xf7, 0xad, 0xf7, 0xad, 0x17, 0xae
.byte 0x17, 0xae, 0xf7, 0xad, 0x18, 0xae, 0xd7, 0xa5, 0xb3, 0x84, 0x51, 0x7c, 0x51, 0x74, 0xd0, 0x63
.byte 0x14, 0x8d, 0x38, 0xae, 0xf7, 0xad, 0xd7, 0xa5, 0xd7, 0xa5, 0xf7, 0xad, 0xf7, 0xad, 0xf7, 0xad
.byte 0xf7, 0xad, 0xf7, 0xad, 0xf7, 0xad, 0xf7, 0xad, 0x17, 0xae, 0x51, 0x7c, 0x2c, 0x63, 0xfa, 0xde
.byte 0xfe, 0xff, 0x9d, 0xf7, 0x9d, 0xf7, 0x5c, 0xef, 0xda, 0xe6, 0x99, 0xde, 0x99, 0xde, 0xd6, 0xcd
.byte 0x4c, 0x6b, 0x48, 0x3a, 0xaa, 0x52, 0x0e, 0x8c, 0xb5, 0xc5, 0x17, 0xd6, 0x57, 0xde, 0xb9, 0xe6
.byte 0x1a, 0xf7, 0x9c, 0xff, 0x3b, 0xf7, 0xeb, 0x62, 0xb2, 0x9c, 0xff, 0xff, 0xff, 0xff, 0xff, 0xff
.byte 0xff, 0xff, 0xff, 0xff, 0xff, 0xff, 0xff, 0xff, 0xff, 0xff, 0xff, 0xff, 0xff, 0xff, 0xff, 0xff
.byte 0xff, 0xff, 0xff, 0xff, 0xff, 0xff, 0xff, 0xff, 0xff, 0xff, 0xff, 0xff, 0xff, 0xff, 0xff, 0xff
.byte 0xff, 0xff, 0xff, 0xff, 0xff, 0xff, 0xff, 0xff, 0xff, 0xff, 0xff, 0xff, 0xff, 0xff, 0xff, 0xff
.byte 0xff, 0xff, 0x9e, 0xf7, 0x71, 0xa4, 0x28, 0x9a, 0xca, 0xb2, 0x89, 0xa2, 0xe7, 0x81, 0x03, 0x41
.byte 0xef, 0x83, 0xdf, 0xf7, 0xff, 0xff, 0xff, 0xff, 0xff, 0xff, 0xff, 0xff, 0xff, 0xff, 0x7d, 0xef
.byte 0x6d, 0x6b, 0xaf, 0x63, 0xef, 0x6b, 0x2c, 0x5b, 0xb3, 0x84, 0xf4, 0x8c, 0xf4, 0x8c, 0xb6, 0xa5
.byte 0xf7, 0xad, 0xf7, 0xad, 0xf7, 0xad, 0xf7, 0xad, 0x17, 0xae, 0x18, 0xae, 0xd7, 0xa5, 0x92, 0x7c
.byte 0x51, 0x74, 0xd3, 0x84, 0x51, 0x7c, 0xf3, 0x8c, 0x17, 0xae, 0xf7, 0xa5, 0xf7, 0xad, 0xf7, 0xad
.byte 0xf7, 0xad, 0xf7, 0xad, 0xf7, 0xad, 0xf7, 0xad, 0xf7, 0xad, 0xf7, 0xad, 0xf7, 0xad, 0xd7, 0xa5
.byte 0x17, 0xae, 0xf7, 0xad, 0xae, 0x6b, 0x6d, 0x6b, 0x1b, 0xe7, 0x7c, 0xf7, 0xba, 0xe6, 0x99, 0xde
.byte 0x78, 0xde, 0x78, 0xde, 0x1b, 0xf7, 0x54, 0xbd, 0x2c, 0x5b, 0xd3, 0x7c, 0x92, 0x7c, 0x2c, 0x63
.byte 0xae, 0x83, 0xb2, 0xa4, 0x33, 0xbd, 0xb5, 0xc5, 0xd6, 0xc5, 0x95, 0xbd, 0xeb, 0x6a, 0x4d, 0x6b
.byte 0x7d, 0xef, 0xff, 0xff, 0xff, 0xff, 0xff, 0xff, 0xff, 0xff, 0xff, 0xff, 0xff, 0xff, 0xff, 0xff
.byte 0xff, 0xff, 0xff, 0xff, 0xff, 0xff, 0xff, 0xff, 0xff, 0xff, 0xff, 0xff, 0xff, 0xff, 0xff, 0xff
.byte 0xff, 0xff, 0xff, 0xff, 0xff, 0xff, 0xff, 0xff, 0xff, 0xff, 0xff, 0xff, 0xff, 0xff, 0xff, 0xff
.byte 0xff, 0xff, 0xff, 0xff, 0xff, 0xff, 0xff, 0xff, 0xff, 0xff, 0x38, 0xce, 0xc7, 0x69, 0x89, 0xa2
.byte 0x89, 0xa2, 0x89, 0xa2, 0x85, 0x69, 0x44, 0x41, 0x96, 0xbd, 0xff, 0xff, 0xff, 0xff, 0xff, 0xff
.byte 0xff, 0xff, 0xff, 0xff, 0xff, 0xff, 0xff, 0xff, 0x9a, 0xd6, 0xeb, 0x5a, 0xe8, 0x39, 0x86, 0x29
.byte 0x2d, 0x5b, 0xf4, 0x84, 0xd3, 0x84, 0x35, 0x95, 0xf7, 0xad, 0x17, 0xae, 0xf7, 0xad, 0x17, 0xae
.byte 0x18, 0xae, 0x18, 0xae, 0xf4, 0x8c, 0x51, 0x7c, 0x55, 0x95, 0xb3, 0x84, 0xb3, 0x84, 0xf7, 0xad
.byte 0x18, 0xae, 0xf7, 0xad, 0xf7, 0xad, 0xf7, 0xad, 0xf7, 0xad, 0xf7, 0xad, 0xf7, 0xad, 0x17, 0xae
.byte 0xf7, 0xad, 0xf7, 0xad, 0xf7, 0xad, 0xf7, 0xad, 0xf7, 0xad, 0x18, 0xae, 0xf7, 0xad, 0x30, 0x7c
.byte 0xef, 0x83, 0x38, 0xd6, 0xda, 0xe6, 0x99, 0xe6, 0x99, 0xe6, 0xda, 0xee, 0x34, 0xb5, 0x0b, 0x5b
.byte 0x10, 0x74, 0x75, 0x95, 0x35, 0x95, 0xf3, 0x84, 0x10, 0x74, 0x6d, 0x63, 0x2c, 0x5b, 0x6d, 0x63
.byte 0x30, 0x7c, 0x89, 0x4a, 0x49, 0x4a, 0xda, 0xde, 0xff, 0xff, 0xff, 0xff, 0xff, 0xff, 0xff, 0xff
.byte 0xff, 0xff, 0xff, 0xff, 0xff, 0xff, 0xff, 0xff, 0xff, 0xff, 0xff, 0xff, 0xff, 0xff, 0xff, 0xff
.byte 0xff, 0xff, 0xff, 0xff, 0xff, 0xff, 0xff, 0xff, 0xff, 0xff, 0xff, 0xff, 0xff, 0xff, 0xff, 0xff
.byte 0xff, 0xff, 0xff, 0xff, 0xff, 0xff, 0xff, 0xff, 0xff, 0xff, 0xff, 0xff, 0xff, 0xff, 0xff, 0xff
.byte 0xdf, 0xff, 0xf3, 0xac, 0xc6, 0x81, 0x69, 0xa2, 0x69, 0xa2, 0x28, 0x8a, 0x03, 0x41, 0xc6, 0x49
.byte 0x79, 0xd6, 0xff, 0xff, 0xff, 0xff, 0xff, 0xff, 0xff, 0xff, 0xff, 0xff, 0xff, 0xff, 0xff, 0xff
.byte 0xff, 0xff, 0x8e, 0x73, 0xe9, 0x39, 0x0a, 0x3a, 0x86, 0x29, 0xef, 0x6b, 0x35, 0x8d, 0xf4, 0x8c
.byte 0x75, 0x9d, 0x18, 0xae, 0x18, 0xae, 0xf7, 0xad, 0x18, 0xae, 0xf7, 0xad, 0x92, 0x84, 0xf3, 0x8c
.byte 0x14, 0x8d, 0x72, 0x7c, 0xb6, 0xa5, 0x18, 0xae, 0xf7, 0xad, 0xf7, 0xad, 0xf7, 0xad, 0xf7, 0xad
.byte 0xf7, 0xad, 0xf7, 0xad, 0xf7, 0xad, 0xf7, 0xad, 0xf7, 0xad, 0xf7, 0xad, 0xf7, 0xad, 0xf7, 0xad
.byte 0xf7, 0xad, 0xf7, 0xad, 0x58, 0xb6, 0x18, 0xae, 0x51, 0x7c, 0xae, 0x73, 0x91, 0x94, 0x33, 0xb5
.byte 0x74, 0xbd, 0xef, 0x83, 0x2c, 0x63, 0x71, 0x7c, 0x75, 0x95, 0x14, 0x8d, 0x14, 0x8d, 0x35, 0x95
.byte 0x34, 0x8d, 0x34, 0x8d, 0x55, 0x95, 0x75, 0x95, 0x75, 0x95, 0x8a, 0x4a, 0xd2, 0x9c, 0xff, 0xff
.byte 0xdf, 0xff, 0xff, 0xff, 0xff, 0xff, 0xff, 0xff, 0xff, 0xff, 0xff, 0xff, 0xff, 0xff, 0xff, 0xff
.byte 0xff, 0xff, 0xff, 0xff, 0xff, 0xff, 0xff, 0xff, 0xff, 0xff, 0xff, 0xff, 0xff, 0xff, 0xff, 0xff
.byte 0xff, 0xff, 0xff, 0xff, 0xff, 0xff, 0xff, 0xff, 0xff, 0xff, 0xff, 0xff, 0xff, 0xff, 0xff, 0xff
.byte 0xff, 0xff, 0xff, 0xff, 0xff, 0xff, 0xff, 0xff, 0x3c, 0xe7, 0xeb, 0x72, 0x65, 0x71, 0x69, 0xaa
.byte 0x89, 0xa2, 0xe7, 0x71, 0xa2, 0x30, 0x28, 0x5a, 0xba, 0xd6, 0xff, 0xff, 0xff, 0xff, 0xff, 0xff
.byte 0xff, 0xff, 0xff, 0xff, 0xff, 0xff, 0xbe, 0xf7, 0x92, 0x94, 0x4a, 0x42, 0xee, 0x52, 0x30, 0x5b
.byte 0xc9, 0x31, 0x08, 0x3a, 0xd3, 0x84, 0x56, 0x95, 0x14, 0x8d, 0x76, 0x9d, 0xf7, 0xad, 0x17, 0xae
.byte 0x17, 0xae, 0xf7, 0xad, 0x14, 0x95, 0xf4, 0x8c, 0xb3, 0x84, 0x55, 0x95, 0x17, 0xae, 0x17, 0xae
.byte 0xf7, 0xad, 0xf7, 0xad, 0xf7, 0xad, 0xf7, 0xad, 0xf7, 0xad, 0xf7, 0xad, 0x17, 0xae, 0xf7, 0xad
.byte 0xf7, 0xad, 0xf7, 0xad, 0xf7, 0xad, 0xf7, 0xad, 0x17, 0xae, 0x17, 0xae, 0xf7, 0xad, 0x95, 0x9d
.byte 0x35, 0x8d, 0xd3, 0x84, 0x0b, 0x53, 0xe7, 0x39, 0xeb, 0x5a, 0x6d, 0x5b, 0xb3, 0x7c, 0x55, 0x95
.byte 0x14, 0x8d, 0x14, 0x8d, 0x14, 0x8d, 0x14, 0x8d, 0x34, 0x95, 0x96, 0x9d, 0xb6, 0x9d, 0x18, 0xa6
.byte 0x51, 0x7c, 0xca, 0x5a, 0x99, 0xd6, 0xff, 0xff, 0xff, 0xff, 0xff, 0xff, 0xff, 0xff, 0xff, 0xff
.byte 0xff, 0xff, 0xff, 0xff, 0xff, 0xff, 0xff, 0xff, 0xff, 0xff, 0xff, 0xff, 0xff, 0xff, 0xff, 0xff
.byte 0xff, 0xff, 0xff, 0xff, 0xff, 0xff, 0xff, 0xff, 0xff, 0xff, 0xff, 0xff, 0xff, 0xff, 0xff, 0xff
.byte 0xff, 0xff, 0xff, 0xff, 0xff, 0xff, 0xff, 0xff, 0xff, 0xff, 0xff, 0xff, 0xff, 0xff, 0xff, 0xff
.byte 0xff, 0xff, 0xd6, 0xbd, 0x07, 0x5a, 0x86, 0x79, 0x69, 0xa2, 0x65, 0x59, 0x20, 0x18, 0x08, 0x52
.byte 0x1c, 0xe7, 0xff, 0xff, 0xff, 0xff, 0xff, 0xff, 0xff, 0xff, 0xff, 0xff, 0x7d, 0xf7, 0xf0, 0x7b
.byte 0x0a, 0x3a, 0x0f, 0x53, 0x2f, 0x5b, 0xce, 0x4a, 0x4c, 0x3a, 0xa8, 0x29, 0xec, 0x52, 0x35, 0x95
.byte 0x55, 0x95, 0xf4, 0x8c, 0x55, 0x95, 0xd7, 0xa5, 0xf7, 0xad, 0x17, 0xae, 0xd7, 0xa5, 0x75, 0x95
.byte 0x75, 0x9d, 0xf7, 0xad, 0xf7, 0xad, 0xf7, 0xad, 0xf7, 0xad, 0xf7, 0xad, 0xf7, 0xad, 0xf7, 0xad
.byte 0xf7, 0xad, 0xf7, 0xad, 0xf7, 0xad, 0x17, 0xae, 0x17, 0xae, 0x17, 0xae, 0x17, 0xae, 0x17, 0xae
.byte 0xf7, 0xad, 0xb6, 0xa5, 0x35, 0x95, 0x34, 0x8d, 0x75, 0x95, 0xef, 0x73, 0x28, 0x42, 0x10, 0x74
.byte 0x35, 0x8d, 0x14, 0x8d, 0x14, 0x85, 0xf3, 0x84, 0xf4, 0x8c, 0x14, 0x8d, 0x14, 0x8d, 0xb6, 0xa5
.byte 0xf7, 0xad, 0xb6, 0xa5, 0xd7, 0xa5, 0xb6, 0xa5, 0xaa, 0x52, 0x50, 0x8c, 0xde, 0xf7, 0xdf, 0xff
.byte 0xff, 0xff, 0xff, 0xff, 0xff, 0xff, 0xff, 0xff, 0xff, 0xff, 0xff, 0xff, 0xff, 0xff, 0xff, 0xff
.byte 0xff, 0xff, 0xff, 0xff, 0xff, 0xff, 0xff, 0xff, 0xff, 0xff, 0xff, 0xff, 0xff, 0xff, 0xff, 0xff
.byte 0xff, 0xff, 0xff, 0xff, 0xff, 0xff, 0xff, 0xff, 0xff, 0xff, 0xff, 0xff, 0xff, 0xff, 0xff, 0xff
.byte 0xff, 0xff, 0xff, 0xff, 0xff, 0xff, 0xff, 0xff, 0xff, 0xff, 0xff, 0xff, 0x96, 0xad, 0x28, 0x5a
.byte 0xe3, 0x50, 0xa6, 0x51, 0x4c, 0x6b, 0x34, 0xad, 0x5d, 0xef, 0xff, 0xff, 0xff, 0xff, 0xff, 0xff
.byte 0xff, 0xff, 0xdf, 0xff, 0x71, 0x8c, 0x2a, 0x42, 0x0f, 0x53, 0x30, 0x5b, 0x2f, 0x5b, 0x6c, 0x42
.byte 0xce, 0x4a, 0x0f, 0x53, 0xc8, 0x31, 0x4d, 0x5b, 0x55, 0x95, 0x35, 0x8d, 0xd3, 0x84, 0x34, 0x8d
.byte 0xd7, 0xa5, 0x17, 0xae, 0x18, 0xae, 0xf7, 0xad, 0xf7, 0xad, 0xf7, 0xad, 0xf7, 0xad, 0xf7, 0xad
.byte 0xf7, 0xad, 0xf7, 0xad, 0xf7, 0xad, 0xf7, 0xad, 0xf7, 0xad, 0x17, 0xae, 0x17, 0xae, 0x17, 0xae
.byte 0x17, 0xae, 0x17, 0xae, 0xd7, 0xa5, 0x96, 0x9d, 0x55, 0x95, 0x14, 0x8d, 0x55, 0x8d, 0x55, 0x95
.byte 0xef, 0x73, 0x86, 0x29, 0x87, 0x31, 0x51, 0x7c, 0x55, 0x95, 0xf3, 0x8c, 0xf3, 0x84, 0xf4, 0x84
.byte 0xf4, 0x84, 0xf4, 0x84, 0x34, 0x8d, 0xd7, 0xad, 0x17, 0xae, 0xb6, 0xa5, 0x38, 0xb6, 0xcf, 0x73
.byte 0xeb, 0x62, 0x1b, 0xe7, 0xff, 0xff, 0xdf, 0xff, 0xff, 0xff, 0xff, 0xff, 0xff, 0xff, 0xff, 0xff
.byte 0xff, 0xff, 0xff, 0xff, 0xff, 0xff, 0xff, 0xff, 0xff, 0xff, 0xff, 0xff, 0xff, 0xff, 0xff, 0xff
.byte 0xff, 0xff, 0xff, 0xff, 0xff, 0xff, 0xff, 0xff, 0xff, 0xff, 0xff, 0xff, 0xff, 0xff, 0xff, 0xff
.byte 0xff, 0xff, 0xff, 0xff, 0xff, 0xff, 0xff, 0xff, 0xff, 0xff, 0xff, 0xff, 0xff, 0xff, 0xff, 0xff
.byte 0xff, 0xff, 0xff, 0xff, 0xff, 0xff, 0xb6, 0xb5, 0x07, 0x4a, 0x4c, 0x73, 0xbe, 0xf7, 0xff, 0xff
.byte 0xff, 0xff, 0xff, 0xff, 0xff, 0xff, 0xff, 0xff, 0xff, 0xff, 0xf7, 0xbd, 0x8b, 0x4a, 0xee, 0x52
.byte 0x2f, 0x5b, 0x50, 0x5b, 0xce, 0x4a, 0xad, 0x4a, 0x2f, 0x53, 0x30, 0x53, 0xad, 0x4a, 0x87, 0x29
.byte 0x4d, 0x5b, 0x35, 0x8d, 0x14, 0x85, 0xd3, 0x84, 0x55, 0x95, 0xf7, 0xad, 0x18, 0xae, 0xf7, 0xad
.byte 0xf7, 0xad, 0xf7, 0xad, 0xf7, 0xad, 0xf7, 0xad, 0xf7, 0xad, 0x17, 0xae, 0x17, 0xae, 0xf7, 0xad
.byte 0x17, 0xae, 0xf7, 0xad, 0xf7, 0xa5, 0xd7, 0xa5, 0x96, 0x9d, 0x75, 0x95, 0x34, 0x8d, 0xf4, 0x84
.byte 0x14, 0x8d, 0x75, 0x95, 0xf3, 0x8c, 0x2c, 0x5b, 0xc8, 0x31, 0x4c, 0x42, 0x2b, 0x3a, 0x6a, 0x42
.byte 0xd3, 0x84, 0x34, 0x8d, 0xf3, 0x84, 0xf4, 0x84, 0xf4, 0x84, 0xf4, 0x84, 0x14, 0x8d, 0x75, 0x9d
.byte 0xb6, 0xa5, 0x58, 0xb6, 0xb2, 0x84, 0x69, 0x52, 0xd6, 0xbd, 0xff, 0xff, 0xdf, 0xff, 0xff, 0xff
.byte 0xff, 0xff, 0xff, 0xff, 0xff, 0xff, 0xff, 0xff, 0xff, 0xff, 0xff, 0xff, 0xff, 0xff, 0xff, 0xff
.byte 0xff, 0xff, 0xff, 0xff, 0xff, 0xff, 0xff, 0xff, 0xff, 0xff, 0xff, 0xff, 0xff, 0xff, 0xff, 0xff
.byte 0xff, 0xff, 0xff, 0xff, 0xff, 0xff, 0xff, 0xff, 0xff, 0xff, 0xff, 0xff, 0xff, 0xff, 0xff, 0xff
.byte 0xff, 0xff, 0xff, 0xff, 0xff, 0xff, 0xff, 0xff, 0xff, 0xff, 0xff, 0xff, 0xff, 0xff, 0xff, 0xff
.byte 0xba, 0xd6, 0x3c, 0xe7, 0x9e, 0xf7, 0xff, 0xff, 0xff, 0xff, 0xff, 0xff, 0xff, 0xff, 0xff, 0xff
.byte 0x9a, 0xd6, 0xec, 0x5a, 0xad, 0x4a, 0x2f, 0x53, 0x2f, 0x5b, 0x2f, 0x5b, 0x6c, 0x42, 0x2f, 0x5b
.byte 0xb1, 0x6b, 0x2f, 0x5b, 0xce, 0x4a, 0xca, 0x31, 0x46, 0x21, 0x4d, 0x5b, 0x35, 0x8d, 0x35, 0x8d
.byte 0xf4, 0x8c, 0x35, 0x95, 0xb6, 0xa5, 0xd7, 0xad, 0xf7, 0xad, 0xf7, 0xad, 0xf7, 0xad, 0xf7, 0xad
.byte 0xf7, 0xad, 0xf7, 0xa5, 0xd7, 0xa5, 0xb6, 0xa5, 0x76, 0x9d, 0x55, 0x95, 0x34, 0x8d, 0x14, 0x8d
.byte 0x14, 0x8d, 0x13, 0x85, 0x14, 0x8d, 0x75, 0x95, 0x75, 0x95, 0x71, 0x7c, 0x6a, 0x42, 0x87, 0x29
.byte 0x4c, 0x42, 0x30, 0x53, 0xad, 0x4a, 0xc9, 0x31, 0x2c, 0x5b, 0x55, 0x8d, 0x14, 0x8d, 0xf3, 0x84
.byte 0xf4, 0x84, 0xf4, 0x84, 0x35, 0x95, 0xf7, 0xa5, 0x17, 0xa6, 0x51, 0x7c, 0x48, 0x42, 0xf3, 0x9c
.byte 0xff, 0xff, 0xde, 0xf7, 0xff, 0xff, 0xff, 0xff, 0xff, 0xff, 0xff, 0xff, 0xff, 0xff, 0xff, 0xff
.byte 0xff, 0xff, 0xff, 0xff, 0xff, 0xff, 0xff, 0xff, 0xff, 0xff, 0xff, 0xff, 0xff, 0xff, 0xff, 0xff
.byte 0xff, 0xff, 0xff, 0xff, 0xff, 0xff, 0xff, 0xff, 0xff, 0xff, 0xff, 0xff, 0xff, 0xff, 0xff, 0xff
.byte 0xff, 0xff, 0xff, 0xff, 0xff, 0xff, 0xff, 0xff, 0xff, 0xff, 0xff, 0xff, 0xff, 0xff, 0xff, 0xff
.byte 0xff, 0xff, 0xff, 0xff, 0xff, 0xff, 0xff, 0xff, 0xff, 0xff, 0xff, 0xff, 0xbe, 0xf7, 0xff, 0xff
.byte 0xff, 0xff, 0xff, 0xff, 0xff, 0xff, 0xff, 0xff, 0x72, 0x8c, 0x2a, 0x3a, 0xee, 0x52, 0x0f, 0x53
.byte 0x70, 0x5b, 0xce, 0x4a, 0xad, 0x4a, 0x70, 0x63, 0xb1, 0x6b, 0x50, 0x5b, 0x4c, 0x3a, 0x4c, 0x3a
.byte 0x2b, 0x3a, 0x87, 0x29, 0x4c, 0x5b, 0x35, 0x95, 0x75, 0x95, 0xf4, 0x84, 0x14, 0x8d, 0x34, 0x8d
.byte 0x75, 0x95, 0x96, 0x9d, 0x96, 0x9d, 0x96, 0x9d, 0x75, 0x95, 0x54, 0x95, 0x34, 0x8d, 0x14, 0x8d
.byte 0xf3, 0x8c, 0xf3, 0x84, 0xf3, 0x84, 0x13, 0x85, 0x13, 0x85, 0x54, 0x8d, 0x75, 0x95, 0xf3, 0x8c
.byte 0x8e, 0x63, 0x2a, 0x42, 0x4b, 0x42, 0xad, 0x4a, 0x6c, 0x42, 0xae, 0x4a, 0x0f, 0x53, 0x4c, 0x42
.byte 0x08, 0x3a, 0x51, 0x7c, 0x96, 0x9d, 0x55, 0x95, 0x55, 0x95, 0x96, 0x9d, 0xd6, 0xa5, 0xf3, 0x8c
.byte 0x4c, 0x63, 0xaa, 0x52, 0x54, 0xad, 0xff, 0xff, 0xbe, 0xf7, 0xdf, 0xff, 0xff, 0xff, 0xff, 0xff
.byte 0xff, 0xff, 0xff, 0xff, 0xff, 0xff, 0xff, 0xff, 0xff, 0xff, 0xff, 0xff, 0xff, 0xff, 0xff, 0xff
.byte 0xff, 0xff, 0xff, 0xff, 0xff, 0xff, 0xff, 0xff, 0xff, 0xff, 0xff, 0xff, 0xff, 0xff, 0xff, 0xff
.byte 0xff, 0xff, 0xff, 0xff, 0xff, 0xff, 0xff, 0xff, 0xff, 0xff, 0xff, 0xff, 0xff, 0xff, 0xff, 0xff
.byte 0xff, 0xff, 0xff, 0xff, 0xff, 0xff, 0xff, 0xff, 0xff, 0xff, 0xff, 0xff, 0xff, 0xff, 0xff, 0xff
.byte 0xff, 0xff, 0xff, 0xff, 0xff, 0xff, 0xff, 0xff, 0xff, 0xff, 0xff, 0xff, 0xff, 0xff, 0xd7, 0xbd
.byte 0xac, 0x52, 0xad, 0x4a, 0xce, 0x4a, 0x50, 0x5b, 0x50, 0x5b, 0xad, 0x42, 0x2f, 0x5b, 0x91, 0x63
.byte 0x71, 0x63, 0x0f, 0x53, 0x2b, 0x32, 0x6c, 0x42, 0xef, 0x52, 0x8d, 0x4a, 0xc8, 0x31, 0xaa, 0x4a
.byte 0x91, 0x7c, 0x76, 0x95, 0x55, 0x8d, 0xf3, 0x84, 0xf3, 0x84, 0x14, 0x85, 0x14, 0x8d, 0x14, 0x8d
.byte 0x14, 0x8d, 0x14, 0x8d, 0x14, 0x8d, 0x14, 0x8d, 0x14, 0x8d, 0x14, 0x8d, 0x14, 0x85, 0x34, 0x8d
.byte 0x55, 0x8d, 0xf3, 0x84, 0x8e, 0x63, 0x4a, 0x42, 0x0a, 0x3a, 0xae, 0x4a, 0x30, 0x5b, 0x0f, 0x53
.byte 0x6c, 0x42, 0x8d, 0x4a, 0x2f, 0x5b, 0xef, 0x52, 0x0a, 0x3a, 0x28, 0x42, 0xae, 0x63, 0xef, 0x6b
.byte 0xcf, 0x6b, 0x8d, 0x63, 0x0b, 0x5b, 0xeb, 0x5a, 0x71, 0x94, 0xfb, 0xe6, 0xff, 0xff, 0xff, 0xff
.byte 0xdf, 0xff, 0xff, 0xff, 0xff, 0xff, 0xff, 0xff, 0xff, 0xff, 0xff, 0xff, 0xff, 0xff, 0xff, 0xff
.byte 0xff, 0xff, 0xff, 0xff, 0xff, 0xff, 0xff, 0xff, 0xff, 0xff, 0xff, 0xff, 0xff, 0xff, 0xff, 0xff
.byte 0xff, 0xff, 0xff, 0xff, 0xff, 0xff, 0xff, 0xff, 0xff, 0xff, 0xff, 0xff, 0xff, 0xff, 0xff, 0xff
.byte 0xff, 0xff, 0xff, 0xff, 0xff, 0xff, 0xff, 0xff, 0xff, 0xff, 0xff, 0xff, 0xff, 0xff, 0xff, 0xff
.byte 0xff, 0xff, 0xff, 0xff, 0xff, 0xff, 0xff, 0xff, 0xff, 0xff, 0xff, 0xff, 0xff, 0xff, 0xff, 0xff
.byte 0xff, 0xff, 0xff, 0xff, 0x79, 0xd6, 0x8b, 0x52, 0x8d, 0x42, 0xce, 0x4a, 0x0e, 0x53, 0x70, 0x63
.byte 0xce, 0x4a, 0xad, 0x4a, 0x70, 0x63, 0x91, 0x63, 0x70, 0x63, 0xad, 0x4a, 0x4b, 0x3a, 0xcd, 0x4a
.byte 0xee, 0x52, 0xef, 0x52, 0xce, 0x4a, 0xe9, 0x39, 0xa7, 0x31, 0xeb, 0x52, 0xb2, 0x84, 0x75, 0x95
.byte 0x55, 0x8d, 0x14, 0x8d, 0x14, 0x8d, 0x14, 0x8d, 0x34, 0x8d, 0x34, 0x8d, 0x34, 0x8d, 0x54, 0x8d
.byte 0x75, 0x95, 0x75, 0x95, 0x54, 0x95, 0xb2, 0x7c, 0x6e, 0x63, 0x4a, 0x42, 0xea, 0x39, 0x2b, 0x3a
.byte 0x8d, 0x42, 0x70, 0x63, 0x70, 0x63, 0x50, 0x5b, 0xae, 0x4a, 0x8d, 0x42, 0x30, 0x5b, 0x50, 0x5b
.byte 0xce, 0x52, 0x66, 0x29, 0x28, 0x4a, 0xce, 0x7b, 0x8d, 0x73, 0x50, 0x8c, 0x95, 0xb5, 0xba, 0xde
.byte 0xde, 0xff, 0xff, 0xff, 0xff, 0xff, 0xff, 0xff, 0xff, 0xff, 0xff, 0xff, 0xff, 0xff, 0xff, 0xff
.byte 0xff, 0xff, 0xff, 0xff, 0xff, 0xff, 0xff, 0xff, 0xff, 0xff, 0xff, 0xff, 0xff, 0xff, 0xff, 0xff
.byte 0xff, 0xff, 0xff, 0xff, 0xff, 0xff, 0xff, 0xff, 0xff, 0xff, 0xff, 0xff, 0xff, 0xff, 0xff, 0xff
.byte 0xff, 0xff, 0xff, 0xff, 0xff, 0xff, 0xff, 0xff, 0xff, 0xff, 0xff, 0xff, 0xff, 0xff, 0xff, 0xff
.byte 0xff, 0xff, 0xff, 0xff, 0xff, 0xff, 0xff, 0xff, 0xff, 0xff, 0xff, 0xff, 0xff, 0xff, 0xff, 0xff
.byte 0xff, 0xff, 0xff, 0xff, 0xff, 0xff, 0xff, 0xff, 0xff, 0xff, 0xff, 0xff, 0xf4, 0x9c, 0x6c, 0x42
.byte 0xce, 0x4a, 0xce, 0x4a, 0x50, 0x5b, 0x50, 0x5b, 0x8d, 0x42, 0xee, 0x52, 0x71, 0x63, 0x70, 0x63
.byte 0x70, 0x63, 0x8d, 0x42, 0x6d, 0x42, 0xce, 0x4a, 0xce, 0x4a, 0xce, 0x4a, 0xee, 0x4a, 0xee, 0x4a
.byte 0x6c, 0x42, 0xc8, 0x31, 0xe8, 0x39, 0x0c, 0x53, 0x72, 0x7c, 0x35, 0x8d, 0x75, 0x95, 0x75, 0x95
.byte 0x55, 0x8d, 0x55, 0x8d, 0x34, 0x8d, 0xd3, 0x84, 0x51, 0x7c, 0xae, 0x6b, 0xcc, 0x52, 0x4a, 0x42
.byte 0x2b, 0x3a, 0x6c, 0x42, 0xae, 0x4a, 0xae, 0x4a, 0x6c, 0x42, 0x2f, 0x5b, 0x91, 0x63, 0x91, 0x63
.byte 0x0e, 0x53, 0x6c, 0x3a, 0x0f, 0x53, 0x91, 0x63, 0x91, 0x63, 0x4b, 0x42, 0xeb, 0x62, 0x58, 0xce
.byte 0x5d, 0xef, 0x9e, 0xf7, 0xff, 0xff, 0xff, 0xff, 0xff, 0xff, 0xff, 0xff, 0xff, 0xff, 0xff, 0xff
.byte 0xff, 0xff, 0xff, 0xff, 0xff, 0xff, 0xff, 0xff, 0xff, 0xff, 0xff, 0xff, 0xff, 0xff, 0xff, 0xff
.byte 0xff, 0xff, 0xff, 0xff, 0xff, 0xff, 0xff, 0xff, 0xff, 0xff, 0xff, 0xff, 0xff, 0xff, 0xff, 0xff
.byte 0xff, 0xff, 0xff, 0xff, 0xff, 0xff, 0xff, 0xff, 0xff, 0xff, 0xff, 0xff, 0xff, 0xff, 0xff, 0xff
.byte 0xff, 0xff, 0xff, 0xff, 0xff, 0xff, 0xff, 0xff, 0xff, 0xff, 0xff, 0xff, 0xff, 0xff, 0xff, 0xff
.byte 0xff, 0xff, 0xff, 0xff, 0xff, 0xff, 0xff, 0xff, 0xff, 0xff, 0xff, 0xff, 0xff, 0xff, 0xff, 0xff
.byte 0xff, 0xff, 0x75, 0xad, 0x8c, 0x4a, 0x0f, 0x53, 0xce, 0x4a, 0x2f, 0x5b, 0x91, 0x63, 0xce, 0x4a
.byte 0x8d, 0x42, 0x50, 0x5b, 0x70, 0x63, 0x70, 0x63, 0x2f, 0x5b, 0x6c, 0x42, 0xad, 0x42, 0xee, 0x4a
.byte 0xee, 0x4a, 0xce, 0x4a, 0xcd, 0x4a, 0xee, 0x4a, 0xee, 0x52, 0xee, 0x52, 0x2a, 0x3a, 0x03, 0x31
.byte 0xa6, 0x59, 0x48, 0x5a, 0xca, 0x52, 0xeb, 0x52, 0x0b, 0x53, 0xca, 0x52, 0x28, 0x4a, 0x86, 0x31
.byte 0xc8, 0x31, 0x0a, 0x3a, 0x6c, 0x42, 0xce, 0x4a, 0xef, 0x52, 0x2f, 0x5b, 0x0f, 0x53, 0xad, 0x4a
.byte 0x4c, 0x3a, 0xef, 0x52, 0x71, 0x63, 0x71, 0x63, 0x2f, 0x5b, 0x6c, 0x42, 0xad, 0x4a, 0x91, 0x63
.byte 0x91, 0x63, 0x50, 0x5b, 0xab, 0x52, 0x34, 0xad, 0xff, 0xff, 0xff, 0xff, 0xff, 0xff, 0xff, 0xff
.byte 0xff, 0xff, 0xff, 0xff, 0xff, 0xff, 0xff, 0xff, 0xff, 0xff, 0xff, 0xff, 0xff, 0xff, 0xff, 0xff
.byte 0xff, 0xff, 0xff, 0xff, 0xff, 0xff, 0xff, 0xff, 0xff, 0xff, 0xff, 0xff, 0xff, 0xff, 0xff, 0xff
.byte 0xff, 0xff, 0xff, 0xff, 0xff, 0xff, 0xff, 0xff, 0xff, 0xff, 0xff, 0xff, 0xff, 0xff, 0xff, 0xff
.byte 0xff, 0xff, 0xff, 0xff, 0xff, 0xff, 0xff, 0xff, 0xff, 0xff, 0xff, 0xff, 0xff, 0xff, 0xff, 0xff
.byte 0xff, 0xff, 0xff, 0xff, 0xff, 0xff, 0xff, 0xff, 0xff, 0xff, 0xff, 0xff, 0xff, 0xff, 0xff, 0xff
.byte 0xff, 0xff, 0xff, 0xff, 0xff, 0xff, 0xff, 0xff, 0x5c, 0xef, 0xd0, 0x73, 0xce, 0x4a, 0xef, 0x52
.byte 0x0f, 0x53, 0x91, 0x63, 0x70, 0x63, 0xad, 0x4a, 0xee, 0x4a, 0x70, 0x63, 0x70, 0x63, 0x71, 0x63
.byte 0xce, 0x52, 0x6c, 0x3a, 0xad, 0x4a, 0x0f, 0x53, 0x50, 0x5b, 0x0f, 0x5b, 0xee, 0x52, 0xce, 0x4a
.byte 0xce, 0x4a, 0x0f, 0x53, 0x2a, 0x3a, 0x65, 0x59, 0xe6, 0x91, 0xc6, 0x89, 0x65, 0x61, 0xa2, 0x20
.byte 0x24, 0x49, 0xc6, 0x79, 0x85, 0x71, 0x25, 0x39, 0xad, 0x42, 0xce, 0x4a, 0xce, 0x4a, 0xef, 0x52
.byte 0x30, 0x5b, 0x91, 0x63, 0x2f, 0x5b, 0xad, 0x4a, 0x6c, 0x42, 0xee, 0x52, 0x91, 0x63, 0x70, 0x63
.byte 0x70, 0x63, 0xad, 0x4a, 0x6c, 0x3a, 0x50, 0x5b, 0x91, 0x63, 0xb2, 0x6b, 0x8c, 0x4a, 0x8e, 0x73
.byte 0xfb, 0xe6, 0xff, 0xff, 0xff, 0xff, 0xff, 0xff, 0xff, 0xff, 0xff, 0xff, 0xff, 0xff, 0xff, 0xff
.byte 0xff, 0xff, 0xff, 0xff, 0xff, 0xff, 0xff, 0xff, 0xff, 0xff, 0xff, 0xff, 0xff, 0xff, 0xff, 0xff
.byte 0xff, 0xff, 0xff, 0xff, 0xff, 0xff, 0xff, 0xff, 0xff, 0xff, 0xff, 0xff, 0xff, 0xff, 0xff, 0xff
.byte 0xff, 0xff, 0xff, 0xff, 0xff, 0xff, 0xff, 0xff, 0xff, 0xff, 0xff, 0xff, 0xff, 0xff, 0xff, 0xff
.byte 0xff, 0xff, 0xff, 0xff, 0xff, 0xff, 0xff, 0xff, 0xff, 0xff, 0xff, 0xff, 0xff, 0xff, 0xff, 0xff
.byte 0xff, 0xff, 0xff, 0xff, 0xff, 0xff, 0xff, 0xff, 0xff, 0xff, 0xff, 0xff, 0xff, 0xff, 0xff, 0xff
.byte 0x14, 0xa5, 0x4b, 0x42, 0x0f, 0x53, 0xee, 0x52, 0x50, 0x5b, 0x91, 0x6b, 0x2f, 0x5b, 0xce, 0x4a
.byte 0x2f, 0x5b, 0x70, 0x63, 0x71, 0x63, 0x70, 0x63, 0x8d, 0x42, 0x6c, 0x42, 0xee, 0x52, 0x50, 0x5b
.byte 0x71, 0x63, 0x71, 0x63, 0x50, 0x5b, 0x30, 0x5b, 0x0f, 0x53, 0x0f, 0x53, 0xa8, 0x31, 0x85, 0x61
.byte 0x07, 0x92, 0x27, 0x9a, 0xc6, 0x71, 0x25, 0x29, 0xa6, 0x69, 0x68, 0xa2, 0x27, 0x9a, 0x86, 0x49
.byte 0xad, 0x42, 0xef, 0x52, 0x0f, 0x53, 0xee, 0x52, 0x30, 0x5b, 0x91, 0x63, 0x30, 0x5b, 0xce, 0x4a
.byte 0x6d, 0x42, 0xce, 0x4a, 0x91, 0x6b, 0x70, 0x63, 0x91, 0x63, 0x0f, 0x5b, 0x4c, 0x3a, 0xef, 0x52
.byte 0x91, 0x63, 0x91, 0x63, 0x2f, 0x5b, 0x4a, 0x4a, 0x13, 0xa5, 0xff, 0xff, 0xff, 0xff, 0xff, 0xff
.byte 0xff, 0xff, 0xff, 0xff, 0xff, 0xff, 0xff, 0xff, 0xff, 0xff, 0xff, 0xff, 0xff, 0xff, 0xff, 0xff
.byte 0xff, 0xff, 0xff, 0xff, 0xff, 0xff, 0xff, 0xff, 0xff, 0xff, 0xff, 0xff, 0xff, 0xff, 0xff, 0xff
.byte 0xff, 0xff, 0xff, 0xff, 0xff, 0xff, 0xff, 0xff, 0xff, 0xff, 0xff, 0xff, 0xff, 0xff, 0xff, 0xff
.byte 0xff, 0xff, 0xff, 0xff, 0xff, 0xff, 0xff, 0xff, 0xff, 0xff, 0xff, 0xff, 0xff, 0xff, 0xff, 0xff
.byte 0xff, 0xff, 0xff, 0xff, 0xff, 0xff, 0xff, 0xff, 0xff, 0xff, 0xff, 0xff, 0xff, 0xff, 0xff, 0xff
.byte 0xff, 0xff, 0xff, 0xff, 0xff, 0xff, 0xdb, 0xde, 0x6e, 0x63, 0xef, 0x52, 0xee, 0x52, 0x2f, 0x5b
.byte 0x71, 0x63, 0x91, 0x63, 0xef, 0x52, 0x0f, 0x53, 0x71, 0x63, 0x70, 0x63, 0x71, 0x63, 0x2f, 0x5b
.byte 0x6d, 0x42, 0x8d, 0x42, 0x2f, 0x5b, 0x70, 0x63, 0x70, 0x63, 0x70, 0x63, 0x71, 0x63, 0x71, 0x63
.byte 0x91, 0x63, 0x2f, 0x53, 0x66, 0x39, 0x07, 0x82, 0x69, 0xa2, 0x8a, 0xa2, 0xa6, 0x69, 0x25, 0x21
.byte 0xc6, 0x61, 0x89, 0xaa, 0x89, 0xa2, 0xa6, 0x59, 0xad, 0x4a, 0x50, 0x5b, 0x50, 0x5b, 0x2f, 0x5b
.byte 0x50, 0x5b, 0x91, 0x63, 0x50, 0x5b, 0xce, 0x4a, 0x8d, 0x42, 0xad, 0x4a, 0x91, 0x63, 0x70, 0x63
.byte 0x71, 0x63, 0x50, 0x63, 0x8d, 0x42, 0xad, 0x4a, 0x71, 0x63, 0x70, 0x63, 0x91, 0x63, 0x2a, 0x42
.byte 0xae, 0x7b, 0x3c, 0xe7, 0xff, 0xff, 0xff, 0xff, 0xff, 0xff, 0xff, 0xff, 0xff, 0xff, 0xff, 0xff
.byte 0xff, 0xff, 0xff, 0xff, 0xff, 0xff, 0xff, 0xff, 0xff, 0xff, 0xff, 0xff, 0xff, 0xff, 0xff, 0xff
.byte 0xff, 0xff, 0xff, 0xff, 0xff, 0xff, 0xff, 0xff, 0xff, 0xff, 0xff, 0xff, 0xff, 0xff, 0xff, 0xff
.byte 0xff, 0xff, 0xff, 0xff, 0xff, 0xff, 0xff, 0xff, 0xff, 0xff, 0xff, 0xff, 0xff, 0xff, 0xff, 0xff
.byte 0xff, 0xff, 0xff, 0xff, 0xff, 0xff, 0xff, 0xff, 0xff, 0xff, 0xff, 0xff, 0xff, 0xff, 0xff, 0xff
.byte 0xff, 0xff, 0xff, 0xff, 0xff, 0xff, 0xff, 0xff, 0xff, 0xff, 0xff, 0xff, 0xde, 0xff, 0x92, 0x94
.byte 0x4b, 0x42, 0x0f, 0x53, 0xee, 0x52, 0x50, 0x5b, 0x91, 0x63, 0x50, 0x5b, 0xef, 0x52, 0x30, 0x5b
.byte 0x91, 0x63, 0x70, 0x63, 0x71, 0x63, 0xef, 0x52, 0x6d, 0x42, 0xee, 0x4a, 0x70, 0x63, 0x70, 0x63
.byte 0x70, 0x63, 0x70, 0x63, 0x70, 0x63, 0x70, 0x63, 0xb2, 0x63, 0xee, 0x52, 0x66, 0x49, 0x69, 0x9a
.byte 0xaa, 0xaa, 0xaa, 0xaa, 0x86, 0x51, 0x46, 0x21, 0xa7, 0x61, 0x8a, 0xb2, 0x89, 0xaa, 0xc7, 0x61
.byte 0xcd, 0x52, 0xb2, 0x63, 0x91, 0x63, 0x70, 0x63, 0x70, 0x63, 0x71, 0x63, 0x50, 0x5b, 0xee, 0x4a
.byte 0xad, 0x42, 0xad, 0x4a, 0x91, 0x63, 0x71, 0x63, 0x71, 0x63, 0x71, 0x63, 0xee, 0x52, 0x8d, 0x42
.byte 0x50, 0x5b, 0x70, 0x63, 0x91, 0x63, 0xee, 0x52, 0x4a, 0x4a, 0x96, 0xb5, 0xff, 0xff, 0xff, 0xff
.byte 0xff, 0xff, 0xff, 0xff, 0xff, 0xff, 0xff, 0xff, 0xff, 0xff, 0xff, 0xff, 0xff, 0xff, 0xff, 0xff
.byte 0xff, 0xff, 0xff, 0xff, 0xff, 0xff, 0xff, 0xff, 0xff, 0xff, 0xff, 0xff, 0xff, 0xff, 0xff, 0xff
.byte 0xff, 0xff, 0xff, 0xff, 0xff, 0xff, 0xff, 0xff, 0xff, 0xff, 0xff, 0xff, 0xff, 0xff, 0xff, 0xff
.byte 0xff, 0xff, 0xff, 0xff, 0xff, 0xff, 0xff, 0xff, 0xff, 0xff, 0xff, 0xff, 0xff, 0xff, 0xff, 0xff
.byte 0xff, 0xff, 0xff, 0xff, 0xff, 0xff, 0xff, 0xff, 0xff, 0xff, 0xff, 0xff, 0xff, 0xff, 0xff, 0xff
.byte 0xff, 0xff, 0xff, 0xff, 0x79, 0xce, 0xcc, 0x52, 0xef, 0x52, 0xce, 0x4a, 0x2f, 0x5b, 0x71, 0x63
.byte 0x71, 0x63, 0x30, 0x5b, 0x0f, 0x53, 0x70, 0x63, 0x70, 0x63, 0x71, 0x63, 0x71, 0x63, 0xce, 0x4a
.byte 0xad, 0x42, 0x30, 0x5b, 0x71, 0x63, 0x71, 0x63, 0x71, 0x63, 0x70, 0x63, 0x71, 0x63, 0x71, 0x63
.byte 0xb2, 0x63, 0x4a, 0x42, 0xa6, 0x69, 0x89, 0xaa, 0x8a, 0xaa, 0x69, 0x9a, 0x66, 0x41, 0xa8, 0x21
.byte 0xa6, 0x61, 0x89, 0xaa, 0x89, 0xaa, 0xa6, 0x61, 0xac, 0x4a, 0xb2, 0x6b, 0x91, 0x63, 0x71, 0x63
.byte 0x71, 0x63, 0x71, 0x63, 0x70, 0x5b, 0xef, 0x52, 0xae, 0x4a, 0xad, 0x4a, 0x71, 0x63, 0x71, 0x63
.byte 0x70, 0x63, 0x91, 0x63, 0x2f, 0x5b, 0x8d, 0x42, 0x0f, 0x53, 0x71, 0x63, 0x71, 0x63, 0xb1, 0x63
.byte 0x2a, 0x42, 0x91, 0x94, 0xbe, 0xff, 0xff, 0xff, 0xff, 0xff, 0xff, 0xff, 0xff, 0xff, 0xff, 0xff
.byte 0xff, 0xff, 0xff, 0xff, 0xff, 0xff, 0xff, 0xff, 0xff, 0xff, 0xff, 0xff, 0xff, 0xff, 0xff, 0xff
.byte 0xff, 0xff, 0xff, 0xff, 0xff, 0xff, 0xff, 0xff, 0xff, 0xff, 0xff, 0xff, 0xff, 0xff, 0xff, 0xff
.byte 0xff, 0xff, 0xff, 0xff, 0xff, 0xff, 0xff, 0xff, 0xff, 0xff, 0xff, 0xff, 0xff, 0xff, 0xff, 0xff
.byte 0xff, 0xff, 0xff, 0xff, 0xff, 0xff, 0xff, 0xff, 0xff, 0xff, 0xff, 0xff, 0xff, 0xff, 0xff, 0xff
.byte 0xff, 0xff, 0xff, 0xff, 0xff, 0xff, 0xff, 0xff, 0xff, 0xff, 0xfb, 0xde, 0x4d, 0x6b, 0x4c, 0x42
.byte 0xee, 0x4a, 0xee, 0x52, 0x50, 0x5b, 0x71, 0x63, 0x71, 0x63, 0x50, 0x5b, 0x50, 0x63, 0x70, 0x63
.byte 0x70, 0x63, 0x71, 0x63, 0x50, 0x5b, 0xad, 0x42, 0xee, 0x52, 0x70, 0x63, 0x70, 0x63, 0x70, 0x63
.byte 0x71, 0x5b, 0x71, 0x63, 0x71, 0x63, 0x71, 0x63, 0x70, 0x5b, 0xc7, 0x41, 0x48, 0x92, 0xaa, 0xb2
.byte 0x8a, 0xaa, 0x28, 0x8a, 0xa8, 0x39, 0xea, 0x29, 0xa6, 0x61, 0x89, 0xa2, 0x89, 0xaa, 0xa6, 0x69
.byte 0x6c, 0x42, 0xb2, 0x6b, 0x91, 0x63, 0x71, 0x63, 0x71, 0x63, 0x71, 0x63, 0x71, 0x63, 0x0f, 0x53
.byte 0xae, 0x4a, 0xae, 0x4a, 0x50, 0x5b, 0x71, 0x63, 0x70, 0x63, 0x71, 0x63, 0x50, 0x5b, 0xce, 0x4a
.byte 0xee, 0x52, 0x71, 0x63, 0x70, 0x63, 0xb2, 0x6b, 0xad, 0x4a, 0x2c, 0x63, 0x59, 0xce, 0xff, 0xff
.byte 0xff, 0xff, 0xff, 0xff, 0xff, 0xff, 0xff, 0xff, 0xff, 0xff, 0xff, 0xff, 0xff, 0xff, 0xff, 0xff
.byte 0xff, 0xff, 0xff, 0xff, 0xff, 0xff, 0xff, 0xff, 0xff, 0xff, 0xff, 0xff, 0xff, 0xff, 0xff, 0xff
.byte 0xff, 0xff, 0xff, 0xff, 0xff, 0xff, 0xff, 0xff, 0xff, 0xff, 0xff, 0xff, 0xff, 0xff, 0xff, 0xff
.byte 0xff, 0xff, 0xff, 0xff, 0xff, 0xff, 0xff, 0xff, 0xff, 0xff, 0xff, 0xff, 0xff, 0xff, 0xff, 0xff
.byte 0xff, 0xff, 0xff, 0xff, 0xff, 0xff, 0xff, 0xff, 0xff, 0xff, 0xff, 0xff, 0xff, 0xff, 0xff, 0xff
.byte 0xff, 0xff, 0x75, 0xad, 0xc9, 0x31, 0xce, 0x4a, 0xad, 0x4a, 0x0f, 0x53, 0x71, 0x63, 0x71, 0x63
.byte 0x71, 0x63, 0x71, 0x63, 0x91, 0x63, 0x71, 0x63, 0x71, 0x63, 0x71, 0x63, 0x2f, 0x53, 0xad, 0x42
.byte 0x0f, 0x53, 0x71, 0x63, 0x70, 0x63, 0x71, 0x63, 0x71, 0x63, 0x71, 0x63, 0x71, 0x63, 0x91, 0x63
.byte 0x0f, 0x53, 0x45, 0x39, 0xe7, 0x81, 0x69, 0xa2, 0xaa, 0xaa, 0xe7, 0x79, 0xea, 0x39, 0x0b, 0x32
.byte 0xc7, 0x61, 0xa9, 0xa2, 0x89, 0xaa, 0xc7, 0x69, 0x6b, 0x42, 0xb2, 0x63, 0x91, 0x63, 0x91, 0x63
.byte 0x71, 0x63, 0x71, 0x63, 0x91, 0x63, 0x2f, 0x5b, 0xce, 0x4a, 0xae, 0x4a, 0x30, 0x5b, 0x91, 0x63
.byte 0x71, 0x63, 0x70, 0x63, 0x70, 0x63, 0x2f, 0x53, 0xee, 0x4a, 0x71, 0x63, 0x70, 0x63, 0x91, 0x63
.byte 0x70, 0x5b, 0x4a, 0x42, 0x34, 0xa5, 0xff, 0xff, 0xff, 0xff, 0xff, 0xff, 0xff, 0xff, 0xff, 0xff
.byte 0xff, 0xff, 0xff, 0xff, 0xff, 0xff, 0xff, 0xff, 0xff, 0xff, 0xff, 0xff, 0xff, 0xff, 0xff, 0xff
.byte 0xff, 0xff, 0xff, 0xff, 0xff, 0xff, 0xff, 0xff, 0xff, 0xff, 0xff, 0xff, 0xff, 0xff, 0xff, 0xff
.byte 0xff, 0xff, 0xff, 0xff, 0xff, 0xff, 0xff, 0xff, 0xff, 0xff, 0xff, 0xff, 0xff, 0xff, 0xff, 0xff
.byte 0xff, 0xff, 0xff, 0xff, 0xff, 0xff, 0xff, 0xff, 0xff, 0xff, 0xff, 0xff, 0xff, 0xff, 0xff, 0xff
.byte 0xff, 0xff, 0xff, 0xff, 0xff, 0xff, 0xff, 0xff, 0x9e, 0xf7, 0x52, 0x8c, 0x4c, 0x3a, 0xce, 0x4a
.byte 0xce, 0x4a, 0x50, 0x5b, 0x91, 0x63, 0x71, 0x63, 0x71, 0x63, 0x91, 0x63, 0x71, 0x63, 0x71, 0x63
.byte 0x71, 0x63, 0x71, 0x63, 0x0f, 0x53, 0xce, 0x4a, 0x30, 0x5b, 0x71, 0x63, 0x70, 0x5b, 0x70, 0x63
.byte 0x70, 0x63, 0x70, 0x63, 0x70, 0x63, 0x71, 0x63, 0x50, 0x63, 0xad, 0x52, 0xe9, 0x49, 0x86, 0x49
.byte 0x86, 0x59, 0x25, 0x41, 0x6c, 0x42, 0x2b, 0x3a, 0xe7, 0x69, 0xaa, 0xaa, 0xaa, 0xaa, 0xe7, 0x71
.byte 0x4b, 0x42, 0xb1, 0x63, 0x91, 0x63, 0x71, 0x63, 0x71, 0x63, 0x71, 0x63, 0x91, 0x63, 0x30, 0x5b
.byte 0xce, 0x4a, 0xae, 0x4a, 0x0f, 0x53, 0x91, 0x63, 0x71, 0x63, 0x71, 0x63, 0x71, 0x63, 0x50, 0x5b
.byte 0x0f, 0x53, 0x50, 0x5b, 0x71, 0x63, 0x71, 0x63, 0xb2, 0x63, 0x4b, 0x42, 0x71, 0x8c, 0x9d, 0xf7
.byte 0xff, 0xff, 0xff, 0xff, 0xff, 0xff, 0xff, 0xff, 0xff, 0xff, 0xff, 0xff, 0xff, 0xff, 0xff, 0xff
.byte 0xff, 0xff, 0xff, 0xff, 0xff, 0xff, 0xff, 0xff, 0xff, 0xff, 0xff, 0xff, 0xff, 0xff, 0xff, 0xff
.byte 0xff, 0xff, 0xff, 0xff, 0xff, 0xff, 0xff, 0xff, 0xff, 0xff, 0xff, 0xff, 0xff, 0xff, 0xff, 0xff
.byte 0xff, 0xff, 0xff, 0xff, 0xff, 0xff, 0xff, 0xff, 0xff, 0xff, 0xff, 0xff, 0xff, 0xff, 0xff, 0xff
.byte 0xff, 0xff, 0xff, 0xff, 0xff, 0xff, 0xff, 0xff, 0xff, 0xff, 0xff, 0xff, 0xff, 0xff, 0xff, 0xff
.byte 0xf7, 0xbd, 0x0a, 0x3a, 0xce, 0x4a, 0xae, 0x4a, 0x0f, 0x53, 0x71, 0x63, 0x71, 0x63, 0x71, 0x63
.byte 0x71, 0x63, 0x71, 0x63, 0x71, 0x63, 0x71, 0x63, 0x71, 0x63, 0x70, 0x5b, 0xee, 0x4a, 0xee, 0x4a
.byte 0x50, 0x5b, 0x70, 0x5b, 0x70, 0x5b, 0x70, 0x63, 0x70, 0x5b, 0x70, 0x5b, 0x70, 0x5b, 0x71, 0x63
.byte 0x71, 0x63, 0x91, 0x63, 0x70, 0x5b, 0xee, 0x52, 0x4b, 0x42, 0x4b, 0x42, 0x30, 0x53, 0x0a, 0x3a
.byte 0xe7, 0x71, 0xaa, 0xaa, 0x89, 0xaa, 0xc6, 0x71, 0x4b, 0x42, 0xb2, 0x63, 0x71, 0x63, 0x71, 0x63
.byte 0x71, 0x63, 0x71, 0x63, 0x91, 0x63, 0x50, 0x5b, 0xee, 0x4a, 0xce, 0x4a, 0x2f, 0x53, 0x91, 0x63
.byte 0x71, 0x63, 0x71, 0x63, 0x71, 0x63, 0x70, 0x63, 0x50, 0x5b, 0x50, 0x5b, 0x71, 0x63, 0x71, 0x63
.byte 0x92, 0x63, 0xce, 0x4a, 0x4d, 0x6b, 0x38, 0xce, 0xff, 0xff, 0xff, 0xff, 0xff, 0xff, 0xff, 0xff
.byte 0xff, 0xff, 0xff, 0xff, 0xff, 0xff, 0xff, 0xff, 0xff, 0xff, 0xff, 0xff, 0xff, 0xff, 0xff, 0xff
.byte 0xff, 0xff, 0xff, 0xff, 0xff, 0xff, 0xff, 0xff, 0xff, 0xff, 0xff, 0xff, 0xff, 0xff, 0xff, 0xff
.byte 0xff, 0xff, 0xff, 0xff, 0xff, 0xff, 0xff, 0xff, 0xff, 0xff, 0xff, 0xff, 0xff, 0xff, 0xff, 0xff
.byte 0xff, 0xff, 0xff, 0xff, 0xff, 0xff, 0xff, 0xff, 0xff, 0xff, 0xff, 0xff, 0xff, 0xff, 0xff, 0xff
.byte 0xff, 0xff, 0xff, 0xff, 0xff, 0xff, 0xdf, 0xff, 0xb3, 0x94, 0x4c, 0x3a, 0xef, 0x4a, 0xce, 0x4a
.byte 0x50, 0x5b, 0x91, 0x63, 0x71, 0x63, 0x71, 0x63, 0x71, 0x63, 0x71, 0x63, 0x71, 0x63, 0x71, 0x63
.byte 0x91, 0x63, 0x50, 0x5b, 0xef, 0x52, 0x0f, 0x53, 0x70, 0x63, 0x71, 0x63, 0x71, 0x63, 0x71, 0x63
.byte 0x71, 0x63, 0x70, 0x63, 0x71, 0x63, 0x71, 0x63, 0x71, 0x63, 0x71, 0x63, 0x91, 0x63, 0x91, 0x63
.byte 0x91, 0x63, 0xb2, 0x6b, 0x91, 0x63, 0xe9, 0x39, 0x08, 0x7a, 0xca, 0xaa, 0xaa, 0xaa, 0xe7, 0x71
.byte 0x4b, 0x4a, 0xb2, 0x63, 0x71, 0x63, 0x71, 0x63, 0x71, 0x63, 0x71, 0x63, 0x91, 0x63, 0x71, 0x63
.byte 0x2f, 0x53, 0x0f, 0x53, 0x50, 0x5b, 0x71, 0x63, 0x71, 0x63, 0x71, 0x63, 0x71, 0x63, 0x71, 0x63
.byte 0x71, 0x63, 0x71, 0x63, 0x71, 0x63, 0x71, 0x63, 0x91, 0x63, 0x91, 0x63, 0x4a, 0x42, 0x13, 0xa5
.byte 0xff, 0xff, 0xff, 0xff, 0xff, 0xff, 0xff, 0xff, 0xff, 0xff, 0xff, 0xff, 0xff, 0xff, 0xff, 0xff
.byte 0xff, 0xff, 0xff, 0xff, 0xff, 0xff, 0xff, 0xff, 0xff, 0xff, 0xff, 0xff, 0xff, 0xff, 0xff, 0xff
.byte 0xff, 0xff, 0xff, 0xff, 0xff, 0xff, 0xff, 0xff, 0xff, 0xff, 0xff, 0xff, 0xff, 0xff, 0xff, 0xff

.global _binary_w_snow_bin_end
_binary_w_snow_bin_end: /* for objcopy compatibility */


.global w_snow_bin_length
w_snow_bin_length:
.long 20000
