/* * Data converted from E:/Embedded-Systems/ESP32 Workspace/01_ST7789_Display_Module/main/w_wind.bin
 */
.data
#if !defined (__APPLE__) && !defined (__linux__)
.section .rodata.embedded
#endif

.global w_wind_bin
w_wind_bin:

.global _binary_w_wind_bin_start
_binary_w_wind_bin_start: /* for objcopy compatibility */
.byte 0xff, 0xff, 0xff, 0xff, 0xff, 0xff, 0xff, 0xff, 0xff, 0xff, 0xff, 0xff, 0xff, 0xff, 0xff, 0xff
.byte 0xff, 0xff, 0xff, 0xff, 0xff, 0xff, 0xff, 0xff, 0xff, 0xff, 0xff, 0xff, 0xff, 0xff, 0xff, 0xff
.byte 0xff, 0xff, 0xff, 0xff, 0xff, 0xff, 0xff, 0xff, 0xff, 0xff, 0xff, 0xff, 0xff, 0xff, 0xff, 0xff
.byte 0xff, 0xff, 0xff, 0xff, 0xff, 0xff, 0xff, 0xff, 0xff, 0xff, 0xff, 0xff, 0xff, 0xff, 0xff, 0xff
.byte 0xff, 0xff, 0xff, 0xff, 0xff, 0xff, 0xff, 0xff, 0xff, 0xff, 0xff, 0xff, 0xff, 0xff, 0xff, 0xff
.byte 0xff, 0xff, 0xff, 0xff, 0xff, 0xff, 0xff, 0xff, 0xff, 0xff, 0xff, 0xff, 0xff, 0xff, 0xff, 0xff
.byte 0xff, 0xff, 0xff, 0xff, 0xff, 0xff, 0xff, 0xff, 0xff, 0xff, 0xff, 0xff, 0xff, 0xff, 0xff, 0xff
.byte 0xff, 0xff, 0xff, 0xff, 0xff, 0xff, 0xff, 0xff, 0xff, 0xff, 0xff, 0xff, 0xff, 0xff, 0xff, 0xff
.byte 0xff, 0xff, 0xff, 0xff, 0xff, 0xff, 0xff, 0xff, 0xff, 0xff, 0xff, 0xff, 0xff, 0xff, 0xff, 0xff
.byte 0xff, 0xff, 0xff, 0xff, 0xff, 0xff, 0xff, 0xff, 0xff, 0xff, 0xff, 0xff, 0xff, 0xff, 0xff, 0xff
.byte 0xff, 0xff, 0xff, 0xff, 0xff, 0xff, 0xff, 0xff, 0xff, 0xff, 0xff, 0xff, 0xff, 0xff, 0xff, 0xff
.byte 0xff, 0xff, 0xff, 0xff, 0xff, 0xff, 0xff, 0xff, 0xff, 0xff, 0xff, 0xff, 0xff, 0xff, 0xff, 0xff
.byte 0xff, 0xff, 0xff, 0xff, 0xff, 0xff, 0xff, 0xff, 0xff, 0xff, 0xff, 0xff, 0xff, 0xff, 0xff, 0xff
.byte 0xff, 0xff, 0xff, 0xff, 0xff, 0xff, 0xff, 0xff, 0xff, 0xff, 0xff, 0xff, 0xff, 0xff, 0xff, 0xff
.byte 0xff, 0xff, 0xff, 0xff, 0xff, 0xff, 0xdf, 0xf7, 0xbe, 0xef, 0x3d, 0xe7, 0xfc, 0xd6, 0xfc, 0xd6
.byte 0x5d, 0xe7, 0xff, 0xff, 0xff, 0xff, 0xff, 0xff, 0xff, 0xff, 0xff, 0xff, 0xff, 0xff, 0xff, 0xff
.byte 0xff, 0xff, 0xff, 0xff, 0xff, 0xff, 0xff, 0xff, 0xff, 0xff, 0xff, 0xff, 0xff, 0xff, 0xff, 0xff
.byte 0xff, 0xff, 0xff, 0xff, 0xff, 0xff, 0xff, 0xff, 0xff, 0xff, 0xff, 0xff, 0xff, 0xff, 0xff, 0xff
.byte 0xff, 0xff, 0xff, 0xff, 0xff, 0xff, 0xff, 0xff, 0xff, 0xff, 0xff, 0xff, 0xff, 0xff, 0xff, 0xff
.byte 0xff, 0xff, 0xff, 0xff, 0xff, 0xff, 0xff, 0xff, 0xff, 0xff, 0xff, 0xff, 0xff, 0xff, 0xff, 0xff
.byte 0xff, 0xff, 0xff, 0xff, 0xff, 0xff, 0xff, 0xff, 0xff, 0xff, 0xff, 0xff, 0xff, 0xff, 0xff, 0xff
.byte 0xff, 0xff, 0xff, 0xff, 0xff, 0xff, 0xff, 0xff, 0xff, 0xff, 0xff, 0xff, 0xff, 0xff, 0xff, 0xff
.byte 0xff, 0xff, 0xff, 0xff, 0xff, 0xff, 0xff, 0xff, 0xff, 0xff, 0xff, 0xff, 0xff, 0xff, 0xff, 0xff
.byte 0xff, 0xff, 0xff, 0xff, 0xff, 0xff, 0xff, 0xff, 0xff, 0xff, 0xff, 0xff, 0xff, 0xff, 0xff, 0xff
.byte 0xff, 0xff, 0xff, 0xff, 0xff, 0xff, 0xff, 0xff, 0xff, 0xff, 0xff, 0xff, 0xff, 0xff, 0xff, 0xff
.byte 0xff, 0xff, 0xff, 0xff, 0xff, 0xff, 0xff, 0xff, 0xff, 0xff, 0xff, 0xff, 0xff, 0xff, 0xff, 0xff
.byte 0x7d, 0xe7, 0xbb, 0xce, 0xbb, 0xce, 0x7d, 0xef, 0xff, 0xff, 0xff, 0xff, 0xbf, 0xf7, 0x9b, 0xbe
.byte 0x1a, 0xa6, 0x39, 0xb6, 0x5a, 0xb6, 0xd8, 0x9d, 0xb8, 0x9d, 0x7a, 0xc6, 0xff, 0xff, 0xff, 0xff
.byte 0xff, 0xff, 0xff, 0xff, 0xff, 0xff, 0xff, 0xff, 0xff, 0xff, 0xff, 0xff, 0xff, 0xff, 0xff, 0xff
.byte 0xff, 0xff, 0xff, 0xff, 0xff, 0xff, 0xff, 0xff, 0xff, 0xff, 0xff, 0xff, 0xff, 0xff, 0xff, 0xff
.byte 0xff, 0xff, 0xff, 0xff, 0xff, 0xff, 0xff, 0xff, 0xff, 0xff, 0xff, 0xff, 0xff, 0xff, 0xff, 0xff
.byte 0xff, 0xff, 0xff, 0xff, 0xff, 0xff, 0xff, 0xff, 0xff, 0xff, 0xff, 0xff, 0xff, 0xff, 0xff, 0xff
.byte 0xff, 0xff, 0xff, 0xff, 0xff, 0xff, 0xff, 0xff, 0xff, 0xff, 0xff, 0xff, 0xff, 0xff, 0xff, 0xff
.byte 0xff, 0xff, 0xff, 0xff, 0xff, 0xff, 0xff, 0xff, 0xff, 0xff, 0xff, 0xff, 0xff, 0xff, 0xff, 0xff
.byte 0xff, 0xff, 0xff, 0xff, 0xff, 0xff, 0xff, 0xff, 0xff, 0xff, 0xff, 0xff, 0xff, 0xff, 0xff, 0xff
.byte 0xff, 0xff, 0xff, 0xff, 0xff, 0xff, 0xff, 0xff, 0xff, 0xff, 0xff, 0xff, 0xff, 0xff, 0xff, 0xff
.byte 0xff, 0xff, 0xff, 0xff, 0xff, 0xff, 0xff, 0xff, 0xff, 0xff, 0xff, 0xff, 0xff, 0xff, 0xff, 0xff
.byte 0xff, 0xff, 0xff, 0xff, 0xff, 0xff, 0xff, 0xff, 0xff, 0xff, 0xff, 0xff, 0xff, 0xff, 0xff, 0xff
.byte 0xff, 0xff, 0xff, 0xff, 0xff, 0xff, 0xbe, 0xf7, 0xb7, 0xa5, 0x7b, 0xbe, 0xf9, 0xa5, 0xd8, 0xa5
.byte 0xbe, 0xf7, 0xff, 0xff, 0xfc, 0xce, 0x3a, 0xae, 0x5a, 0xbe, 0x1c, 0xdf, 0xfb, 0xd6, 0xb8, 0xa5
.byte 0xf9, 0xa5, 0x97, 0x9d, 0x5d, 0xe7, 0xff, 0xff, 0xff, 0xff, 0xff, 0xff, 0xff, 0xff, 0xff, 0xff
.byte 0xff, 0xff, 0xff, 0xff, 0xff, 0xff, 0xff, 0xff, 0xff, 0xff, 0xff, 0xff, 0xff, 0xff, 0xff, 0xff
.byte 0xff, 0xff, 0xff, 0xff, 0xff, 0xff, 0xff, 0xff, 0xff, 0xff, 0xff, 0xff, 0xff, 0xff, 0xff, 0xff
.byte 0xff, 0xff, 0xff, 0xff, 0xff, 0xff, 0xff, 0xff, 0xff, 0xff, 0xff, 0xff, 0xff, 0xff, 0xff, 0xff
.byte 0xff, 0xff, 0xff, 0xff, 0xff, 0xff, 0xff, 0xff, 0xff, 0xff, 0xff, 0xff, 0xff, 0xff, 0xff, 0xff
.byte 0xff, 0xff, 0xff, 0xff, 0xff, 0xff, 0xff, 0xff, 0xff, 0xff, 0xff, 0xff, 0xff, 0xff, 0xff, 0xff
.byte 0xff, 0xff, 0xff, 0xff, 0xff, 0xff, 0xff, 0xff, 0xff, 0xff, 0xff, 0xff, 0xff, 0xff, 0xff, 0xff
.byte 0xff, 0xff, 0xff, 0xff, 0xff, 0xff, 0xff, 0xff, 0xff, 0xff, 0xff, 0xff, 0xff, 0xff, 0xff, 0xff
.byte 0xff, 0xff, 0xff, 0xff, 0xff, 0xff, 0xff, 0xff, 0xff, 0xff, 0xff, 0xff, 0xff, 0xff, 0xff, 0xff
.byte 0xff, 0xff, 0xff, 0xff, 0xff, 0xff, 0xff, 0xff, 0xff, 0xff, 0xff, 0xff, 0xff, 0xff, 0xff, 0xff
.byte 0xff, 0xff, 0xff, 0xff, 0xff, 0xff, 0xff, 0xff, 0xff, 0xff, 0xff, 0xff, 0xff, 0xff, 0x1c, 0xdf
.byte 0xbb, 0xd6, 0x7d, 0xef, 0x19, 0xb6, 0x19, 0xae, 0x1c, 0xdf, 0xff, 0xff, 0xbb, 0xc6, 0x3a, 0xae
.byte 0x3c, 0xe7, 0xff, 0xff, 0xff, 0xff, 0x5d, 0xe7, 0xd8, 0xa5, 0xf9, 0xa5, 0x7a, 0xc6, 0xff, 0xff
.byte 0xff, 0xff, 0xff, 0xff, 0xff, 0xff, 0xff, 0xff, 0xff, 0xff, 0xff, 0xff, 0xff, 0xff, 0xff, 0xff
.byte 0xff, 0xff, 0xff, 0xff, 0xff, 0xff, 0xff, 0xff, 0xff, 0xff, 0xff, 0xff, 0xff, 0xff, 0xff, 0xff
.byte 0xff, 0xff, 0xff, 0xff, 0xff, 0xff, 0xff, 0xff, 0xff, 0xff, 0xff, 0xff, 0xff, 0xff, 0xff, 0xff
.byte 0xff, 0xff, 0xff, 0xff, 0xff, 0xff, 0xff, 0xff, 0xff, 0xff, 0xff, 0xff, 0xff, 0xff, 0xff, 0xff
.byte 0xff, 0xff, 0xff, 0xff, 0xff, 0xff, 0xff, 0xff, 0xff, 0xff, 0xff, 0xff, 0x1c, 0xe7, 0x96, 0xb5
.byte 0xd6, 0xbd, 0x38, 0xc6, 0x5c, 0xef, 0xff, 0xff, 0xff, 0xff, 0xff, 0xff, 0xff, 0xff, 0xff, 0xff
.byte 0xff, 0xff, 0xff, 0xff, 0xff, 0xff, 0xff, 0xff, 0xff, 0xff, 0xff, 0xff, 0xff, 0xff, 0xff, 0xff
.byte 0xff, 0xff, 0xff, 0xff, 0xff, 0xff, 0xff, 0xff, 0xff, 0xff, 0xff, 0xff, 0xff, 0xff, 0xff, 0xff
.byte 0xff, 0xff, 0xff, 0xff, 0xff, 0xff, 0xff, 0xff, 0xff, 0xff, 0xff, 0xff, 0xff, 0xff, 0xff, 0xff
.byte 0xff, 0xff, 0xff, 0xff, 0xff, 0xff, 0xff, 0xff, 0xff, 0xff, 0xff, 0xff, 0xff, 0xff, 0xff, 0xff
.byte 0xff, 0xff, 0xdf, 0xff, 0xff, 0xff, 0xbe, 0xf7, 0x5d, 0xe7, 0xff, 0xff, 0x5a, 0xbe, 0x5a, 0xb6
.byte 0x7d, 0xef, 0xff, 0xff, 0x5a, 0xbe, 0xd9, 0xa5, 0x3c, 0xe7, 0xff, 0xff, 0xff, 0xff, 0xff, 0xff
.byte 0x9b, 0xc6, 0xb7, 0x9d, 0xdb, 0xce, 0xff, 0xff, 0xff, 0xff, 0xff, 0xff, 0xff, 0xff, 0xff, 0xff
.byte 0xff, 0xff, 0xff, 0xff, 0xff, 0xff, 0xff, 0xff, 0xff, 0xff, 0xff, 0xff, 0xff, 0xff, 0xff, 0xff
.byte 0xff, 0xff, 0xff, 0xff, 0xff, 0xff, 0xff, 0xff, 0xff, 0xff, 0xff, 0xff, 0xff, 0xff, 0xff, 0xff
.byte 0xff, 0xff, 0xff, 0xff, 0xff, 0xff, 0xff, 0xff, 0xff, 0xff, 0xff, 0xff, 0xff, 0xff, 0xff, 0xff
.byte 0xff, 0xff, 0xff, 0xff, 0xff, 0xff, 0xff, 0xff, 0xff, 0xff, 0xff, 0xff, 0xff, 0xff, 0xff, 0xff
.byte 0xff, 0xff, 0x79, 0xd6, 0xeb, 0x62, 0xa9, 0x5a, 0xa9, 0x52, 0xaa, 0x5a, 0x2c, 0x6b, 0x30, 0x8c
.byte 0xd3, 0x9c, 0x99, 0xd6, 0xff, 0xff, 0xff, 0xff, 0xff, 0xff, 0xff, 0xff, 0xff, 0xff, 0xff, 0xff
.byte 0xff, 0xff, 0xff, 0xff, 0xff, 0xff, 0xff, 0xff, 0xff, 0xff, 0xff, 0xff, 0xff, 0xff, 0xff, 0xff
.byte 0xff, 0xff, 0xff, 0xff, 0xff, 0xff, 0xff, 0xff, 0xff, 0xff, 0xff, 0xff, 0xff, 0xff, 0xff, 0xff
.byte 0xff, 0xff, 0xff, 0xff, 0xff, 0xff, 0xff, 0xff, 0xff, 0xff, 0xff, 0xff, 0xff, 0xff, 0xff, 0xff
.byte 0xff, 0xff, 0xff, 0xff, 0x3d, 0xdf, 0xd8, 0xa5, 0x77, 0x9d, 0x57, 0x95, 0x97, 0x9d, 0xb8, 0xa5
.byte 0x56, 0x95, 0xd8, 0xa5, 0x97, 0x9d, 0xfc, 0xd6, 0xff, 0xff, 0xff, 0xff, 0x3d, 0xe7, 0xdb, 0xd6
.byte 0x9e, 0xf7, 0xff, 0xff, 0xff, 0xff, 0xff, 0xff, 0x7a, 0xbe, 0x97, 0x95, 0xdb, 0xd6, 0xff, 0xff
.byte 0xff, 0xff, 0xff, 0xff, 0xff, 0xff, 0xff, 0xff, 0xff, 0xff, 0xff, 0xff, 0xff, 0xff, 0xff, 0xff
.byte 0xff, 0xff, 0xff, 0xff, 0xff, 0xff, 0xff, 0xff, 0xff, 0xff, 0xff, 0xff, 0xff, 0xff, 0xff, 0xff
.byte 0xff, 0xff, 0xff, 0xff, 0xff, 0xff, 0xff, 0xff, 0xff, 0xff, 0xff, 0xff, 0xff, 0xff, 0xff, 0xff
.byte 0xff, 0xff, 0xff, 0xff, 0xff, 0xff, 0xff, 0xff, 0xff, 0xff, 0xff, 0xff, 0xff, 0xff, 0xff, 0xff
.byte 0xff, 0xff, 0xff, 0xff, 0xff, 0xff, 0xff, 0xff, 0x7d, 0xef, 0x69, 0x4a, 0x48, 0x4a, 0x69, 0x52
.byte 0x48, 0x52, 0x28, 0x4a, 0x27, 0x4a, 0x48, 0x52, 0x89, 0x5a, 0xaa, 0x5a, 0x0f, 0x84, 0x1c, 0xe7
.byte 0xff, 0xff, 0xff, 0xff, 0xff, 0xff, 0xff, 0xff, 0xff, 0xff, 0xff, 0xff, 0xff, 0xff, 0xff, 0xff
.byte 0xff, 0xff, 0xff, 0xff, 0xff, 0xff, 0xff, 0xff, 0xff, 0xff, 0xff, 0xff, 0xff, 0xff, 0xff, 0xff
.byte 0xff, 0xff, 0xff, 0xff, 0xff, 0xff, 0xff, 0xff, 0xff, 0xff, 0xff, 0xff, 0xff, 0xff, 0xff, 0xff
.byte 0xff, 0xff, 0xff, 0xff, 0xff, 0xff, 0xff, 0xff, 0xff, 0xff, 0xff, 0xff, 0x3d, 0xe7, 0xbc, 0xc6
.byte 0x3a, 0xb6, 0xf9, 0xa5, 0x1a, 0xae, 0x19, 0xae, 0xd8, 0xad, 0x5a, 0xbe, 0xba, 0xce, 0x9e, 0xf7
.byte 0xff, 0xff, 0xff, 0xff, 0xff, 0xff, 0xff, 0xff, 0xff, 0xff, 0xff, 0xff, 0xff, 0xff, 0xdf, 0xf7
.byte 0xd8, 0xa5, 0xb8, 0xa5, 0x3c, 0xe7, 0xff, 0xff, 0xff, 0xff, 0xff, 0xff, 0xff, 0xff, 0xff, 0xff
.byte 0xff, 0xff, 0xff, 0xff, 0xff, 0xff, 0xff, 0xff, 0xff, 0xff, 0xff, 0xff, 0xff, 0xff, 0xff, 0xff
.byte 0xff, 0xff, 0xff, 0xff, 0xff, 0xff, 0xff, 0xff, 0xff, 0xff, 0xff, 0xff, 0xff, 0xff, 0xff, 0xff
.byte 0xff, 0xff, 0xff, 0xff, 0xff, 0xff, 0xff, 0xff, 0xff, 0xff, 0xff, 0xff, 0xff, 0xff, 0xff, 0xff
.byte 0xff, 0xff, 0xff, 0xff, 0xff, 0xff, 0xff, 0xff, 0xff, 0xff, 0xff, 0xff, 0xff, 0xff, 0xbe, 0xf7
.byte 0x4d, 0x6b, 0x07, 0x42, 0xca, 0x5a, 0xaa, 0x5a, 0xaa, 0x5a, 0xaa, 0x5a, 0xaa, 0x5a, 0xca, 0x5a
.byte 0xa9, 0x5a, 0x68, 0x52, 0x68, 0x52, 0xae, 0x73, 0x54, 0xad, 0x18, 0xc6, 0xff, 0xff, 0xff, 0xff
.byte 0xff, 0xff, 0xff, 0xff, 0xff, 0xff, 0xff, 0xff, 0xff, 0xff, 0xff, 0xff, 0xff, 0xff, 0xff, 0xff
.byte 0xff, 0xff, 0xff, 0xff, 0xff, 0xff, 0xff, 0xff, 0xff, 0xff, 0xff, 0xff, 0xff, 0xff, 0xff, 0xff
.byte 0xff, 0xff, 0xff, 0xff, 0xff, 0xff, 0xff, 0xff, 0xff, 0xff, 0xff, 0xff, 0xff, 0xff, 0xff, 0xff
.byte 0xff, 0xff, 0xff, 0xff, 0xbf, 0xf7, 0xdf, 0xf7, 0xbf, 0xf7, 0xbe, 0xf7, 0xbe, 0xf7, 0x9e, 0xf7
.byte 0x9e, 0xf7, 0xbe, 0xf7, 0xdf, 0xff, 0xff, 0xff, 0xff, 0xff, 0xdf, 0xff, 0xdf, 0xf7, 0xff, 0xff
.byte 0xff, 0xff, 0x9e, 0xef, 0x9b, 0xc6, 0xf9, 0xa5, 0x57, 0x95, 0x9a, 0xce, 0xbe, 0xf7, 0xff, 0xff
.byte 0xff, 0xff, 0xff, 0xff, 0xff, 0xff, 0xff, 0xff, 0xff, 0xff, 0xff, 0xff, 0xff, 0xff, 0xff, 0xff
.byte 0xff, 0xff, 0xff, 0xff, 0xff, 0xff, 0xff, 0xff, 0xff, 0xff, 0xff, 0xff, 0xff, 0xff, 0xff, 0xff
.byte 0xff, 0xff, 0xff, 0xff, 0xff, 0xff, 0xff, 0xff, 0xff, 0xff, 0xff, 0xff, 0xff, 0xff, 0xff, 0xff
.byte 0xff, 0xff, 0xff, 0xff, 0xff, 0xff, 0xff, 0xff, 0xff, 0xff, 0xff, 0xff, 0xff, 0xff, 0xff, 0xff
.byte 0xff, 0xff, 0xff, 0xff, 0xff, 0xff, 0xb6, 0xb5, 0xc6, 0x39, 0xa9, 0x52, 0xaa, 0x5a, 0x89, 0x52
.byte 0x89, 0x52, 0x89, 0x52, 0x89, 0x5a, 0x89, 0x52, 0xa9, 0x52, 0xa9, 0x5a, 0x89, 0x52, 0x68, 0x52
.byte 0x68, 0x52, 0xc6, 0x39, 0x71, 0x8c, 0xbe, 0xf7, 0xff, 0xff, 0xff, 0xff, 0xff, 0xff, 0xff, 0xff
.byte 0xff, 0xff, 0xff, 0xff, 0xff, 0xff, 0xff, 0xff, 0xff, 0xff, 0xff, 0xff, 0xff, 0xff, 0xff, 0xff
.byte 0xff, 0xff, 0xff, 0xff, 0xff, 0xff, 0xff, 0xff, 0xff, 0xff, 0xff, 0xff, 0xff, 0xff, 0xff, 0xff
.byte 0xff, 0xff, 0xff, 0xff, 0xff, 0xff, 0xff, 0xff, 0xff, 0xff, 0xbb, 0xce, 0x97, 0xa5, 0x97, 0xa5
.byte 0x97, 0x9d, 0x77, 0x9d, 0x77, 0x9d, 0x77, 0x9d, 0x77, 0x95, 0x97, 0x9d, 0xb7, 0xa5, 0xb7, 0xa5
.byte 0xb7, 0xa5, 0xb8, 0xa5, 0xd8, 0xad, 0xd8, 0xad, 0xb8, 0xa5, 0x97, 0x9d, 0x97, 0x9d, 0x19, 0xb6
.byte 0xba, 0xd6, 0x7d, 0xf7, 0xff, 0xff, 0xff, 0xff, 0xff, 0xff, 0xff, 0xff, 0xff, 0xff, 0xff, 0xff
.byte 0xff, 0xff, 0xff, 0xff, 0xff, 0xff, 0xff, 0xff, 0xff, 0xff, 0xff, 0xff, 0xff, 0xff, 0xff, 0xff
.byte 0xff, 0xff, 0xff, 0xff, 0xff, 0xff, 0xff, 0xff, 0xff, 0xff, 0xff, 0xff, 0xff, 0xff, 0xff, 0xff
.byte 0xff, 0xff, 0xff, 0xff, 0xff, 0xff, 0xff, 0xff, 0xff, 0xff, 0xff, 0xff, 0xff, 0xff, 0xff, 0xff
.byte 0xff, 0xff, 0xff, 0xff, 0xff, 0xff, 0xff, 0xff, 0xff, 0xff, 0xff, 0xff, 0xbe, 0xf7, 0xaa, 0x5a
.byte 0x69, 0x52, 0xaa, 0x5a, 0x89, 0x52, 0x89, 0x52, 0x89, 0x52, 0x89, 0x52, 0x89, 0x52, 0x89, 0x52
.byte 0x89, 0x52, 0x89, 0x52, 0x89, 0x52, 0x48, 0x4a, 0x27, 0x42, 0x27, 0x42, 0xc6, 0x39, 0x71, 0x8c
.byte 0xdf, 0xff, 0xff, 0xff, 0xff, 0xff, 0xff, 0xff, 0xff, 0xff, 0xff, 0xff, 0xff, 0xff, 0xff, 0xff
.byte 0xff, 0xff, 0xff, 0xff, 0xff, 0xff, 0xff, 0xff, 0xff, 0xff, 0xff, 0xff, 0xff, 0xff, 0xff, 0xff
.byte 0xff, 0xff, 0xff, 0xff, 0xff, 0xff, 0xff, 0xff, 0xff, 0xff, 0xff, 0xff, 0xff, 0xff, 0xff, 0xff
.byte 0xff, 0xff, 0x1c, 0xdf, 0xbb, 0xce, 0xdb, 0xd6, 0x1c, 0xdf, 0xfc, 0xd6, 0xdb, 0xd6, 0xfc, 0xd6
.byte 0xfc, 0xd6, 0xbb, 0xce, 0x9a, 0xce, 0xbb, 0xce, 0xbb, 0xce, 0x9a, 0xce, 0x9a, 0xce, 0xfc, 0xde
.byte 0xfb, 0xde, 0xdb, 0xd6, 0x7d, 0xef, 0xbe, 0xf7, 0xde, 0xff, 0xff, 0xff, 0xff, 0xff, 0xff, 0xff
.byte 0xff, 0xff, 0xff, 0xff, 0xff, 0xff, 0xff, 0xff, 0xff, 0xff, 0xff, 0xff, 0xff, 0xff, 0xff, 0xff
.byte 0xff, 0xff, 0xff, 0xff, 0xff, 0xff, 0xff, 0xff, 0xff, 0xff, 0xff, 0xff, 0xff, 0xff, 0xff, 0xff
.byte 0xff, 0xff, 0xff, 0xff, 0xff, 0xff, 0xff, 0xff, 0xff, 0xff, 0xff, 0xff, 0xff, 0xff, 0xff, 0xff
.byte 0xff, 0xff, 0xff, 0xff, 0xff, 0xff, 0xff, 0xff, 0xff, 0xff, 0xff, 0xff, 0xff, 0xff, 0xff, 0xff
.byte 0xff, 0xff, 0xff, 0xff, 0xf3, 0xa4, 0x07, 0x42, 0xaa, 0x5a, 0xa9, 0x5a, 0xa9, 0x52, 0x89, 0x52
.byte 0x89, 0x52, 0x89, 0x52, 0x89, 0x52, 0x89, 0x52, 0x89, 0x52, 0x89, 0x52, 0x68, 0x52, 0x48, 0x4a
.byte 0x68, 0x4a, 0x89, 0x52, 0xc6, 0x39, 0x4c, 0x6b, 0xfb, 0xde, 0xff, 0xff, 0xff, 0xff, 0xff, 0xff
.byte 0xff, 0xff, 0xff, 0xff, 0xff, 0xff, 0xff, 0xff, 0xff, 0xff, 0xff, 0xff, 0xff, 0xff, 0xff, 0xff
.byte 0xff, 0xff, 0xff, 0xff, 0xff, 0xff, 0xff, 0xff, 0xff, 0xff, 0xff, 0xff, 0xff, 0xff, 0xff, 0xff
.byte 0xff, 0xff, 0xff, 0xff, 0xff, 0xff, 0xff, 0xff, 0xff, 0xff, 0xff, 0xff, 0xff, 0xff, 0xff, 0xff
.byte 0xff, 0xff, 0x3d, 0xe7, 0xdb, 0xce, 0x1c, 0xdf, 0x5d, 0xe7, 0xfc, 0xde, 0x9a, 0xce, 0xfc, 0xd6
.byte 0x3c, 0xdf, 0xdb, 0xce, 0x7a, 0xc6, 0xfc, 0xd6, 0x5d, 0xe7, 0xff, 0xff, 0xff, 0xff, 0xff, 0xff
.byte 0xff, 0xff, 0xff, 0xff, 0xff, 0xff, 0xff, 0xff, 0xff, 0xff, 0xff, 0xff, 0xff, 0xff, 0xff, 0xff
.byte 0xff, 0xff, 0xff, 0xff, 0xff, 0xff, 0xff, 0xff, 0xff, 0xff, 0xff, 0xff, 0xff, 0xff, 0xff, 0xff
.byte 0xff, 0xff, 0xff, 0xff, 0xff, 0xff, 0xff, 0xff, 0xff, 0xff, 0xff, 0xff, 0xff, 0xff, 0xff, 0xff
.byte 0xff, 0xff, 0xff, 0xff, 0xff, 0xff, 0xff, 0xff, 0xff, 0xff, 0xff, 0xff, 0xff, 0xff, 0xff, 0xff
.byte 0xff, 0xff, 0xff, 0xff, 0xff, 0xff, 0xff, 0xff, 0xff, 0xff, 0x9e, 0xf7, 0x69, 0x52, 0x89, 0x52
.byte 0xaa, 0x5a, 0x89, 0x52, 0x89, 0x52, 0x89, 0x52, 0x89, 0x52, 0x89, 0x52, 0x89, 0x52, 0x89, 0x52
.byte 0x89, 0x52, 0x89, 0x52, 0x68, 0x52, 0x48, 0x4a, 0x68, 0x4a, 0x89, 0x52, 0xc6, 0x39, 0x0b, 0x63
.byte 0xfb, 0xde, 0xff, 0xff, 0xff, 0xff, 0xff, 0xff, 0xff, 0xff, 0xff, 0xff, 0xff, 0xff, 0xff, 0xff
.byte 0xff, 0xff, 0xff, 0xff, 0xff, 0xff, 0xff, 0xff, 0xff, 0xff, 0xff, 0xff, 0xff, 0xff, 0xff, 0xff
.byte 0xff, 0xff, 0xff, 0xff, 0xff, 0xff, 0xff, 0xff, 0xff, 0xff, 0xff, 0xff, 0xff, 0xff, 0xff, 0xff
.byte 0xff, 0xff, 0xff, 0xff, 0xff, 0xff, 0xff, 0xff, 0xdf, 0xff, 0x39, 0xbe, 0x5a, 0xb6, 0x19, 0xae
.byte 0x3a, 0xb6, 0x5a, 0xbe, 0x5a, 0xbe, 0x5a, 0xbe, 0x39, 0xbe, 0x39, 0xb6, 0x19, 0xae, 0x77, 0x95
.byte 0xf5, 0x84, 0xdb, 0xce, 0xff, 0xff, 0xff, 0xff, 0xff, 0xff, 0xff, 0xff, 0xff, 0xff, 0xff, 0xff
.byte 0xff, 0xff, 0xff, 0xff, 0xff, 0xff, 0xff, 0xff, 0xff, 0xff, 0xff, 0xff, 0xff, 0xff, 0xff, 0xff
.byte 0xff, 0xff, 0xff, 0xff, 0xff, 0xff, 0xff, 0xff, 0xff, 0xff, 0xff, 0xff, 0xff, 0xff, 0xff, 0xff
.byte 0xff, 0xff, 0xff, 0xff, 0xff, 0xff, 0xff, 0xff, 0xff, 0xff, 0xff, 0xff, 0xff, 0xff, 0xff, 0xff
.byte 0xff, 0xff, 0xff, 0xff, 0xff, 0xff, 0xff, 0xff, 0xff, 0xff, 0xff, 0xff, 0xff, 0xff, 0xff, 0xff
.byte 0xff, 0xff, 0x51, 0x8c, 0x07, 0x42, 0x89, 0x52, 0x89, 0x52, 0x89, 0x52, 0x89, 0x52, 0x89, 0x52
.byte 0x89, 0x52, 0x89, 0x52, 0x89, 0x52, 0x89, 0x52, 0x89, 0x52, 0x89, 0x52, 0x68, 0x52, 0x48, 0x4a
.byte 0x68, 0x4a, 0x89, 0x52, 0x85, 0x31, 0xce, 0x7b, 0x9d, 0xf7, 0xff, 0xff, 0xff, 0xff, 0xff, 0xff
.byte 0xff, 0xff, 0xff, 0xff, 0xff, 0xff, 0xff, 0xff, 0xff, 0xff, 0xff, 0xff, 0xff, 0xff, 0xff, 0xff
.byte 0xff, 0xff, 0xff, 0xff, 0xff, 0xff, 0xff, 0xff, 0xff, 0xff, 0xff, 0xff, 0xff, 0xff, 0xff, 0xff
.byte 0xff, 0xff, 0xff, 0xff, 0xff, 0xff, 0xff, 0xff, 0xff, 0xff, 0xff, 0xff, 0xff, 0xff, 0xff, 0xff
.byte 0xff, 0xff, 0x9e, 0xf7, 0xbe, 0xf7, 0x7d, 0xef, 0x7e, 0xef, 0xdf, 0xff, 0xdf, 0xff, 0xdf, 0xff
.byte 0xff, 0xff, 0xff, 0xff, 0x7d, 0xef, 0x19, 0xb6, 0xb8, 0x9d, 0xd8, 0xa5, 0x3d, 0xe7, 0xff, 0xff
.byte 0xff, 0xff, 0xff, 0xff, 0xff, 0xff, 0xff, 0xff, 0xff, 0xff, 0xff, 0xff, 0xff, 0xff, 0xff, 0xff
.byte 0xff, 0xff, 0xff, 0xff, 0xff, 0xff, 0xff, 0xff, 0xff, 0xff, 0xff, 0xff, 0xff, 0xff, 0xff, 0xff
.byte 0xff, 0xff, 0xff, 0xff, 0xff, 0xff, 0xff, 0xff, 0xff, 0xff, 0xff, 0xff, 0xff, 0xff, 0xff, 0xff
.byte 0xff, 0xff, 0xff, 0xff, 0xff, 0xff, 0xff, 0xff, 0xff, 0xff, 0xff, 0xff, 0xff, 0xff, 0xff, 0xff
.byte 0xff, 0xff, 0xff, 0xff, 0xff, 0xff, 0xff, 0xff, 0x3c, 0xe7, 0x69, 0x52, 0x68, 0x52, 0x89, 0x52
.byte 0x89, 0x52, 0x89, 0x52, 0x89, 0x52, 0x89, 0x52, 0x89, 0x52, 0x69, 0x52, 0x89, 0x52, 0x89, 0x52
.byte 0x89, 0x52, 0x89, 0x52, 0x48, 0x4a, 0x48, 0x4a, 0x48, 0x4a, 0x68, 0x4a, 0x65, 0x29, 0xb2, 0x9c
.byte 0xff, 0xff, 0xff, 0xff, 0xff, 0xff, 0xff, 0xff, 0xff, 0xff, 0xff, 0xff, 0xff, 0xff, 0xff, 0xff
.byte 0xff, 0xff, 0xff, 0xff, 0xff, 0xff, 0xff, 0xff, 0xff, 0xff, 0xff, 0xff, 0xff, 0xff, 0xff, 0xff
.byte 0xff, 0xff, 0xff, 0xff, 0xff, 0xff, 0xff, 0xff, 0xff, 0xff, 0xff, 0xff, 0xff, 0xff, 0xff, 0xff
.byte 0xff, 0xff, 0xff, 0xff, 0xff, 0xff, 0xff, 0xff, 0xff, 0xff, 0xff, 0xff, 0xff, 0xff, 0xff, 0xff
.byte 0xff, 0xff, 0xff, 0xff, 0xff, 0xff, 0xff, 0xff, 0xbe, 0xf7, 0xdb, 0xce, 0xde, 0xff, 0xbf, 0xff
.byte 0x39, 0xb6, 0xf9, 0xad, 0xfb, 0xde, 0xff, 0xff, 0xff, 0xff, 0xff, 0xff, 0xff, 0xff, 0xff, 0xff
.byte 0xff, 0xff, 0xff, 0xff, 0xff, 0xff, 0xff, 0xff, 0xff, 0xff, 0xff, 0xff, 0xff, 0xff, 0xff, 0xff
.byte 0xff, 0xff, 0xff, 0xff, 0xff, 0xff, 0xff, 0xff, 0xff, 0xff, 0xff, 0xff, 0xff, 0xff, 0xff, 0xff
.byte 0xff, 0xff, 0xff, 0xff, 0xff, 0xff, 0xff, 0xff, 0xff, 0xff, 0xff, 0xff, 0xff, 0xff, 0xff, 0xff
.byte 0xff, 0xff, 0xff, 0xff, 0xff, 0xff, 0xff, 0xff, 0xff, 0xff, 0xff, 0xff, 0xff, 0xff, 0xff, 0xff
.byte 0x71, 0x94, 0x28, 0x4a, 0x89, 0x52, 0x89, 0x52, 0x89, 0x52, 0x89, 0x52, 0x89, 0x52, 0x89, 0x52
.byte 0x68, 0x52, 0x69, 0x52, 0x89, 0x52, 0x89, 0x52, 0x89, 0x52, 0x88, 0x52, 0x48, 0x4a, 0x68, 0x4a
.byte 0x48, 0x4a, 0x48, 0x4a, 0x85, 0x31, 0x95, 0xb5, 0xff, 0xff, 0xff, 0xff, 0xff, 0xff, 0xff, 0xff
.byte 0xff, 0xff, 0xff, 0xff, 0xff, 0xff, 0xff, 0xff, 0xff, 0xff, 0xff, 0xff, 0xff, 0xff, 0xff, 0xff
.byte 0xff, 0xff, 0xff, 0xff, 0xff, 0xff, 0xff, 0xff, 0xff, 0xff, 0xff, 0xff, 0xff, 0xff, 0xff, 0xff
.byte 0xff, 0xff, 0xff, 0xff, 0xff, 0xff, 0xff, 0xff, 0xff, 0xff, 0xff, 0xff, 0xff, 0xff, 0xff, 0xff
.byte 0xff, 0xff, 0xff, 0xff, 0xff, 0xff, 0xff, 0xff, 0xff, 0xff, 0xff, 0xff, 0xff, 0xff, 0xff, 0xff
.byte 0xbb, 0xce, 0x78, 0x8d, 0xd8, 0xad, 0xbb, 0xc6, 0xb8, 0xa5, 0x5a, 0xbe, 0x7d, 0xf7, 0xff, 0xff
.byte 0xff, 0xff, 0xff, 0xff, 0xff, 0xff, 0xff, 0xff, 0xff, 0xff, 0xff, 0xff, 0xff, 0xff, 0xff, 0xff
.byte 0xff, 0xff, 0xff, 0xff, 0xff, 0xff, 0xff, 0xff, 0xff, 0xff, 0xdf, 0xff, 0xb6, 0xbd, 0xb2, 0xa4
.byte 0x55, 0xad, 0x9e, 0xf7, 0xff, 0xff, 0xff, 0xff, 0xff, 0xff, 0xff, 0xff, 0xff, 0xff, 0xff, 0xff
.byte 0xff, 0xff, 0xff, 0xff, 0xff, 0xff, 0xff, 0xff, 0xff, 0xff, 0xff, 0xff, 0xff, 0xff, 0xff, 0xff
.byte 0xff, 0xff, 0xff, 0xff, 0xff, 0xff, 0x79, 0xd6, 0x89, 0x52, 0x69, 0x52, 0x89, 0x52, 0x89, 0x52
.byte 0x89, 0x52, 0x89, 0x52, 0x89, 0x52, 0x69, 0x52, 0x89, 0x52, 0x89, 0x52, 0x89, 0x52, 0x89, 0x52
.byte 0x89, 0x52, 0x68, 0x52, 0x48, 0x4a, 0x48, 0x4a, 0x68, 0x4a, 0x07, 0x42, 0xc6, 0x39, 0x18, 0xc6
.byte 0xff, 0xff, 0xff, 0xff, 0xff, 0xff, 0xff, 0xff, 0xff, 0xff, 0xff, 0xff, 0xff, 0xff, 0xff, 0xff
.byte 0xff, 0xff, 0xff, 0xff, 0xff, 0xff, 0xff, 0xff, 0xff, 0xff, 0xff, 0xff, 0xff, 0xff, 0xff, 0xff
.byte 0xff, 0xff, 0xff, 0xff, 0xff, 0xff, 0xff, 0xff, 0xff, 0xff, 0xff, 0xff, 0xff, 0xff, 0xff, 0xff
.byte 0xff, 0xff, 0xff, 0xff, 0xff, 0xff, 0xff, 0xff, 0xff, 0xff, 0xff, 0xff, 0xff, 0xff, 0xff, 0xff
.byte 0xff, 0xff, 0xff, 0xff, 0xff, 0xff, 0xff, 0xff, 0x3d, 0xe7, 0xd9, 0xa5, 0x36, 0x8d, 0x77, 0x95
.byte 0xf8, 0xad, 0xfb, 0xde, 0xff, 0xff, 0xff, 0xff, 0xff, 0xff, 0xff, 0xff, 0xff, 0xff, 0xff, 0xff
.byte 0xff, 0xff, 0xff, 0xff, 0xff, 0xff, 0xff, 0xff, 0xff, 0xff, 0xff, 0xff, 0xff, 0xff, 0xdb, 0xde
.byte 0x30, 0x8c, 0x4c, 0x73, 0x85, 0x39, 0xc6, 0x41, 0x27, 0x4a, 0x2c, 0x6b, 0x34, 0xa5, 0x55, 0xad
.byte 0x34, 0xa5, 0x95, 0xb5, 0x18, 0xc6, 0x59, 0xce, 0xba, 0xd6, 0x3c, 0xe7, 0xdf, 0xff, 0xff, 0xff
.byte 0xff, 0xff, 0xff, 0xff, 0xff, 0xff, 0xff, 0xff, 0xff, 0xff, 0xff, 0xff, 0xff, 0xff, 0xb2, 0x94
.byte 0x48, 0x4a, 0xaa, 0x5a, 0x89, 0x52, 0x89, 0x52, 0xa9, 0x52, 0xa9, 0x52, 0xa9, 0x52, 0xa9, 0x52
.byte 0xa9, 0x52, 0x89, 0x52, 0x89, 0x52, 0x89, 0x52, 0x89, 0x52, 0x68, 0x52, 0x48, 0x4a, 0x68, 0x4a
.byte 0x68, 0x52, 0xc6, 0x41, 0x69, 0x4a, 0x59, 0xce, 0xff, 0xff, 0xff, 0xff, 0xff, 0xff, 0xff, 0xff
.byte 0xff, 0xff, 0xff, 0xff, 0xff, 0xff, 0xff, 0xff, 0xff, 0xff, 0xff, 0xff, 0xff, 0xff, 0xff, 0xff
.byte 0xff, 0xff, 0xff, 0xff, 0xff, 0xff, 0xff, 0xff, 0xff, 0xff, 0xff, 0xff, 0xff, 0xff, 0xff, 0xff
.byte 0xff, 0xff, 0xff, 0xff, 0xff, 0xff, 0xff, 0xff, 0xff, 0xff, 0xff, 0xff, 0xff, 0xff, 0xff, 0xff
.byte 0xff, 0xff, 0xff, 0xff, 0xff, 0xff, 0xff, 0xff, 0xff, 0xff, 0xff, 0xff, 0xff, 0xff, 0xff, 0xff
.byte 0xff, 0xff, 0x7d, 0xef, 0xbb, 0xce, 0xba, 0xce, 0x5d, 0xef, 0xdf, 0xff, 0xff, 0xff, 0xff, 0xff
.byte 0xff, 0xff, 0xff, 0xff, 0xff, 0xff, 0xff, 0xff, 0xff, 0xff, 0xff, 0xff, 0xff, 0xff, 0xff, 0xff
.byte 0xff, 0xff, 0xff, 0xff, 0x18, 0xc6, 0x2c, 0x73, 0x68, 0x5a, 0x44, 0x31, 0xe3, 0x20, 0x44, 0x29
.byte 0x64, 0x29, 0x85, 0x31, 0xc6, 0x39, 0xe7, 0x41, 0xe7, 0x41, 0x28, 0x42, 0x69, 0x4a, 0x89, 0x52
.byte 0xaa, 0x5a, 0x0b, 0x63, 0x4c, 0x6b, 0x6d, 0x73, 0xae, 0x73, 0x0f, 0x84, 0x54, 0xad, 0x1b, 0xe7
.byte 0xff, 0xff, 0xff, 0xff, 0x18, 0xc6, 0xca, 0x5a, 0xca, 0x5a, 0x89, 0x52, 0x48, 0x4a, 0x07, 0x42
.byte 0xe7, 0x41, 0xe7, 0x41, 0x07, 0x42, 0x27, 0x42, 0x48, 0x4a, 0x69, 0x52, 0xa9, 0x5a, 0xa9, 0x5a
.byte 0x89, 0x52, 0x48, 0x4a, 0x48, 0x4a, 0x68, 0x4a, 0x68, 0x52, 0xa6, 0x39, 0xeb, 0x62, 0xda, 0xde
.byte 0xff, 0xff, 0xff, 0xff, 0xff, 0xff, 0xff, 0xff, 0xff, 0xff, 0xff, 0xff, 0xff, 0xff, 0xff, 0xff
.byte 0xff, 0xff, 0xff, 0xff, 0xff, 0xff, 0xff, 0xff, 0xff, 0xff, 0xff, 0xff, 0xff, 0xff, 0xff, 0xff
.byte 0xff, 0xff, 0xff, 0xff, 0xff, 0xff, 0xff, 0xff, 0xff, 0xff, 0xff, 0xff, 0xff, 0xff, 0xff, 0xff
.byte 0xff, 0xff, 0xff, 0xff, 0xff, 0xff, 0xff, 0xff, 0xff, 0xff, 0xff, 0xff, 0xff, 0xff, 0xff, 0xff
.byte 0xff, 0xff, 0xff, 0xff, 0xff, 0xff, 0xff, 0xff, 0xff, 0xff, 0xff, 0xff, 0xff, 0xff, 0xff, 0xff
.byte 0xff, 0xff, 0xff, 0xff, 0xff, 0xff, 0xff, 0xff, 0xff, 0xff, 0xff, 0xff, 0xff, 0xff, 0xff, 0xff
.byte 0xff, 0xff, 0xff, 0xff, 0xff, 0xff, 0xff, 0xff, 0xff, 0xff, 0x9d, 0xef, 0x4c, 0x73, 0x2b, 0x73
.byte 0x44, 0x29, 0xc6, 0x39, 0xe7, 0x41, 0x27, 0x42, 0x28, 0x4a, 0x48, 0x4a, 0x28, 0x4a, 0x07, 0x4a
.byte 0xe7, 0x41, 0xc6, 0x39, 0xa6, 0x39, 0x85, 0x31, 0x85, 0x31, 0xa6, 0x31, 0xc6, 0x39, 0x27, 0x4a
.byte 0x69, 0x52, 0xaa, 0x5a, 0xa9, 0x5a, 0xeb, 0x5a, 0x2c, 0x6b, 0x4c, 0x6b, 0x28, 0x4a, 0xa6, 0x39
.byte 0x85, 0x31, 0x64, 0x29, 0x64, 0x31, 0x44, 0x31, 0x64, 0x31, 0x64, 0x31, 0x64, 0x31, 0x64, 0x31
.byte 0x64, 0x31, 0x85, 0x31, 0xc6, 0x39, 0x27, 0x4a, 0x68, 0x52, 0x48, 0x4a, 0x48, 0x4a, 0x48, 0x4a
.byte 0x68, 0x52, 0x85, 0x39, 0x8d, 0x73, 0x3c, 0xe7, 0xff, 0xff, 0xff, 0xff, 0xff, 0xff, 0xff, 0xff
.byte 0xff, 0xff, 0xff, 0xff, 0xff, 0xff, 0xff, 0xff, 0xff, 0xff, 0xff, 0xff, 0xff, 0xff, 0xff, 0xff
.byte 0xff, 0xff, 0xff, 0xff, 0xff, 0xff, 0xff, 0xff, 0xff, 0xff, 0xff, 0xff, 0xff, 0xff, 0xff, 0xff
.byte 0xff, 0xff, 0xff, 0xff, 0xff, 0xff, 0xff, 0xff, 0xff, 0xff, 0xff, 0xff, 0xff, 0xff, 0xff, 0xff
.byte 0xff, 0xff, 0xff, 0xff, 0xff, 0xff, 0xff, 0xff, 0xff, 0xff, 0xff, 0xff, 0xff, 0xff, 0xff, 0xff
.byte 0xff, 0xff, 0xff, 0xff, 0xff, 0xff, 0xff, 0xff, 0xff, 0xff, 0xff, 0xff, 0xff, 0xff, 0xff, 0xff
.byte 0xff, 0xff, 0xff, 0xff, 0xff, 0xff, 0xff, 0xff, 0xff, 0xff, 0xff, 0xff, 0xff, 0xff, 0xff, 0xff
.byte 0xff, 0xff, 0xd6, 0xbd, 0x50, 0xac, 0xea, 0x72, 0x03, 0x21, 0x07, 0x42, 0x68, 0x52, 0x48, 0x4a
.byte 0x27, 0x42, 0x27, 0x4a, 0x28, 0x4a, 0x48, 0x4a, 0x48, 0x4a, 0x48, 0x4a, 0x48, 0x4a, 0x48, 0x4a
.byte 0x27, 0x4a, 0x07, 0x42, 0xc6, 0x39, 0xa6, 0x39, 0xa6, 0x31, 0xa6, 0x31, 0xc6, 0x39, 0x28, 0x4a
.byte 0x89, 0x52, 0xaa, 0x5a, 0x89, 0x52, 0x48, 0x4a, 0xa6, 0x39, 0x44, 0x29, 0x23, 0x29, 0x44, 0x29
.byte 0x64, 0x31, 0x84, 0x39, 0x84, 0x39, 0xa5, 0x39, 0xa5, 0x39, 0x85, 0x39, 0x84, 0x31, 0x44, 0x29
.byte 0x64, 0x31, 0xe6, 0x41, 0x48, 0x4a, 0x48, 0x4a, 0x48, 0x4a, 0x85, 0x31, 0x30, 0x8c, 0xbe, 0xf7
.byte 0xff, 0xff, 0xff, 0xff, 0xff, 0xff, 0xff, 0xff, 0xff, 0xff, 0xff, 0xff, 0xff, 0xff, 0xff, 0xff
.byte 0xff, 0xff, 0xff, 0xff, 0xff, 0xff, 0xff, 0xff, 0xff, 0xff, 0xff, 0xff, 0xff, 0xff, 0xff, 0xff
.byte 0xff, 0xff, 0xff, 0xff, 0xff, 0xff, 0xff, 0xff, 0xff, 0xff, 0xff, 0xff, 0xff, 0xff, 0xff, 0xff
.byte 0xff, 0xff, 0xff, 0xff, 0xff, 0xff, 0xff, 0xff, 0xff, 0xff, 0xff, 0xff, 0xff, 0xff, 0xff, 0xff
.byte 0xff, 0xff, 0xff, 0xff, 0xff, 0xff, 0xff, 0xff, 0xff, 0xff, 0xff, 0xff, 0xff, 0xff, 0xff, 0xff
.byte 0xff, 0xff, 0xff, 0xff, 0xff, 0xff, 0xff, 0xff, 0xff, 0xff, 0xff, 0xff, 0xff, 0xff, 0xff, 0xff
.byte 0xff, 0xff, 0xff, 0xff, 0xff, 0xff, 0xff, 0xff, 0xff, 0xff, 0x2f, 0x9c, 0xd1, 0xc4, 0x8d, 0x9b
.byte 0x89, 0x62, 0x85, 0x31, 0x27, 0x42, 0x07, 0x42, 0x4c, 0x83, 0x89, 0x62, 0xc6, 0x39, 0x28, 0x42
.byte 0x48, 0x4a, 0x48, 0x4a, 0x48, 0x4a, 0x68, 0x4a, 0x68, 0x4a, 0x48, 0x4a, 0x48, 0x4a, 0x48, 0x4a
.byte 0x48, 0x4a, 0x07, 0x42, 0xe7, 0x41, 0x07, 0x42, 0x85, 0x31, 0x64, 0x31, 0xe7, 0x41, 0x48, 0x4a
.byte 0xaa, 0x5a, 0xaa, 0x5a, 0x89, 0x52, 0x48, 0x4a, 0xe7, 0x41, 0xa5, 0x39, 0x85, 0x31, 0x64, 0x31
.byte 0x85, 0x39, 0x85, 0x39, 0x85, 0x39, 0x85, 0x39, 0x64, 0x31, 0x23, 0x29, 0x85, 0x31, 0x48, 0x4a
.byte 0x48, 0x4a, 0x85, 0x31, 0xd2, 0x9c, 0xff, 0xff, 0xff, 0xff, 0xff, 0xff, 0xff, 0xff, 0xff, 0xff
.byte 0xff, 0xff, 0xff, 0xff, 0xff, 0xff, 0xff, 0xff, 0xff, 0xff, 0xff, 0xff, 0xff, 0xff, 0xff, 0xff
.byte 0xff, 0xff, 0xff, 0xff, 0xff, 0xff, 0xff, 0xff, 0xff, 0xff, 0xff, 0xff, 0xff, 0xff, 0xff, 0xff
.byte 0xff, 0xff, 0xff, 0xff, 0xff, 0xff, 0xff, 0xff, 0xff, 0xff, 0xff, 0xff, 0xff, 0xff, 0xff, 0xff
.byte 0xff, 0xff, 0xff, 0xff, 0xff, 0xff, 0xff, 0xff, 0xff, 0xff, 0xff, 0xff, 0xff, 0xff, 0xff, 0xff
.byte 0xff, 0xff, 0xff, 0xff, 0xff, 0xff, 0xff, 0xff, 0xff, 0xff, 0xff, 0xff, 0xff, 0xff, 0xff, 0xff
.byte 0xff, 0xff, 0xff, 0xff, 0xff, 0xff, 0xff, 0xff, 0xff, 0xff, 0xff, 0xff, 0xff, 0xff, 0xff, 0xff
.byte 0x5c, 0xef, 0x73, 0xc5, 0x94, 0xdd, 0x90, 0xc4, 0x74, 0xe5, 0xcd, 0x93, 0x85, 0x31, 0x89, 0x62
.byte 0x2f, 0xb4, 0x07, 0x4a, 0xe7, 0x39, 0x48, 0x4a, 0x48, 0x4a, 0x48, 0x4a, 0x48, 0x4a, 0x48, 0x4a
.byte 0x48, 0x4a, 0x48, 0x4a, 0x68, 0x4a, 0x68, 0x4a, 0x48, 0x4a, 0x48, 0x4a, 0x89, 0x52, 0x27, 0x4a
.byte 0x64, 0x29, 0xa5, 0x39, 0xa5, 0x41, 0x85, 0x31, 0x64, 0x31, 0x85, 0x31, 0x07, 0x42, 0x89, 0x52
.byte 0xeb, 0x5a, 0xeb, 0x62, 0xa9, 0x52, 0x27, 0x4a, 0xa6, 0x39, 0x64, 0x31, 0x64, 0x31, 0x64, 0x31
.byte 0x85, 0x39, 0x64, 0x31, 0x03, 0x21, 0x85, 0x31, 0x48, 0x4a, 0xa6, 0x39, 0x34, 0xa5, 0xff, 0xff
.byte 0xff, 0xff, 0xff, 0xff, 0xff, 0xff, 0xff, 0xff, 0xff, 0xff, 0xff, 0xff, 0xff, 0xff, 0xff, 0xff
.byte 0xff, 0xff, 0xff, 0xff, 0xff, 0xff, 0xff, 0xff, 0xff, 0xff, 0xff, 0xff, 0xff, 0xff, 0xff, 0xff
.byte 0xff, 0xff, 0xff, 0xff, 0xff, 0xff, 0xff, 0xff, 0xff, 0xff, 0xff, 0xff, 0xff, 0xff, 0xff, 0xff
.byte 0xff, 0xff, 0xff, 0xff, 0xff, 0xff, 0xff, 0xff, 0xff, 0xff, 0xff, 0xff, 0xff, 0xff, 0xff, 0xff
.byte 0xff, 0xff, 0xff, 0xff, 0xff, 0xff, 0xff, 0xff, 0xff, 0xff, 0xff, 0xff, 0xff, 0xff, 0xff, 0xff
.byte 0xff, 0xff, 0xff, 0xff, 0xff, 0xff, 0xff, 0xff, 0xff, 0xff, 0xff, 0xff, 0xff, 0xff, 0xff, 0xff
.byte 0xff, 0xff, 0xff, 0xff, 0xff, 0xff, 0xff, 0xff, 0x99, 0xd6, 0x73, 0xc5, 0x97, 0xf6, 0xd1, 0xc4
.byte 0x53, 0xed, 0x74, 0xed, 0x6c, 0x93, 0x2f, 0xb4, 0x0a, 0x83, 0x03, 0x21, 0x07, 0x42, 0x48, 0x4a
.byte 0x48, 0x4a, 0x48, 0x4a, 0x48, 0x4a, 0x48, 0x4a, 0x48, 0x4a, 0x48, 0x4a, 0x48, 0x4a, 0x48, 0x4a
.byte 0x48, 0x4a, 0x68, 0x4a, 0x48, 0x4a, 0x44, 0x29, 0x64, 0x31, 0xe6, 0x41, 0xe6, 0x49, 0xe6, 0x49
.byte 0x84, 0x39, 0x85, 0x39, 0xc5, 0x41, 0xa5, 0x39, 0xa6, 0x39, 0x07, 0x42, 0x69, 0x52, 0xca, 0x5a
.byte 0xca, 0x5a, 0x89, 0x52, 0x07, 0x42, 0x85, 0x31, 0x44, 0x29, 0x44, 0x31, 0x44, 0x31, 0x24, 0x29
.byte 0xa6, 0x39, 0xc6, 0x39, 0x95, 0xb5, 0xff, 0xff, 0xff, 0xff, 0xff, 0xff, 0xff, 0xff, 0xff, 0xff
.byte 0xff, 0xff, 0xff, 0xff, 0xff, 0xff, 0xff, 0xff, 0xff, 0xff, 0xff, 0xff, 0xff, 0xff, 0xff, 0xff
.byte 0xff, 0xff, 0xff, 0xff, 0xff, 0xff, 0xff, 0xff, 0xff, 0xff, 0xff, 0xff, 0xff, 0xff, 0xff, 0xff
.byte 0xff, 0xff, 0xff, 0xff, 0xff, 0xff, 0xff, 0xff, 0xff, 0xff, 0xff, 0xff, 0xff, 0xff, 0xff, 0xff
.byte 0xff, 0xff, 0xff, 0xff, 0xff, 0xff, 0xff, 0xff, 0xff, 0xff, 0xff, 0xff, 0xff, 0xff, 0xff, 0xff
.byte 0xff, 0xff, 0xff, 0xff, 0xff, 0xff, 0xff, 0xff, 0xff, 0xff, 0xff, 0xff, 0xff, 0xff, 0xff, 0xff
.byte 0xff, 0xff, 0xff, 0xff, 0xff, 0xff, 0xff, 0xff, 0xff, 0xff, 0xff, 0xff, 0xff, 0xff, 0xff, 0xff
.byte 0xfb, 0xde, 0x12, 0xb5, 0x3a, 0xff, 0x94, 0xd5, 0x4f, 0xbc, 0x94, 0xed, 0xf5, 0xf5, 0x53, 0xdd
.byte 0x27, 0x52, 0x85, 0x29, 0x85, 0x31, 0x85, 0x31, 0x07, 0x42, 0x68, 0x4a, 0x68, 0x4a, 0x68, 0x4a
.byte 0x48, 0x4a, 0x48, 0x4a, 0x48, 0x4a, 0x68, 0x4a, 0x68, 0x4a, 0x68, 0x52, 0xa6, 0x31, 0x24, 0x29
.byte 0xa5, 0x41, 0xc5, 0x41, 0xc6, 0x41, 0x65, 0x31, 0x64, 0x31, 0xe6, 0x49, 0x27, 0x52, 0x27, 0x52
.byte 0x07, 0x52, 0xc6, 0x41, 0xa5, 0x39, 0x85, 0x39, 0xc6, 0x39, 0x48, 0x4a, 0x89, 0x52, 0xaa, 0x52
.byte 0x48, 0x4a, 0xa6, 0x39, 0x64, 0x31, 0x23, 0x29, 0xc2, 0x18, 0xa6, 0x31, 0x58, 0xce, 0xff, 0xff
.byte 0xff, 0xff, 0xff, 0xff, 0xff, 0xff, 0xff, 0xff, 0xff, 0xff, 0xff, 0xff, 0xff, 0xff, 0xff, 0xff
.byte 0xff, 0xff, 0xff, 0xff, 0xff, 0xff, 0xff, 0xff, 0xff, 0xff, 0xff, 0xff, 0xff, 0xff, 0xff, 0xff
.byte 0xff, 0xff, 0xff, 0xff, 0xff, 0xff, 0xff, 0xff, 0xff, 0xff, 0xff, 0xff, 0xff, 0xff, 0xff, 0xff
.byte 0xff, 0xff, 0xff, 0xff, 0xff, 0xff, 0xff, 0xff, 0xff, 0xff, 0xff, 0xff, 0xff, 0xff, 0xff, 0xff
.byte 0xff, 0xff, 0xff, 0xff, 0xff, 0xff, 0xff, 0xff, 0xff, 0xff, 0xff, 0xff, 0xff, 0xff, 0xff, 0xff
.byte 0xff, 0xff, 0xff, 0xff, 0xff, 0xff, 0xff, 0xff, 0xff, 0xff, 0xff, 0xff, 0xff, 0xff, 0xff, 0xff
.byte 0xff, 0xff, 0xff, 0xff, 0xff, 0xff, 0xff, 0xff, 0x5d, 0xef, 0xd1, 0xa4, 0x5a, 0xff, 0x97, 0xee
.byte 0x4f, 0xac, 0x32, 0xdd, 0x97, 0xfe, 0xed, 0xab, 0x6d, 0x73, 0x17, 0xbe, 0x50, 0x8c, 0x89, 0x52
.byte 0x85, 0x31, 0xa5, 0x31, 0x28, 0x4a, 0x89, 0x52, 0x69, 0x52, 0x48, 0x4a, 0x48, 0x4a, 0x68, 0x4a
.byte 0x68, 0x52, 0x28, 0x4a, 0x44, 0x29, 0xc6, 0x41, 0xe6, 0x49, 0x65, 0x39, 0x44, 0x29, 0x24, 0x29
.byte 0x24, 0x29, 0x64, 0x31, 0xa5, 0x41, 0xa5, 0x41, 0xe6, 0x49, 0x27, 0x52, 0x27, 0x52, 0xe6, 0x49
.byte 0x85, 0x39, 0x44, 0x31, 0x44, 0x29, 0xa5, 0x31, 0x28, 0x42, 0x69, 0x52, 0x69, 0x4a, 0x28, 0x4a
.byte 0x24, 0x29, 0x23, 0x21, 0x75, 0xad, 0xff, 0xff, 0xff, 0xff, 0xff, 0xff, 0xff, 0xff, 0xff, 0xff
.byte 0xff, 0xff, 0xff, 0xff, 0xff, 0xff, 0xff, 0xff, 0xff, 0xff, 0xff, 0xff, 0xff, 0xff, 0xff, 0xff
.byte 0xff, 0xff, 0xff, 0xff, 0xff, 0xff, 0xff, 0xff, 0xff, 0xff, 0xff, 0xff, 0xff, 0xff, 0xff, 0xff
.byte 0xff, 0xff, 0xff, 0xff, 0xff, 0xff, 0xff, 0xff, 0xff, 0xff, 0xff, 0xff, 0xff, 0xff, 0xff, 0xff
.byte 0xff, 0xff, 0xff, 0xff, 0xff, 0xff, 0xff, 0xff, 0xff, 0xff, 0xff, 0xff, 0xff, 0xff, 0xff, 0xff
.byte 0xff, 0xff, 0xff, 0xff, 0xff, 0xff, 0xff, 0xff, 0xff, 0xff, 0xff, 0xff, 0xff, 0xff, 0xff, 0xff
.byte 0xff, 0xff, 0xff, 0xff, 0xff, 0xff, 0xff, 0xff, 0xff, 0xff, 0xff, 0xff, 0xff, 0xff, 0xff, 0xff
.byte 0x9e, 0xf7, 0x70, 0x9c, 0x5a, 0xff, 0xd8, 0xf6, 0xd1, 0xbc, 0xf1, 0xdc, 0x93, 0xed, 0xa9, 0x72
.byte 0xb6, 0xb5, 0xff, 0xff, 0xff, 0xff, 0x9a, 0xd6, 0xd2, 0x9c, 0x8d, 0x73, 0xe7, 0x41, 0x85, 0x31
.byte 0x07, 0x42, 0x69, 0x52, 0x69, 0x52, 0x69, 0x4a, 0x69, 0x52, 0xc6, 0x31, 0x84, 0x31, 0xe6, 0x49
.byte 0xa5, 0x41, 0x27, 0x52, 0xca, 0x6a, 0xed, 0x9b, 0x4b, 0x83, 0x89, 0x62, 0xa9, 0x6a, 0x47, 0x5a
.byte 0xa5, 0x41, 0x44, 0x31, 0x64, 0x31, 0xc6, 0x41, 0x07, 0x4a, 0x06, 0x4a, 0xa5, 0x41, 0x64, 0x31
.byte 0xe3, 0x20, 0x44, 0x29, 0xe7, 0x41, 0x68, 0x4a, 0x89, 0x52, 0x28, 0x4a, 0xa9, 0x52, 0x50, 0x8c
.byte 0xfb, 0xde, 0xff, 0xff, 0xff, 0xff, 0xff, 0xff, 0xff, 0xff, 0xff, 0xff, 0xff, 0xff, 0xff, 0xff
.byte 0xff, 0xff, 0xff, 0xff, 0xff, 0xff, 0xff, 0xff, 0xff, 0xff, 0xff, 0xff, 0xff, 0xff, 0xff, 0xff
.byte 0xff, 0xff, 0xff, 0xff, 0xff, 0xff, 0xff, 0xff, 0xff, 0xff, 0xff, 0xff, 0xff, 0xff, 0xff, 0xff
.byte 0xff, 0xff, 0xff, 0xff, 0xff, 0xff, 0xff, 0xff, 0xff, 0xff, 0xff, 0xff, 0xff, 0xff, 0xff, 0xff
.byte 0xff, 0xff, 0xff, 0xff, 0xff, 0xff, 0xff, 0xff, 0xff, 0xff, 0xff, 0xff, 0xff, 0xff, 0xff, 0xff
.byte 0xff, 0xff, 0xff, 0xff, 0xff, 0xff, 0xff, 0xff, 0xff, 0xff, 0xff, 0xff, 0xff, 0xff, 0xff, 0xff
.byte 0xff, 0xff, 0xff, 0xff, 0xff, 0xff, 0xff, 0xff, 0xdf, 0xff, 0xee, 0x83, 0xd8, 0xf6, 0xd8, 0xfe
.byte 0xf5, 0xe5, 0x73, 0xe5, 0x4c, 0x93, 0x0f, 0x84, 0x9e, 0xf7, 0xff, 0xff, 0xff, 0xff, 0xff, 0xff
.byte 0xff, 0xff, 0x3c, 0xe7, 0xb6, 0xb5, 0x10, 0x84, 0x48, 0x4a, 0x85, 0x31, 0xc6, 0x39, 0x48, 0x4a
.byte 0x68, 0x4a, 0x44, 0x29, 0x23, 0x29, 0xe6, 0x41, 0x2f, 0xa4, 0xd4, 0xdd, 0x36, 0xee, 0x97, 0xfe
.byte 0x77, 0xf6, 0x36, 0xe6, 0x16, 0xe6, 0xb5, 0xdd, 0xf2, 0xbc, 0x4b, 0x83, 0xa5, 0x41, 0x44, 0x31
.byte 0xc6, 0x41, 0x07, 0x4a, 0x07, 0x4a, 0x07, 0x4a, 0x64, 0x31, 0xa5, 0x31, 0x64, 0x31, 0x44, 0x29
.byte 0xe6, 0x39, 0x48, 0x4a, 0x48, 0x4a, 0x89, 0x52, 0x0b, 0x63, 0x30, 0x84, 0x1b, 0xe7, 0xff, 0xff
.byte 0xff, 0xff, 0xff, 0xff, 0xff, 0xff, 0xff, 0xff, 0xff, 0xff, 0xff, 0xff, 0xff, 0xff, 0xff, 0xff
.byte 0xff, 0xff, 0xff, 0xff, 0xff, 0xff, 0xff, 0xff, 0xff, 0xff, 0xff, 0xff, 0xff, 0xff, 0xff, 0xff
.byte 0xff, 0xff, 0xff, 0xff, 0xff, 0xff, 0xff, 0xff, 0xff, 0xff, 0xff, 0xff, 0xff, 0xff, 0xff, 0xff
.byte 0xff, 0xff, 0xff, 0xff, 0xff, 0xff, 0xff, 0xff, 0xff, 0xff, 0xff, 0xff, 0xff, 0xff, 0xff, 0xff
.byte 0xff, 0xff, 0xff, 0xff, 0xff, 0xff, 0xff, 0xff, 0xff, 0xff, 0xff, 0xff, 0xff, 0xff, 0xff, 0xff
.byte 0xff, 0xff, 0xff, 0xff, 0xff, 0xff, 0xff, 0xff, 0xff, 0xff, 0xff, 0xff, 0xff, 0xff, 0xff, 0xff
.byte 0xff, 0xff, 0x70, 0x94, 0xd5, 0xdd, 0xd8, 0xfe, 0x3a, 0xff, 0x94, 0xd5, 0xa6, 0x49, 0xb6, 0xb5
.byte 0xff, 0xff, 0xff, 0xff, 0xff, 0xff, 0xff, 0xff, 0xff, 0xff, 0xff, 0xff, 0xff, 0xff, 0x9e, 0xf7
.byte 0x9a, 0xd6, 0x34, 0xa5, 0xeb, 0x5a, 0x65, 0x31, 0x44, 0x29, 0xe2, 0x18, 0x85, 0x39, 0xd1, 0xb4
.byte 0xf8, 0xfe, 0x18, 0xff, 0xd8, 0xfe, 0xb8, 0xfe, 0xf9, 0xfe, 0x19, 0xff, 0x19, 0xff, 0x19, 0xff
.byte 0xf9, 0xfe, 0x77, 0xf6, 0x32, 0xcd, 0xea, 0x72, 0x44, 0x31, 0x85, 0x39, 0x07, 0x4a, 0x27, 0x52
.byte 0x85, 0x39, 0x27, 0x42, 0xe6, 0x39, 0xc6, 0x41, 0xe6, 0x41, 0x64, 0x31, 0xa5, 0x31, 0x07, 0x42
.byte 0x48, 0x4a, 0x89, 0x52, 0x89, 0x52, 0xae, 0x73, 0xda, 0xde, 0xff, 0xff, 0xff, 0xff, 0xff, 0xff
.byte 0xff, 0xff, 0xff, 0xff, 0xff, 0xff, 0xff, 0xff, 0xff, 0xff, 0xff, 0xff, 0xff, 0xff, 0xff, 0xff
.byte 0xff, 0xff, 0xff, 0xff, 0xff, 0xff, 0xff, 0xff, 0xff, 0xff, 0xff, 0xff, 0xff, 0xff, 0xff, 0xff
.byte 0xff, 0xff, 0xff, 0xff, 0xff, 0xff, 0xff, 0xff, 0xff, 0xff, 0xff, 0xff, 0xff, 0xff, 0xff, 0xff
.byte 0xff, 0xff, 0xff, 0xff, 0xff, 0xff, 0xff, 0xff, 0xff, 0xff, 0xff, 0xff, 0xff, 0xff, 0xff, 0xff
.byte 0xff, 0xff, 0xff, 0xff, 0xff, 0xff, 0xff, 0xff, 0xff, 0xff, 0xff, 0xff, 0xff, 0xff, 0xff, 0xff
.byte 0xff, 0xff, 0xff, 0xff, 0xff, 0xff, 0xff, 0xff, 0xff, 0xff, 0xce, 0x7b, 0x73, 0xcd, 0xd8, 0xfe
.byte 0x16, 0xee, 0xee, 0x93, 0xaa, 0x62, 0xb2, 0x9c, 0x1c, 0xe7, 0xff, 0xff, 0xff, 0xff, 0xff, 0xff
.byte 0xff, 0xff, 0xff, 0xff, 0xff, 0xff, 0xff, 0xff, 0xff, 0xff, 0xff, 0xff, 0x3c, 0xe7, 0x95, 0xb5
.byte 0xca, 0x5a, 0xa2, 0x18, 0x8c, 0x8b, 0xd8, 0xfe, 0xd8, 0xfe, 0xb7, 0xf6, 0xb8, 0xfe, 0xb8, 0xf6
.byte 0xb8, 0xf6, 0xb8, 0xfe, 0xb8, 0xfe, 0xb8, 0xfe, 0xb8, 0xfe, 0xd8, 0xfe, 0xd9, 0xfe, 0x57, 0xee
.byte 0x8c, 0x8b, 0x24, 0x29, 0x85, 0x39, 0x07, 0x4a, 0xa5, 0x39, 0x47, 0x4a, 0xc6, 0x39, 0xe6, 0x49
.byte 0x07, 0x4a, 0x85, 0x31, 0xe6, 0x39, 0xe6, 0x39, 0xa5, 0x31, 0xa6, 0x31, 0xe7, 0x41, 0x48, 0x4a
.byte 0x69, 0x52, 0x30, 0x8c, 0x1c, 0xe7, 0xff, 0xff, 0xff, 0xff, 0xff, 0xff, 0xff, 0xff, 0xff, 0xff
.byte 0xff, 0xff, 0xff, 0xff, 0xff, 0xff, 0xff, 0xff, 0xff, 0xff, 0xff, 0xff, 0xff, 0xff, 0xff, 0xff
.byte 0xff, 0xff, 0xff, 0xff, 0xff, 0xff, 0xff, 0xff, 0xff, 0xff, 0xff, 0xff, 0xff, 0xff, 0xff, 0xff
.byte 0xff, 0xff, 0xff, 0xff, 0xff, 0xff, 0xff, 0xff, 0xff, 0xff, 0xff, 0xff, 0xff, 0xff, 0xff, 0xff
.byte 0xff, 0xff, 0xff, 0xff, 0xff, 0xff, 0xff, 0xff, 0xff, 0xff, 0xff, 0xff, 0xff, 0xff, 0xff, 0xff
.byte 0xff, 0xff, 0xff, 0xff, 0xff, 0xff, 0xff, 0xff, 0xff, 0xff, 0xff, 0xff, 0xff, 0xff, 0xff, 0xff
.byte 0x79, 0xd6, 0xeb, 0x6a, 0xf1, 0xbc, 0x12, 0xcd, 0xeb, 0x72, 0x51, 0x9c, 0x38, 0xd6, 0xef, 0x83
.byte 0x38, 0xc6, 0xff, 0xff, 0xff, 0xff, 0xff, 0xff, 0xff, 0xff, 0xff, 0xff, 0xff, 0xff, 0xff, 0xff
.byte 0xff, 0xff, 0xff, 0xff, 0xff, 0xff, 0xff, 0xff, 0x3c, 0xe7, 0xa6, 0x41, 0xf1, 0xbc, 0xf8, 0xfe
.byte 0xb8, 0xfe, 0xb8, 0xf6, 0xb8, 0xf6, 0xb8, 0xf6, 0xb8, 0xf6, 0xb8, 0xfe, 0xb8, 0xfe, 0x98, 0xfe
.byte 0x98, 0xfe, 0x97, 0xf6, 0x97, 0xf6, 0x19, 0xff, 0x77, 0xee, 0x89, 0x62, 0x23, 0x29, 0xe6, 0x49
.byte 0xa5, 0x39, 0x48, 0x4a, 0xa5, 0x39, 0xc5, 0x41, 0xc6, 0x41, 0x85, 0x31, 0x07, 0x42, 0x48, 0x4a
.byte 0x07, 0x42, 0xc6, 0x39, 0xa5, 0x31, 0xa5, 0x31, 0x07, 0x42, 0x07, 0x42, 0x69, 0x52, 0x13, 0xa5
.byte 0xbe, 0xf7, 0xff, 0xff, 0xff, 0xff, 0xff, 0xff, 0xff, 0xff, 0xff, 0xff, 0xff, 0xff, 0xff, 0xff
.byte 0xff, 0xff, 0xff, 0xff, 0xff, 0xff, 0xff, 0xff, 0xff, 0xff, 0xff, 0xff, 0xff, 0xff, 0xff, 0xff
.byte 0xff, 0xff, 0xff, 0xff, 0xff, 0xff, 0xff, 0xff, 0xff, 0xff, 0xff, 0xff, 0xff, 0xff, 0xff, 0xff
.byte 0xff, 0xff, 0xff, 0xff, 0xff, 0xff, 0xff, 0xff, 0xff, 0xff, 0xff, 0xff, 0xff, 0xff, 0xff, 0xff
.byte 0xff, 0xff, 0xff, 0xff, 0xff, 0xff, 0xff, 0xff, 0xff, 0xff, 0xff, 0xff, 0xff, 0xff, 0xff, 0xff
.byte 0xff, 0xff, 0xff, 0xff, 0xff, 0xff, 0x79, 0xd6, 0xb2, 0xa4, 0x4d, 0x7b, 0x89, 0x62, 0xce, 0x83
.byte 0x34, 0xb5, 0x9a, 0xde, 0xfc, 0xf6, 0x30, 0x94, 0x54, 0xad, 0xdf, 0xff, 0xff, 0xff, 0xff, 0xff
.byte 0xff, 0xff, 0xff, 0xff, 0xff, 0xff, 0xff, 0xff, 0xff, 0xff, 0xff, 0xff, 0xff, 0xff, 0xff, 0xff
.byte 0xff, 0xff, 0xca, 0x62, 0x73, 0xcd, 0x19, 0xff, 0xd9, 0xfe, 0xd9, 0xfe, 0xb8, 0xfe, 0xb8, 0xfe
.byte 0xb8, 0xf6, 0x98, 0xf6, 0xb8, 0xfe, 0xb8, 0xfe, 0xd8, 0xfe, 0xb8, 0xfe, 0xb8, 0xfe, 0xb8, 0xfe
.byte 0x5a, 0xff, 0xd1, 0xac, 0x44, 0x31, 0x85, 0x39, 0xc6, 0x41, 0x27, 0x42, 0x85, 0x31, 0xc6, 0x41
.byte 0x85, 0x39, 0x64, 0x31, 0x07, 0x42, 0x48, 0x4a, 0x28, 0x4a, 0x28, 0x4a, 0x28, 0x4a, 0xe7, 0x41
.byte 0xa6, 0x31, 0x85, 0x31, 0xe7, 0x41, 0xe7, 0x41, 0x4c, 0x6b, 0x17, 0xc6, 0xff, 0xff, 0xff, 0xff
.byte 0xff, 0xff, 0xff, 0xff, 0xff, 0xff, 0xff, 0xff, 0xff, 0xff, 0xff, 0xff, 0xff, 0xff, 0xff, 0xff
.byte 0xff, 0xff, 0xff, 0xff, 0xff, 0xff, 0xff, 0xff, 0xff, 0xff, 0xff, 0xff, 0xff, 0xff, 0xff, 0xff
.byte 0xff, 0xff, 0xff, 0xff, 0xff, 0xff, 0xff, 0xff, 0xff, 0xff, 0xff, 0xff, 0xff, 0xff, 0xff, 0xff
.byte 0xff, 0xff, 0xff, 0xff, 0xff, 0xff, 0xff, 0xff, 0xff, 0xff, 0xff, 0xff, 0xff, 0xff, 0xff, 0xff
.byte 0xff, 0xff, 0xff, 0xff, 0xff, 0xff, 0xff, 0xff, 0xff, 0xff, 0xff, 0xff, 0x7d, 0xef, 0x30, 0x8c
.byte 0x71, 0x9c, 0x92, 0xa4, 0x55, 0xbd, 0x39, 0xd6, 0x7a, 0xe6, 0x39, 0xde, 0x7a, 0xe6, 0x34, 0xbd
.byte 0xce, 0x83, 0xfb, 0xde, 0xff, 0xff, 0xff, 0xff, 0xff, 0xff, 0xff, 0xff, 0xff, 0xff, 0xff, 0xff
.byte 0xff, 0xff, 0xff, 0xff, 0xff, 0xff, 0xff, 0xff, 0xff, 0xff, 0xd3, 0x9c, 0x33, 0xbd, 0x77, 0xe6
.byte 0x16, 0xde, 0x77, 0xee, 0xb8, 0xfe, 0x98, 0xfe, 0x98, 0xf6, 0x97, 0xf6, 0x77, 0xee, 0x15, 0xe6
.byte 0xf5, 0xe5, 0x35, 0xee, 0x76, 0xf6, 0xb8, 0xfe, 0xf9, 0xfe, 0xd9, 0xf6, 0x4c, 0x7b, 0x03, 0x29
.byte 0xa5, 0x39, 0xe6, 0x41, 0x44, 0x29, 0x85, 0x39, 0x44, 0x31, 0x44, 0x29, 0x28, 0x42, 0x48, 0x4a
.byte 0x28, 0x4a, 0x28, 0x4a, 0x48, 0x4a, 0x48, 0x4a, 0x48, 0x4a, 0x28, 0x4a, 0xc6, 0x39, 0xa6, 0x39
.byte 0xa6, 0x39, 0x07, 0x42, 0xb2, 0x9c, 0x7d, 0xef, 0xff, 0xff, 0xff, 0xff, 0xff, 0xff, 0xff, 0xff
.byte 0xff, 0xff, 0xff, 0xff, 0xff, 0xff, 0xff, 0xff, 0xff, 0xff, 0xff, 0xff, 0xff, 0xff, 0xff, 0xff
.byte 0xff, 0xff, 0xff, 0xff, 0xff, 0xff, 0xff, 0xff, 0xff, 0xff, 0xff, 0xff, 0xff, 0xff, 0xff, 0xff
.byte 0xff, 0xff, 0xff, 0xff, 0xff, 0xff, 0xff, 0xff, 0xff, 0xff, 0xff, 0xff, 0xff, 0xff, 0xff, 0xff
.byte 0xff, 0xff, 0xff, 0xff, 0xff, 0xff, 0xff, 0xff, 0xff, 0xff, 0xff, 0xff, 0xff, 0xff, 0xff, 0xff
.byte 0xff, 0xff, 0xff, 0xff, 0x14, 0xa5, 0xf3, 0xa4, 0x9a, 0xe6, 0x59, 0xe6, 0x39, 0xde, 0xf8, 0xd5
.byte 0xf8, 0xd5, 0xf8, 0xd5, 0x19, 0xde, 0x18, 0xde, 0x2c, 0x73, 0xd6, 0xbd, 0xff, 0xff, 0xff, 0xff
.byte 0xff, 0xff, 0xff, 0xff, 0xff, 0xff, 0xff, 0xff, 0xff, 0xff, 0xff, 0xff, 0xff, 0xff, 0xff, 0xff
.byte 0xff, 0xff, 0x3c, 0xe7, 0xce, 0x8b, 0x94, 0xc5, 0x74, 0xc5, 0x15, 0xde, 0xb8, 0xfe, 0x98, 0xfe
.byte 0x97, 0xf6, 0x97, 0xfe, 0xd4, 0xdd, 0xd1, 0xb4, 0xb0, 0xb4, 0xd1, 0xb4, 0x32, 0xbd, 0xf5, 0xd5
.byte 0xb8, 0xf6, 0x1a, 0xff, 0x37, 0xe6, 0xa9, 0x62, 0x85, 0x31, 0xa5, 0x39, 0x88, 0x5a, 0x68, 0x5a
.byte 0xe3, 0x20, 0x65, 0x29, 0x48, 0x4a, 0x28, 0x4a, 0x48, 0x4a, 0x48, 0x4a, 0x48, 0x4a, 0x48, 0x4a
.byte 0x48, 0x4a, 0x68, 0x52, 0x69, 0x52, 0x07, 0x42, 0xc6, 0x39, 0xc6, 0x39, 0x65, 0x31, 0xad, 0x7b
.byte 0x54, 0xad, 0x13, 0xa5, 0xba, 0xd6, 0xff, 0xff, 0xff, 0xff, 0xff, 0xff, 0xff, 0xff, 0xff, 0xff
.byte 0xff, 0xff, 0xff, 0xff, 0xff, 0xff, 0xff, 0xff, 0xff, 0xff, 0xff, 0xff, 0xff, 0xff, 0xff, 0xff
.byte 0xff, 0xff, 0xff, 0xff, 0xff, 0xff, 0xff, 0xff, 0xff, 0xff, 0xff, 0xff, 0xff, 0xff, 0xff, 0xff
.byte 0xff, 0xff, 0xff, 0xff, 0xff, 0xff, 0xff, 0xff, 0xff, 0xff, 0xff, 0xff, 0xff, 0xff, 0xff, 0xff
.byte 0xff, 0xff, 0xff, 0xff, 0xff, 0xff, 0xff, 0xff, 0xff, 0xff, 0xff, 0xff, 0x75, 0xad, 0xb2, 0xa4
.byte 0x79, 0xde, 0x39, 0xde, 0xf8, 0xd5, 0xf8, 0xd5, 0xf8, 0xd5, 0xf8, 0xd5, 0xf8, 0xd5, 0x7a, 0xe6
.byte 0xcf, 0x8b, 0x30, 0x8c, 0xbe, 0xf7, 0xff, 0xff, 0xff, 0xff, 0xff, 0xff, 0xff, 0xff, 0xff, 0xff
.byte 0xff, 0xff, 0xff, 0xff, 0xff, 0xff, 0xff, 0xff, 0xff, 0xff, 0x9e, 0xf7, 0x0f, 0x94, 0xd8, 0xee
.byte 0xb8, 0xee, 0xf9, 0xfe, 0xd8, 0xfe, 0x97, 0xf6, 0x97, 0xfe, 0x97, 0xfe, 0x97, 0xfe, 0xb7, 0xfe
.byte 0x76, 0xf6, 0x77, 0xf6, 0x98, 0xee, 0x57, 0xde, 0x97, 0xee, 0xd8, 0xfe, 0x5a, 0xff, 0x4f, 0x9c
.byte 0x64, 0x31, 0xa6, 0x39, 0xb1, 0xbc, 0xd1, 0xbc, 0x85, 0x39, 0x44, 0x29, 0x69, 0x52, 0x48, 0x4a
.byte 0x48, 0x4a, 0x48, 0x4a, 0x48, 0x4a, 0x48, 0x4a, 0x48, 0x4a, 0x48, 0x4a, 0x48, 0x4a, 0x69, 0x52
.byte 0x48, 0x4a, 0x07, 0x42, 0xc6, 0x39, 0x64, 0x31, 0x23, 0x29, 0xa5, 0x39, 0xca, 0x62, 0x34, 0xad
.byte 0x1c, 0xe7, 0xff, 0xff, 0xff, 0xff, 0xff, 0xff, 0xff, 0xff, 0xff, 0xff, 0xff, 0xff, 0xff, 0xff
.byte 0xff, 0xff, 0xff, 0xff, 0xff, 0xff, 0xff, 0xff, 0xff, 0xff, 0xff, 0xff, 0xff, 0xff, 0xff, 0xff
.byte 0xff, 0xff, 0xff, 0xff, 0xff, 0xff, 0xff, 0xff, 0xff, 0xff, 0xff, 0xff, 0xff, 0xff, 0xff, 0xff
.byte 0xff, 0xff, 0xff, 0xff, 0xff, 0xff, 0xff, 0xff, 0xff, 0xff, 0xff, 0xff, 0xff, 0xff, 0xff, 0xff
.byte 0xff, 0xff, 0xff, 0xff, 0xf7, 0xbd, 0x92, 0x9c, 0x59, 0xde, 0x39, 0xde, 0xf8, 0xd5, 0xf8, 0xd5
.byte 0xf8, 0xd5, 0xf8, 0xd5, 0xf8, 0xd5, 0x59, 0xde, 0x34, 0xbd, 0xeb, 0x62, 0x99, 0xd6, 0xff, 0xff
.byte 0xff, 0xff, 0xff, 0xff, 0xff, 0xff, 0xff, 0xff, 0xff, 0xff, 0xff, 0xff, 0xff, 0xff, 0xff, 0xff
.byte 0xff, 0xff, 0xbe, 0xff, 0xb2, 0xa4, 0xad, 0x83, 0x0b, 0x73, 0x4f, 0xa4, 0x36, 0xe6, 0xd8, 0xfe
.byte 0xb8, 0xfe, 0xb8, 0xfe, 0xd8, 0xfe, 0xf1, 0xb4, 0x8c, 0x83, 0xce, 0x8b, 0x33, 0xb5, 0x98, 0xe6
.byte 0xf9, 0xfe, 0xd8, 0xfe, 0x19, 0xff, 0x8d, 0x83, 0x23, 0x21, 0x07, 0x52, 0x91, 0xcc, 0x74, 0xe5
.byte 0x68, 0x5a, 0xa2, 0x10, 0x27, 0x42, 0x69, 0x4a, 0x48, 0x4a, 0x48, 0x4a, 0x48, 0x4a, 0x48, 0x4a
.byte 0x48, 0x4a, 0x48, 0x4a, 0x48, 0x4a, 0x48, 0x4a, 0x48, 0x4a, 0x69, 0x52, 0x68, 0x4a, 0xe6, 0x39
.byte 0x44, 0x29, 0x2b, 0x7b, 0xad, 0x93, 0x0b, 0x7b, 0x8d, 0x73, 0xba, 0xd6, 0xff, 0xff, 0xff, 0xff
.byte 0xff, 0xff, 0xff, 0xff, 0xff, 0xff, 0xff, 0xff, 0xff, 0xff, 0xff, 0xff, 0xff, 0xff, 0xff, 0xff
.byte 0xff, 0xff, 0xff, 0xff, 0xff, 0xff, 0xff, 0xff, 0xff, 0xff, 0xff, 0xff, 0xff, 0xff, 0xff, 0xff
.byte 0xff, 0xff, 0xff, 0xff, 0xff, 0xff, 0xff, 0xff, 0xff, 0xff, 0xff, 0xff, 0xff, 0xff, 0xff, 0xff
.byte 0xff, 0xff, 0xff, 0xff, 0xff, 0xff, 0xff, 0xff, 0xff, 0xff, 0xff, 0xff, 0xdb, 0xde, 0x51, 0x9c
.byte 0x38, 0xde, 0x39, 0xde, 0x18, 0xd6, 0x18, 0xd6, 0x18, 0xd6, 0x18, 0xd6, 0x18, 0xd6, 0xf8, 0xd5
.byte 0x59, 0xde, 0x2c, 0x6b, 0xf3, 0x9c, 0xff, 0xff, 0xff, 0xff, 0xff, 0xff, 0xff, 0xff, 0xff, 0xff
.byte 0xff, 0xff, 0xff, 0xff, 0xff, 0xff, 0xff, 0xff, 0xff, 0xff, 0xff, 0xff, 0x99, 0xd6, 0xce, 0x83
.byte 0xa5, 0x31, 0x65, 0x31, 0x74, 0xc5, 0x3a, 0xff, 0xb8, 0xfe, 0xb8, 0xfe, 0x19, 0xff, 0x2f, 0x8c
.byte 0x65, 0x29, 0x65, 0x31, 0x4c, 0x73, 0xd1, 0xac, 0x77, 0xee, 0x3a, 0xff, 0x77, 0xee, 0x89, 0x5a
.byte 0x44, 0x31, 0x0b, 0x83, 0xd2, 0xdc, 0x53, 0xdd, 0xc6, 0x41, 0xc2, 0x18, 0x65, 0x29, 0x07, 0x42
.byte 0x28, 0x4a, 0x69, 0x4a, 0x69, 0x52, 0x68, 0x4a, 0x68, 0x4a, 0x68, 0x4a, 0x48, 0x4a, 0x48, 0x4a
.byte 0x48, 0x4a, 0x48, 0x4a, 0x48, 0x42, 0x28, 0x42, 0xc6, 0x39, 0x89, 0x62, 0x0f, 0x9c, 0x90, 0xb4
.byte 0x2b, 0x7b, 0xce, 0x7b, 0xbe, 0xf7, 0xff, 0xff, 0xff, 0xff, 0xff, 0xff, 0xff, 0xff, 0xff, 0xff
.byte 0xff, 0xff, 0xff, 0xff, 0xff, 0xff, 0xff, 0xff, 0xff, 0xff, 0xff, 0xff, 0xff, 0xff, 0xff, 0xff
.byte 0xff, 0xff, 0xff, 0xff, 0xff, 0xff, 0xff, 0xff, 0xff, 0xff, 0xff, 0xff, 0xff, 0xff, 0xff, 0xff
.byte 0xff, 0xff, 0xff, 0xff, 0xff, 0xff, 0xff, 0xff, 0xff, 0xff, 0xff, 0xff, 0xff, 0xff, 0xff, 0xff
.byte 0xff, 0xff, 0xff, 0xff, 0xdf, 0xff, 0x30, 0x94, 0xf7, 0xd5, 0x59, 0xde, 0x18, 0xd6, 0x18, 0xd6
.byte 0x18, 0xd6, 0x18, 0xd6, 0x18, 0xd6, 0xf8, 0xd5, 0x7a, 0xe6, 0x72, 0x9c, 0x4c, 0x6b, 0x5c, 0xef
.byte 0xff, 0xff, 0xff, 0xff, 0xff, 0xff, 0xff, 0xff, 0xff, 0xff, 0xff, 0xff, 0xff, 0xff, 0xff, 0xff
.byte 0xff, 0xff, 0xff, 0xff, 0xfb, 0xe6, 0x12, 0xbd, 0x70, 0x9c, 0xcd, 0x83, 0x57, 0xe6, 0xd8, 0xfe
.byte 0x98, 0xf6, 0xb8, 0xfe, 0x19, 0xff, 0x57, 0xde, 0x2c, 0x73, 0xa9, 0x5a, 0xb5, 0xc5, 0x77, 0xe6
.byte 0x36, 0xee, 0x39, 0xff, 0x32, 0xbd, 0x64, 0x31, 0x06, 0x4a, 0x70, 0xbc, 0x13, 0xdd, 0xee, 0x9b
.byte 0x44, 0x31, 0x24, 0x29, 0x03, 0x21, 0xa6, 0x39, 0xa6, 0x31, 0x85, 0x31, 0xa6, 0x39, 0x07, 0x42
.byte 0x48, 0x4a, 0x69, 0x4a, 0x69, 0x52, 0x69, 0x4a, 0x69, 0x4a, 0x07, 0x3a, 0x85, 0x31, 0x65, 0x31
.byte 0x64, 0x29, 0x0b, 0x73, 0x90, 0xac, 0x70, 0xac, 0xad, 0x93, 0x4c, 0x73, 0x58, 0xc6, 0xff, 0xff
.byte 0xff, 0xff, 0xff, 0xff, 0xff, 0xff, 0xff, 0xff, 0xff, 0xff, 0xff, 0xff, 0xff, 0xff, 0xff, 0xff
.byte 0xff, 0xff, 0xff, 0xff, 0xff, 0xff, 0xff, 0xff, 0xff, 0xff, 0xff, 0xff, 0xff, 0xff, 0xff, 0xff
.byte 0xff, 0xff, 0xff, 0xff, 0xff, 0xff, 0xff, 0xff, 0xff, 0xff, 0xff, 0xff, 0xff, 0xff, 0xff, 0xff
.byte 0xff, 0xff, 0xff, 0xff, 0xff, 0xff, 0xff, 0xff, 0xff, 0xff, 0xff, 0xff, 0xff, 0xff, 0xcf, 0x83
.byte 0xb6, 0xcd, 0x79, 0xde, 0x38, 0xd6, 0x38, 0xd6, 0x38, 0xd6, 0x38, 0xd6, 0x18, 0xd6, 0x18, 0xd6
.byte 0x39, 0xd6, 0xf8, 0xd5, 0xeb, 0x62, 0x13, 0xa5, 0xff, 0xff, 0xff, 0xff, 0xff, 0xff, 0xff, 0xff
.byte 0xff, 0xff, 0xff, 0xff, 0xff, 0xff, 0xff, 0xff, 0xff, 0xff, 0xff, 0xff, 0xdb, 0xde, 0x2f, 0xa4
.byte 0xd8, 0xfe, 0x98, 0xf6, 0x77, 0xfe, 0xf5, 0xed, 0x77, 0xf6, 0xd8, 0xfe, 0xd8, 0xfe, 0xd8, 0xfe
.byte 0x36, 0xe6, 0xf5, 0xdd, 0x97, 0xfe, 0xb8, 0xfe, 0x36, 0xfe, 0xb7, 0xfe, 0x8c, 0x83, 0xa1, 0x10
.byte 0xad, 0x8b, 0x77, 0xf6, 0xf1, 0xbc, 0x27, 0x52, 0xc6, 0x41, 0x03, 0x29, 0x07, 0x42, 0x96, 0xb5
.byte 0xf7, 0xbd, 0x71, 0x8c, 0xae, 0x73, 0xea, 0x5a, 0x48, 0x42, 0xe6, 0x39, 0x85, 0x31, 0x65, 0x29
.byte 0xa5, 0x31, 0x44, 0x21, 0x85, 0x39, 0xea, 0x7a, 0x64, 0x31, 0x85, 0x39, 0x4c, 0x7b, 0x33, 0xc5
.byte 0x50, 0xac, 0x89, 0x6a, 0xb2, 0x94, 0xdf, 0xff, 0xff, 0xff, 0xff, 0xff, 0xff, 0xff, 0xff, 0xff
.byte 0xff, 0xff, 0xff, 0xff, 0xff, 0xff, 0xff, 0xff, 0xff, 0xff, 0xff, 0xff, 0xff, 0xff, 0xff, 0xff
.byte 0xff, 0xff, 0xff, 0xff, 0xff, 0xff, 0xff, 0xff, 0xff, 0xff, 0xff, 0xff, 0xff, 0xff, 0xff, 0xff
.byte 0xff, 0xff, 0xff, 0xff, 0xff, 0xff, 0xff, 0xff, 0xff, 0xff, 0xff, 0xff, 0xff, 0xff, 0xff, 0xff
.byte 0xff, 0xff, 0xff, 0xff, 0xff, 0xff, 0x6d, 0x73, 0x14, 0xbd, 0x59, 0xde, 0x38, 0xd6, 0x38, 0xd6
.byte 0x38, 0xd6, 0x18, 0xd6, 0x18, 0xd6, 0x18, 0xd6, 0xf8, 0xd5, 0x39, 0xde, 0xb2, 0xac, 0x2c, 0x6b
.byte 0x5c, 0xe7, 0xff, 0xff, 0xff, 0xff, 0xff, 0xff, 0xff, 0xff, 0xff, 0xff, 0xff, 0xff, 0xff, 0xff
.byte 0xff, 0xff, 0xff, 0xff, 0x1b, 0xe7, 0x4c, 0x83, 0xb8, 0xfe, 0xb8, 0xfe, 0xf5, 0xed, 0x32, 0xd5
.byte 0x56, 0xf6, 0xd8, 0xfe, 0xd8, 0xfe, 0xb7, 0xfe, 0xb8, 0xfe, 0x98, 0xfe, 0x56, 0xfe, 0x16, 0xf6
.byte 0x77, 0xfe, 0xf5, 0xe5, 0xe7, 0x49, 0x23, 0x29, 0x4c, 0x7b, 0x0a, 0x6b, 0xa5, 0x39, 0xe6, 0x49
.byte 0x07, 0x52, 0x03, 0x29, 0x0b, 0x63, 0x3c, 0xe7, 0xff, 0xff, 0xdf, 0xff, 0x7d, 0xef, 0x1c, 0xe7
.byte 0x79, 0xce, 0x95, 0xb5, 0x71, 0x8c, 0x6d, 0x6b, 0xca, 0x5a, 0x69, 0x4a, 0xa6, 0x39, 0x0e, 0xac
.byte 0xa9, 0x72, 0x07, 0x42, 0x69, 0x5a, 0x50, 0xac, 0xd6, 0xdd, 0x4c, 0x8b, 0xae, 0x7b, 0xba, 0xd6
.byte 0xff, 0xff, 0xff, 0xff, 0xff, 0xff, 0xff, 0xff, 0xff, 0xff, 0xff, 0xff, 0xff, 0xff, 0xff, 0xff
.byte 0xff, 0xff, 0xff, 0xff, 0xff, 0xff, 0xff, 0xff, 0xff, 0xff, 0xff, 0xff, 0xff, 0xff, 0xff, 0xff
.byte 0xff, 0xff, 0xff, 0xff, 0xff, 0xff, 0xff, 0xff, 0xff, 0xff, 0xff, 0xff, 0xff, 0xff, 0xff, 0xff
.byte 0xff, 0xff, 0xff, 0xff, 0xff, 0xff, 0xff, 0xff, 0xff, 0xff, 0xff, 0xff, 0xff, 0xff, 0xae, 0x7b
.byte 0x72, 0xa4, 0x38, 0xd6, 0x38, 0xd6, 0x38, 0xd6, 0x38, 0xd6, 0x18, 0xd6, 0x18, 0xd6, 0x18, 0xd6
.byte 0x18, 0xd6, 0x38, 0xd6, 0x59, 0xde, 0xce, 0x83, 0xce, 0x7b, 0x5d, 0xef, 0xff, 0xff, 0xff, 0xff
.byte 0xff, 0xff, 0xff, 0xff, 0xff, 0xff, 0xff, 0xff, 0xff, 0xff, 0xff, 0xff, 0x5c, 0xe7, 0xad, 0x83
.byte 0xf5, 0xe5, 0xb8, 0xfe, 0x56, 0xf6, 0xf5, 0xe5, 0xb7, 0xf6, 0xf9, 0xfe, 0xd8, 0xfe, 0xb8, 0xfe
.byte 0x77, 0xfe, 0x57, 0xf6, 0x56, 0xf6, 0x57, 0xf6, 0x19, 0xff, 0xb1, 0xac, 0x03, 0x21, 0x44, 0x31
.byte 0x85, 0x49, 0x24, 0x49, 0x24, 0x39, 0x65, 0x39, 0xe6, 0x49, 0x44, 0x31, 0xee, 0x7b, 0x9d, 0xef
.byte 0xff, 0xff, 0xff, 0xff, 0xff, 0xff, 0xff, 0xff, 0xff, 0xff, 0xff, 0xff, 0xdf, 0xff, 0x9e, 0xf7
.byte 0x7d, 0xef, 0x5d, 0xef, 0x13, 0xa5, 0x8d, 0x93, 0x2f, 0xb4, 0xa9, 0x62, 0x8d, 0x8b, 0x2f, 0xb4
.byte 0x16, 0xe6, 0xb5, 0xd5, 0x6d, 0x7b, 0x38, 0xc6, 0xff, 0xff, 0xff, 0xff, 0xff, 0xff, 0xff, 0xff
.byte 0xff, 0xff, 0xff, 0xff, 0xff, 0xff, 0xff, 0xff, 0xff, 0xff, 0xff, 0xff, 0xff, 0xff, 0xff, 0xff
.byte 0xff, 0xff, 0xff, 0xff, 0xff, 0xff, 0xff, 0xff, 0xff, 0xff, 0xff, 0xff, 0xff, 0xff, 0xff, 0xff
.byte 0xff, 0xff, 0xff, 0xff, 0xff, 0xff, 0xff, 0xff, 0xff, 0xff, 0xff, 0xff, 0xff, 0xff, 0xff, 0xff
.byte 0xff, 0xff, 0xff, 0xff, 0xff, 0xff, 0x55, 0xad, 0xaf, 0x83, 0xd7, 0xcd, 0x58, 0xde, 0x38, 0xd6
.byte 0x38, 0xd6, 0x38, 0xd6, 0x18, 0xd6, 0x18, 0xd6, 0x38, 0xd6, 0x59, 0xde, 0xd7, 0xcd, 0xb7, 0xcd
.byte 0x50, 0x94, 0x0b, 0x63, 0x59, 0xce, 0x1c, 0xe7, 0x5d, 0xef, 0xff, 0xff, 0xff, 0xff, 0xff, 0xff
.byte 0xff, 0xff, 0xff, 0xff, 0xdf, 0xff, 0x75, 0xb5, 0x90, 0xa4, 0x3a, 0xff, 0xd8, 0xfe, 0x77, 0xf6
.byte 0x35, 0xee, 0x56, 0xf6, 0x97, 0xf6, 0xd8, 0xfe, 0xb8, 0xfe, 0x98, 0xfe, 0x97, 0xf6, 0xf9, 0xfe
.byte 0xb8, 0xf6, 0xa9, 0x62, 0xc2, 0x18, 0xa6, 0x49, 0xe7, 0x69, 0x08, 0x7a, 0x48, 0x8a, 0x85, 0x49
.byte 0xc6, 0x39, 0x85, 0x31, 0xb6, 0xb5, 0xff, 0xff, 0xff, 0xff, 0xff, 0xff, 0xff, 0xff, 0xff, 0xff
.byte 0xff, 0xff, 0xff, 0xff, 0xff, 0xff, 0xff, 0xff, 0xff, 0xff, 0xff, 0xff, 0xff, 0xff, 0xef, 0x93
.byte 0x33, 0xe5, 0xf2, 0xcc, 0xf2, 0xcc, 0xb1, 0xbc, 0x98, 0xee, 0x98, 0xe6, 0xef, 0x8b, 0xfb, 0xde
.byte 0xff, 0xff, 0xff, 0xff, 0xff, 0xff, 0xff, 0xff, 0xff, 0xff, 0xff, 0xff, 0xff, 0xff, 0xff, 0xff
.byte 0xff, 0xff, 0xff, 0xff, 0xff, 0xff, 0xff, 0xff, 0xff, 0xff, 0xff, 0xff, 0xff, 0xff, 0xff, 0xff
.byte 0xff, 0xff, 0xff, 0xff, 0xff, 0xff, 0xff, 0xff, 0xff, 0xff, 0xff, 0xff, 0xff, 0xff, 0xff, 0xff
.byte 0xff, 0xff, 0xff, 0xff, 0xff, 0xff, 0xff, 0xff, 0xff, 0xff, 0xff, 0xff, 0xff, 0xff, 0x3c, 0xe7
.byte 0x4d, 0x7b, 0x55, 0xc5, 0x38, 0xde, 0x38, 0xd6, 0x38, 0xd6, 0x38, 0xd6, 0x18, 0xd6, 0x38, 0xd6
.byte 0x38, 0xd6, 0x59, 0xde, 0xf4, 0xac, 0x96, 0xc5, 0x59, 0xde, 0xd2, 0xac, 0xae, 0x83, 0x0b, 0x6b
.byte 0x8e, 0x7b, 0xb6, 0xb5, 0x9a, 0xd6, 0xfb, 0xde, 0xbe, 0xf7, 0xff, 0xff, 0xff, 0xff, 0x1c, 0xe7
.byte 0xa9, 0x62, 0xd5, 0xcd, 0x7b, 0xff, 0xd5, 0xe5, 0x0f, 0xbc, 0x0f, 0xc4, 0x12, 0xd5, 0x98, 0xf6
.byte 0xb8, 0xfe, 0xb8, 0xfe, 0xf9, 0xfe, 0x7b, 0xff, 0x90, 0xa4, 0x23, 0x29, 0x6c, 0x73, 0xeb, 0x72
.byte 0x85, 0x59, 0x07, 0x82, 0x89, 0xa2, 0x24, 0x41, 0x03, 0x21, 0x50, 0x8c, 0x9d, 0xf7, 0xff, 0xff
.byte 0xff, 0xff, 0xff, 0xff, 0xff, 0xff, 0xff, 0xff, 0xff, 0xff, 0xff, 0xff, 0xff, 0xff, 0xff, 0xff
.byte 0xff, 0xff, 0xff, 0xff, 0xff, 0xff, 0xcf, 0x8b, 0x54, 0xdd, 0x16, 0xfe, 0xd1, 0xc4, 0xf5, 0xdd
.byte 0x3a, 0xff, 0x74, 0xcd, 0x2f, 0x8c, 0x5c, 0xe7, 0xff, 0xff, 0xff, 0xff, 0xff, 0xff, 0xff, 0xff
.byte 0xff, 0xff, 0xff, 0xff, 0xff, 0xff, 0xff, 0xff, 0xff, 0xff, 0xff, 0xff, 0xff, 0xff, 0xff, 0xff
.byte 0xff, 0xff, 0xff, 0xff, 0xff, 0xff, 0xff, 0xff, 0xff, 0xff, 0xff, 0xff, 0xff, 0xff, 0xff, 0xff
.byte 0xff, 0xff, 0xff, 0xff, 0xff, 0xff, 0xff, 0xff, 0xff, 0xff, 0xff, 0xff, 0xff, 0xff, 0xff, 0xff
.byte 0xff, 0xff, 0xff, 0xff, 0xff, 0xff, 0xff, 0xff, 0x0c, 0x6b, 0xb3, 0xb4, 0xd7, 0xd5, 0x38, 0xd6
.byte 0x38, 0xd6, 0x18, 0xd6, 0x18, 0xd6, 0x38, 0xd6, 0x59, 0xde, 0xf7, 0xcd, 0xb3, 0xa4, 0x76, 0xc5
.byte 0x18, 0xde, 0xb7, 0xcd, 0x39, 0xde, 0x38, 0xde, 0x34, 0xb5, 0xcf, 0x8b, 0x0c, 0x6b, 0x4d, 0x73
.byte 0xf3, 0xa4, 0xd7, 0xbd, 0x38, 0xce, 0x34, 0xad, 0x64, 0x41, 0x88, 0x6a, 0x16, 0xd6, 0x3a, 0xff
.byte 0x16, 0xee, 0x94, 0xe5, 0x36, 0xf6, 0x98, 0xfe, 0xb8, 0xfe, 0x19, 0xff, 0x3a, 0xff, 0x12, 0xb5
.byte 0x85, 0x39, 0x48, 0x52, 0x8c, 0x8b, 0x88, 0x82, 0x68, 0x92, 0xea, 0xaa, 0xaa, 0xaa, 0x24, 0x49
.byte 0x85, 0x31, 0x38, 0xc6, 0xff, 0xff, 0xff, 0xff, 0xff, 0xff, 0xff, 0xff, 0xff, 0xff, 0xff, 0xff
.byte 0xff, 0xff, 0xff, 0xff, 0xff, 0xff, 0xff, 0xff, 0xff, 0xff, 0xff, 0xff, 0xff, 0xff, 0x0f, 0x8c
.byte 0x53, 0xd5, 0x74, 0xdd, 0xf2, 0xbc, 0xb8, 0xfe, 0xb7, 0xfe, 0x6f, 0xac, 0x13, 0xa5, 0xff, 0xff
.byte 0xff, 0xff, 0xff, 0xff, 0xff, 0xff, 0xff, 0xff, 0xff, 0xff, 0xff, 0xff, 0xff, 0xff, 0xff, 0xff
.byte 0xff, 0xff, 0xff, 0xff, 0xff, 0xff, 0xff, 0xff, 0xff, 0xff, 0xff, 0xff, 0xff, 0xff, 0xff, 0xff
.byte 0xff, 0xff, 0xff, 0xff, 0xff, 0xff, 0xff, 0xff, 0xff, 0xff, 0xff, 0xff, 0xff, 0xff, 0xff, 0xff
.byte 0xff, 0xff, 0xff, 0xff, 0xff, 0xff, 0xff, 0xff, 0xff, 0xff, 0xff, 0xff, 0xff, 0xff, 0xff, 0xff
.byte 0x71, 0x94, 0xf0, 0x9b, 0x96, 0xcd, 0x39, 0xde, 0x38, 0xd6, 0x18, 0xd6, 0x18, 0xd6, 0x18, 0xd6
.byte 0x59, 0xde, 0x56, 0xbd, 0x93, 0xa4, 0x96, 0xc5, 0xf8, 0xd5, 0xd4, 0xb4, 0x35, 0xbd, 0x18, 0xd6
.byte 0x59, 0xde, 0x9a, 0xe6, 0x18, 0xd6, 0x55, 0xbd, 0x14, 0xb5, 0x14, 0xb5, 0x51, 0x94, 0x07, 0x4a
.byte 0xc6, 0x69, 0xc6, 0x79, 0x27, 0x62, 0x33, 0xbd, 0x1a, 0xff, 0x5a, 0xff, 0x5a, 0xff, 0x3a, 0xff
.byte 0xf9, 0xfe, 0x16, 0xd6, 0xce, 0x8b, 0x03, 0x29, 0x03, 0x31, 0x48, 0x7a, 0x48, 0x92, 0xca, 0xb2
.byte 0x0b, 0xbb, 0xea, 0xb2, 0xaa, 0xaa, 0x28, 0x8a, 0xe6, 0x71, 0x0b, 0x6b, 0x3c, 0xe7, 0xff, 0xff
.byte 0xff, 0xff, 0xff, 0xff, 0xff, 0xff, 0xff, 0xff, 0xff, 0xff, 0xff, 0xff, 0xff, 0xff, 0xff, 0xff
.byte 0xff, 0xff, 0xff, 0xff, 0xff, 0xff, 0x14, 0xa5, 0x91, 0xac, 0x13, 0xcd, 0x74, 0xcd, 0xd8, 0xfe
.byte 0x15, 0xee, 0xac, 0x8b, 0x38, 0xc6, 0xff, 0xff, 0xff, 0xff, 0xff, 0xff, 0xff, 0xff, 0xff, 0xff
.byte 0xff, 0xff, 0xff, 0xff, 0xff, 0xff, 0xff, 0xff, 0xff, 0xff, 0xff, 0xff, 0xff, 0xff, 0xff, 0xff
.byte 0xff, 0xff, 0xff, 0xff, 0xff, 0xff, 0xff, 0xff, 0xff, 0xff, 0xff, 0xff, 0xff, 0xff, 0xff, 0xff
.byte 0xff, 0xff, 0xff, 0xff, 0xff, 0xff, 0xff, 0xff, 0xff, 0xff, 0xff, 0xff, 0xff, 0xff, 0xff, 0xff
.byte 0xff, 0xff, 0xff, 0xff, 0xff, 0xff, 0xff, 0xff, 0x3c, 0xe7, 0x6d, 0x7b, 0x96, 0xcd, 0x38, 0xd6
.byte 0x38, 0xd6, 0x18, 0xd6, 0x18, 0xd6, 0xf8, 0xd5, 0x39, 0xde, 0x15, 0xb5, 0xb3, 0xa4, 0xf7, 0xcd
.byte 0x18, 0xd6, 0xd4, 0xb4, 0xd3, 0xac, 0x18, 0xd6, 0x18, 0xd6, 0x18, 0xd6, 0xb6, 0xcd, 0x18, 0xd6
.byte 0x79, 0xe6, 0xbb, 0xee, 0x38, 0xd6, 0x89, 0x6a, 0x07, 0x82, 0xaa, 0xaa, 0x07, 0x82, 0x64, 0x49
.byte 0x2b, 0x73, 0xb1, 0xac, 0xd1, 0xac, 0x91, 0xa4, 0x8d, 0x83, 0xe6, 0x51, 0xe2, 0x30, 0x65, 0x59
.byte 0x48, 0x92, 0xa9, 0xaa, 0xea, 0xba, 0xea, 0xba, 0xea, 0xb2, 0x0a, 0xb3, 0x68, 0x9a, 0xa9, 0xaa
.byte 0xea, 0xb2, 0xc6, 0x61, 0x74, 0xa5, 0xff, 0xff, 0xff, 0xff, 0xff, 0xff, 0xff, 0xff, 0xff, 0xff
.byte 0xff, 0xff, 0xff, 0xff, 0xff, 0xff, 0xff, 0xff, 0xff, 0xff, 0xff, 0xff, 0xff, 0xff, 0x3c, 0xe7
.byte 0x6d, 0x7b, 0x54, 0xcd, 0xf5, 0xe5, 0xd8, 0xfe, 0xb3, 0xd5, 0x6c, 0x7b, 0x3c, 0xe7, 0xff, 0xff
.byte 0xff, 0xff, 0xff, 0xff, 0xff, 0xff, 0xff, 0xff, 0xff, 0xff, 0xff, 0xff, 0xff, 0xff, 0xff, 0xff
.byte 0xff, 0xff, 0xff, 0xff, 0xff, 0xff, 0xff, 0xff, 0xff, 0xff, 0xff, 0xff, 0xff, 0xff, 0xff, 0xff
.byte 0xff, 0xff, 0xff, 0xff, 0xff, 0xff, 0xff, 0xff, 0xff, 0xff, 0xff, 0xff, 0xff, 0xff, 0xff, 0xff
.byte 0xff, 0xff, 0xff, 0xff, 0xff, 0xff, 0xff, 0xff, 0xff, 0xff, 0xff, 0xff, 0xff, 0xff, 0xff, 0xff
.byte 0xdf, 0xff, 0x4d, 0x73, 0xf4, 0xb4, 0xf8, 0xd5, 0x38, 0xd6, 0xf8, 0xd5, 0xf8, 0xd5, 0xf8, 0xd5
.byte 0x18, 0xd6, 0x96, 0xcd, 0xb6, 0xc5, 0x18, 0xd6, 0x38, 0xd6, 0x96, 0xc5, 0xd3, 0xac, 0xf8, 0xd5
.byte 0x18, 0xd6, 0x18, 0xd6, 0x55, 0xc5, 0x14, 0xbd, 0xd7, 0xd5, 0x39, 0xde, 0x75, 0xb5, 0x68, 0x72
.byte 0x89, 0xa2, 0x07, 0x82, 0xc6, 0x59, 0x65, 0x39, 0x24, 0x29, 0x04, 0x29, 0xc2, 0x18, 0xe3, 0x18
.byte 0xc2, 0x20, 0x44, 0x51, 0x89, 0x9a, 0xea, 0xb2, 0xea, 0xba, 0xea, 0xba, 0xca, 0xb2, 0xa9, 0xaa
.byte 0xea, 0xb2, 0x89, 0xa2, 0x68, 0x9a, 0x0b, 0xbb, 0x0b, 0xbb, 0x85, 0x61, 0x2c, 0x63, 0xb6, 0xb5
.byte 0x7d, 0xef, 0xff, 0xff, 0xff, 0xff, 0xff, 0xff, 0xff, 0xff, 0xff, 0xff, 0xff, 0xff, 0xff, 0xff
.byte 0xff, 0xff, 0xff, 0xff, 0xff, 0xff, 0xff, 0xff, 0x2c, 0x73, 0x95, 0xdd, 0x77, 0xfe, 0xd8, 0xfe
.byte 0x53, 0xcd, 0xee, 0x83, 0x9e, 0xf7, 0xdf, 0xff, 0xff, 0xff, 0xff, 0xff, 0xff, 0xff, 0xff, 0xff
.byte 0xff, 0xff, 0xff, 0xff, 0xff, 0xff, 0xff, 0xff, 0xff, 0xff, 0xff, 0xff, 0xff, 0xff, 0xff, 0xff
.byte 0xff, 0xff, 0xff, 0xff, 0xff, 0xff, 0xff, 0xff, 0xff, 0xff, 0xff, 0xff, 0xff, 0xff, 0xff, 0xff
.byte 0xff, 0xff, 0xff, 0xff, 0xff, 0xff, 0xff, 0xff, 0xff, 0xff, 0xff, 0xff, 0xff, 0xff, 0x1c, 0xe7
.byte 0x9a, 0xd6, 0x99, 0xd6, 0xdb, 0xde, 0x5d, 0xef, 0xff, 0xff, 0x75, 0xad, 0x4d, 0x7b, 0x97, 0xd5
.byte 0xd7, 0xd5, 0xf7, 0xd5, 0x18, 0xd6, 0xf8, 0xd5, 0xf8, 0xd5, 0x18, 0xd6, 0x38, 0xd6, 0x18, 0xd6
.byte 0x38, 0xd6, 0x18, 0xd6, 0x75, 0xbd, 0xd7, 0xcd, 0x18, 0xd6, 0x18, 0xd6, 0xd7, 0xcd, 0xf4, 0xbc
.byte 0x96, 0xcd, 0x39, 0xde, 0xd7, 0xc5, 0xa9, 0x7a, 0x0b, 0xbb, 0x07, 0x72, 0x03, 0x21, 0xc6, 0x39
.byte 0xc6, 0x41, 0x44, 0x31, 0x23, 0x29, 0x65, 0x39, 0xe6, 0x41, 0xa5, 0x49, 0x69, 0x92, 0x0b, 0xc3
.byte 0xca, 0xb2, 0x69, 0xa2, 0x48, 0x9a, 0x69, 0xa2, 0x68, 0x9a, 0x48, 0x9a, 0xea, 0xb2, 0x0b, 0xbb
.byte 0x27, 0x8a, 0x0c, 0x7b, 0x51, 0x94, 0x6d, 0x73, 0x0b, 0x63, 0x34, 0xa5, 0xdf, 0xff, 0xff, 0xff
.byte 0xff, 0xff, 0xff, 0xff, 0xff, 0xff, 0xff, 0xff, 0xff, 0xff, 0xff, 0xff, 0xff, 0xff, 0x38, 0xc6
.byte 0x2c, 0x73, 0x71, 0xbc, 0x57, 0xfe, 0xf9, 0xfe, 0xf1, 0xb4, 0xeb, 0x62, 0xdb, 0xde, 0xff, 0xff
.byte 0xff, 0xff, 0xff, 0xff, 0xff, 0xff, 0xff, 0xff, 0xff, 0xff, 0xff, 0xff, 0xff, 0xff, 0xff, 0xff
.byte 0xff, 0xff, 0xff, 0xff, 0xff, 0xff, 0xff, 0xff, 0xff, 0xff, 0xff, 0xff, 0xff, 0xff, 0xff, 0xff
.byte 0xff, 0xff, 0xff, 0xff, 0xff, 0xff, 0xff, 0xff, 0xff, 0xff, 0xff, 0xff, 0x3c, 0xe7, 0x91, 0x94
.byte 0x4d, 0x7b, 0x4c, 0x83, 0x2c, 0x8b, 0xeb, 0x82, 0xea, 0x82, 0xaa, 0x82, 0x89, 0x7a, 0xca, 0x7a
.byte 0x2c, 0x83, 0xca, 0x6a, 0x24, 0x31, 0x4d, 0x7b, 0xf4, 0xbc, 0x96, 0xcd, 0xd7, 0xd5, 0xf8, 0xd5
.byte 0xf8, 0xd5, 0xf8, 0xd5, 0xf8, 0xd5, 0xf8, 0xd5, 0x18, 0xd6, 0x38, 0xd6, 0xf8, 0xd5, 0xf8, 0xd5
.byte 0x18, 0xd6, 0x18, 0xd6, 0x18, 0xd6, 0xd7, 0xcd, 0xd7, 0xd5, 0x39, 0xde, 0x55, 0xb5, 0x27, 0x5a
.byte 0xa9, 0xa2, 0x0b, 0xab, 0xe6, 0x61, 0xa6, 0x41, 0xa6, 0x41, 0x65, 0x31, 0x07, 0x62, 0x27, 0x6a
.byte 0x48, 0x4a, 0x07, 0x42, 0xa6, 0x51, 0x48, 0x9a, 0x48, 0x92, 0x28, 0x8a, 0x48, 0x92, 0x48, 0x9a
.byte 0x69, 0x9a, 0xca, 0xb2, 0xea, 0xb2, 0xc6, 0x79, 0x48, 0x62, 0xb6, 0xc5, 0x7a, 0xe6, 0xb7, 0xcd
.byte 0x92, 0xa4, 0x4d, 0x73, 0x8e, 0x73, 0xda, 0xde, 0xff, 0xff, 0xff, 0xff, 0xff, 0xff, 0xff, 0xff
.byte 0xff, 0xff, 0xff, 0xff, 0xff, 0xff, 0x51, 0x94, 0xd3, 0xac, 0x0b, 0x73, 0xf2, 0xcc, 0xf9, 0xfe
.byte 0xf1, 0xb4, 0xa6, 0x39, 0x34, 0xa5, 0xff, 0xff, 0xff, 0xff, 0xff, 0xff, 0xff, 0xff, 0xff, 0xff
.byte 0xff, 0xff, 0xff, 0xff, 0xff, 0xff, 0xff, 0xff, 0xff, 0xff, 0xff, 0xff, 0xff, 0xff, 0xff, 0xff
.byte 0xff, 0xff, 0xff, 0xff, 0xff, 0xff, 0xff, 0xff, 0xff, 0xff, 0xff, 0xff, 0xff, 0xff, 0xbe, 0xf7
.byte 0xb2, 0xa4, 0xca, 0x7a, 0x89, 0x82, 0x48, 0x8a, 0xa9, 0xa2, 0xca, 0xb2, 0xca, 0xb2, 0xca, 0xb2
.byte 0xca, 0xb2, 0xca, 0xaa, 0xca, 0xaa, 0xca, 0xaa, 0xca, 0xaa, 0x68, 0x92, 0x07, 0x7a, 0x85, 0x51
.byte 0x08, 0x52, 0xcf, 0x8b, 0x35, 0xc5, 0xb7, 0xd5, 0xd7, 0xd5, 0xf8, 0xd5, 0xf8, 0xd5, 0xf8, 0xd5
.byte 0xf8, 0xd5, 0x18, 0xd6, 0x18, 0xd6, 0x18, 0xd6, 0x38, 0xd6, 0x7a, 0xde, 0x7a, 0xde, 0xb6, 0xc5
.byte 0x51, 0x9c, 0x2c, 0x7b, 0x89, 0x7a, 0x28, 0x7a, 0x07, 0x72, 0x68, 0x8a, 0x07, 0x6a, 0xc6, 0x41
.byte 0x85, 0x31, 0x65, 0x31, 0x89, 0x8a, 0x68, 0x82, 0x07, 0x42, 0x48, 0x42, 0xa5, 0x41, 0x48, 0x8a
.byte 0xa9, 0xa2, 0x89, 0xa2, 0xaa, 0xa2, 0xaa, 0xaa, 0xca, 0xb2, 0x89, 0xaa, 0x85, 0x69, 0x48, 0x62
.byte 0x55, 0xbd, 0x79, 0xde, 0x18, 0xd6, 0x59, 0xde, 0x7a, 0xe6, 0xd7, 0xcd, 0xae, 0x83, 0x2c, 0x6b
.byte 0x58, 0xce, 0xff, 0xff, 0xff, 0xff, 0xff, 0xff, 0xff, 0xff, 0xff, 0xff, 0xff, 0xff, 0xd2, 0xa4
.byte 0x39, 0xde, 0xd3, 0xac, 0xeb, 0x72, 0xb1, 0xc4, 0x90, 0xac, 0xcb, 0x62, 0xae, 0x7b, 0x9a, 0xd6
.byte 0xff, 0xff, 0xff, 0xff, 0xff, 0xff, 0xff, 0xff, 0xff, 0xff, 0xff, 0xff, 0xff, 0xff, 0xff, 0xff
.byte 0xff, 0xff, 0xff, 0xff, 0xff, 0xff, 0xff, 0xff, 0xff, 0xff, 0xff, 0xff, 0xff, 0xff, 0xff, 0xff
.byte 0xff, 0xff, 0x7d, 0xef, 0x71, 0xa4, 0x69, 0x82, 0x69, 0x92, 0xca, 0xaa, 0x89, 0xaa, 0x69, 0xa2
.byte 0x89, 0xaa, 0x89, 0xaa, 0xaa, 0xaa, 0xaa, 0xaa, 0xca, 0xaa, 0xea, 0xb2, 0x0b, 0xbb, 0x0b, 0xbb
.byte 0x0b, 0xbb, 0xeb, 0xba, 0xeb, 0xba, 0xca, 0xaa, 0x28, 0x8a, 0xc6, 0x61, 0x69, 0x62, 0xef, 0x93
.byte 0x14, 0xbd, 0x76, 0xcd, 0xd7, 0xd5, 0xf8, 0xd5, 0x18, 0xd6, 0x18, 0xd6, 0x38, 0xde, 0x59, 0xde
.byte 0x7a, 0xe6, 0x96, 0xbd, 0xce, 0x8b, 0x69, 0x72, 0x07, 0x72, 0xe6, 0x71, 0xe7, 0x71, 0xc7, 0x61
.byte 0x65, 0x39, 0xa6, 0x31, 0xc6, 0x41, 0x64, 0x39, 0x85, 0x31, 0xe6, 0x51, 0x0b, 0xab, 0xea, 0xaa
.byte 0xc6, 0x51, 0x07, 0x62, 0xc9, 0x9a, 0x0b, 0xb3, 0xea, 0xb2, 0xea, 0xb2, 0xea, 0xb2, 0xaa, 0xb2
.byte 0x07, 0x8a, 0x85, 0x59, 0xeb, 0x72, 0x96, 0xc5, 0x79, 0xde, 0x18, 0xd6, 0x18, 0xd6, 0xf8, 0xd5
.byte 0xf8, 0xd5, 0x59, 0xde, 0x59, 0xde, 0x71, 0x9c, 0x2c, 0x6b, 0x17, 0xc6, 0xff, 0xff, 0xff, 0xff
.byte 0xff, 0xff, 0xff, 0xff, 0x95, 0xb5, 0x14, 0xad, 0x59, 0xde, 0x39, 0xde, 0x14, 0xb5, 0x4c, 0x7b
.byte 0xca, 0x6a, 0xce, 0x8b, 0x0c, 0x73, 0xf7, 0xbd, 0xff, 0xff, 0xff, 0xff, 0xff, 0xff, 0xff, 0xff
.byte 0xff, 0xff, 0xff, 0xff, 0xff, 0xff, 0xff, 0xff, 0xff, 0xff, 0xff, 0xff, 0xff, 0xff, 0xff, 0xff
.byte 0xff, 0xff, 0xff, 0xff, 0xff, 0xff, 0x5d, 0xef, 0xb6, 0xcd, 0x68, 0x8a, 0xaa, 0xa2, 0xaa, 0xaa
.byte 0x69, 0xa2, 0x68, 0x9a, 0x69, 0x9a, 0x68, 0x92, 0x48, 0x92, 0x48, 0x92, 0x48, 0x92, 0x48, 0x92
.byte 0x48, 0x92, 0x48, 0x92, 0x48, 0x9a, 0x69, 0x9a, 0x89, 0xa2, 0xca, 0xb2, 0x0b, 0xb3, 0x2b, 0xbb
.byte 0x2b, 0xbb, 0xea, 0xb2, 0x07, 0x82, 0xa6, 0x61, 0x69, 0x6a, 0xae, 0x93, 0x92, 0xac, 0x55, 0xc5
.byte 0xb7, 0xd5, 0xf8, 0xd5, 0xf7, 0xcd, 0x75, 0xbd, 0xcf, 0x83, 0xa6, 0x39, 0x24, 0x31, 0xa5, 0x49
.byte 0xa5, 0x49, 0x85, 0x39, 0x65, 0x31, 0x85, 0x31, 0xa6, 0x39, 0xa6, 0x41, 0x23, 0x31, 0xa5, 0x39
.byte 0xa6, 0x39, 0x27, 0x7a, 0x0b, 0xbb, 0x2b, 0xbb, 0x0b, 0xb3, 0x2b, 0xbb, 0x4b, 0xc3, 0x0a, 0xbb
.byte 0xea, 0xb2, 0xea, 0xb2, 0x48, 0x92, 0xc6, 0x69, 0x48, 0x62, 0x51, 0x9c, 0x19, 0xd6, 0x39, 0xde
.byte 0x18, 0xd6, 0xf8, 0xd5, 0xf8, 0xd5, 0xf8, 0xd5, 0x18, 0xd6, 0x18, 0xd6, 0xd7, 0xcd, 0xd7, 0xd5
.byte 0x31, 0x9c, 0xeb, 0x62, 0x95, 0xb5, 0xdf, 0xff, 0xff, 0xff, 0xff, 0xff, 0x71, 0x94, 0xd7, 0xc5
.byte 0x79, 0xe6, 0xf8, 0xd5, 0x39, 0xde, 0xd7, 0xcd, 0xf3, 0xac, 0x0f, 0x94, 0x69, 0x52, 0x17, 0xbe
.byte 0xff, 0xff, 0xff, 0xff, 0xff, 0xff, 0xff, 0xff, 0xff, 0xff, 0xff, 0xff, 0xff, 0xff, 0xff, 0xff
.byte 0xff, 0xff, 0xff, 0xff, 0xff, 0xff, 0xff, 0xff, 0xff, 0xff, 0xda, 0xde, 0x17, 0xce, 0xca, 0x8a
.byte 0xc9, 0xaa, 0x0a, 0xb3, 0xa9, 0xa2, 0x89, 0x9a, 0x89, 0x9a, 0x89, 0x9a, 0xaa, 0xa2, 0xaa, 0xa2
.byte 0xaa, 0xa2, 0xaa, 0xa2, 0xaa, 0xa2, 0xaa, 0xa2, 0xaa, 0xa2, 0x89, 0xa2, 0x89, 0x9a, 0x89, 0x9a
.byte 0x89, 0xa2, 0x89, 0xa2, 0x88, 0xaa, 0xa9, 0xaa, 0xa9, 0xaa, 0xca, 0xb2, 0xeb, 0xba, 0xea, 0xb2
.byte 0x68, 0x9a, 0x48, 0x82, 0x68, 0x7a, 0x89, 0x6a, 0x2c, 0x73, 0x4c, 0x73, 0x69, 0x52, 0xc6, 0x39
.byte 0x65, 0x31, 0x85, 0x31, 0xc6, 0x41, 0xe6, 0x49, 0xe6, 0x51, 0xe7, 0x59, 0x07, 0x62, 0x07, 0x72
.byte 0x27, 0x82, 0xe7, 0x71, 0xa6, 0x41, 0xa6, 0x31, 0x44, 0x29, 0xa5, 0x59, 0x07, 0x82, 0x48, 0x8a
.byte 0x68, 0x8a, 0x88, 0x92, 0x88, 0x92, 0x68, 0x8a, 0x48, 0x7a, 0xe7, 0x61, 0xe7, 0x51, 0x30, 0x94
.byte 0xf8, 0xcd, 0x7a, 0xde, 0x38, 0xde, 0xf8, 0xd5, 0x96, 0xc5, 0xb7, 0xcd, 0xf8, 0xd5, 0xf8, 0xd5
.byte 0x18, 0xd6, 0x18, 0xd6, 0xf7, 0xcd, 0xd7, 0xcd, 0x18, 0xd6, 0xd3, 0xac, 0xca, 0x62, 0xd2, 0x9c
.byte 0xff, 0xff, 0x7d, 0xef, 0xf3, 0xa4, 0x79, 0xde, 0x59, 0xde, 0xf8, 0xd5, 0x18, 0xd6, 0x18, 0xd6
.byte 0x59, 0xde, 0x38, 0xd6, 0x8d, 0x73, 0xf7, 0xbd, 0xff, 0xff, 0xff, 0xff, 0xff, 0xff, 0xff, 0xff
.byte 0xff, 0xff, 0xff, 0xff, 0xff, 0xff, 0xff, 0xff, 0xff, 0xff, 0xff, 0xff, 0xff, 0xff, 0x1c, 0xdf
.byte 0xb6, 0xbd, 0xe7, 0x61, 0x27, 0x8a, 0xea, 0xb2, 0xca, 0xaa, 0xa9, 0xaa, 0xa9, 0xa2, 0xaa, 0xa2
.byte 0xaa, 0xa2, 0xaa, 0xa2, 0xaa, 0xa2, 0xa9, 0xa2, 0xa9, 0xa2, 0xaa, 0xa2, 0x8a, 0xa2, 0x89, 0xa2
.byte 0x89, 0xa2, 0xaa, 0xaa, 0xca, 0xaa, 0x89, 0xa2, 0x28, 0x9a, 0x07, 0x8a, 0x07, 0x7a, 0xe6, 0x71
.byte 0xe6, 0x71, 0xc6, 0x71, 0xe6, 0x81, 0x68, 0x9a, 0x2b, 0xbb, 0x2b, 0xbb, 0x68, 0x8a, 0x64, 0x41
.byte 0x24, 0x21, 0x23, 0x21, 0x24, 0x29, 0x85, 0x41, 0xe6, 0x59, 0x27, 0x7a, 0x68, 0x8a, 0xa9, 0x9a
.byte 0xc9, 0xa2, 0xea, 0xaa, 0xc9, 0xaa, 0x68, 0x9a, 0xc6, 0x69, 0xc6, 0x49, 0xa5, 0x31, 0x85, 0x31
.byte 0x6d, 0x7b, 0xef, 0x8b, 0x28, 0x4a, 0x85, 0x39, 0xa9, 0x62, 0x07, 0x52, 0xc7, 0x49, 0x8b, 0x62
.byte 0xab, 0x5a, 0x4a, 0x4a, 0xd2, 0xa4, 0xda, 0xe6, 0x59, 0xde, 0x18, 0xd6, 0x38, 0xd6, 0xf7, 0xd5
.byte 0x14, 0xb5, 0x96, 0xc5, 0x18, 0xd6, 0xf8, 0xd5, 0x18, 0xd6, 0x38, 0xd6, 0x38, 0xd6, 0x59, 0xd6
.byte 0x59, 0xd6, 0x9a, 0xe6, 0x14, 0xb5, 0x2c, 0x6b, 0xb6, 0xb5, 0x75, 0xb5, 0x55, 0xb5, 0xba, 0xe6
.byte 0x38, 0xd6, 0x18, 0xd6, 0x18, 0xd6, 0xf8, 0xd5, 0x39, 0xde, 0xf7, 0xcd, 0x4d, 0x73, 0x18, 0xc6
.byte 0xff, 0xff, 0xff, 0xff, 0xff, 0xff, 0xff, 0xff, 0xff, 0xff, 0xff, 0xff, 0xff, 0xff, 0xff, 0xff
.byte 0xff, 0xff, 0x1b, 0xe7, 0xf7, 0xc5, 0x0b, 0x7b, 0x07, 0x72, 0x48, 0x92, 0xaa, 0xa2, 0x89, 0xa2
.byte 0xa9, 0xa2, 0xa9, 0xa2, 0xaa, 0xa2, 0xa9, 0xa2, 0xa9, 0xa2, 0xa9, 0xa2, 0xa9, 0xa2, 0xa9, 0xa2
.byte 0xa9, 0xa2, 0x89, 0xa2, 0x89, 0xa2, 0xaa, 0xaa, 0xaa, 0xaa, 0x48, 0x92, 0xc6, 0x79, 0xc6, 0x69
.byte 0xca, 0x72, 0x30, 0x94, 0x34, 0xad, 0x95, 0xb5, 0x34, 0xad, 0x71, 0x94, 0xce, 0x83, 0x0b, 0x7b
.byte 0x07, 0x6a, 0xe6, 0x61, 0xe7, 0x49, 0xa5, 0x39, 0x65, 0x31, 0xa5, 0x39, 0x65, 0x39, 0x65, 0x49
.byte 0xe7, 0x71, 0x28, 0x82, 0x68, 0x8a, 0x68, 0x8a, 0x48, 0x8a, 0x47, 0x8a, 0xe6, 0x69, 0x85, 0x49
.byte 0xc6, 0x41, 0xc6, 0x39, 0xa6, 0x39, 0xef, 0x8b, 0x39, 0xde, 0xf7, 0xd5, 0x0c, 0x6b, 0x4a, 0x4a
.byte 0xcf, 0x7b, 0x2d, 0x6b, 0x4f, 0x73, 0xb1, 0x83, 0xec, 0x62, 0x71, 0x9c, 0x9a, 0xde, 0x59, 0xde
.byte 0x18, 0xd6, 0x18, 0xd6, 0x38, 0xde, 0x18, 0xd6, 0xf4, 0xb4, 0x96, 0xc5, 0x38, 0xd6, 0xf8, 0xd5
.byte 0x18, 0xd6, 0x18, 0xd6, 0x18, 0xd6, 0x18, 0xd6, 0x18, 0xd6, 0x18, 0xd6, 0x39, 0xde, 0xf3, 0xb4
.byte 0x69, 0x52, 0x0b, 0x63, 0xf7, 0xcd, 0x7a, 0xde, 0x18, 0xd6, 0x18, 0xd6, 0xf8, 0xd5, 0xf8, 0xd5
.byte 0x59, 0xde, 0x96, 0xc5, 0x0c, 0x6b, 0x79, 0xce, 0xff, 0xff, 0xff, 0xff, 0xff, 0xff, 0xff, 0xff
.byte 0xff, 0xff, 0xff, 0xff, 0xff, 0xff, 0xff, 0xff, 0xff, 0xff, 0x10, 0x8c, 0x85, 0x51, 0xa5, 0x79
.byte 0xa9, 0xa2, 0xca, 0xaa, 0xca, 0xa2, 0xaa, 0xa2, 0x89, 0x9a, 0xa9, 0xa2, 0xaa, 0xa2, 0xa9, 0xa2
.byte 0xa9, 0xa2, 0xa9, 0xa2, 0xa9, 0xa2, 0x89, 0xa2, 0x89, 0xa2, 0xaa, 0xa2, 0xaa, 0xaa, 0x28, 0x92
.byte 0x65, 0x69, 0xa6, 0x51, 0x6d, 0x7b, 0xb6, 0xb5, 0xba, 0xd6, 0xde, 0xf7, 0xff, 0xff, 0xff, 0xff
.byte 0xff, 0xff, 0xff, 0xff, 0xff, 0xff, 0xfb, 0xde, 0xeb, 0x5a, 0x65, 0x29, 0xa6, 0x31, 0x48, 0x4a
.byte 0xca, 0x62, 0x8a, 0x62, 0xa6, 0x41, 0x45, 0x51, 0xc6, 0x69, 0xa6, 0x61, 0xe6, 0x69, 0x27, 0x82
.byte 0x68, 0x8a, 0x07, 0x72, 0xe6, 0x51, 0x27, 0x4a, 0x07, 0x42, 0x08, 0x4a, 0x71, 0x9c, 0x59, 0xe6
.byte 0xf7, 0xd5, 0x8e, 0x7b, 0xcc, 0x62, 0x4f, 0x7b, 0x0e, 0x73, 0x90, 0x83, 0x70, 0x83, 0xcc, 0x62
.byte 0x71, 0x94, 0x79, 0xde, 0x59, 0xde, 0x18, 0xd6, 0x38, 0xd6, 0x18, 0xd6, 0x39, 0xde, 0x18, 0xd6
.byte 0xf4, 0xac, 0x76, 0xc5, 0x39, 0xde, 0x18, 0xd6, 0x18, 0xd6, 0x18, 0xd6, 0x18, 0xd6, 0xf8, 0xd5
.byte 0xf8, 0xd5, 0xf7, 0xd5, 0x18, 0xd6, 0x59, 0xe6, 0xae, 0x83, 0x0f, 0x8c, 0x9a, 0xe6, 0x18, 0xd6
.byte 0x18, 0xd6, 0x18, 0xd6, 0x18, 0xd6, 0xf8, 0xd5, 0x79, 0xe6, 0x34, 0xb5, 0x0b, 0x63, 0xdb, 0xde
.byte 0xff, 0xff, 0xff, 0xff, 0xff, 0xff, 0xff, 0xff, 0xff, 0xff, 0xff, 0xff, 0xff, 0xff, 0xff, 0xff
.byte 0xff, 0xff, 0xf7, 0xc5, 0x70, 0x9c, 0x2c, 0x83, 0x07, 0x72, 0xa5, 0x69, 0xc6, 0x79, 0x68, 0x9a
.byte 0xca, 0xaa, 0xca, 0xaa, 0xaa, 0xa2, 0xaa, 0xa2, 0xaa, 0xa2, 0xaa, 0xa2, 0xaa, 0xa2, 0xca, 0xaa
.byte 0xca, 0xaa, 0x28, 0x92, 0x65, 0x61, 0xa6, 0x51, 0xae, 0x7b, 0x58, 0xc6, 0x5d, 0xe7, 0xff, 0xff
.byte 0xff, 0xff, 0xff, 0xff, 0xff, 0xff, 0xff, 0xff, 0xff, 0xff, 0xff, 0xff, 0xff, 0xff, 0xba, 0xd6
.byte 0x8a, 0x52, 0x85, 0x31, 0x0f, 0x84, 0x79, 0xce, 0x9a, 0xd6, 0x4d, 0x73, 0xa6, 0x69, 0xaa, 0xaa
.byte 0xaa, 0xaa, 0x8a, 0xaa, 0xca, 0xb2, 0xca, 0xaa, 0x27, 0x7a, 0x07, 0x52, 0x27, 0x4a, 0x07, 0x42
.byte 0x0b, 0x6b, 0x34, 0xb5, 0x59, 0xde, 0x79, 0xe6, 0x13, 0xb5, 0xab, 0x62, 0x70, 0x83, 0x90, 0x83
.byte 0x0e, 0x73, 0xac, 0x62, 0xc8, 0x41, 0xa6, 0x39, 0x92, 0x9c, 0x39, 0xde, 0x18, 0xd6, 0x18, 0xd6
.byte 0x18, 0xd6, 0x18, 0xd6, 0x39, 0xde, 0x18, 0xd6, 0xf4, 0xac, 0x35, 0xbd, 0x59, 0xde, 0x18, 0xd6
.byte 0x18, 0xd6, 0x18, 0xd6, 0xf8, 0xd5, 0xf8, 0xd5, 0xf8, 0xd5, 0xf8, 0xd5, 0xf8, 0xd5, 0x76, 0xc5
.byte 0x30, 0x94, 0xb6, 0xc5, 0x59, 0xde, 0xf8, 0xd5, 0xf8, 0xd5, 0xf8, 0xd5, 0xf8, 0xd5, 0xf8, 0xd5
.byte 0x79, 0xe6, 0x14, 0xb5, 0x2c, 0x63, 0x3c, 0xe7, 0xff, 0xff, 0xff, 0xff, 0xff, 0xff, 0xff, 0xff
.byte 0xff, 0xff, 0xff, 0xff, 0xff, 0xff, 0xff, 0xff, 0xff, 0xff, 0xff, 0xff, 0xbe, 0xf7, 0xba, 0xd6
.byte 0xb6, 0xb5, 0x50, 0x8c, 0x4c, 0x7b, 0xe7, 0x61, 0x85, 0x69, 0x07, 0x8a, 0x89, 0xa2, 0xaa, 0xaa
.byte 0xca, 0xaa, 0xca, 0xaa, 0x89, 0xa2, 0x27, 0x92, 0xa5, 0x69, 0xe7, 0x59, 0x8d, 0x7b, 0x58, 0xc6
.byte 0x7d, 0xef, 0xff, 0xff, 0xff, 0xff, 0xff, 0xff, 0xff, 0xff, 0xff, 0xff, 0xff, 0xff, 0xff, 0xff
.byte 0xff, 0xff, 0xff, 0xff, 0x5d, 0xef, 0x2c, 0x63, 0x07, 0x42, 0x54, 0xad, 0xbd, 0xf7, 0xff, 0xff
.byte 0xff, 0xff, 0xaa, 0x7a, 0xca, 0xb2, 0xea, 0xb2, 0xca, 0xb2, 0xca, 0xba, 0x48, 0x8a, 0x85, 0x49
.byte 0xa5, 0x39, 0x85, 0x29, 0xe6, 0x41, 0x50, 0x94, 0x38, 0xd6, 0x79, 0xe6, 0x38, 0xd6, 0x79, 0xde
.byte 0x55, 0xbd, 0xaa, 0x5a, 0xab, 0x62, 0x8b, 0x62, 0x29, 0x52, 0x29, 0x52, 0x6b, 0x5a, 0x4b, 0x5a
.byte 0x6a, 0x52, 0x34, 0xb5, 0x79, 0xe6, 0x18, 0xd6, 0x18, 0xd6, 0x18, 0xd6, 0x38, 0xd6, 0x38, 0xde
.byte 0x75, 0xbd, 0x14, 0xb5, 0x59, 0xde, 0x18, 0xd6, 0x18, 0xd6, 0x18, 0xd6, 0xf8, 0xd5, 0x18, 0xd6
.byte 0xf8, 0xd5, 0x76, 0xc5, 0x55, 0xbd, 0x71, 0x9c, 0x71, 0x94, 0x59, 0xde, 0x18, 0xd6, 0xf8, 0xd5
.byte 0xf8, 0xd5, 0xf8, 0xd5, 0x18, 0xd6, 0xf8, 0xd5, 0x79, 0xe6, 0xf3, 0xac, 0xce, 0x7b, 0x9e, 0xf7
.byte 0xff, 0xff, 0xff, 0xff, 0xff, 0xff, 0xff, 0xff, 0xff, 0xff, 0xff, 0xff, 0xff, 0xff, 0xff, 0xff
.byte 0xff, 0xff, 0xff, 0xff, 0xff, 0xff, 0xff, 0xff, 0xff, 0xff, 0xdf, 0xff, 0x3c, 0xe7, 0xf7, 0xbd
.byte 0x30, 0x94, 0x89, 0x6a, 0xc6, 0x61, 0x85, 0x61, 0x85, 0x61, 0xc6, 0x61, 0x28, 0x6a, 0xeb, 0x7a
.byte 0x71, 0x94, 0x99, 0xd6, 0x7d, 0xef, 0xff, 0xff, 0xff, 0xff, 0xff, 0xff, 0xff, 0xff, 0xff, 0xff
.byte 0xff, 0xff, 0xff, 0xff, 0xff, 0xff, 0xff, 0xff, 0xff, 0xff, 0xff, 0xff, 0xbe, 0xf7, 0x38, 0xc6
.byte 0xfb, 0xde, 0xff, 0xff, 0xff, 0xff, 0xff, 0xff, 0x4c, 0x8b, 0x68, 0xa2, 0xca, 0xb2, 0xea, 0xb2
.byte 0xea, 0xb2, 0x07, 0x7a, 0x65, 0x39, 0x85, 0x29, 0x23, 0x21, 0xa6, 0x31, 0xeb, 0x62, 0x79, 0xde
.byte 0x79, 0xde, 0x38, 0xd6, 0x79, 0xde, 0x50, 0x8c, 0xeb, 0x62, 0x0c, 0x73, 0x29, 0x52, 0xab, 0x62
.byte 0x0e, 0x73, 0x4f, 0x7b, 0xb1, 0x8b, 0x50, 0x7b, 0x29, 0x52, 0x92, 0xa4, 0x7a, 0xe6, 0xf8, 0xd5
.byte 0xf8, 0xd5, 0x18, 0xd6, 0x18, 0xd6, 0xb6, 0xc5, 0xd7, 0xcd, 0x55, 0xc5, 0x18, 0xd6, 0x38, 0xd6
.byte 0x18, 0xd6, 0x18, 0xd6, 0x18, 0xd6, 0x18, 0xd6, 0xd7, 0xcd, 0x34, 0xb5, 0x55, 0xbd, 0x51, 0x94
.byte 0x96, 0xbd, 0x59, 0xde, 0xf8, 0xd5, 0xf8, 0xd5, 0xf8, 0xd5, 0xf8, 0xd5, 0x18, 0xd6, 0xf8, 0xd5
.byte 0x59, 0xde, 0xb2, 0xa4, 0x92, 0x94, 0xbe, 0xf7, 0xff, 0xff, 0xff, 0xff, 0xff, 0xff, 0xff, 0xff
.byte 0xff, 0xff, 0xff, 0xff, 0xff, 0xff, 0xff, 0xff, 0xff, 0xff, 0xff, 0xff, 0xff, 0xff, 0xff, 0xff
.byte 0xff, 0xff, 0xff, 0xff, 0xff, 0xff, 0xff, 0xff, 0xbe, 0xf7, 0xfb, 0xde, 0xd7, 0xbd, 0x34, 0xa5
.byte 0xf3, 0x9c, 0x96, 0xb5, 0xba, 0xd6, 0x3c, 0xe7, 0xde, 0xf7, 0xff, 0xff, 0xff, 0xff, 0xff, 0xff
.byte 0xff, 0xff, 0xff, 0xff, 0xff, 0xff, 0xff, 0xff, 0xff, 0xff, 0xff, 0xff, 0xff, 0xff, 0xff, 0xff
.byte 0xff, 0xff, 0xff, 0xff, 0xff, 0xff, 0xff, 0xff, 0xff, 0xff, 0xff, 0xff, 0xff, 0xff, 0x8d, 0x93
.byte 0x89, 0xa2, 0xca, 0xb2, 0xca, 0xb2, 0xeb, 0xba, 0x28, 0x82, 0x85, 0x39, 0x85, 0x29, 0xa2, 0x18
.byte 0xaa, 0x52, 0xf3, 0x9c, 0x6d, 0x73, 0x18, 0xd6, 0x18, 0xd6, 0x9a, 0xde, 0xf3, 0xa4, 0xe7, 0x41
.byte 0xed, 0x6a, 0xf1, 0x8b, 0xac, 0x62, 0xee, 0x6a, 0x4f, 0x7b, 0x90, 0x83, 0xd1, 0x93, 0x4f, 0x7b
.byte 0x49, 0x52, 0xf3, 0xac, 0x79, 0xe6, 0xf8, 0xd5, 0xf8, 0xd5, 0x18, 0xd6, 0x38, 0xd6, 0x95, 0xbd
.byte 0x55, 0xbd, 0x76, 0xc5, 0x97, 0xcd, 0x38, 0xd6, 0x18, 0xd6, 0x18, 0xd6, 0x18, 0xd6, 0x38, 0xde
.byte 0xb6, 0xcd, 0x96, 0xc5, 0xd7, 0xcd, 0xd3, 0xa4, 0xf8, 0xcd, 0x38, 0xde, 0x18, 0xd6, 0xf8, 0xd5
.byte 0xf8, 0xd5, 0xf8, 0xd5, 0xf8, 0xd5, 0xf8, 0xd5, 0x18, 0xde, 0x30, 0x94, 0x34, 0xa5, 0xff, 0xff
.byte 0xff, 0xff, 0xff, 0xff, 0xff, 0xff, 0xff, 0xff, 0xff, 0xff, 0xff, 0xff, 0xff, 0xff, 0xff, 0xff
.byte 0xff, 0xff, 0xff, 0xff, 0xff, 0xff, 0xff, 0xff, 0xff, 0xff, 0xff, 0xff, 0xff, 0xff, 0xff, 0xff
.byte 0xff, 0xff, 0xff, 0xff, 0xff, 0xff, 0xff, 0xff, 0xff, 0xff, 0xff, 0xff, 0xff, 0xff, 0xff, 0xff
.byte 0xff, 0xff, 0xff, 0xff, 0xff, 0xff, 0xff, 0xff, 0xff, 0xff, 0xff, 0xff, 0xff, 0xff, 0xff, 0xff
.byte 0xff, 0xff, 0xff, 0xff, 0xff, 0xff, 0xff, 0xff, 0xff, 0xff, 0xff, 0xff, 0xff, 0xff, 0xff, 0xff
.byte 0xff, 0xff, 0xba, 0xde, 0x8d, 0x9b, 0x2b, 0xb3, 0x2c, 0xbb, 0xca, 0xb2, 0xa9, 0xaa, 0x28, 0x8a
.byte 0xa6, 0x41, 0xc6, 0x31, 0xc2, 0x18, 0x07, 0x42, 0xba, 0xd6, 0x5d, 0xef, 0xae, 0x7b, 0xf7, 0xd5
.byte 0x59, 0xde, 0x95, 0xbd, 0xec, 0x62, 0x4a, 0x52, 0xed, 0x6a, 0xed, 0x6a, 0xe8, 0x41, 0x29, 0x4a
.byte 0x4a, 0x5a, 0x8b, 0x62, 0xac, 0x62, 0x4a, 0x5a, 0x6a, 0x5a, 0x96, 0xbd, 0x79, 0xe6, 0xf8, 0xd5
.byte 0x18, 0xd6, 0x18, 0xd6, 0x18, 0xd6, 0x18, 0xd6, 0x56, 0xc5, 0xf4, 0xb4, 0xd3, 0xb4, 0xf7, 0xd5
.byte 0x59, 0xde, 0x18, 0xd6, 0x18, 0xd6, 0x38, 0xd6, 0xb7, 0xcd, 0x18, 0xce, 0xf7, 0xcd, 0xd3, 0xa4
.byte 0xf8, 0xcd, 0x39, 0xde, 0x18, 0xd6, 0x18, 0xd6, 0xf8, 0xd5, 0xf8, 0xd5, 0xf8, 0xd5, 0x18, 0xd6
.byte 0xf7, 0xd5, 0x8d, 0x7b, 0x54, 0xad, 0xff, 0xff, 0xff, 0xff, 0xff, 0xff, 0xff, 0xff, 0xff, 0xff
.byte 0xff, 0xff, 0xff, 0xff, 0xff, 0xff, 0xff, 0xff, 0xff, 0xff, 0xff, 0xff, 0xff, 0xff, 0xff, 0xff
.byte 0xff, 0xff, 0xff, 0xff, 0xff, 0xff, 0xff, 0xff, 0xff, 0xff, 0xff, 0xff, 0xff, 0xff, 0xff, 0xff
.byte 0xff, 0xff, 0xff, 0xff, 0xff, 0xff, 0xff, 0xff, 0xff, 0xff, 0xff, 0xff, 0xff, 0xff, 0xff, 0xff
.byte 0xff, 0xff, 0xff, 0xff, 0xff, 0xff, 0xff, 0xff, 0xff, 0xff, 0xff, 0xff, 0xff, 0xff, 0xbe, 0xf7
.byte 0x7d, 0xef, 0x5d, 0xef, 0x1c, 0xe7, 0x1c, 0xe7, 0xae, 0x8b, 0x89, 0x92, 0x2b, 0xb3, 0x2b, 0xb3
.byte 0xaa, 0xa2, 0xa9, 0xa2, 0xa9, 0xaa, 0x27, 0x72, 0x85, 0x29, 0xe3, 0x18, 0x48, 0x4a, 0x79, 0xce
.byte 0xff, 0xff, 0x9e, 0xf7, 0x6d, 0x73, 0x18, 0xde, 0x18, 0xd6, 0xef, 0x83, 0x4a, 0x5a, 0x29, 0x52
.byte 0x69, 0x52, 0x49, 0x52, 0xef, 0x83, 0x72, 0x9c, 0x4d, 0x73, 0x8a, 0x5a, 0x49, 0x52, 0x28, 0x4a
.byte 0xcf, 0x83, 0x38, 0xd6, 0x39, 0xde, 0x18, 0xd6, 0x18, 0xd6, 0x18, 0xd6, 0x18, 0xd6, 0x18, 0xd6
.byte 0x18, 0xd6, 0x55, 0xc5, 0xef, 0x93, 0x91, 0xa4, 0x38, 0xde, 0x38, 0xd6, 0x18, 0xd6, 0x18, 0xd6
.byte 0xd7, 0xcd, 0x38, 0xd6, 0xf7, 0xcd, 0xb2, 0x9c, 0xd7, 0xcd, 0x39, 0xde, 0x18, 0xd6, 0x18, 0xd6
.byte 0x18, 0xd6, 0xf8, 0xd5, 0xf8, 0xd5, 0x39, 0xde, 0x96, 0xcd, 0xeb, 0x6a, 0xd6, 0xbd, 0xff, 0xff
.byte 0xff, 0xff, 0xff, 0xff, 0xff, 0xff, 0xff, 0xff, 0xff, 0xff, 0xff, 0xff, 0xff, 0xff, 0xff, 0xff
.byte 0xff, 0xff, 0xff, 0xff, 0xff, 0xff, 0xff, 0xff, 0xff, 0xff, 0xff, 0xff, 0xff, 0xff, 0xff, 0xff
.byte 0xff, 0xff, 0xff, 0xff, 0xff, 0xff, 0xff, 0xff, 0xff, 0xff, 0xff, 0xff, 0xff, 0xff, 0xff, 0xff
.byte 0xff, 0xff, 0xff, 0xff, 0xff, 0xff, 0xff, 0xff, 0xff, 0xff, 0xff, 0xff, 0xff, 0xff, 0x9e, 0xf7
.byte 0xba, 0xde, 0x9a, 0xde, 0xd7, 0xcd, 0x30, 0x9c, 0x2c, 0x83, 0xca, 0x72, 0xc6, 0x61, 0xa6, 0x71
.byte 0x28, 0x8a, 0x69, 0xa2, 0x89, 0xa2, 0x89, 0xa2, 0xca, 0xaa, 0x2b, 0xb3, 0x6c, 0xc3, 0x07, 0x72
.byte 0xa2, 0x10, 0xcb, 0x62, 0xba, 0xd6, 0xff, 0xff, 0xff, 0xff, 0x1c, 0xe7, 0x8e, 0x7b, 0x39, 0xde
.byte 0x34, 0xb5, 0x8b, 0x5a, 0xa8, 0x41, 0xe8, 0x49, 0x51, 0x9c, 0x31, 0x94, 0x18, 0xd6, 0xba, 0xe6
.byte 0x59, 0xde, 0x18, 0xd6, 0xf7, 0xcd, 0x18, 0xd6, 0x59, 0xde, 0x38, 0xde, 0x18, 0xd6, 0x18, 0xd6
.byte 0x18, 0xd6, 0xf8, 0xd5, 0x18, 0xd6, 0x18, 0xd6, 0x18, 0xd6, 0xd7, 0xd5, 0xd3, 0xb4, 0x4d, 0x7b
.byte 0x51, 0x9c, 0xf8, 0xd5, 0x38, 0xde, 0x18, 0xd6, 0x18, 0xd6, 0x39, 0xde, 0xd7, 0xcd, 0xd3, 0xa4
.byte 0xd7, 0xcd, 0x59, 0xde, 0x18, 0xd6, 0x18, 0xd6, 0x18, 0xd6, 0x18, 0xd6, 0xf8, 0xd5, 0x39, 0xde
.byte 0x55, 0xbd, 0xca, 0x62, 0xb9, 0xd6, 0xff, 0xff, 0xff, 0xff, 0xff, 0xff, 0xff, 0xff, 0xff, 0xff
.byte 0xff, 0xff, 0xff, 0xff, 0xff, 0xff, 0xff, 0xff, 0xff, 0xff, 0xff, 0xff, 0xff, 0xff, 0xff, 0xff
.byte 0xff, 0xff, 0xff, 0xff, 0xff, 0xff, 0xff, 0xff, 0xff, 0xff, 0xff, 0xff, 0xff, 0xff, 0xff, 0xff
.byte 0xff, 0xff, 0xff, 0xff, 0xff, 0xff, 0xff, 0xff, 0xff, 0xff, 0xff, 0xff, 0xff, 0xff, 0xff, 0xff
.byte 0xff, 0xff, 0x9a, 0xd6, 0x17, 0xd6, 0x91, 0xb4, 0x08, 0x7a, 0x07, 0x82, 0x28, 0x92, 0x49, 0x9a
.byte 0x69, 0xa2, 0xaa, 0xaa, 0xca, 0xb2, 0xaa, 0xaa, 0x89, 0xa2, 0x8a, 0xaa, 0xaa, 0xaa, 0xca, 0xb2
.byte 0x0b, 0xbb, 0x0b, 0xbb, 0x89, 0xa2, 0xe6, 0x61, 0x0f, 0x84, 0x7d, 0xef, 0xff, 0xff, 0xff, 0xff
.byte 0xff, 0xff, 0xf7, 0xbd, 0x30, 0x94, 0x9a, 0xee, 0xef, 0x8b, 0xa7, 0x41, 0x87, 0x39, 0xcc, 0x6a
.byte 0x31, 0x94, 0xf0, 0x93, 0xd7, 0xcd, 0x39, 0xde, 0x39, 0xde, 0x39, 0xde, 0x59, 0xde, 0x59, 0xde
.byte 0x59, 0xde, 0x38, 0xd6, 0x18, 0xd6, 0x18, 0xd6, 0xf8, 0xd5, 0xf8, 0xd5, 0xf8, 0xd5, 0xf8, 0xd5
.byte 0x18, 0xd6, 0xd7, 0xd5, 0x76, 0xcd, 0x72, 0xac, 0x08, 0x4a, 0xcf, 0x8b, 0xf8, 0xd5, 0xf8, 0xd5
.byte 0xf8, 0xd5, 0x18, 0xd6, 0x18, 0xd6, 0xd7, 0xc5, 0x18, 0xd6, 0x38, 0xde, 0x18, 0xd6, 0xf8, 0xd5
.byte 0x18, 0xd6, 0x18, 0xd6, 0xf8, 0xd5, 0x59, 0xde, 0xb2, 0xac, 0x4c, 0x6b, 0x1b, 0xdf, 0xff, 0xff
.byte 0xff, 0xff, 0xff, 0xff, 0xff, 0xff, 0xff, 0xff, 0xff, 0xff, 0xff, 0xff, 0xff, 0xff, 0xff, 0xff
.byte 0xff, 0xff, 0xff, 0xff, 0xff, 0xff, 0xff, 0xff, 0xff, 0xff, 0xff, 0xff, 0xff, 0xff, 0xff, 0xff
.byte 0xff, 0xff, 0xff, 0xff, 0xff, 0xff, 0xff, 0xff, 0xff, 0xff, 0xff, 0xff, 0xff, 0xff, 0xff, 0xff
.byte 0xff, 0xff, 0xff, 0xff, 0xff, 0xff, 0x7d, 0xf7, 0xd3, 0xb4, 0x89, 0x8a, 0xa9, 0xa2, 0x0b, 0xbb
.byte 0x0b, 0xbb, 0xeb, 0xba, 0xaa, 0xb2, 0xaa, 0xb2, 0xaa, 0xb2, 0xaa, 0xb2, 0xca, 0xb2, 0xaa, 0xb2
.byte 0xaa, 0xb2, 0xaa, 0xb2, 0xca, 0xba, 0x8a, 0xb2, 0x28, 0x9a, 0xe6, 0x79, 0xaa, 0x72, 0x34, 0xad
.byte 0xff, 0xff, 0xff, 0xff, 0xff, 0xff, 0xff, 0xff, 0xff, 0xff, 0x96, 0xb5, 0xcf, 0x83, 0xb6, 0xc5
.byte 0x8a, 0x52, 0xc8, 0x41, 0x29, 0x52, 0x8e, 0x83, 0xf0, 0x93, 0xcf, 0x8b, 0xb7, 0xcd, 0x18, 0xde
.byte 0x18, 0xd6, 0x18, 0xd6, 0x38, 0xd6, 0x38, 0xd6, 0x38, 0xd6, 0x38, 0xd6, 0x18, 0xd6, 0x18, 0xd6
.byte 0x18, 0xd6, 0x18, 0xd6, 0x18, 0xd6, 0x18, 0xd6, 0x18, 0xd6, 0xd7, 0xd5, 0x76, 0xcd, 0x76, 0xcd
.byte 0x69, 0x52, 0xa6, 0x39, 0xcf, 0x8b, 0x56, 0xcd, 0xd8, 0xd5, 0x18, 0xd6, 0x18, 0xd6, 0x59, 0xde
.byte 0x39, 0xd6, 0x18, 0xd6, 0x18, 0xd6, 0x18, 0xd6, 0x18, 0xd6, 0x18, 0xd6, 0x38, 0xde, 0x18, 0xde
.byte 0xef, 0x8b, 0xb2, 0x94, 0xde, 0xff, 0xff, 0xff, 0xff, 0xff, 0xff, 0xff, 0xff, 0xff, 0xff, 0xff
.byte 0xff, 0xff, 0xff, 0xff, 0xff, 0xff, 0xff, 0xff, 0xff, 0xff, 0xff, 0xff, 0xff, 0xff, 0xff, 0xff
.byte 0xff, 0xff, 0xff, 0xff, 0xff, 0xff, 0xff, 0xff, 0xff, 0xff, 0xff, 0xff, 0xff, 0xff, 0xff, 0xff
.byte 0xff, 0xff, 0xff, 0xff, 0xff, 0xff, 0xff, 0xff, 0xff, 0xff, 0xff, 0xff, 0xfb, 0xde, 0xcb, 0x7a
.byte 0xc7, 0x91, 0xea, 0xc2, 0x0b, 0xc3, 0xea, 0xb2, 0xea, 0xb2, 0xca, 0xb2, 0xca, 0xb2, 0xca, 0xb2
.byte 0xca, 0xb2, 0xaa, 0xaa, 0xca, 0xb2, 0xeb, 0xba, 0xca, 0xba, 0x48, 0xaa, 0xe7, 0x89, 0x85, 0x69
.byte 0x28, 0x62, 0x91, 0x9c, 0xba, 0xd6, 0xff, 0xff, 0xff, 0xff, 0xff, 0xff, 0xff, 0xff, 0xff, 0xff
.byte 0xff, 0xff, 0x7d, 0xf7, 0x49, 0x4a, 0xe7, 0x41, 0xa7, 0x39, 0x6b, 0x52, 0xed, 0x6a, 0x92, 0xa4
.byte 0x72, 0xa4, 0xef, 0x8b, 0xd7, 0xcd, 0x18, 0xd6, 0xf8, 0xd5, 0xf8, 0xd5, 0x18, 0xd6, 0x18, 0xd6
.byte 0x18, 0xd6, 0x18, 0xd6, 0x18, 0xd6, 0x18, 0xd6, 0x18, 0xd6, 0x18, 0xd6, 0x18, 0xd6, 0x18, 0xd6
.byte 0x79, 0xe6, 0x7a, 0xe6, 0x96, 0xcd, 0x10, 0x9c, 0x2c, 0x73, 0x34, 0xa5, 0x8d, 0x73, 0xec, 0x72
.byte 0x35, 0xbd, 0xf8, 0xd5, 0xb7, 0xcd, 0xd7, 0xcd, 0x18, 0xd6, 0x18, 0xd6, 0x18, 0xd6, 0xf8, 0xd5
.byte 0xf8, 0xd5, 0x18, 0xd6, 0x59, 0xde, 0x96, 0xc5, 0x0c, 0x73, 0x79, 0xce, 0xff, 0xff, 0xff, 0xff
.byte 0xff, 0xff, 0xff, 0xff, 0xff, 0xff, 0xff, 0xff, 0xff, 0xff, 0xff, 0xff, 0xff, 0xff, 0xff, 0xff
.byte 0xff, 0xff, 0xff, 0xff, 0xff, 0xff, 0xff, 0xff, 0xff, 0xff, 0xff, 0xff, 0xff, 0xff, 0xff, 0xff
.byte 0xff, 0xff, 0xff, 0xff, 0xff, 0xff, 0xff, 0xff, 0xff, 0xff, 0xff, 0xff, 0xff, 0xff, 0xff, 0xff
.byte 0xff, 0xff, 0xff, 0xff, 0x58, 0xce, 0xeb, 0x72, 0x07, 0x6a, 0x65, 0x69, 0x27, 0x9a, 0x0a, 0xbb
.byte 0xeb, 0xba, 0xea, 0xb2, 0xea, 0xb2, 0xea, 0xb2, 0xeb, 0xb2, 0xeb, 0xba, 0x89, 0xaa, 0xe7, 0x89
.byte 0x85, 0x71, 0xe7, 0x69, 0x2c, 0x7b, 0xf3, 0xa4, 0xf7, 0xb5, 0xff, 0xff, 0xff, 0xff, 0xff, 0xff
.byte 0xff, 0xff, 0xff, 0xff, 0xff, 0xff, 0xff, 0xff, 0xff, 0xff, 0x38, 0xc6, 0x4a, 0x42, 0x25, 0x21
.byte 0xc7, 0x41, 0x0e, 0x73, 0xec, 0x6a, 0x50, 0x9c, 0x71, 0x9c, 0xd3, 0xa4, 0x79, 0xe6, 0x59, 0xde
.byte 0x38, 0xde, 0x18, 0xd6, 0x18, 0xd6, 0x18, 0xd6, 0x18, 0xd6, 0x18, 0xd6, 0x38, 0xde, 0x59, 0xde
.byte 0x59, 0xde, 0x7a, 0xe6, 0x9a, 0xe6, 0x59, 0xde, 0xb6, 0xc5, 0x51, 0x9c, 0xcb, 0x62, 0x46, 0x29
.byte 0xcb, 0x5a, 0xbe, 0xf7, 0x3c, 0xe7, 0xce, 0x7b, 0x0b, 0x6b, 0x72, 0xac, 0x97, 0xd5, 0x56, 0xc5
.byte 0x96, 0xcd, 0x18, 0xd6, 0x18, 0xd6, 0x18, 0xd6, 0x18, 0xd6, 0x18, 0xd6, 0x18, 0xd6, 0x11, 0x9c
.byte 0xae, 0x7b, 0xbe, 0xf7, 0xff, 0xff, 0xff, 0xff, 0xff, 0xff, 0xff, 0xff, 0xff, 0xff, 0xff, 0xff
.byte 0xff, 0xff, 0xff, 0xff, 0xff, 0xff, 0xff, 0xff, 0xff, 0xff, 0xff, 0xff, 0xff, 0xff, 0xff, 0xff
.byte 0xff, 0xff, 0xff, 0xff, 0xff, 0xff, 0xff, 0xff, 0xff, 0xff, 0xff, 0xff, 0xff, 0xff, 0xff, 0xff
.byte 0xff, 0xff, 0xff, 0xff, 0xff, 0xff, 0xff, 0xff, 0xff, 0xff, 0xff, 0xff, 0xdf, 0xff, 0xfb, 0xde
.byte 0xd7, 0xb5, 0x50, 0x8c, 0x89, 0x6a, 0xc6, 0x79, 0xaa, 0xb2, 0xea, 0xb2, 0xea, 0xb2, 0x2b, 0xbb
.byte 0xca, 0xaa, 0xe6, 0x79, 0xe7, 0x61, 0x4c, 0x7b, 0xf2, 0x9c, 0xd6, 0xb5, 0xfb, 0xde, 0xff, 0xff
.byte 0xff, 0xff, 0xff, 0xff, 0xff, 0xff, 0xff, 0xff, 0xff, 0xff, 0xff, 0xff, 0xff, 0xff, 0xff, 0xff
.byte 0xd4, 0x94, 0xb0, 0x6b, 0xac, 0x4a, 0x6a, 0x52, 0x6b, 0x5a, 0xb0, 0x8b, 0x29, 0x4a, 0xc7, 0x31
.byte 0xe8, 0x41, 0x8e, 0x7b, 0x14, 0xad, 0x75, 0xbd, 0xd7, 0xcd, 0xf7, 0xd5, 0x18, 0xd6, 0x38, 0xde
.byte 0x38, 0xde, 0x38, 0xde, 0x38, 0xd6, 0x18, 0xd6, 0xd7, 0xc5, 0x34, 0xb5, 0x51, 0x94, 0x6e, 0x73
.byte 0x8a, 0x4a, 0xc8, 0x31, 0x67, 0x21, 0x2a, 0x32, 0x2a, 0x3a, 0xb2, 0x94, 0xff, 0xff, 0xbe, 0xf7
.byte 0x34, 0xa5, 0xeb, 0x62, 0x8e, 0x83, 0xf4, 0xbc, 0x76, 0xcd, 0x97, 0xcd, 0xd7, 0xcd, 0xd7, 0xcd
.byte 0xf8, 0xd5, 0x18, 0xde, 0xd4, 0xb4, 0x69, 0x5a, 0x38, 0xc6, 0xff, 0xff, 0xff, 0xff, 0xff, 0xff
.byte 0xff, 0xff, 0xff, 0xff, 0xff, 0xff, 0xff, 0xff, 0xff, 0xff, 0xff, 0xff, 0xff, 0xff, 0xff, 0xff
.byte 0xff, 0xff, 0xff, 0xff, 0xff, 0xff, 0xff, 0xff, 0xff, 0xff, 0xff, 0xff, 0xff, 0xff, 0xff, 0xff
.byte 0xff, 0xff, 0xff, 0xff, 0xff, 0xff, 0xff, 0xff, 0xff, 0xff, 0xff, 0xff, 0xff, 0xff, 0xff, 0xff
.byte 0xff, 0xff, 0xff, 0xff, 0xff, 0xff, 0xff, 0xff, 0xff, 0xff, 0xff, 0xff, 0xba, 0xd6, 0x8d, 0x7b
.byte 0xe7, 0x71, 0x89, 0xaa, 0x0b, 0xbb, 0x68, 0x92, 0x07, 0x62, 0x30, 0x8c, 0x38, 0xc6, 0x3c, 0xe7
.byte 0xff, 0xff, 0xff, 0xff, 0xff, 0xff, 0xff, 0xff, 0xff, 0xff, 0xff, 0xff, 0xff, 0xff, 0xff, 0xff
.byte 0xff, 0xff, 0xff, 0xff, 0xf3, 0x9c, 0xb0, 0x6b, 0x70, 0x5b, 0x2e, 0x5b, 0xcc, 0x5a, 0x6a, 0x52
.byte 0x0e, 0x73, 0x90, 0x83, 0xe8, 0x41, 0x6b, 0x3a, 0xed, 0x4a, 0x4a, 0x3a, 0x09, 0x3a, 0x6a, 0x42
.byte 0x8a, 0x52, 0xab, 0x52, 0xcb, 0x5a, 0xcb, 0x5a, 0xeb, 0x62, 0x0c, 0x63, 0x0c, 0x63, 0xeb, 0x62
.byte 0x69, 0x5a, 0x6a, 0x4a, 0xac, 0x4a, 0x6b, 0x42, 0x8c, 0x42, 0x2e, 0x53, 0x8c, 0x42, 0xac, 0x4a
.byte 0x6c, 0x42, 0xc8, 0x31, 0xf7, 0xbd, 0xff, 0xff, 0xff, 0xff, 0x79, 0xce, 0x30, 0x8c, 0xeb, 0x6a
.byte 0x8e, 0x83, 0xb3, 0xac, 0x56, 0xc5, 0xb7, 0xcd, 0x76, 0xc5, 0x31, 0x9c, 0x28, 0x52, 0xf3, 0x9c
.byte 0xdf, 0xff, 0xff, 0xff, 0xff, 0xff, 0xff, 0xff, 0xff, 0xff, 0xff, 0xff, 0xff, 0xff, 0xff, 0xff
.byte 0xff, 0xff, 0xff, 0xff, 0xff, 0xff, 0xff, 0xff, 0xff, 0xff, 0xff, 0xff, 0xff, 0xff, 0xff, 0xff
.byte 0xff, 0xff, 0xff, 0xff, 0xff, 0xff, 0xff, 0xff, 0xff, 0xff, 0xff, 0xff, 0xff, 0xff, 0xff, 0xff
.byte 0xff, 0xff, 0xff, 0xff, 0xff, 0xff, 0xff, 0xff, 0xff, 0xff, 0xff, 0xff, 0xff, 0xff, 0xff, 0xff
.byte 0xff, 0xff, 0xff, 0xff, 0xff, 0xff, 0x9d, 0xef, 0x0f, 0x8c, 0x07, 0x72, 0x85, 0x71, 0x89, 0x6a
.byte 0x38, 0xc6, 0xbe, 0xf7, 0xff, 0xff, 0xff, 0xff, 0xff, 0xff, 0xff, 0xff, 0xff, 0xff, 0xff, 0xff
.byte 0xff, 0xff, 0xff, 0xff, 0xff, 0xff, 0xff, 0xff, 0x9a, 0xd6, 0x6e, 0x6b, 0xcd, 0x4a, 0x90, 0x5b
.byte 0xed, 0x52, 0x8b, 0x52, 0xed, 0x6a, 0xc8, 0x41, 0xb1, 0x8b, 0x2e, 0x73, 0x09, 0x3a, 0x6f, 0x5b
.byte 0xd1, 0x6b, 0x8c, 0x3a, 0xcd, 0x42, 0x4e, 0x53, 0xed, 0x4a, 0x0a, 0x32, 0x09, 0x32, 0x4a, 0x3a
.byte 0x09, 0x32, 0x8c, 0x42, 0xac, 0x4a, 0xe7, 0x49, 0x84, 0x41, 0xcc, 0x4a, 0xf1, 0x6b, 0x6f, 0x5b
.byte 0xee, 0x52, 0xb0, 0x63, 0x0e, 0x53, 0x6b, 0x42, 0x0e, 0x53, 0x09, 0x3a, 0xcb, 0x5a, 0x7d, 0xef
.byte 0xff, 0xff, 0xff, 0xff, 0x9e, 0xf7, 0x38, 0xc6, 0x71, 0x94, 0x0b, 0x6b, 0xec, 0x6a, 0x2c, 0x73
.byte 0x0b, 0x6b, 0x0b, 0x6b, 0x54, 0xad, 0xdf, 0xff, 0xff, 0xff, 0xff, 0xff, 0xff, 0xff, 0xff, 0xff
.byte 0xff, 0xff, 0xff, 0xff, 0xff, 0xff, 0xff, 0xff, 0xff, 0xff, 0xff, 0xff, 0xff, 0xff, 0xff, 0xff
.byte 0xff, 0xff, 0xff, 0xff, 0xff, 0xff, 0xff, 0xff, 0xff, 0xff, 0xff, 0xff, 0xff, 0xff, 0xff, 0xff
.byte 0xff, 0xff, 0xff, 0xff, 0xff, 0xff, 0xff, 0xff, 0xff, 0xff, 0xff, 0xff, 0xff, 0xff, 0xff, 0xff
.byte 0xff, 0xff, 0xff, 0xff, 0xff, 0xff, 0xff, 0xff, 0xff, 0xff, 0xff, 0xff, 0xff, 0xff, 0xff, 0xff
.byte 0xbe, 0xf7, 0x50, 0x94, 0x8d, 0x7b, 0x79, 0xce, 0xff, 0xff, 0xff, 0xff, 0xff, 0xff, 0xff, 0xff
.byte 0xff, 0xff, 0xff, 0xff, 0xff, 0xff, 0xff, 0xff, 0xff, 0xff, 0xff, 0xff, 0xff, 0xff, 0x55, 0xad
.byte 0x4a, 0x42, 0x0e, 0x53, 0x70, 0x5b, 0x8b, 0x42, 0x29, 0x4a, 0x2e, 0x73, 0x87, 0x39, 0x29, 0x52
.byte 0xf2, 0x93, 0xcc, 0x62, 0x6a, 0x42, 0xd0, 0x63, 0x0e, 0x53, 0x6c, 0x3a, 0x90, 0x5b, 0xf1, 0x6b
.byte 0x6f, 0x5b, 0xac, 0x42, 0x2e, 0x53, 0x2f, 0x53, 0xcd, 0x4a, 0x6f, 0x5b, 0x2e, 0x5b, 0x07, 0x4a
.byte 0x84, 0x39, 0xcc, 0x4a, 0xf1, 0x73, 0x6f, 0x5b, 0xac, 0x4a, 0x2e, 0x5b, 0x6f, 0x5b, 0x8c, 0x42
.byte 0x0e, 0x53, 0x4f, 0x5b, 0xc7, 0x31, 0x33, 0xa5, 0xff, 0xff, 0xff, 0xff, 0xff, 0xff, 0xff, 0xff
.byte 0xbe, 0xf7, 0xfb, 0xde, 0x38, 0xc6, 0xd6, 0xbd, 0x17, 0xc6, 0xfb, 0xde, 0xff, 0xff, 0xff, 0xff
.byte 0xff, 0xff, 0xff, 0xff, 0xff, 0xff, 0xff, 0xff, 0xff, 0xff, 0xff, 0xff, 0xff, 0xff, 0xff, 0xff
.byte 0xff, 0xff, 0xff, 0xff, 0xff, 0xff, 0xff, 0xff, 0xff, 0xff, 0xff, 0xff, 0xff, 0xff, 0xff, 0xff
.byte 0xff, 0xff, 0xff, 0xff, 0xff, 0xff, 0xff, 0xff, 0xff, 0xff, 0xff, 0xff, 0xff, 0xff, 0xff, 0xff
.byte 0xff, 0xff, 0xff, 0xff, 0xff, 0xff, 0xff, 0xff, 0xff, 0xff, 0xff, 0xff, 0xff, 0xff, 0xff, 0xff
.byte 0xff, 0xff, 0xff, 0xff, 0xff, 0xff, 0xff, 0xff, 0xff, 0xff, 0xdf, 0xff, 0x9d, 0xf7, 0xdf, 0xff
.byte 0xff, 0xff, 0xff, 0xff, 0xff, 0xff, 0xff, 0xff, 0xff, 0xff, 0xff, 0xff, 0xff, 0xff, 0xff, 0xff
.byte 0xff, 0xff, 0xff, 0xff, 0xd7, 0xb5, 0x8c, 0x42, 0x4f, 0x53, 0xed, 0x4a, 0x29, 0x3a, 0x4a, 0x52
.byte 0x4f, 0x7b, 0x2a, 0x4a, 0xe3, 0x18, 0x2e, 0x73, 0xb0, 0x83, 0x6a, 0x52, 0xec, 0x4a, 0xf1, 0x6b
.byte 0xac, 0x42, 0xed, 0x4a, 0xb0, 0x63, 0xb0, 0x63, 0x0e, 0x53, 0xcd, 0x4a, 0xb0, 0x63, 0x2f, 0x5b
.byte 0xed, 0x4a, 0x6f, 0x5b, 0xab, 0x4a, 0xe9, 0x5a, 0xe8, 0x5a, 0x89, 0x4a, 0x6f, 0x63, 0x6f, 0x5b
.byte 0x8c, 0x42, 0xed, 0x4a, 0x8f, 0x63, 0xcd, 0x4a, 0xcd, 0x4a, 0x90, 0x63, 0xab, 0x42, 0xca, 0x52
.byte 0x9e, 0xf7, 0xff, 0xff, 0xff, 0xff, 0xff, 0xff, 0xff, 0xff, 0xff, 0xff, 0xff, 0xff, 0xff, 0xff
.byte 0xff, 0xff, 0xff, 0xff, 0xff, 0xff, 0xff, 0xff, 0xff, 0xff, 0xff, 0xff, 0xff, 0xff, 0xff, 0xff
.byte 0xff, 0xff, 0xff, 0xff, 0xff, 0xff, 0xff, 0xff, 0xff, 0xff, 0xff, 0xff, 0xff, 0xff, 0xff, 0xff
.byte 0xff, 0xff, 0xff, 0xff, 0xff, 0xff, 0xff, 0xff, 0xff, 0xff, 0xff, 0xff, 0xff, 0xff, 0xff, 0xff
.byte 0xff, 0xff, 0xff, 0xff, 0xff, 0xff, 0xff, 0xff, 0xff, 0xff, 0xff, 0xff, 0xff, 0xff, 0xff, 0xff
.byte 0xff, 0xff, 0xff, 0xff, 0xff, 0xff, 0xff, 0xff, 0xff, 0xff, 0xff, 0xff, 0xff, 0xff, 0xff, 0xff
.byte 0xff, 0xff, 0xff, 0xff, 0xff, 0xff, 0xff, 0xff, 0xff, 0xff, 0xff, 0xff, 0xff, 0xff, 0xff, 0xff
.byte 0xff, 0xff, 0xff, 0xff, 0xff, 0xff, 0xff, 0xff, 0x3d, 0xe7, 0x76, 0xa5, 0xed, 0x4a, 0x2e, 0x53
.byte 0x6b, 0x42, 0x09, 0x42, 0xac, 0x62, 0x4f, 0x7b, 0x6c, 0x5a, 0xa7, 0x29, 0xa7, 0x39, 0x90, 0x83
.byte 0x4f, 0x7b, 0x4a, 0x4a, 0x6e, 0x5b, 0x4e, 0x5b, 0xac, 0x42, 0x90, 0x63, 0xd0, 0x6b, 0xb0, 0x63
.byte 0xcd, 0x4a, 0x2e, 0x53, 0xb0, 0x63, 0xed, 0x52, 0x0e, 0x53, 0x90, 0x5b, 0xed, 0x52, 0xc9, 0x5a
.byte 0xc8, 0x5a, 0x8a, 0x42, 0x6f, 0x5b, 0x6f, 0x63, 0xac, 0x42, 0xac, 0x4a, 0x8f, 0x63, 0x0e, 0x53
.byte 0xcd, 0x4a, 0x6f, 0x5b, 0x6f, 0x5b, 0x29, 0x42, 0xb6, 0xb5, 0xff, 0xff, 0xff, 0xff, 0xff, 0xff
.byte 0xff, 0xff, 0xff, 0xff, 0xff, 0xff, 0xff, 0xff, 0xff, 0xff, 0xff, 0xff, 0xff, 0xff, 0xff, 0xff
.byte 0xff, 0xff, 0xff, 0xff, 0xff, 0xff, 0xff, 0xff, 0xff, 0xff, 0xff, 0xff, 0xff, 0xff, 0xff, 0xff
.byte 0xff, 0xff, 0xff, 0xff, 0xff, 0xff, 0xff, 0xff, 0xff, 0xff, 0xff, 0xff, 0xff, 0xff, 0xff, 0xff
.byte 0xff, 0xff, 0xff, 0xff, 0xff, 0xff, 0xff, 0xff, 0xff, 0xff, 0xff, 0xff, 0xff, 0xff, 0xff, 0xff
.byte 0xff, 0xff, 0xff, 0xff, 0xff, 0xff, 0xff, 0xff, 0xff, 0xff, 0xff, 0xff, 0xff, 0xff, 0xff, 0xff
.byte 0xff, 0xff, 0xff, 0xff, 0xff, 0xff, 0xff, 0xff, 0xff, 0xff, 0xff, 0xff, 0xff, 0xff, 0xff, 0xff
.byte 0xff, 0xff, 0xff, 0xff, 0xff, 0xff, 0xff, 0xff, 0xff, 0xff, 0xff, 0xff, 0x9e, 0xf7, 0xf8, 0xbd
.byte 0x0d, 0x63, 0x8b, 0x4a, 0xac, 0x52, 0xac, 0x5a, 0xed, 0x6a, 0x4f, 0x7b, 0x0e, 0x73, 0x4a, 0x52
.byte 0x8b, 0x42, 0x29, 0x3a, 0x6b, 0x5a, 0x91, 0x83, 0xed, 0x6a, 0x6a, 0x42, 0x6f, 0x5b, 0x8c, 0x42
.byte 0x2e, 0x53, 0xd0, 0x6b, 0xd0, 0x63, 0x6f, 0x5b, 0xcd, 0x4a, 0x90, 0x63, 0x6f, 0x63, 0xcd, 0x4a
.byte 0x2e, 0x53, 0xb0, 0x63, 0x6f, 0x5b, 0x08, 0x52, 0xa5, 0x51, 0x4a, 0x42, 0x90, 0x5b, 0x8f, 0x63
.byte 0xcd, 0x4a, 0xac, 0x4a, 0x8f, 0x63, 0x4f, 0x5b, 0xcd, 0x4a, 0x2f, 0x53, 0xb0, 0x63, 0xcc, 0x4a
.byte 0x2c, 0x63, 0xbe, 0xf7, 0xff, 0xff, 0xff, 0xff, 0xff, 0xff, 0xff, 0xff, 0xff, 0xff, 0xff, 0xff
.byte 0xff, 0xff, 0xff, 0xff, 0xff, 0xff, 0xff, 0xff, 0xff, 0xff, 0xff, 0xff, 0xff, 0xff, 0xff, 0xff
.byte 0xff, 0xff, 0xff, 0xff, 0xff, 0xff, 0xff, 0xff, 0xff, 0xff, 0xff, 0xff, 0xff, 0xff, 0xff, 0xff
.byte 0xff, 0xff, 0xff, 0xff, 0xff, 0xff, 0xff, 0xff, 0xff, 0xff, 0xff, 0xff, 0xff, 0xff, 0xff, 0xff
.byte 0xff, 0xff, 0xff, 0xff, 0xff, 0xff, 0xff, 0xff, 0xff, 0xff, 0xff, 0xff, 0xff, 0xff, 0xff, 0xff
.byte 0xff, 0xff, 0xff, 0xff, 0xff, 0xff, 0xff, 0xff, 0xff, 0xff, 0xff, 0xff, 0xff, 0xff, 0xff, 0xff
.byte 0xff, 0xff, 0xff, 0xff, 0xff, 0xff, 0xff, 0xff, 0x3c, 0xe7, 0x18, 0xc6, 0xb6, 0xb5, 0x76, 0xb5
.byte 0x55, 0xad, 0x55, 0xad, 0xb4, 0x9c, 0x4b, 0x52, 0xee, 0x6a, 0x2e, 0x73, 0x6f, 0x7b, 0x90, 0x83
.byte 0x4f, 0x7b, 0xac, 0x5a, 0x29, 0x42, 0xcc, 0x4a, 0x6f, 0x5b, 0xc8, 0x39, 0x0e, 0x73, 0x70, 0x83
.byte 0xab, 0x62, 0xab, 0x4a, 0x0e, 0x53, 0xac, 0x42, 0x8f, 0x5b, 0xb0, 0x63, 0xb0, 0x63, 0x0e, 0x53
.byte 0x2e, 0x53, 0xd0, 0x63, 0x4f, 0x5b, 0xcd, 0x4a, 0x4f, 0x5b, 0xb0, 0x63, 0xed, 0x4a, 0xe7, 0x51
.byte 0x05, 0x6a, 0x28, 0x42, 0x90, 0x5b, 0xb0, 0x63, 0xed, 0x52, 0xac, 0x4a, 0x8f, 0x63, 0x8f, 0x5b
.byte 0xcd, 0x4a, 0x0e, 0x53, 0x6f, 0x5b, 0x4e, 0x5b, 0x6a, 0x4a, 0xf7, 0xbd, 0xff, 0xff, 0xff, 0xff
.byte 0xff, 0xff, 0xff, 0xff, 0xff, 0xff, 0xff, 0xff, 0xff, 0xff, 0xff, 0xff, 0xff, 0xff, 0xff, 0xff
.byte 0xff, 0xff, 0xff, 0xff, 0xff, 0xff, 0xff, 0xff, 0xff, 0xff, 0xff, 0xff, 0xff, 0xff, 0xff, 0xff
.byte 0xff, 0xff, 0xff, 0xff, 0xff, 0xff, 0xff, 0xff, 0xff, 0xff, 0xff, 0xff, 0xff, 0xff, 0xff, 0xff
.byte 0xff, 0xff, 0xff, 0xff, 0xff, 0xff, 0xff, 0xff, 0xff, 0xff, 0xff, 0xff, 0xff, 0xff, 0xff, 0xff
.byte 0xff, 0xff, 0xff, 0xff, 0xff, 0xff, 0xff, 0xff, 0xff, 0xff, 0xff, 0xff, 0xff, 0xff, 0xff, 0xff
.byte 0xff, 0xff, 0xff, 0xff, 0xff, 0xff, 0xff, 0xff, 0xff, 0xff, 0x38, 0xc6, 0x34, 0xa5, 0x14, 0xa5
.byte 0xf0, 0x83, 0xec, 0x62, 0xcd, 0x62, 0xcd, 0x6a, 0xcd, 0x6a, 0xee, 0x72, 0x0e, 0x73, 0x0e, 0x73
.byte 0x0e, 0x6b, 0xcd, 0x62, 0x8b, 0x5a, 0x8b, 0x52, 0xab, 0x52, 0xec, 0x52, 0x6f, 0x5b, 0x11, 0x6c
.byte 0xcc, 0x4a, 0xe9, 0x41, 0x70, 0x83, 0x6f, 0x83, 0x6a, 0x52, 0xcc, 0x4a, 0xee, 0x4a, 0x2e, 0x53
.byte 0x90, 0x63, 0xb0, 0x63, 0x4f, 0x5b, 0xed, 0x4a, 0x90, 0x63, 0xb0, 0x63, 0x0e, 0x53, 0x0e, 0x53
.byte 0x6f, 0x5b, 0xb0, 0x63, 0x8b, 0x42, 0xa9, 0x62, 0x0d, 0x9c, 0xaa, 0x52, 0x6f, 0x5b, 0xb0, 0x63
.byte 0x2e, 0x53, 0xad, 0x4a, 0x8f, 0x63, 0x8f, 0x63, 0xee, 0x4a, 0xee, 0x4a, 0x2f, 0x53, 0x6f, 0x5b
.byte 0x8b, 0x4a, 0x10, 0x84, 0xff, 0xff, 0xff, 0xff, 0xff, 0xff, 0xff, 0xff, 0xff, 0xff, 0xff, 0xff
.byte 0xff, 0xff, 0xff, 0xff, 0xff, 0xff, 0xff, 0xff, 0xff, 0xff, 0xff, 0xff, 0xff, 0xff, 0xff, 0xff
.byte 0xff, 0xff, 0xff, 0xff, 0xff, 0xff, 0xff, 0xff, 0xff, 0xff, 0xff, 0xff, 0xff, 0xff, 0xff, 0xff
.byte 0xff, 0xff, 0xff, 0xff, 0xff, 0xff, 0xff, 0xff, 0xff, 0xff, 0xff, 0xff, 0xff, 0xff, 0xff, 0xff
.byte 0xff, 0xff, 0xff, 0xff, 0xff, 0xff, 0xff, 0xff, 0xff, 0xff, 0xff, 0xff, 0xff, 0xff, 0xff, 0xff
.byte 0xff, 0xff, 0xff, 0xff, 0xff, 0xff, 0xff, 0xff, 0xff, 0xff, 0xff, 0xff, 0xff, 0xff, 0x59, 0xce
.byte 0x72, 0x94, 0xcc, 0x62, 0xed, 0x6a, 0x2e, 0x73, 0x90, 0x83, 0xf2, 0x93, 0xf1, 0x8b, 0x4f, 0x7b
.byte 0xcd, 0x62, 0x2a, 0x4a, 0xe9, 0x39, 0xe9, 0x39, 0x09, 0x3a, 0x4a, 0x42, 0xac, 0x4a, 0x2e, 0x53
.byte 0x90, 0x63, 0xd1, 0x6b, 0xd1, 0x6b, 0xb0, 0x63, 0x29, 0x3a, 0xcc, 0x62, 0x91, 0x83, 0x2e, 0x73
.byte 0x29, 0x42, 0x0e, 0x4b, 0x2e, 0x53, 0x8f, 0x5b, 0x90, 0x5b, 0x90, 0x63, 0xed, 0x4a, 0x2e, 0x5b
.byte 0xd0, 0x63, 0x90, 0x63, 0xee, 0x52, 0x2f, 0x53, 0xb0, 0x63, 0xd1, 0x63, 0x4a, 0x42, 0x2f, 0x8c
.byte 0xd9, 0xee, 0x4d, 0x6b, 0x2e, 0x53, 0xb0, 0x63, 0x4f, 0x5b, 0xed, 0x4a, 0x90, 0x63, 0x90, 0x63
.byte 0x0e, 0x53, 0xed, 0x4a, 0x0e, 0x53, 0x6f, 0x5b, 0x0d, 0x53, 0x2c, 0x63, 0xfb, 0xde, 0xff, 0xff
.byte 0xff, 0xff, 0xff, 0xff, 0xff, 0xff, 0xff, 0xff, 0xff, 0xff, 0xff, 0xff, 0xff, 0xff, 0xff, 0xff
.byte 0xff, 0xff, 0xff, 0xff, 0xff, 0xff, 0xff, 0xff, 0xff, 0xff, 0xff, 0xff, 0xff, 0xff, 0xff, 0xff
.byte 0xff, 0xff, 0xff, 0xff, 0xff, 0xff, 0xff, 0xff, 0xff, 0xff, 0xff, 0xff, 0xff, 0xff, 0xff, 0xff
.byte 0xff, 0xff, 0xff, 0xff, 0xff, 0xff, 0xff, 0xff, 0xff, 0xff, 0xff, 0xff, 0xff, 0xff, 0xff, 0xff
.byte 0xff, 0xff, 0xff, 0xff, 0xff, 0xff, 0xff, 0xff, 0xff, 0xff, 0xff, 0xff, 0xff, 0xff, 0xff, 0xff
.byte 0xff, 0xff, 0xdf, 0xff, 0x55, 0xad, 0x8f, 0x7b, 0x2f, 0x73, 0x2f, 0x7b, 0x91, 0x83, 0xb1, 0x8b
.byte 0x6f, 0x7b, 0xab, 0x5a, 0xe8, 0x41, 0x09, 0x42, 0x6b, 0x42, 0x8c, 0x42, 0x8c, 0x42, 0xad, 0x4a
.byte 0x0e, 0x53, 0x6f, 0x5b, 0xb0, 0x63, 0xb0, 0x63, 0xb0, 0x63, 0x90, 0x63, 0xd1, 0x63, 0xcc, 0x4a
.byte 0x29, 0x4a, 0x90, 0x83, 0xb1, 0x8b, 0x8b, 0x5a, 0x6a, 0x42, 0x4f, 0x5b, 0x6f, 0x5b, 0x8f, 0x5b
.byte 0x90, 0x63, 0x2e, 0x53, 0xed, 0x4a, 0x90, 0x63, 0xb0, 0x63, 0x4f, 0x5b, 0xee, 0x52, 0x90, 0x63
.byte 0xb0, 0x63, 0xd1, 0x63, 0x4a, 0x42, 0xb1, 0xa4, 0xfa, 0xf6, 0x2d, 0x6b, 0x0e, 0x53, 0xb0, 0x63
.byte 0x6f, 0x5b, 0x2e, 0x53, 0xb0, 0x63, 0x90, 0x63, 0x0e, 0x53, 0xee, 0x52, 0x0e, 0x53, 0x4f, 0x5b
.byte 0x4f, 0x5b, 0x49, 0x42, 0xf3, 0xa4, 0xff, 0xff, 0xff, 0xff, 0xff, 0xff, 0xff, 0xff, 0xff, 0xff
.byte 0xff, 0xff, 0xff, 0xff, 0xff, 0xff, 0xff, 0xff, 0xff, 0xff, 0xff, 0xff, 0xff, 0xff, 0xff, 0xff
.byte 0xff, 0xff, 0xff, 0xff, 0xff, 0xff, 0xff, 0xff, 0xff, 0xff, 0xff, 0xff, 0xff, 0xff, 0xff, 0xff
.byte 0xff, 0xff, 0xff, 0xff, 0xff, 0xff, 0xff, 0xff, 0xff, 0xff, 0xff, 0xff, 0xff, 0xff, 0xff, 0xff
.byte 0xff, 0xff, 0xff, 0xff, 0xff, 0xff, 0xff, 0xff, 0xff, 0xff, 0xff, 0xff, 0xff, 0xff, 0xff, 0xff
.byte 0xff, 0xff, 0xff, 0xff, 0xff, 0xff, 0xff, 0xff, 0x18, 0xc6, 0xf1, 0x8b, 0x90, 0x83, 0xd1, 0x8b
.byte 0xd1, 0x8b, 0xb1, 0x8b, 0x0e, 0x73, 0x6a, 0x5a, 0x65, 0x31, 0xc3, 0x18, 0x09, 0x3a, 0xee, 0x4a
.byte 0x0e, 0x53, 0x2f, 0x53, 0x4f, 0x5b, 0x6f, 0x5b, 0x90, 0x63, 0x90, 0x63, 0x6f, 0x5b, 0x6f, 0x5b
.byte 0x8f, 0x5b, 0xb0, 0x63, 0x4f, 0x5b, 0xe8, 0x39, 0x0d, 0x6b, 0xd2, 0x8b, 0x6f, 0x7b, 0xe8, 0x41
.byte 0x0e, 0x53, 0x90, 0x5b, 0x90, 0x63, 0x90, 0x63, 0x8f, 0x5b, 0xcd, 0x4a, 0x2f, 0x53, 0x90, 0x63
.byte 0x8f, 0x63, 0x4f, 0x5b, 0x6f, 0x5b, 0x90, 0x63, 0x90, 0x63, 0xb0, 0x63, 0x4a, 0x42, 0x74, 0xb5
.byte 0x1a, 0xf7, 0x0c, 0x6b, 0x0d, 0x53, 0xb0, 0x63, 0x90, 0x63, 0x6f, 0x5b, 0xb0, 0x63, 0x90, 0x63
.byte 0x0e, 0x53, 0x0e, 0x53, 0x0e, 0x53, 0x0e, 0x53, 0x6f, 0x5b, 0x4a, 0x42, 0xae, 0x73, 0xbe, 0xff
.byte 0xff, 0xff, 0xff, 0xff, 0xff, 0xff, 0xff, 0xff, 0xff, 0xff, 0xff, 0xff, 0xff, 0xff, 0xff, 0xff
.byte 0xff, 0xff, 0xff, 0xff, 0xff, 0xff, 0xff, 0xff, 0xff, 0xff, 0xff, 0xff, 0xff, 0xff, 0xff, 0xff
.byte 0xff, 0xff, 0xff, 0xff, 0xff, 0xff, 0xff, 0xff, 0xff, 0xff, 0xff, 0xff, 0xff, 0xff, 0xff, 0xff
.byte 0xff, 0xff, 0xff, 0xff, 0xff, 0xff, 0xff, 0xff, 0xff, 0xff, 0xff, 0xff, 0xff, 0xff, 0xff, 0xff
.byte 0xff, 0xff, 0xff, 0xff, 0xff, 0xff, 0xff, 0xff, 0xff, 0xff, 0xff, 0xff, 0xff, 0xff, 0x59, 0xce
.byte 0x90, 0x83, 0x90, 0x83, 0xb1, 0x8b, 0xb1, 0x8b, 0x70, 0x83, 0x8b, 0x62, 0x2c, 0x6b, 0x89, 0x52
.byte 0x04, 0x21, 0x0a, 0x3a, 0x0e, 0x53, 0x0f, 0x53, 0x2f, 0x5b, 0x6f, 0x5b, 0x90, 0x63, 0xb0, 0x63
.byte 0xb0, 0x63, 0x90, 0x63, 0x8f, 0x5b, 0x8f, 0x5b, 0x90, 0x5b, 0x90, 0x5b, 0x2a, 0x3a, 0x6a, 0x52
.byte 0xb1, 0x83, 0xd1, 0x8b, 0x6b, 0x52, 0x4a, 0x42, 0xb0, 0x63, 0x90, 0x63, 0x90, 0x63, 0xb0, 0x63
.byte 0x0e, 0x53, 0xed, 0x4a, 0x8f, 0x63, 0x90, 0x63, 0x6f, 0x5b, 0x90, 0x5b, 0x90, 0x63, 0x90, 0x63
.byte 0x90, 0x63, 0x4f, 0x5b, 0xab, 0x52, 0x58, 0xd6, 0x1b, 0xf7, 0x0c, 0x63, 0xed, 0x52, 0xd1, 0x63
.byte 0xb0, 0x63, 0x6f, 0x5b, 0xb0, 0x63, 0x90, 0x63, 0x2e, 0x53, 0x0e, 0x53, 0x0e, 0x53, 0x0e, 0x53
.byte 0x6f, 0x5b, 0xed, 0x4a, 0xcb, 0x5a, 0x79, 0xce, 0xff, 0xff, 0xff, 0xff, 0xff, 0xff, 0xff, 0xff
.byte 0xff, 0xff, 0xff, 0xff, 0xff, 0xff, 0xff, 0xff, 0xff, 0xff, 0xff, 0xff, 0xff, 0xff, 0xff, 0xff
.byte 0xff, 0xff, 0xff, 0xff, 0xff, 0xff, 0xff, 0xff, 0xff, 0xff, 0xff, 0xff, 0xff, 0xff, 0xff, 0xff
.byte 0xff, 0xff, 0xff, 0xff, 0xff, 0xff, 0xff, 0xff, 0xff, 0xff, 0xff, 0xff, 0xff, 0xff, 0xff, 0xff
.byte 0xff, 0xff, 0xff, 0xff, 0xff, 0xff, 0xff, 0xff, 0xff, 0xff, 0xff, 0xff, 0xff, 0xff, 0xff, 0xff
.byte 0xff, 0xff, 0xff, 0xff, 0x59, 0xce, 0xd1, 0x8b, 0xb1, 0x8b, 0x90, 0x83, 0x70, 0x83, 0xcd, 0x6a
.byte 0x49, 0x52, 0x71, 0x94, 0x30, 0x8c, 0xc7, 0x39, 0x6b, 0x42, 0xee, 0x52, 0x0e, 0x53, 0x4f, 0x5b
.byte 0xb0, 0x63, 0xb0, 0x63, 0xb0, 0x63, 0x90, 0x63, 0xb0, 0x63, 0xb0, 0x63, 0x90, 0x63, 0x8f, 0x5b
.byte 0xb0, 0x63, 0xac, 0x4a, 0xe8, 0x41, 0x4f, 0x7b, 0xd1, 0x8b, 0x0e, 0x73, 0xe8, 0x39, 0x4e, 0x5b
.byte 0xb0, 0x63, 0x90, 0x63, 0x90, 0x63, 0x6f, 0x5b, 0xed, 0x4a, 0x4f, 0x5b, 0xb0, 0x63, 0x90, 0x63
.byte 0x90, 0x63, 0x90, 0x5b, 0x8f, 0x5b, 0x90, 0x5b, 0x90, 0x63, 0x0e, 0x53, 0x0c, 0x63, 0xd9, 0xe6
.byte 0xd9, 0xe6, 0xeb, 0x62, 0xed, 0x52, 0xd0, 0x63, 0xb0, 0x63, 0x90, 0x63, 0x90, 0x63, 0xb0, 0x63
.byte 0x4f, 0x53, 0x0e, 0x53, 0x0e, 0x53, 0x0e, 0x53, 0x4f, 0x5b, 0x6f, 0x5b, 0x29, 0x42, 0xd2, 0x9c
.byte 0xff, 0xff, 0xff, 0xff, 0xff, 0xff, 0xff, 0xff, 0xff, 0xff, 0xff, 0xff, 0xff, 0xff, 0xff, 0xff
.byte 0xff, 0xff, 0xff, 0xff, 0xff, 0xff, 0xff, 0xff, 0xff, 0xff, 0xff, 0xff, 0xff, 0xff, 0xff, 0xff
.byte 0xff, 0xff, 0xff, 0xff, 0xff, 0xff, 0xff, 0xff, 0xff, 0xff, 0xff, 0xff, 0xff, 0xff, 0xff, 0xff
.byte 0xff, 0xff, 0xff, 0xff, 0xff, 0xff, 0xff, 0xff, 0xff, 0xff, 0xff, 0xff, 0xff, 0xff, 0xff, 0xff
.byte 0xff, 0xff, 0xff, 0xff, 0xff, 0xff, 0xff, 0xff, 0xdf, 0xff, 0x39, 0xce, 0xb1, 0x8b, 0xd1, 0x8b
.byte 0xb1, 0x83, 0x90, 0x83, 0x4a, 0x5a, 0x8a, 0x52, 0xd6, 0xbd, 0xb2, 0x9c, 0x87, 0x31, 0x6c, 0x42
.byte 0x0f, 0x53, 0x4f, 0x5b, 0x8f, 0x5b, 0xb0, 0x63, 0x90, 0x63, 0x90, 0x63, 0x90, 0x63, 0xb0, 0x63
.byte 0xb0, 0x63, 0x90, 0x5b, 0x90, 0x63, 0xb0, 0x63, 0x4e, 0x53, 0xe8, 0x39, 0xcc, 0x62, 0xb1, 0x8b
.byte 0x70, 0x83, 0x09, 0x42, 0xcc, 0x52, 0x90, 0x63, 0x90, 0x63, 0x90, 0x63, 0x8f, 0x5b, 0xed, 0x4a
.byte 0x2e, 0x53, 0xb0, 0x63, 0x90, 0x63, 0x90, 0x63, 0x90, 0x63, 0x90, 0x5b, 0x90, 0x5b, 0x90, 0x5b
.byte 0xb0, 0x63, 0xcd, 0x4a, 0x4d, 0x6b, 0xb9, 0xe6, 0x38, 0xde, 0xaa, 0x5a, 0xed, 0x52, 0xd1, 0x63
.byte 0xb0, 0x63, 0x90, 0x63, 0x90, 0x63, 0x90, 0x63, 0x4f, 0x5b, 0x0e, 0x53, 0x0e, 0x53, 0x0e, 0x53
.byte 0x2f, 0x5b, 0xb0, 0x63, 0xac, 0x4a, 0xce, 0x7b, 0x5d, 0xef, 0xff, 0xff, 0xff, 0xff, 0xff, 0xff
.byte 0xff, 0xff, 0xff, 0xff, 0xff, 0xff, 0xff, 0xff, 0xff, 0xff, 0xff, 0xff, 0xff, 0xff, 0xff, 0xff
.byte 0xff, 0xff, 0xff, 0xff, 0xff, 0xff, 0xff, 0xff, 0xff, 0xff, 0xff, 0xff, 0xff, 0xff, 0xff, 0xff
.byte 0xff, 0xff, 0xff, 0xff, 0xff, 0xff, 0xff, 0xff, 0xff, 0xff, 0xff, 0xff, 0xff, 0xff, 0xff, 0xff
.byte 0xff, 0xff, 0xff, 0xff, 0xff, 0xff, 0xff, 0xff, 0xff, 0xff, 0xff, 0xff, 0xff, 0xff, 0xff, 0xff
.byte 0x3c, 0xe7, 0x8b, 0x5a, 0xb1, 0x8b, 0xd1, 0x8b, 0xb1, 0x8b, 0x2a, 0x52, 0x6d, 0x73, 0xfb, 0xde
.byte 0x75, 0xb5, 0x46, 0x29, 0x2b, 0x3a, 0x0e, 0x53, 0x4f, 0x5b, 0xb0, 0x63, 0xb0, 0x63, 0x90, 0x5b
.byte 0x8f, 0x63, 0x90, 0x63, 0x90, 0x63, 0x90, 0x5b, 0x4f, 0x53, 0x6f, 0x5b, 0xd1, 0x63, 0x90, 0x5b
.byte 0x29, 0x3a, 0x8b, 0x5a, 0x91, 0x83, 0xb1, 0x8b, 0x4a, 0x52, 0x4a, 0x42, 0x90, 0x63, 0x90, 0x63
.byte 0x8f, 0x5b, 0x90, 0x63, 0x0e, 0x53, 0xed, 0x4a, 0x90, 0x63, 0xb0, 0x63, 0x90, 0x63, 0x90, 0x63
.byte 0x90, 0x63, 0x90, 0x63, 0x90, 0x63, 0x90, 0x63, 0xb0, 0x63, 0xac, 0x4a, 0xef, 0x83, 0xb9, 0xe6
.byte 0x75, 0xc5, 0x69, 0x52, 0x0d, 0x53, 0xd0, 0x63, 0xb0, 0x63, 0x90, 0x63, 0x90, 0x63, 0x90, 0x63
.byte 0x4f, 0x5b, 0x0e, 0x53, 0x0e, 0x53, 0x0e, 0x53, 0x2e, 0x53, 0xb0, 0x63, 0x6f, 0x5b, 0xcb, 0x52
.byte 0xf7, 0xc5, 0xff, 0xff, 0xff, 0xff, 0xff, 0xff, 0xff, 0xff, 0xff, 0xff, 0xff, 0xff, 0xff, 0xff
.byte 0xff, 0xff, 0xff, 0xff, 0xff, 0xff, 0xff, 0xff, 0xff, 0xff, 0xff, 0xff, 0xff, 0xff, 0xff, 0xff
.byte 0xff, 0xff, 0xff, 0xff, 0xff, 0xff, 0xff, 0xff, 0xff, 0xff, 0xff, 0xff, 0xff, 0xff, 0xff, 0xff
.byte 0xff, 0xff, 0xff, 0xff, 0xff, 0xff, 0xff, 0xff, 0xff, 0xff, 0xff, 0xff, 0xff, 0xff, 0xff, 0xff
.byte 0xff, 0xff, 0xff, 0xff, 0xff, 0xff, 0xff, 0xff, 0x9e, 0xf7, 0x30, 0x8c, 0x8f, 0x7b, 0x4f, 0x7b
.byte 0x2a, 0x52, 0xef, 0x83, 0x7d, 0xef, 0xba, 0xde, 0xec, 0x5a, 0x6c, 0x42, 0x0e, 0x53, 0x4f, 0x5b
.byte 0x90, 0x63, 0x90, 0x63, 0x90, 0x63, 0x90, 0x63, 0x90, 0x63, 0xb0, 0x63, 0x8f, 0x5b, 0x0e, 0x53
.byte 0x2e, 0x53, 0xb0, 0x63, 0xb0, 0x63, 0x6a, 0x42, 0x4a, 0x52, 0x90, 0x83, 0xd2, 0x8b, 0xcd, 0x6a
.byte 0x09, 0x3a, 0x6f, 0x5b, 0x90, 0x63, 0x8f, 0x5b, 0xb0, 0x63, 0x4f, 0x5b, 0xcd, 0x4a, 0x6f, 0x5b
.byte 0xb0, 0x63, 0x90, 0x63, 0x90, 0x63, 0x90, 0x63, 0x90, 0x63, 0x90, 0x63, 0xb0, 0x63, 0xb0, 0x63
.byte 0x6f, 0x5b, 0xab, 0x4a, 0x91, 0xa4, 0x99, 0xe6, 0xb1, 0xa4, 0x29, 0x4a, 0x0e, 0x53, 0xb0, 0x63
.byte 0x90, 0x63, 0x90, 0x63, 0x90, 0x63, 0xb0, 0x63, 0x4f, 0x5b, 0x0e, 0x53, 0x0e, 0x53, 0x0e, 0x53
.byte 0x2e, 0x53, 0x90, 0x63, 0xf1, 0x6b, 0xcb, 0x4a, 0xf3, 0x9c, 0xdf, 0xff, 0xff, 0xff, 0xff, 0xff
.byte 0xff, 0xff, 0xff, 0xff, 0xff, 0xff, 0xff, 0xff, 0xff, 0xff, 0xff, 0xff, 0xff, 0xff, 0xff, 0xff
.byte 0xff, 0xff, 0xff, 0xff, 0xff, 0xff, 0xff, 0xff, 0xff, 0xff, 0xff, 0xff, 0xff, 0xff, 0xff, 0xff
.byte 0xff, 0xff, 0xff, 0xff, 0xff, 0xff, 0xff, 0xff, 0xff, 0xff, 0xff, 0xff, 0xff, 0xff, 0xff, 0xff
.byte 0xff, 0xff, 0xff, 0xff, 0xff, 0xff, 0xff, 0xff, 0xff, 0xff, 0xff, 0xff, 0xff, 0xff, 0xff, 0xff
.byte 0xff, 0xff, 0xff, 0xff, 0xd7, 0xbd, 0x8e, 0x7b, 0xd3, 0x9c, 0x9e, 0xf7, 0xff, 0xff, 0x11, 0x84
.byte 0xad, 0x4a, 0x4f, 0x5b, 0x8f, 0x5b, 0x90, 0x63, 0x8f, 0x5b, 0x90, 0x63, 0x90, 0x63, 0x90, 0x5b
.byte 0xb0, 0x63, 0x90, 0x63, 0x0e, 0x4b, 0x0e, 0x53, 0xb0, 0x63, 0xd1, 0x63, 0xab, 0x4a, 0x09, 0x4a
.byte 0x70, 0x7b, 0xd2, 0x8b, 0x4f, 0x7b, 0x09, 0x42, 0x2d, 0x53, 0xb0, 0x63, 0x8f, 0x5b, 0x90, 0x63
.byte 0x6f, 0x5b, 0xcd, 0x4a, 0x4f, 0x53, 0xb0, 0x63, 0xb0, 0x63, 0x90, 0x63, 0xb0, 0x63, 0xb0, 0x63
.byte 0xb0, 0x63, 0xb0, 0x63, 0x90, 0x63, 0xd1, 0x63, 0x4e, 0x53, 0xcb, 0x5a, 0x54, 0xbd, 0x37, 0xd6
.byte 0x0f, 0x94, 0xe8, 0x39, 0x2e, 0x53, 0xb0, 0x63, 0x90, 0x63, 0x90, 0x63, 0x90, 0x63, 0xb0, 0x63
.byte 0x6f, 0x5b, 0x0e, 0x53, 0x0e, 0x53, 0x2e, 0x53, 0x2e, 0x53, 0x8f, 0x63, 0xf1, 0x6b, 0x2e, 0x53
.byte 0x6d, 0x6b, 0xba, 0xd6, 0xff, 0xff, 0xff, 0xff, 0xff, 0xff, 0xff, 0xff, 0xff, 0xff, 0xff, 0xff
.byte 0xff, 0xff, 0xff, 0xff, 0xff, 0xff, 0xff, 0xff, 0xff, 0xff, 0xff, 0xff, 0xff, 0xff, 0xff, 0xff
.byte 0xff, 0xff, 0xff, 0xff, 0xff, 0xff, 0xff, 0xff, 0xff, 0xff, 0xff, 0xff, 0xff, 0xff, 0xff, 0xff
.byte 0xff, 0xff, 0xff, 0xff, 0xff, 0xff, 0xff, 0xff, 0xff, 0xff, 0xff, 0xff, 0xff, 0xff, 0xff, 0xff
.byte 0xff, 0xff, 0xff, 0xff, 0xff, 0xff, 0xff, 0xff, 0xff, 0xff, 0xff, 0xff, 0xff, 0xff, 0xbe, 0xf7
.byte 0xff, 0xff, 0xff, 0xff, 0x76, 0xad, 0xee, 0x52, 0x50, 0x5b, 0x90, 0x63, 0xb0, 0x63, 0x90, 0x63
.byte 0x90, 0x5b, 0x90, 0x63, 0x90, 0x63, 0x90, 0x63, 0x90, 0x63, 0x0e, 0x4b, 0x0e, 0x4b, 0xb0, 0x63
.byte 0xd0, 0x63, 0xec, 0x4a, 0x09, 0x42, 0x4f, 0x7b, 0xd1, 0x8b, 0x90, 0x83, 0x2a, 0x4a, 0xcc, 0x4a
.byte 0xb0, 0x63, 0x90, 0x63, 0x90, 0x63, 0x8f, 0x5b, 0xed, 0x4a, 0x0e, 0x4b, 0xb0, 0x63, 0xb0, 0x63
.byte 0xb0, 0x63, 0xb0, 0x63, 0xb0, 0x63, 0xb0, 0x63, 0xb0, 0x63, 0xb0, 0x63, 0x90, 0x63, 0xd1, 0x63
.byte 0x0d, 0x53, 0x0b, 0x6b, 0xb5, 0xc5, 0xd6, 0xc5, 0xad, 0x83, 0x09, 0x3a, 0x4f, 0x5b, 0xb0, 0x63
.byte 0x90, 0x63, 0xb0, 0x63, 0x90, 0x63, 0xb0, 0x63, 0x6f, 0x5b, 0x2e, 0x53, 0x2e, 0x53, 0x2e, 0x53
.byte 0x2e, 0x53, 0x8f, 0x5b, 0xd0, 0x63, 0x90, 0x63, 0x8a, 0x4a, 0xd6, 0xbd, 0xff, 0xff, 0xff, 0xff
.byte 0xff, 0xff, 0xff, 0xff, 0xff, 0xff, 0xff, 0xff, 0xff, 0xff, 0xff, 0xff, 0xff, 0xff, 0xff, 0xff
.byte 0xff, 0xff, 0xff, 0xff, 0xff, 0xff, 0xff, 0xff, 0xff, 0xff, 0xff, 0xff, 0xff, 0xff, 0xff, 0xff
.byte 0xff, 0xff, 0xff, 0xff, 0xff, 0xff, 0xff, 0xff, 0xff, 0xff, 0xff, 0xff, 0xff, 0xff, 0xff, 0xff
.byte 0xff, 0xff, 0xff, 0xff, 0xff, 0xff, 0xff, 0xff, 0xff, 0xff, 0xff, 0xff, 0xff, 0xff, 0xff, 0xff
.byte 0xff, 0xff, 0xff, 0xff, 0xff, 0xff, 0xff, 0xff, 0xff, 0xff, 0xf8, 0xbd, 0xee, 0x52, 0x70, 0x5b
.byte 0x90, 0x63, 0xb0, 0x63, 0xb0, 0x63, 0xb0, 0x63, 0xb0, 0x63, 0x90, 0x63, 0x90, 0x63, 0xb0, 0x63
.byte 0x2e, 0x53, 0xed, 0x4a, 0x8f, 0x5b, 0xd1, 0x63, 0x0d, 0x53, 0x08, 0x42, 0x2e, 0x73, 0xd1, 0x8b
.byte 0xb1, 0x83, 0x6b, 0x5a, 0x6a, 0x42, 0xb0, 0x63, 0xb0, 0x63, 0x90, 0x63, 0x90, 0x63, 0x0e, 0x53
.byte 0xcd, 0x4a, 0xb0, 0x63, 0xb0, 0x63, 0x90, 0x63, 0x90, 0x63, 0xb0, 0x63, 0xb0, 0x63, 0x90, 0x63
.byte 0x90, 0x63, 0x90, 0x63, 0xb0, 0x63, 0x90, 0x5b, 0xec, 0x52, 0x0b, 0x73, 0x75, 0xbd, 0x54, 0xbd
.byte 0x2b, 0x73, 0x2a, 0x3a, 0x70, 0x5b, 0xb0, 0x63, 0xb0, 0x63, 0x90, 0x63, 0x90, 0x63, 0xb0, 0x63
.byte 0x6f, 0x5b, 0x2e, 0x53, 0x2e, 0x53, 0x2e, 0x53, 0x2e, 0x53, 0x8f, 0x5b, 0xb0, 0x63, 0xf1, 0x6b
.byte 0x6b, 0x42, 0xb2, 0x94, 0xbe, 0xf7, 0xff, 0xff, 0xff, 0xff, 0xff, 0xff, 0xff, 0xff, 0xff, 0xff
.byte 0xff, 0xff, 0xff, 0xff, 0xff, 0xff, 0xff, 0xff, 0xff, 0xff, 0xff, 0xff, 0xff, 0xff, 0xff, 0xff
.byte 0xff, 0xff, 0xff, 0xff, 0xff, 0xff, 0xff, 0xff, 0xff, 0xff, 0xff, 0xff, 0xff, 0xff, 0xff, 0xff
.byte 0xff, 0xff, 0xff, 0xff, 0xff, 0xff, 0xff, 0xff, 0xff, 0xff, 0xff, 0xff, 0xff, 0xff, 0xff, 0xff
.byte 0xff, 0xff, 0xff, 0xff, 0xff, 0xff, 0xff, 0xff, 0xff, 0xff, 0xff, 0xff, 0xff, 0xff, 0xff, 0xff
.byte 0x59, 0xc6, 0x0e, 0x5b, 0x70, 0x5b, 0xb0, 0x63, 0xb0, 0x63, 0x90, 0x63, 0x90, 0x63, 0xb0, 0x63
.byte 0xb0, 0x63, 0xb0, 0x63, 0xb0, 0x63, 0x6f, 0x5b, 0xed, 0x4a, 0x6f, 0x5b, 0xb0, 0x63, 0x2e, 0x53
.byte 0x09, 0x42, 0xed, 0x6a, 0xb1, 0x8b, 0xb1, 0x8b, 0xcd, 0x62, 0x29, 0x42, 0x6f, 0x5b, 0xb0, 0x63
.byte 0x90, 0x63, 0xb0, 0x63, 0x2f, 0x53, 0xcd, 0x4a, 0x6f, 0x5b, 0xb0, 0x63, 0xb0, 0x63, 0x90, 0x63
.byte 0xb0, 0x63, 0x90, 0x63, 0x90, 0x63, 0xb0, 0x63, 0xb0, 0x63, 0x90, 0x63, 0xb0, 0x63, 0x6f, 0x5b
.byte 0xaa, 0x5a, 0x6c, 0x7b, 0x75, 0xbd, 0x13, 0xb5, 0x69, 0x5a, 0x6c, 0x42, 0x90, 0x5b, 0xb0, 0x63
.byte 0xb0, 0x63, 0xb0, 0x63, 0xb0, 0x63, 0xb0, 0x63, 0x8f, 0x5b, 0x2e, 0x53, 0x2e, 0x53, 0x2e, 0x53
.byte 0x2e, 0x53, 0x8f, 0x5b, 0xb0, 0x63, 0xd1, 0x63, 0xcc, 0x4a, 0xeb, 0x5a, 0xba, 0xd6, 0xff, 0xff
.byte 0xff, 0xff, 0xff, 0xff, 0xff, 0xff, 0xff, 0xff, 0xff, 0xff, 0xff, 0xff, 0xff, 0xff, 0xff, 0xff
.byte 0xff, 0xff, 0xff, 0xff, 0xff, 0xff, 0xff, 0xff, 0xff, 0xff, 0xff, 0xff, 0xff, 0xff, 0xff, 0xff
.byte 0xff, 0xff, 0xff, 0xff, 0xff, 0xff, 0xff, 0xff, 0xff, 0xff, 0xff, 0xff, 0xff, 0xff, 0xff, 0xff
.byte 0xff, 0xff, 0xff, 0xff, 0xff, 0xff, 0xff, 0xff, 0xff, 0xff, 0xff, 0xff, 0xff, 0xff, 0xff, 0xff
.byte 0xff, 0xff, 0xff, 0xff, 0xff, 0xff, 0x38, 0xc6, 0xac, 0x4a, 0x50, 0x5b, 0xb0, 0x63, 0xb0, 0x63
.byte 0xb0, 0x63, 0x90, 0x63, 0xb0, 0x63, 0xb0, 0x63, 0xb0, 0x63, 0xb0, 0x63, 0x8f, 0x63, 0x0e, 0x53
.byte 0x4f, 0x53, 0xb0, 0x63, 0x6f, 0x5b, 0x09, 0x3a, 0xcc, 0x62, 0x90, 0x83, 0x91, 0x83, 0x2e, 0x73
.byte 0x09, 0x42, 0x2d, 0x53, 0xd0, 0x63, 0x8f, 0x5b, 0xb0, 0x63, 0x6f, 0x5b, 0xcd, 0x4a, 0x2e, 0x53
.byte 0xb0, 0x63, 0x90, 0x63, 0xb0, 0x63, 0x90, 0x63, 0xb0, 0x63, 0x90, 0x63, 0x90, 0x63, 0xb0, 0x63
.byte 0x90, 0x63, 0x90, 0x63, 0xb0, 0x63, 0x4f, 0x5b, 0x6a, 0x4a, 0x2c, 0x6b, 0xb1, 0xa4, 0xce, 0x8b
.byte 0x29, 0x4a, 0xee, 0x52, 0x90, 0x63, 0xb0, 0x63, 0xb0, 0x63, 0xb0, 0x63, 0x90, 0x63, 0xb0, 0x63
.byte 0x8f, 0x5b, 0x2e, 0x53, 0x2e, 0x53, 0x2e, 0x53, 0x2e, 0x53, 0x6f, 0x5b, 0xb0, 0x63, 0x90, 0x63
.byte 0x4f, 0x5b, 0x29, 0x3a, 0xd6, 0xbd, 0xff, 0xff, 0xff, 0xff, 0xff, 0xff, 0xff, 0xff, 0xff, 0xff
.byte 0xff, 0xff, 0xff, 0xff, 0xff, 0xff, 0xff, 0xff, 0xff, 0xff, 0xff, 0xff, 0xff, 0xff, 0xff, 0xff
.byte 0xff, 0xff, 0xff, 0xff, 0xff, 0xff, 0xff, 0xff, 0xff, 0xff, 0xff, 0xff, 0xff, 0xff, 0xff, 0xff
.byte 0xff, 0xff, 0xff, 0xff, 0xff, 0xff, 0xff, 0xff, 0xff, 0xff, 0xff, 0xff, 0xff, 0xff, 0xff, 0xff
.byte 0xff, 0xff, 0xff, 0xff, 0xff, 0xff, 0xff, 0xff, 0xff, 0xff, 0xff, 0xff, 0x38, 0xc6, 0x09, 0x3a
.byte 0x0e, 0x53, 0x90, 0x5b, 0xb0, 0x63, 0xb0, 0x63, 0xb0, 0x63, 0xb0, 0x63, 0xb0, 0x63, 0xb0, 0x63
.byte 0xb0, 0x63, 0xb0, 0x63, 0x2e, 0x53, 0x2e, 0x53, 0xb0, 0x63, 0xb0, 0x63, 0x4a, 0x42, 0x6b, 0x5a
.byte 0x70, 0x83, 0x70, 0x83, 0x4f, 0x7b, 0x29, 0x4a, 0xcb, 0x4a, 0xd0, 0x63, 0x90, 0x5b, 0x90, 0x63
.byte 0x90, 0x63, 0x0e, 0x53, 0xed, 0x4a, 0x8f, 0x5b, 0xb0, 0x63, 0xb0, 0x63, 0x90, 0x63, 0x90, 0x63
.byte 0xb0, 0x63, 0x90, 0x63, 0xb0, 0x63, 0xb0, 0x63, 0xb0, 0x63, 0x90, 0x63, 0x90, 0x63, 0x90, 0x63
.byte 0x2e, 0x53, 0xcc, 0x4a, 0xab, 0x4a, 0x6a, 0x4a, 0xac, 0x4a, 0x0e, 0x53, 0x90, 0x63, 0xb0, 0x63
.byte 0xb0, 0x63, 0xb0, 0x63, 0x90, 0x63, 0xb0, 0x63, 0x90, 0x63, 0x2e, 0x53, 0x2e, 0x53, 0x2e, 0x53
.byte 0x0e, 0x53, 0x6f, 0x5b, 0xb0, 0x63, 0x8f, 0x5b, 0xd1, 0x63, 0x2a, 0x3a, 0x91, 0x94, 0xbe, 0xf7
.byte 0xff, 0xff, 0xff, 0xff, 0xff, 0xff, 0xff, 0xff, 0xff, 0xff, 0xff, 0xff, 0xff, 0xff, 0xff, 0xff
.byte 0xff, 0xff, 0xff, 0xff, 0xff, 0xff, 0xff, 0xff, 0xff, 0xff, 0xff, 0xff, 0xff, 0xff, 0xff, 0xff
.byte 0xff, 0xff, 0xff, 0xff, 0xff, 0xff, 0xff, 0xff, 0xff, 0xff, 0xff, 0xff, 0xff, 0xff, 0xff, 0xff
.byte 0xff, 0xff, 0xff, 0xff, 0xff, 0xff, 0xff, 0xff, 0xff, 0xff, 0xff, 0xff, 0xff, 0xff, 0xff, 0xff
.byte 0xff, 0xff, 0x9a, 0xd6, 0xe8, 0x39, 0xcd, 0x4a, 0x6f, 0x5b, 0xb0, 0x5b, 0x90, 0x63, 0xb0, 0x63
.byte 0xb0, 0x63, 0xb0, 0x63, 0xb0, 0x63, 0x90, 0x63, 0xb0, 0x63, 0x6f, 0x5b, 0x0e, 0x53, 0x90, 0x63
.byte 0xf1, 0x6b, 0xcc, 0x4a, 0x2a, 0x4a, 0x6f, 0x7b, 0x90, 0x83, 0x70, 0x7b, 0x6b, 0x5a, 0x29, 0x42
.byte 0xb0, 0x63, 0x90, 0x63, 0x90, 0x5b, 0xb0, 0x63, 0x4e, 0x53, 0xcd, 0x4a, 0x4f, 0x53, 0xb0, 0x63
.byte 0x90, 0x63, 0x90, 0x63, 0x90, 0x63, 0x90, 0x63, 0x90, 0x63, 0x90, 0x63, 0x90, 0x63, 0xb0, 0x63
.byte 0x90, 0x63, 0x90, 0x63, 0xb0, 0x63, 0x90, 0x63, 0x2f, 0x53, 0xee, 0x4a, 0xed, 0x4a, 0xee, 0x4a
.byte 0x0e, 0x53, 0x0e, 0x53, 0x90, 0x5b, 0xb0, 0x63, 0xb0, 0x63, 0xb0, 0x63, 0x90, 0x63, 0xb0, 0x63
.byte 0x90, 0x5b, 0x2e, 0x53, 0x0e, 0x53, 0x2e, 0x53, 0x0e, 0x53, 0x4f, 0x5b, 0x90, 0x63, 0x8f, 0x63
.byte 0xd1, 0x63, 0xcc, 0x4a, 0x0c, 0x63, 0xfb, 0xde, 0xff, 0xff, 0xff, 0xff, 0xff, 0xff, 0xff, 0xff
.byte 0xff, 0xff, 0xff, 0xff, 0xff, 0xff, 0xff, 0xff, 0xff, 0xff, 0xff, 0xff, 0xff, 0xff, 0xff, 0xff
.byte 0xff, 0xff, 0xff, 0xff, 0xff, 0xff, 0xff, 0xff, 0xff, 0xff, 0xff, 0xff, 0xff, 0xff, 0xff, 0xff
.byte 0xff, 0xff, 0xff, 0xff, 0xff, 0xff, 0xff, 0xff, 0xff, 0xff, 0xff, 0xff, 0xff, 0xff, 0xff, 0xff
.byte 0xff, 0xff, 0xff, 0xff, 0xff, 0xff, 0xff, 0xff, 0xdf, 0xff, 0xcf, 0x7b, 0xad, 0x4a, 0x70, 0x5b
.byte 0xb0, 0x63, 0x90, 0x5b, 0x90, 0x63, 0xb0, 0x63, 0x90, 0x63, 0xb0, 0x63, 0xb0, 0x63, 0xb0, 0x63
.byte 0x90, 0x63, 0x0e, 0x53, 0x4f, 0x5b, 0xf1, 0x6b, 0x8f, 0x5b, 0x29, 0x42, 0x2e, 0x73, 0x90, 0x83
.byte 0x90, 0x83, 0xed, 0x6a, 0xe8, 0x39, 0x4e, 0x5b, 0xb0, 0x63, 0x8f, 0x5b, 0x90, 0x63, 0x6f, 0x5b
.byte 0xed, 0x4a, 0x0e, 0x53, 0x90, 0x5b, 0xb0, 0x63, 0xb0, 0x63, 0xb0, 0x63, 0x90, 0x63, 0xb0, 0x63
.byte 0x90, 0x63, 0x90, 0x63, 0xb0, 0x63, 0x90, 0x63, 0x90, 0x63, 0x90, 0x63, 0xb0, 0x63, 0x8f, 0x5b
.byte 0x0e, 0x53, 0xee, 0x4a, 0x0e, 0x53, 0x2e, 0x53, 0x0e, 0x53, 0x2e, 0x53, 0x90, 0x63, 0xb0, 0x63
.byte 0xb0, 0x63, 0xb0, 0x63, 0x90, 0x63, 0xb0, 0x63, 0x90, 0x5b, 0x2e, 0x53, 0x0e, 0x53, 0x2e, 0x53
.byte 0x0e, 0x53, 0x4f, 0x5b, 0xb0, 0x63, 0x90, 0x63, 0xb0, 0x63, 0x6f, 0x5b, 0x6a, 0x4a, 0x17, 0xc6
.byte 0xff, 0xff, 0xff, 0xff, 0xff, 0xff, 0xff, 0xff, 0xff, 0xff, 0xff, 0xff, 0xff, 0xff, 0xff, 0xff
.byte 0xff, 0xff, 0xff, 0xff, 0xff, 0xff, 0xff, 0xff, 0xff, 0xff, 0xff, 0xff, 0xff, 0xff, 0xff, 0xff
.byte 0xff, 0xff, 0xff, 0xff, 0xff, 0xff, 0xff, 0xff, 0xff, 0xff, 0xff, 0xff, 0xff, 0xff, 0xff, 0xff
.byte 0xff, 0xff, 0xff, 0xff, 0xff, 0xff, 0xff, 0xff, 0xff, 0xff, 0xff, 0xff, 0xff, 0xff, 0xff, 0xff
.byte 0xd7, 0xbd, 0x4b, 0x42, 0x6f, 0x5b, 0xb0, 0x63, 0xb0, 0x63, 0x90, 0x63, 0x90, 0x63, 0x90, 0x63
.byte 0x90, 0x63, 0x90, 0x63, 0xb0, 0x63, 0xb0, 0x63, 0x4f, 0x5b, 0x0e, 0x53, 0xb0, 0x63, 0xf1, 0x6b
.byte 0xab, 0x4a, 0xac, 0x62, 0xd1, 0x8b, 0xb1, 0x8b, 0x70, 0x7b, 0x29, 0x4a, 0xed, 0x52, 0xb0, 0x63
.byte 0x8f, 0x5b, 0x90, 0x5b, 0xb0, 0x63, 0x0e, 0x4b, 0xed, 0x4a, 0x4f, 0x5b, 0xb0, 0x63, 0xb0, 0x63
.byte 0xb0, 0x63, 0x90, 0x63, 0x90, 0x63, 0x90, 0x63, 0x90, 0x63, 0x90, 0x63, 0x90, 0x63, 0x90, 0x63
.byte 0x90, 0x63, 0x90, 0x63, 0xb0, 0x63, 0x4f, 0x5b, 0x0e, 0x53, 0x0e, 0x53, 0x0e, 0x53, 0x0e, 0x53
.byte 0x0e, 0x53, 0x2e, 0x53, 0x90, 0x5b, 0xb0, 0x63, 0xb0, 0x63, 0xb0, 0x63, 0xb0, 0x63, 0xb0, 0x63
.byte 0x90, 0x63, 0x2f, 0x53, 0x0e, 0x53, 0x2e, 0x53, 0x0e, 0x53, 0x4f, 0x5b, 0x90, 0x63, 0x90, 0x63
.byte 0x90, 0x63, 0xd1, 0x6b, 0x8b, 0x4a, 0x34, 0xad, 0xff, 0xff, 0xff, 0xff, 0xff, 0xff, 0xff, 0xff
.byte 0xff, 0xff, 0xff, 0xff, 0xff, 0xff, 0xff, 0xff, 0xff, 0xff, 0xff, 0xff, 0xff, 0xff, 0xff, 0xff
.byte 0xff, 0xff, 0xff, 0xff, 0xff, 0xff, 0xff, 0xff, 0xff, 0xff, 0xff, 0xff, 0xff, 0xff, 0xff, 0xff
.byte 0xff, 0xff, 0xff, 0xff, 0xff, 0xff, 0xff, 0xff, 0xff, 0xff, 0xff, 0xff, 0xff, 0xff, 0xff, 0xff
.byte 0xff, 0xff, 0xff, 0xff, 0xff, 0xff, 0x18, 0xc6, 0xe9, 0x31, 0x2f, 0x53, 0x90, 0x63, 0xb0, 0x63
.byte 0xb0, 0x63, 0xb0, 0x63, 0x90, 0x63, 0x90, 0x63, 0x90, 0x63, 0x90, 0x63, 0x90, 0x63, 0x90, 0x63
.byte 0x0e, 0x4b, 0x4f, 0x5b, 0xf1, 0x6b, 0xb0, 0x63, 0x6b, 0x4a, 0xcc, 0x62, 0x6f, 0x7b, 0x6f, 0x7b
.byte 0x8b, 0x62, 0x8b, 0x4a, 0xd0, 0x63, 0x90, 0x63, 0x90, 0x5b, 0xb0, 0x63, 0x6f, 0x5b, 0xcd, 0x4a
.byte 0x2f, 0x53, 0xb0, 0x63, 0xb0, 0x63, 0x90, 0x63, 0x90, 0x63, 0x90, 0x63, 0x90, 0x63, 0x90, 0x63
.byte 0x90, 0x63, 0x90, 0x63, 0x90, 0x63, 0x90, 0x63, 0x90, 0x63, 0x90, 0x63, 0x90, 0x63, 0x0e, 0x53
.byte 0x0e, 0x53, 0x0e, 0x53, 0x0e, 0x53, 0x0e, 0x53, 0x0e, 0x53, 0x2e, 0x53, 0x90, 0x5b, 0xb0, 0x63
.byte 0xb0, 0x63, 0xb0, 0x63, 0x90, 0x63, 0xb0, 0x63, 0x90, 0x63, 0x2f, 0x53, 0x0e, 0x53, 0x0e, 0x53
.byte 0x0e, 0x53, 0x2f, 0x53, 0xb0, 0x63, 0x90, 0x63, 0x90, 0x63, 0xf1, 0x6b, 0xcc, 0x4a, 0xce, 0x7b
.byte 0x5d, 0xef, 0xff, 0xff, 0xff, 0xff, 0xff, 0xff, 0xff, 0xff, 0xff, 0xff, 0xff, 0xff, 0xff, 0xff
.byte 0xff, 0xff, 0xff, 0xff, 0xff, 0xff, 0xff, 0xff, 0xff, 0xff, 0xff, 0xff, 0xff, 0xff, 0xff, 0xff
.byte 0xff, 0xff, 0xff, 0xff, 0xff, 0xff, 0xff, 0xff, 0xff, 0xff, 0xff, 0xff, 0xff, 0xff, 0xff, 0xff
.byte 0xff, 0xff, 0xff, 0xff, 0xff, 0xff, 0xff, 0xff, 0xff, 0xff, 0xff, 0xff, 0x7d, 0xef, 0x4a, 0x42
.byte 0x0e, 0x53, 0x8f, 0x5b, 0xb0, 0x63, 0x90, 0x63, 0xb0, 0x63, 0x90, 0x63, 0x90, 0x63, 0x90, 0x63
.byte 0x90, 0x63, 0x90, 0x63, 0x90, 0x63, 0x2e, 0x53, 0xed, 0x4a, 0xb0, 0x63, 0xb0, 0x63, 0xd0, 0x63
.byte 0x8f, 0x63, 0x0d, 0x5b, 0xcc, 0x5a, 0x8b, 0x52, 0x6a, 0x4a, 0x6f, 0x5b, 0xb0, 0x63, 0x90, 0x63
.byte 0x90, 0x63, 0xb0, 0x63, 0x2e, 0x53, 0xcd, 0x4a, 0x90, 0x5b, 0xb0, 0x63, 0xb0, 0x63, 0x90, 0x63
.byte 0x90, 0x63, 0x90, 0x63, 0x90, 0x63, 0x90, 0x63, 0x90, 0x63, 0x90, 0x63, 0xb0, 0x63, 0x90, 0x63
.byte 0x90, 0x63, 0xb0, 0x63, 0x4f, 0x5b, 0xee, 0x4a, 0x0e, 0x53, 0x0e, 0x53, 0x0e, 0x53, 0x0e, 0x53
.byte 0x0e, 0x53, 0x4f, 0x53, 0xb0, 0x63, 0xb0, 0x63, 0xb0, 0x63, 0x90, 0x63, 0xb0, 0x63, 0x90, 0x63
.byte 0x90, 0x63, 0x2f, 0x53, 0x0e, 0x53, 0x0e, 0x53, 0x0e, 0x53, 0x2f, 0x53, 0xb0, 0x63, 0xb0, 0x63
.byte 0x90, 0x63, 0xd1, 0x63, 0x2e, 0x53, 0xab, 0x52, 0x99, 0xd6, 0xff, 0xff, 0xff, 0xff, 0xff, 0xff
.byte 0xff, 0xff, 0xff, 0xff, 0xff, 0xff, 0xff, 0xff, 0xff, 0xff, 0xff, 0xff, 0xff, 0xff, 0xff, 0xff
.byte 0xff, 0xff, 0xff, 0xff, 0xff, 0xff, 0xff, 0xff, 0xff, 0xff, 0xff, 0xff, 0xff, 0xff, 0xff, 0xff
.byte 0xff, 0xff, 0xff, 0xff, 0xff, 0xff, 0xff, 0xff, 0xff, 0xff, 0xff, 0xff, 0xff, 0xff, 0xff, 0xff
.byte 0xff, 0xff, 0xff, 0xff, 0xb3, 0x94, 0x0e, 0x53, 0x90, 0x63, 0xb0, 0x63, 0x90, 0x63, 0x90, 0x63
.byte 0x90, 0x63, 0x90, 0x63, 0xb0, 0x63, 0xb0, 0x63, 0xb0, 0x63, 0x90, 0x63, 0x6f, 0x5b, 0xac, 0x42
.byte 0x2e, 0x53, 0x90, 0x63, 0x90, 0x63, 0x90, 0x63, 0xd1, 0x63, 0xf1, 0x6b, 0xd0, 0x6b, 0x8f, 0x63
.byte 0xb0, 0x63, 0xb0, 0x63, 0x90, 0x63, 0x90, 0x63, 0x90, 0x63, 0xb0, 0x63, 0x0e, 0x53, 0x2e, 0x53
.byte 0xb0, 0x63, 0xb0, 0x63, 0x90, 0x63, 0x90, 0x63, 0x90, 0x63, 0x90, 0x63, 0x90, 0x63, 0x90, 0x63
.byte 0x90, 0x63, 0x90, 0x63, 0x90, 0x63, 0x90, 0x63, 0xb0, 0x63, 0x90, 0x63, 0x0e, 0x53, 0x0e, 0x53
.byte 0x0e, 0x53, 0x0e, 0x53, 0x0e, 0x53, 0x2e, 0x53, 0x0e, 0x53, 0x6f, 0x5b, 0xb0, 0x63, 0xb0, 0x63
.byte 0x90, 0x63, 0x90, 0x63, 0x90, 0x63, 0x90, 0x63, 0x90, 0x63, 0x2f, 0x53, 0x0e, 0x53, 0x0e, 0x53
.byte 0x0e, 0x53, 0x2e, 0x53, 0xb0, 0x63, 0xb0, 0x63, 0x90, 0x63, 0xb0, 0x63, 0x8f, 0x5b, 0x29, 0x42
.byte 0xd6, 0xbd, 0xff, 0xff, 0xff, 0xff, 0xff, 0xff, 0xff, 0xff, 0xff, 0xff, 0xff, 0xff, 0xff, 0xff
.byte 0xff, 0xff, 0xff, 0xff, 0xff, 0xff, 0xff, 0xff, 0xff, 0xff, 0xff, 0xff, 0xff, 0xff, 0xff, 0xff
.byte 0xff, 0xff, 0xff, 0xff, 0xff, 0xff, 0xff, 0xff, 0xff, 0xff, 0xff, 0xff, 0xff, 0xff, 0xff, 0xff
.byte 0xff, 0xff, 0xff, 0xff, 0xff, 0xff, 0xff, 0xff, 0xff, 0xff, 0x76, 0xad, 0xed, 0x52, 0xb0, 0x63
.byte 0xb0, 0x63, 0x90, 0x63, 0x90, 0x63, 0x90, 0x63, 0x90, 0x63, 0xb0, 0x63, 0xb0, 0x63, 0xb0, 0x63
.byte 0xb0, 0x63, 0xb0, 0x63, 0xed, 0x4a, 0xed, 0x4a, 0x8f, 0x5b, 0x90, 0x5b, 0x90, 0x63, 0x90, 0x63
.byte 0x90, 0x63, 0xb0, 0x63, 0xb0, 0x63, 0xd1, 0x6b, 0xd1, 0x63, 0xb0, 0x63, 0xb0, 0x63, 0x90, 0x63
.byte 0x90, 0x63, 0x90, 0x5b, 0x4f, 0x5b, 0x90, 0x63, 0xb0, 0x63, 0x90, 0x63, 0x90, 0x63, 0x90, 0x63
.byte 0x90, 0x63, 0x90, 0x63, 0x90, 0x63, 0x90, 0x63, 0x90, 0x63, 0x90, 0x63, 0x90, 0x63, 0x90, 0x63
.byte 0x90, 0x63, 0x4f, 0x5b, 0xee, 0x52, 0x0e, 0x53, 0x0e, 0x53, 0x0e, 0x53, 0x0e, 0x53, 0x2e, 0x53
.byte 0x0e, 0x53, 0x70, 0x5b, 0xb0, 0x63, 0xb0, 0x63, 0x90, 0x63, 0x90, 0x63, 0x90, 0x63, 0xb0, 0x63
.byte 0x6f, 0x5b, 0x2f, 0x53, 0x0e, 0x53, 0x0e, 0x53, 0x0e, 0x53, 0x0e, 0x53, 0xb0, 0x63, 0xb0, 0x63
.byte 0x90, 0x63, 0x90, 0x63, 0xb0, 0x63, 0x29, 0x3a, 0x34, 0xad, 0xff, 0xff, 0xff, 0xff, 0xff, 0xff
.byte 0xff, 0xff, 0xff, 0xff, 0xff, 0xff, 0xff, 0xff, 0xff, 0xff, 0xff, 0xff, 0xff, 0xff, 0xff, 0xff
.byte 0xff, 0xff, 0xff, 0xff, 0xff, 0xff, 0xff, 0xff, 0xff, 0xff, 0xff, 0xff, 0xff, 0xff, 0xff, 0xff
.byte 0xff, 0xff, 0xff, 0xff, 0xff, 0xff, 0xff, 0xff, 0xff, 0xff, 0xff, 0xff, 0xff, 0xff, 0xff, 0xff
.byte 0x96, 0xb5, 0x4a, 0x42, 0x90, 0x63, 0xd0, 0x63, 0xb0, 0x63, 0xb0, 0x63, 0xb0, 0x63, 0xb0, 0x63
.byte 0x90, 0x63, 0xb0, 0x63, 0x90, 0x63, 0xb0, 0x63, 0xb0, 0x63, 0x6f, 0x5b, 0xee, 0x4a, 0x6f, 0x5b
.byte 0x90, 0x63, 0x90, 0x63, 0x90, 0x63, 0x90, 0x63, 0x90, 0x63, 0xb0, 0x63, 0xb0, 0x63, 0xb0, 0x63
.byte 0xb0, 0x63, 0xb0, 0x63, 0xb0, 0x63, 0xb0, 0x63, 0x90, 0x5b, 0x90, 0x5b, 0xb0, 0x63, 0xb0, 0x63
.byte 0xb0, 0x63, 0xb0, 0x63, 0xb0, 0x63, 0x90, 0x63, 0x90, 0x63, 0x90, 0x63, 0x90, 0x63, 0x90, 0x63
.byte 0x90, 0x63, 0x90, 0x63, 0x90, 0x63, 0xb0, 0x63, 0x6f, 0x5b, 0x0e, 0x53, 0x0e, 0x53, 0x0e, 0x53
.byte 0x2e, 0x53, 0x2e, 0x53, 0x2e, 0x53, 0x0e, 0x53, 0x2e, 0x53, 0x90, 0x5b, 0xb0, 0x63, 0xb0, 0x63
.byte 0xb0, 0x63, 0x90, 0x63, 0x90, 0x63, 0x90, 0x63, 0x6f, 0x5b, 0x2f, 0x53, 0x0e, 0x53, 0x0e, 0x53
.byte 0x0e, 0x53, 0x0e, 0x53, 0x90, 0x63, 0xb0, 0x63, 0xb0, 0x63, 0x90, 0x5b, 0xb0, 0x63, 0x6a, 0x42
.byte 0x51, 0x8c, 0xbe, 0xf7, 0xff, 0xff, 0xff, 0xff, 0xff, 0xff, 0xff, 0xff, 0xff, 0xff, 0xff, 0xff
.byte 0xff, 0xff, 0xff, 0xff, 0xff, 0xff, 0xff, 0xff, 0xff, 0xff, 0xff, 0xff, 0xff, 0xff, 0xff, 0xff
.byte 0xff, 0xff, 0xff, 0xff, 0xff, 0xff, 0xff, 0xff, 0xff, 0xff, 0xff, 0xff, 0xff, 0xff, 0xff, 0xff
.byte 0xff, 0xff, 0xff, 0xff, 0xff, 0xff, 0x9d, 0xf7, 0x4e, 0x6b, 0x2e, 0x53, 0xb0, 0x63, 0xb0, 0x63
.byte 0xb0, 0x63, 0xb0, 0x63, 0xb0, 0x63, 0xb0, 0x63, 0xb0, 0x63, 0xb0, 0x63, 0xb0, 0x63, 0xb0, 0x63
.byte 0xb0, 0x63, 0x2e, 0x53, 0x4f, 0x5b, 0xb0, 0x63, 0x90, 0x63, 0x90, 0x63, 0x90, 0x63, 0x90, 0x63
.byte 0x90, 0x63, 0x90, 0x63, 0xb0, 0x63, 0xb0, 0x63, 0xb0, 0x63, 0xb0, 0x63, 0xb0, 0x63, 0xb0, 0x63
.byte 0xb0, 0x63, 0x90, 0x63, 0xb0, 0x63, 0x90, 0x63, 0xb0, 0x63, 0x90, 0x63, 0xb0, 0x63, 0xb0, 0x63
.byte 0xb0, 0x63, 0x90, 0x63, 0xb0, 0x63, 0x90, 0x63, 0x90, 0x63, 0x90, 0x63, 0xb0, 0x63, 0x90, 0x63
.byte 0x2e, 0x53, 0xee, 0x4a, 0x0e, 0x53, 0x0e, 0x53, 0x0e, 0x53, 0x2e, 0x53, 0x2e, 0x53, 0x0e, 0x53
.byte 0x2f, 0x53, 0x90, 0x63, 0xb0, 0x63, 0xb0, 0x63, 0xb0, 0x63, 0xb0, 0x63, 0x90, 0x63, 0xb0, 0x63
.byte 0x8f, 0x5b, 0x2f, 0x53, 0x0e, 0x53, 0x0e, 0x53, 0x0e, 0x53, 0x2f, 0x53, 0xb0, 0x63, 0xb0, 0x63
.byte 0x90, 0x63, 0x90, 0x5b, 0xb0, 0x63, 0xed, 0x4a, 0x8e, 0x73, 0x7d, 0xf7, 0xff, 0xff, 0xff, 0xff
.byte 0xff, 0xff, 0xff, 0xff, 0xff, 0xff, 0xff, 0xff, 0xff, 0xff, 0xff, 0xff, 0xff, 0xff, 0xff, 0xff
.byte 0xff, 0xff, 0xff, 0xff, 0xff, 0xff, 0xff, 0xff, 0xff, 0xff, 0xff, 0xff, 0xff, 0xff, 0xff, 0xff
.byte 0xff, 0xff, 0xff, 0xff, 0xff, 0xff, 0xff, 0xff, 0xff, 0xff, 0xff, 0xff, 0xff, 0xff, 0xd3, 0x9c
.byte 0xcd, 0x4a, 0x90, 0x5b, 0xb0, 0x63, 0x90, 0x63, 0xb0, 0x63, 0xb0, 0x63, 0xb0, 0x63, 0xb0, 0x63
.byte 0xb0, 0x63, 0xb0, 0x63, 0xb0, 0x63, 0xd0, 0x63, 0x6f, 0x5b, 0x0e, 0x53, 0x90, 0x5b, 0xb0, 0x63
.byte 0x90, 0x63, 0x90, 0x63, 0x90, 0x63, 0x90, 0x5b, 0x90, 0x5b, 0x90, 0x5b, 0x90, 0x5b, 0x90, 0x5b
.byte 0xb0, 0x63, 0xb0, 0x63, 0xb0, 0x63, 0xb0, 0x63, 0xb0, 0x63, 0xb0, 0x63, 0xb0, 0x63, 0x90, 0x63
.byte 0x90, 0x63, 0x90, 0x63, 0x90, 0x5b, 0x90, 0x63, 0xb0, 0x63, 0xb0, 0x63, 0xb0, 0x63, 0xb0, 0x63
.byte 0xb0, 0x63, 0xb0, 0x63, 0xb0, 0x63, 0x4f, 0x5b, 0xee, 0x4a, 0xee, 0x4a, 0x0e, 0x4b, 0x0e, 0x53
.byte 0x2e, 0x53, 0x2f, 0x53, 0x0f, 0x53, 0x0f, 0x53, 0x4f, 0x5b, 0xb0, 0x63, 0x90, 0x63, 0xb0, 0x63
.byte 0xb0, 0x63, 0x90, 0x63, 0x90, 0x63, 0xb0, 0x63, 0x90, 0x5b, 0x2f, 0x53, 0x0e, 0x53, 0x2f, 0x53
.byte 0x2e, 0x53, 0x2f, 0x53, 0xb0, 0x63, 0xb0, 0x63, 0x90, 0x5b, 0xb0, 0x5b, 0xb0, 0x63, 0x6f, 0x5b
.byte 0x0c, 0x5b, 0x3c, 0xe7, 0xff, 0xff, 0xff, 0xff, 0xff, 0xff, 0xff, 0xff, 0xff, 0xff, 0xff, 0xff
.byte 0xff, 0xff, 0xff, 0xff, 0xff, 0xff, 0xff, 0xff, 0xff, 0xff, 0xff, 0xff, 0xff, 0xff, 0xff, 0xff
.byte 0xff, 0xff, 0xff, 0xff, 0xff, 0xff, 0xff, 0xff, 0xff, 0xff, 0xff, 0xff, 0xff, 0xff, 0xff, 0xff
.byte 0xff, 0xff, 0xff, 0xff, 0x34, 0xa5, 0x4a, 0x42, 0x4f, 0x5b, 0x6f, 0x5b, 0x6f, 0x5b, 0x8f, 0x5b
.byte 0x8f, 0x63, 0x90, 0x63, 0xb0, 0x63, 0xb0, 0x63, 0xb0, 0x63, 0xb0, 0x63, 0xd0, 0x6b, 0xd0, 0x6b
.byte 0x4f, 0x53, 0x4f, 0x5b, 0x6f, 0x5b, 0x8f, 0x5b, 0x90, 0x63, 0xb0, 0x63, 0x90, 0x63, 0x8f, 0x5b
.byte 0x6f, 0x5b, 0x6f, 0x5b, 0x6f, 0x5b, 0x6f, 0x5b, 0x6f, 0x5b, 0x90, 0x63, 0xb0, 0x63, 0xd0, 0x63
.byte 0xd0, 0x63, 0xb0, 0x63, 0xb0, 0x63, 0x90, 0x63, 0x6f, 0x5b, 0x6f, 0x5b, 0x6f, 0x5b, 0x8f, 0x5b
.byte 0x8f, 0x63, 0xb0, 0x63, 0xb0, 0x63, 0xb0, 0x63, 0xb0, 0x63, 0xb0, 0x63, 0x90, 0x63, 0x0e, 0x53
.byte 0xed, 0x4a, 0xed, 0x4a, 0xee, 0x4a, 0x0e, 0x53, 0x0e, 0x53, 0x0e, 0x53, 0x0e, 0x53, 0x0e, 0x53
.byte 0x6f, 0x5b, 0x8f, 0x63, 0x8f, 0x5b, 0x8f, 0x63, 0x90, 0x5b, 0x90, 0x5b, 0x90, 0x63, 0xb0, 0x63
.byte 0xb0, 0x63, 0x4f, 0x5b, 0x2e, 0x53, 0x2e, 0x53, 0x0e, 0x53, 0x0e, 0x53, 0x6f, 0x5b, 0x6f, 0x5b
.byte 0x8f, 0x5b, 0xb0, 0x63, 0xd0, 0x63, 0xd0, 0x6b, 0xec, 0x52, 0x99, 0xd6, 0xff, 0xff, 0xff, 0xff
.byte 0xff, 0xff, 0xff, 0xff, 0xff, 0xff, 0xff, 0xff, 0xff, 0xff, 0xff, 0xff, 0xff, 0xff, 0xff, 0xff

.global _binary_w_wind_bin_end
_binary_w_wind_bin_end: /* for objcopy compatibility */


.global w_wind_bin_length
w_wind_bin_length:
.long 20000
